com_id,com_nam,can_id,can_nam,ele_yea,can_off,can_off_sta,can_off_dis,lin_num,lin_ima,rec_com_id,rec_nam,rec_str1,rec_str2,rec_cit,rec_sta,rec_zip,dis_dat,dis_amo,dis_pur_des,mem_cod,mem_tex,cat_cod,cat_des,tra_id,bac_ref_id
"C00900514","RABLE FOR WEST TEXAS","H6TX19198","RABLE, KYLE","2026","H","TX","19","17","http://docquery.fec.gov/cgi-bin/fecimg/?202507159762949306","","FED EX OFFICE","5000 W PARK BLVD","","PLANO","TX","75093","2025-05-16","$34.64","PRINTING","","","006","Campaign Materials","SB17.4360",""
"C00900514","RABLE FOR WEST TEXAS","H6TX19198","RABLE, KYLE","2026","H","TX","19","17","http://docquery.fec.gov/cgi-bin/fecimg/?202507159762949306","","FED EX OFFICE","5000 W PARK BLVD","","PLANO","TX","75093","2025-05-23","$90.71","PRINTING","","","006","Campaign Materials","SB17.4366",""
"C00900514","RABLE FOR WEST TEXAS","H6TX19198","RABLE, KYLE","2026","H","TX","19","17","http://docquery.fec.gov/cgi-bin/fecimg/?202507159762949306","","FED EX OFFICE","5000 W PARK BLVD","","PLANO","TX","75093","2025-06-20","$34.64","PRINTING","","","006","Campaign Materials","SB17.4382",""
"C00900514","RABLE FOR WEST TEXAS","H6TX19198","RABLE, KYLE","2026","H","TX","19","17","http://docquery.fec.gov/cgi-bin/fecimg/?202507159762949307","","GAS STATION","1809 4TH ST","","LUBBOCK","TX","79415","2025-06-16","$45.97","GAS","","","002","Travel Expenses","SB17.4380",""
"C00900514","RABLE FOR WEST TEXAS","H6TX19198","RABLE, KYLE","2026","H","TX","19","17","http://docquery.fec.gov/cgi-bin/fecimg/?202507159762949307","","GAS STATION","1809 4TH ST","","LUBBOCK","TX","79415","2025-06-17","$14.43","GSA","","","002","Travel Expenses","SB17.4381",""
"C00900514","RABLE FOR WEST TEXAS","H6TX19198","RABLE, KYLE","2026","H","TX","19","17","http://docquery.fec.gov/cgi-bin/fecimg/?202507159762949307","","GAS STATION","1809 4TH ST","","LUBBOCK","TX","79415","2025-06-27","$50.05","GAS","","","002","Travel Expenses","SB17.4383",""
"C00900514","RABLE FOR WEST TEXAS","H6TX19198","RABLE, KYLE","2026","H","TX","19","17","http://docquery.fec.gov/cgi-bin/fecimg/?202507159762949308","","JIMMY CASTILLO PRINTER","9108 QUINCY AVENUE","","LUBBOCK","TX","79424","2025-06-03","$347.00","PRINTING","","","006","Campaign Materials","SB17.4368",""
"C00900514","RABLE FOR WEST TEXAS","H6TX19198","RABLE, KYLE","2026","H","TX","19","17","http://docquery.fec.gov/cgi-bin/fecimg/?202507159762949308","","SQUARE SPACE","225 VARICK STREET","","NEW YORK CITY","NY","10014","2025-04-03","$294.22","WEB PROGRAM","","","001","Administrative/Salary/Overhead Expenses ","SB17.4339",""
"C00927574","ABRAHAM ENRIQUEZ FOR CONGRESS","H6TX19222","ENRIQUEZ, ABRAHAM","2026","H","TX","19","17","http://docquery.fec.gov/cgi-bin/fecimg/?202602199834792411","","WINRED TECHNICAL SERVICES LLC","1776 WILSON BLVD","SUITE 530","ARLINGTON","VA","22219","2026-02-11","$46.12","MERCHANT FEES","","","","","SB17.1117864",""
"C00927574","ABRAHAM ENRIQUEZ FOR CONGRESS","H6TX19222","ENRIQUEZ, ABRAHAM","2026","H","TX","19","17","http://docquery.fec.gov/cgi-bin/fecimg/?202602199834792398","","JONES, SHANNA","8104 CR 6920","","LUBBOCK","TX","79407","2026-01-08","$2,500.00","IN-KIND: BILLBOARD ADVERTISING","","","","","SB17.1112836",""
"C00927574","ABRAHAM ENRIQUEZ FOR CONGRESS","H6TX19222","ENRIQUEZ, ABRAHAM","2026","H","TX","19","17","http://docquery.fec.gov/cgi-bin/fecimg/?202602199834792399","","SNEAD STRATEGIES","PO BOX 1468","","LUBBOCK","TX","79408","2026-01-22","$10,000.00","MEDIA CONSULTING","","","","","SB17.1111016",""
"C00927574","ABRAHAM ENRIQUEZ FOR CONGRESS","H6TX19222","ENRIQUEZ, ABRAHAM","2026","H","TX","19","17","http://docquery.fec.gov/cgi-bin/fecimg/?202602199834792409","","WINRED TECHNICAL SERVICES LLC","1776 WILSON BLVD","SUITE 530","ARLINGTON","VA","22219","2026-02-05","$59.45","MERCHANT FEES","","","","","SB17.1116277",""
"C00927574","ABRAHAM ENRIQUEZ FOR CONGRESS","H6TX19222","ENRIQUEZ, ABRAHAM","2026","H","TX","19","17","http://docquery.fec.gov/cgi-bin/fecimg/?202602199834792410","","WINRED TECHNICAL SERVICES LLC","1776 WILSON BLVD","SUITE 530","ARLINGTON","VA","22219","2026-02-06","$32.39","MERCHANT FEES","","","","","SB17.1116589",""
"C00927574","ABRAHAM ENRIQUEZ FOR CONGRESS","H6TX19222","ENRIQUEZ, ABRAHAM","2026","H","TX","19","17","http://docquery.fec.gov/cgi-bin/fecimg/?202602199834792410","","WINRED TECHNICAL SERVICES LLC","1776 WILSON BLVD","SUITE 530","ARLINGTON","VA","22219","2026-02-09","$30.45","MERCHANT FEES","","","","","SB17.1116955",""
"C00927574","ABRAHAM ENRIQUEZ FOR CONGRESS","H6TX19222","ENRIQUEZ, ABRAHAM","2026","H","TX","19","17","http://docquery.fec.gov/cgi-bin/fecimg/?202602199834792410","","WINRED TECHNICAL SERVICES LLC","1776 WILSON BLVD","SUITE 530","ARLINGTON","VA","22219","2026-02-10","$15.32","MERCHANT FEES","","","","","SB17.1117468",""
"C00927574","ABRAHAM ENRIQUEZ FOR CONGRESS","H6TX19222","ENRIQUEZ, ABRAHAM","2026","H","TX","19","17","http://docquery.fec.gov/cgi-bin/fecimg/?202602199834792411","","WOMPHIS PRODUCTIONS","3204 30 TH STREET","","LUBBOCK","TX","79410","2026-01-30","$500.00","VIDEO PRODUCTION","","","","","SB17.1114095",""
"C00927574","ABRAHAM ENRIQUEZ FOR CONGRESS","H6TX19222","ENRIQUEZ, ABRAHAM","2026","H","TX","19","17","http://docquery.fec.gov/cgi-bin/fecimg/?202602199834792404","","WINRED TECHNICAL SERVICES LLC","1776 WILSON BLVD","SUITE 530","ARLINGTON","VA","22219","2026-01-12","$74.68","MERCHANT FEES","","","","","SB17.1109787",""
"C00927574","ABRAHAM ENRIQUEZ FOR CONGRESS","H6TX19222","ENRIQUEZ, ABRAHAM","2026","H","TX","19","17","http://docquery.fec.gov/cgi-bin/fecimg/?202602199834792406","","WINRED TECHNICAL SERVICES LLC","1776 WILSON BLVD","SUITE 530","ARLINGTON","VA","22219","2026-01-22","$130.20","MERCHANT FEES","","","","","SB17.1112580",""
"C00927574","ABRAHAM ENRIQUEZ FOR CONGRESS","H6TX19222","ENRIQUEZ, ABRAHAM","2026","H","TX","19","17","http://docquery.fec.gov/cgi-bin/fecimg/?202602199834792406","","WINRED TECHNICAL SERVICES LLC","1776 WILSON BLVD","SUITE 530","ARLINGTON","VA","22219","2026-01-20","$49.25","MERCHANT FEES","","","","","SB17.1112674",""
"C00927574","ABRAHAM ENRIQUEZ FOR CONGRESS","H6TX19222","ENRIQUEZ, ABRAHAM","2026","H","TX","19","17","http://docquery.fec.gov/cgi-bin/fecimg/?202602199834792406","","WINRED TECHNICAL SERVICES LLC","1776 WILSON BLVD","SUITE 530","ARLINGTON","VA","22219","2026-01-23","$36.39","MERCHANT FEES","","","","","SB17.1112853",""
"C00927574","ABRAHAM ENRIQUEZ FOR CONGRESS","H6TX19222","ENRIQUEZ, ABRAHAM","2026","H","TX","19","17","http://docquery.fec.gov/cgi-bin/fecimg/?202602199834792407","","WINRED TECHNICAL SERVICES LLC","1776 WILSON BLVD","SUITE 530","ARLINGTON","VA","22219","2026-01-26","$75.41","MERCHANT FEES","","","","","SB17.1113161",""
"C00927574","ABRAHAM ENRIQUEZ FOR CONGRESS","H6TX19222","ENRIQUEZ, ABRAHAM","2026","H","TX","19","17","http://docquery.fec.gov/cgi-bin/fecimg/?202602199834792407","","WINRED TECHNICAL SERVICES LLC","1776 WILSON BLVD","SUITE 530","ARLINGTON","VA","22219","2026-01-27","$61.97","MERCHANT FEES","","","","","SB17.1113497",""
"C00927574","ABRAHAM ENRIQUEZ FOR CONGRESS","H6TX19222","ENRIQUEZ, ABRAHAM","2026","H","TX","19","17","http://docquery.fec.gov/cgi-bin/fecimg/?202602199834792400","","VICTORY BY DESIGN, LLC","2243 CROSS COLONY DR","","DICKINSON","TX","77539","2026-02-10","$405.94","GRAPHIC DESIGN","","","","","SB17.1116948",""
"C00927574","ABRAHAM ENRIQUEZ FOR CONGRESS","H6TX19222","ENRIQUEZ, ABRAHAM","2026","H","TX","19","17","http://docquery.fec.gov/cgi-bin/fecimg/?202602199834792399","","STEVENS, MIKE","6923 INDIANA AVE","","LUBBOCK","TX","79413","2026-01-24","$19,869.00","GENERAL CAMPAIGN CONSULTING","","","","","SB17.1113140",""
"C00927574","ABRAHAM ENRIQUEZ FOR CONGRESS","H6TX19222","ENRIQUEZ, ABRAHAM","2026","H","TX","19","17","http://docquery.fec.gov/cgi-bin/fecimg/?202602199834792400","","THE CONSULTING COMPANY","P.O. BOX 1468","","LUBBOCK","TX","79408","2026-01-13","$55,000.00","MEDIA CONSULTING","","","","","SB17.1109409",""
"C00927574","ABRAHAM ENRIQUEZ FOR CONGRESS","H6TX19222","ENRIQUEZ, ABRAHAM","2026","H","TX","19","17","http://docquery.fec.gov/cgi-bin/fecimg/?202602199834792400","","JONES, TY","8104 CR 6920","","LUBBOCK","TX","79407","2026-01-08","$2,500.00","IN-KIND: BILLBOARD ADVERTISING","","","","","SB17.1112834",""
"C00927574","ABRAHAM ENRIQUEZ FOR CONGRESS","H6TX19222","ENRIQUEZ, ABRAHAM","2026","H","TX","19","17","http://docquery.fec.gov/cgi-bin/fecimg/?202602199834792401","","VISTO MEDIA, LLC","3839 MCKINNEY AVENUE","SUITE 155-5057","DALLAS","TX","75204","2026-02-10","$5,500.00","MEDIA CONSULTING","","","","","SB17.1116958",""
"C00927574","ABRAHAM ENRIQUEZ FOR CONGRESS","H6TX19222","ENRIQUEZ, ABRAHAM","2026","H","TX","19","17","http://docquery.fec.gov/cgi-bin/fecimg/?202602199834792405","","WINRED TECHNICAL SERVICES LLC","1776 WILSON BLVD","SUITE 530","ARLINGTON","VA","22219","2026-01-21","$15.80","MERCHANT FEES","","","","","SB17.1112268",""
"C00927574","ABRAHAM ENRIQUEZ FOR CONGRESS","H6TX19222","ENRIQUEZ, ABRAHAM","2026","H","TX","19","17","http://docquery.fec.gov/cgi-bin/fecimg/?202602199834792401","","VISTO MEDIA, LLC","3839 MCKINNEY AVENUE","SUITE 155-5057","DALLAS","TX","75204","2026-01-20","$7,700.00","MEDIA CONSULTING","","","","","SB17.1111127",""
"C00927574","ABRAHAM ENRIQUEZ FOR CONGRESS","H6TX19222","ENRIQUEZ, ABRAHAM","2026","H","TX","19","17","http://docquery.fec.gov/cgi-bin/fecimg/?202602199834792384","","FRONTLINE STRATEGIES LLC","4 HOLLY LN","","MOHNTON","PA","19540","2026-01-09","$356.32","FUNDRAISING FEES","","","","","SB17.1109433",""
"C00927574","ABRAHAM ENRIQUEZ FOR CONGRESS","H6TX19222","ENRIQUEZ, ABRAHAM","2026","H","TX","19","17","http://docquery.fec.gov/cgi-bin/fecimg/?202602199834792383","","FRONTLINE STRATEGIES LLC","4 HOLLY LN","","MOHNTON","PA","19540","2026-01-07","$1,553.69","FUNDRAISING FEES","","","","","SB17.1108911",""
"C00927574","ABRAHAM ENRIQUEZ FOR CONGRESS","H6TX19222","ENRIQUEZ, ABRAHAM","2026","H","TX","19","17","http://docquery.fec.gov/cgi-bin/fecimg/?202602199834792384","","FRONTLINE STRATEGIES LLC","4 HOLLY LN","","MOHNTON","PA","19540","2026-01-08","$230.24","FUNDRAISING FEES","","","","","SB17.1109130",""
"C00927574","ABRAHAM ENRIQUEZ FOR CONGRESS","H6TX19222","ENRIQUEZ, ABRAHAM","2026","H","TX","19","17","http://docquery.fec.gov/cgi-bin/fecimg/?202602199834792384","","FRONTLINE STRATEGIES LLC","4 HOLLY LN","","MOHNTON","PA","19540","2026-01-12","$728.32","FUNDRAISING FEES","","","","","SB17.1109788",""
"C00927574","ABRAHAM ENRIQUEZ FOR CONGRESS","H6TX19222","ENRIQUEZ, ABRAHAM","2026","H","TX","19","17","http://docquery.fec.gov/cgi-bin/fecimg/?202602199834792385","","FRONTLINE STRATEGIES LLC","4 HOLLY LN","","MOHNTON","PA","19540","2026-01-13","$709.44","FUNDRAISING FEES","","","","","SB17.1110234",""
"C00927574","ABRAHAM ENRIQUEZ FOR CONGRESS","H6TX19222","ENRIQUEZ, ABRAHAM","2026","H","TX","19","17","http://docquery.fec.gov/cgi-bin/fecimg/?202602199834792385","","FRONTLINE STRATEGIES LLC","4 HOLLY LN","","MOHNTON","PA","19540","2026-01-14","$1,342.67","FUNDRAISING FEES","","","","","SB17.1110816",""
"C00927574","ABRAHAM ENRIQUEZ FOR CONGRESS","H6TX19222","ENRIQUEZ, ABRAHAM","2026","H","TX","19","17","http://docquery.fec.gov/cgi-bin/fecimg/?202602199834792385","","FRONTLINE STRATEGIES LLC","4 HOLLY LN","","MOHNTON","PA","19540","2026-01-15","$142.27","FUNDRAISING FEES","","","","","SB17.1111217",""
"C00927574","ABRAHAM ENRIQUEZ FOR CONGRESS","H6TX19222","ENRIQUEZ, ABRAHAM","2026","H","TX","19","17","http://docquery.fec.gov/cgi-bin/fecimg/?202602199834792386","","FRONTLINE STRATEGIES LLC","4 HOLLY LN","","MOHNTON","PA","19540","2026-01-16","$137.92","FUNDRAISING FEES","","","","","SB17.1111518",""
"C00927574","ABRAHAM ENRIQUEZ FOR CONGRESS","H6TX19222","ENRIQUEZ, ABRAHAM","2026","H","TX","19","17","http://docquery.fec.gov/cgi-bin/fecimg/?202602199834792386","","FRONTLINE STRATEGIES LLC","4 HOLLY LN","","MOHNTON","PA","19540","2026-01-21","$280.32","FUNDRAISING FEES","","","","","SB17.1112269",""
"C00927574","ABRAHAM ENRIQUEZ FOR CONGRESS","H6TX19222","ENRIQUEZ, ABRAHAM","2026","H","TX","19","17","http://docquery.fec.gov/cgi-bin/fecimg/?202602199834792386","","FRONTLINE STRATEGIES LLC","4 HOLLY LN","","MOHNTON","PA","19540","2026-01-22","$478.81","FUNDRAISING FEES","","","","","SB17.1112581",""
"C00927574","ABRAHAM ENRIQUEZ FOR CONGRESS","H6TX19222","ENRIQUEZ, ABRAHAM","2026","H","TX","19","17","http://docquery.fec.gov/cgi-bin/fecimg/?202602199834792387","","FRONTLINE STRATEGIES LLC","4 HOLLY LN","","MOHNTON","PA","19540","2026-01-20","$792.49","FUNDRAISING FEES","","","","","SB17.1112675",""
"C00927574","ABRAHAM ENRIQUEZ FOR CONGRESS","H6TX19222","ENRIQUEZ, ABRAHAM","2026","H","TX","19","17","http://docquery.fec.gov/cgi-bin/fecimg/?202602199834792387","","FRONTLINE STRATEGIES LLC","4 HOLLY LN","","MOHNTON","PA","19540","2026-01-23","$335.25","FUNDRAISING FEES","","","","","SB17.1112854",""
"C00927574","ABRAHAM ENRIQUEZ FOR CONGRESS","H6TX19222","ENRIQUEZ, ABRAHAM","2026","H","TX","19","17","http://docquery.fec.gov/cgi-bin/fecimg/?202602199834792387","","FRONTLINE STRATEGIES LLC","4 HOLLY LN","","MOHNTON","PA","19540","2026-01-26","$615.00","FUNDRAISING FEES","","","","","SB17.1113162",""
"C00927574","ABRAHAM ENRIQUEZ FOR CONGRESS","H6TX19222","ENRIQUEZ, ABRAHAM","2026","H","TX","19","17","http://docquery.fec.gov/cgi-bin/fecimg/?202602199834792388","","FRONTLINE STRATEGIES LLC","4 HOLLY LN","","MOHNTON","PA","19540","2026-01-27","$407.44","FUNDRAISING FEES","","","","","SB17.1113498",""
"C00927574","ABRAHAM ENRIQUEZ FOR CONGRESS","H6TX19222","ENRIQUEZ, ABRAHAM","2026","H","TX","19","17","http://docquery.fec.gov/cgi-bin/fecimg/?202602199834792388","","FRONTLINE STRATEGIES LLC","4 HOLLY LN","","MOHNTON","PA","19540","2026-01-28","$728.68","FUNDRAISING FEES","","","","","SB17.1113875",""
"C00927574","ABRAHAM ENRIQUEZ FOR CONGRESS","H6TX19222","ENRIQUEZ, ABRAHAM","2026","H","TX","19","17","http://docquery.fec.gov/cgi-bin/fecimg/?202602199834792388","","FRONTLINE STRATEGIES LLC","4 HOLLY LN","","MOHNTON","PA","19540","2026-01-29","$82.05","FUNDRAISING FEES","","","","","SB17.1114170",""
"C00927574","ABRAHAM ENRIQUEZ FOR CONGRESS","H6TX19222","ENRIQUEZ, ABRAHAM","2026","H","TX","19","17","http://docquery.fec.gov/cgi-bin/fecimg/?202602199834792389","","FRONTLINE STRATEGIES LLC","4 HOLLY LN","","MOHNTON","PA","19540","2026-01-30","$1,695.96","FUNDRAISING FEES","","","","","SB17.1114521",""
"C00927574","ABRAHAM ENRIQUEZ FOR CONGRESS","H6TX19222","ENRIQUEZ, ABRAHAM","2026","H","TX","19","17","http://docquery.fec.gov/cgi-bin/fecimg/?202602199834792389","","FRONTLINE STRATEGIES LLC","4 HOLLY LN","","MOHNTON","PA","19540","2026-02-02","$60.35","FUNDRAISING FEES","","","","","SB17.1114907",""
"C00927574","ABRAHAM ENRIQUEZ FOR CONGRESS","H6TX19222","ENRIQUEZ, ABRAHAM","2026","H","TX","19","17","http://docquery.fec.gov/cgi-bin/fecimg/?202602199834792389","","FRONTLINE STRATEGIES LLC","4 HOLLY LN","","MOHNTON","PA","19540","2026-02-03","$111.48","FUNDRAISING FEES","","","","","SB17.1115440",""
"C00927574","ABRAHAM ENRIQUEZ FOR CONGRESS","H6TX19222","ENRIQUEZ, ABRAHAM","2026","H","TX","19","17","http://docquery.fec.gov/cgi-bin/fecimg/?202602199834792408","","WINRED TECHNICAL SERVICES LLC","1776 WILSON BLVD","SUITE 530","ARLINGTON","VA","22219","2026-02-02","$326.32","MERCHANT FEES","","","","","SB17.1114904",""
"C00927574","ABRAHAM ENRIQUEZ FOR CONGRESS","H6TX19222","ENRIQUEZ, ABRAHAM","2026","H","TX","19","17","http://docquery.fec.gov/cgi-bin/fecimg/?202602199834792407","","WINRED TECHNICAL SERVICES LLC","1776 WILSON BLVD","SUITE 530","ARLINGTON","VA","22219","2026-01-28","$258.43","MERCHANT FEES","","","","","SB17.1113874",""
"C00927574","ABRAHAM ENRIQUEZ FOR CONGRESS","H6TX19222","ENRIQUEZ, ABRAHAM","2026","H","TX","19","17","http://docquery.fec.gov/cgi-bin/fecimg/?202602199834792408","","WINRED TECHNICAL SERVICES LLC","1776 WILSON BLVD","SUITE 530","ARLINGTON","VA","22219","2026-01-29","$7.73","MERCHANT FEES","","","","","SB17.1114169",""
"C00927574","ABRAHAM ENRIQUEZ FOR CONGRESS","H6TX19222","ENRIQUEZ, ABRAHAM","2026","H","TX","19","17","http://docquery.fec.gov/cgi-bin/fecimg/?202602199834792408","","WINRED TECHNICAL SERVICES LLC","1776 WILSON BLVD","SUITE 530","ARLINGTON","VA","22219","2026-01-30","$506.67","MERCHANT FEES","","","","","SB17.1114520",""
"C00927574","ABRAHAM ENRIQUEZ FOR CONGRESS","H6TX19222","ENRIQUEZ, ABRAHAM","2026","H","TX","19","17","http://docquery.fec.gov/cgi-bin/fecimg/?202602199834792409","","WINRED TECHNICAL SERVICES LLC","1776 WILSON BLVD","SUITE 530","ARLINGTON","VA","22219","2026-02-03","$68.94","MERCHANT FEES","","","","","SB17.1115436",""
"C00927574","ABRAHAM ENRIQUEZ FOR CONGRESS","H6TX19222","ENRIQUEZ, ABRAHAM","2026","H","TX","19","17","http://docquery.fec.gov/cgi-bin/fecimg/?202602199834792409","","WINRED TECHNICAL SERVICES LLC","1776 WILSON BLVD","SUITE 530","ARLINGTON","VA","22219","2026-02-04","$23.93","MERCHANT FEES","","","","","SB17.1115928",""
"C00927574","ABRAHAM ENRIQUEZ FOR CONGRESS","H6TX19222","ENRIQUEZ, ABRAHAM","2026","H","TX","19","17","http://docquery.fec.gov/cgi-bin/fecimg/?202602199834792394","","ISAAC, AIDAN","114 AUGUSTA LN","","WIMBERLY","TX","78676","2026-01-29","$2,000.00","MANAGEMENT CONSULTING","","","","","SB17.1111821",""
"C00927574","ABRAHAM ENRIQUEZ FOR CONGRESS","H6TX19222","ENRIQUEZ, ABRAHAM","2026","H","TX","19","17","http://docquery.fec.gov/cgi-bin/fecimg/?202602199834792393","","HASSE, SHANDA","3207 56TH ST","","LUBBOCK","TX","79413","2026-02-11","$250.00","IN-KIND: MARKETING SERVICES","","","","","SB17.1118865",""
"C00927574","ABRAHAM ENRIQUEZ FOR CONGRESS","H6TX19222","ENRIQUEZ, ABRAHAM","2026","H","TX","19","17","http://docquery.fec.gov/cgi-bin/fecimg/?202602199834792393","","HASSE, NATHAN","3207 56TH ST","","LUBBOCK","TX","79413","2026-02-11","$250.00","IN-KIND: MARKETING SERVICES","","","","","SB17.1118866",""
"C00927574","ABRAHAM ENRIQUEZ FOR CONGRESS","H6TX19222","ENRIQUEZ, ABRAHAM","2026","H","TX","19","17","http://docquery.fec.gov/cgi-bin/fecimg/?202602199834792394","","HICKORY DATA MANAGEMENT LLC","15 W OAK ST","","ALEXANDRIA","VA","22301","2026-02-11","$101.23","FUNDRAISING FEES","","","","","SB17.1117867",""
"C00927574","ABRAHAM ENRIQUEZ FOR CONGRESS","H6TX19222","ENRIQUEZ, ABRAHAM","2026","H","TX","19","17","http://docquery.fec.gov/cgi-bin/fecimg/?202602199834792394","","JENNIFER NAEDLER CONSULTING","1962 INDIANA ST","","HOUSTON","TX","77019","2026-01-22","$6,031.56","DIGITAL CONSULTING","","","","","SB17.1109940",""
"C00927574","ABRAHAM ENRIQUEZ FOR CONGRESS","H6TX19222","ENRIQUEZ, ABRAHAM","2026","H","TX","19","17","http://docquery.fec.gov/cgi-bin/fecimg/?202602199834792395","","O2M DIGITAL LLC","539 W COMMERCE ST","UNIT 4240","DALLAS","TX","75208","2026-01-08","$231.46","FUNDRAISING FEES","","","","","SB17.1109131",""
"C00927574","ABRAHAM ENRIQUEZ FOR CONGRESS","H6TX19222","ENRIQUEZ, ABRAHAM","2026","H","TX","19","17","http://docquery.fec.gov/cgi-bin/fecimg/?202602199834792395","","O2M DIGITAL LLC","539 W COMMERCE ST","UNIT 4240","DALLAS","TX","75208","2026-01-09","$30.62","FUNDRAISING FEES","","","","","SB17.1109434",""
"C00927574","ABRAHAM ENRIQUEZ FOR CONGRESS","H6TX19222","ENRIQUEZ, ABRAHAM","2026","H","TX","19","17","http://docquery.fec.gov/cgi-bin/fecimg/?202602199834792395","","O2M DIGITAL LLC","539 W COMMERCE ST","UNIT 4240","DALLAS","TX","75208","2026-01-16","$212.07","FUNDRAISING FEES","","","","","SB17.1111519",""
"C00927574","ABRAHAM ENRIQUEZ FOR CONGRESS","H6TX19222","ENRIQUEZ, ABRAHAM","2026","H","TX","19","17","http://docquery.fec.gov/cgi-bin/fecimg/?202602199834792396","","O2M DIGITAL LLC","539 W COMMERCE ST","UNIT 4240","DALLAS","TX","75208","2026-01-21","$22.12","FUNDRAISING FEES","","","","","SB17.1112270",""
"C00927574","ABRAHAM ENRIQUEZ FOR CONGRESS","H6TX19222","ENRIQUEZ, ABRAHAM","2026","H","TX","19","17","http://docquery.fec.gov/cgi-bin/fecimg/?202602199834792396","","O2M DIGITAL LLC","539 W COMMERCE ST","UNIT 4240","DALLAS","TX","75208","2026-01-22","$37.83","FUNDRAISING FEES","","","","","SB17.1112583",""
"C00927574","ABRAHAM ENRIQUEZ FOR CONGRESS","H6TX19222","ENRIQUEZ, ABRAHAM","2026","H","TX","19","17","http://docquery.fec.gov/cgi-bin/fecimg/?202602199834792396","","O2M DIGITAL LLC","539 W COMMERCE ST","UNIT 4240","DALLAS","TX","75208","2026-01-20","$70.08","FUNDRAISING FEES","","","","","SB17.1112676",""
"C00927574","ABRAHAM ENRIQUEZ FOR CONGRESS","H6TX19222","ENRIQUEZ, ABRAHAM","2026","H","TX","19","17","http://docquery.fec.gov/cgi-bin/fecimg/?202602199834792397","","O2M DIGITAL LLC","539 W COMMERCE ST","UNIT 4240","DALLAS","TX","75208","2026-01-26","$184.64","FUNDRAISING FEES","","","","","SB17.1113163",""
"C00927574","ABRAHAM ENRIQUEZ FOR CONGRESS","H6TX19222","ENRIQUEZ, ABRAHAM","2026","H","TX","19","17","http://docquery.fec.gov/cgi-bin/fecimg/?202602199834792397","","O2M DIGITAL LLC","539 W COMMERCE ST","UNIT 4240","DALLAS","TX","75208","2026-01-27","$42.50","FUNDRAISING FEES","","","","","SB17.1113499",""
"C00927574","ABRAHAM ENRIQUEZ FOR CONGRESS","H6TX19222","ENRIQUEZ, ABRAHAM","2026","H","TX","19","17","http://docquery.fec.gov/cgi-bin/fecimg/?202602199834792397","","PUSH DIGITAL, LLC","342 EAST BAY ST","","CHARLESTON","SC","29401","2026-01-02","$7,703.22","MEDIA PLACEMENT","","","","","SB17.1106071",""
"C00927574","ABRAHAM ENRIQUEZ FOR CONGRESS","H6TX19222","ENRIQUEZ, ABRAHAM","2026","H","TX","19","17","http://docquery.fec.gov/cgi-bin/fecimg/?202602199834792398","","RED CURVE SOLUTIONS, LLC","138 CONANT ST","STE 401","BEVERLY","MA","01915","2026-01-30","$4,045.90","COMPLIANCE CONSULTING & DATA PROCESSING SERVICES","","","","","SB17.1111776",""
"C00928648","DONALD R MAY FOR CONGRESS","H6TX19230","MAY, DONALD R","2026","H","TX","19","17","http://docquery.fec.gov/cgi-bin/fecimg/?202604019856925465","","AXCAPITAL","655 METRO PLACE S","","DUBLIN","OH","43017","2026-03-06","$7,220.00","ACCOUNTING & COMPLIANCE","","","","","SB17.4149",""
"C00928648","DONALD R MAY FOR CONGRESS","H6TX19230","MAY, DONALD R","2026","H","TX","19","17","http://docquery.fec.gov/cgi-bin/fecimg/?202604019856925465","","CAZ CONSULTING","5049 EDWARDS RANCH RD","","FORT WORTH","TX","76109","2026-02-20","$113,490.00","MEDIA PRODUCTION AND AD BUY","","","","","SB17.4141",""
"C00928648","DONALD R MAY FOR CONGRESS","H6TX19230","MAY, DONALD R","2026","H","TX","19","17","http://docquery.fec.gov/cgi-bin/fecimg/?202604019856925465","","CAZ CONSULTING","5049 EDWARDS RANCH RD","","FORT WORTH","TX","76109","2026-02-23","$24,597.00","MEDIA PRODUCTION AND AD BUY","","","","","SB17.4143",""
"C00928648","DONALD R MAY FOR CONGRESS","H6TX19230","MAY, DONALD R","2026","H","TX","19","17","http://docquery.fec.gov/cgi-bin/fecimg/?202604019856925466","","CAZ CONSULTING","5049 EDWARDS RANCH RD","","FORT WORTH","TX","76109","2026-02-25","$5,535.40","MEDIA PRODUCTION AND AD BUY","","","","","SB17.4145",""
"C00928648","DONALD R MAY FOR CONGRESS","H6TX19230","MAY, DONALD R","2026","H","TX","19","17","http://docquery.fec.gov/cgi-bin/fecimg/?202604019856925466","","CAZ CONSULTING","5049 EDWARDS RANCH RD","","FORT WORTH","TX","76109","2026-02-27","$3,087.50","MEDIA PRODUCTION AND AD BUY","","","","","SB17.4146",""
"C00928648","DONALD R MAY FOR CONGRESS","H6TX19230","MAY, DONALD R","2026","H","TX","19","17","http://docquery.fec.gov/cgi-bin/fecimg/?202604019856925466","","CAZ CONSULTING","5049 EDWARDS RANCH RD","","FORT WORTH","TX","76109","2026-03-03","$5,107.60","TEXT MESSAGING","","","","","SB17.4162",""
"C00928648","DONALD R MAY FOR CONGRESS","H6TX19230","MAY, DONALD R","2026","H","TX","19","17","http://docquery.fec.gov/cgi-bin/fecimg/?202604019856925467","","CAZ CONSULTING","5049 EDWARDS RANCH RD","","FORT WORTH","TX","76109","2026-03-05","$7,114.20","TEXT MESSAGING","","","","","SB17.4163",""
"C00928648","DONALD R MAY FOR CONGRESS","H6TX19230","MAY, DONALD R","2026","H","TX","19","17","http://docquery.fec.gov/cgi-bin/fecimg/?202604019856925467","","MAY, DONALD R","PO BOX 1677","","LUBBOCK","TX","79408","2026-03-31","$384.90","IN-KIND - MEALS","","","","","SB17.4159",""
"C00928648","DONALD R MAY FOR CONGRESS","H6TX19230","MAY, DONALD R","2026","H","TX","19","17","http://docquery.fec.gov/cgi-bin/fecimg/?202604019856925467","","MAY, DONALD R","PO BOX 1677","","LUBBOCK","TX","79408","2026-03-31","$1,749.43","IN-KIND - MILEAGE","","","","","SB17.4161",""
"C00928648","DONALD R MAY FOR CONGRESS","H6TX19230","MAY, DONALD R","2026","H","TX","19","17","http://docquery.fec.gov/cgi-bin/fecimg/?202604019856925468","","TOWNSQUARE MEDIA","","","","","","2026-02-27","$1,997.10","MEDIA PRODUCTION AND AD BUY","","","","","SB17.4147",""
"C00926345","CONSERVATIVE TOM SELL FOR CONGRESS","H6TX19206","SELL, TOM","2026","H","TX","19","17","http://docquery.fec.gov/cgi-bin/fecimg/?202602189834340445","","INTEGRATED SOLUTIONS: POLITICAL","4142 ADAMS AVENUE","SUITE 103-550","SAN DIEGO","CA","92116","2026-02-05","$1,800.00","SOFTWARE SUBSCRIPTION","","","001","Administrative/Salary/Overhead Expenses ","B-838",""
"C00926345","CONSERVATIVE TOM SELL FOR CONGRESS","H6TX19206","SELL, TOM","2026","H","TX","19","17","http://docquery.fec.gov/cgi-bin/fecimg/?202602189834340445","","LAUNCHPAD STRATEGIES, LLC","PO BOX 80323","","RALEIGH","NC","276230323","2026-01-23","$14,341.60","DIGITAL FUNDRAISING","","","003","Solicitation and Fundraising Expenses ","B-684",""
"C00926345","CONSERVATIVE TOM SELL FOR CONGRESS","H6TX19206","SELL, TOM","2026","H","TX","19","17","http://docquery.fec.gov/cgi-bin/fecimg/?202602189834340446","","LILLY AND COMPANY","1005 CONGRESS AVE","STE 400","AUSTIN","TX","78701","2026-01-16","$7,194.03","FUNDRAISING CONSULTING","","","001","Administrative/Salary/Overhead Expenses ","B-582",""
"C00926345","CONSERVATIVE TOM SELL FOR CONGRESS","H6TX19206","SELL, TOM","2026","H","TX","19","17","http://docquery.fec.gov/cgi-bin/fecimg/?202602189834340446","","LILLY AND COMPANY","1005 CONGRESS AVE","STE 400","AUSTIN","TX","78701","2026-01-16","$10,212.11","CONSULTING AND EXPENSE REIMBURSEMENT","","","001","Administrative/Salary/Overhead Expenses ","B-669",""
"C00926345","CONSERVATIVE TOM SELL FOR CONGRESS","H6TX19206","SELL, TOM","2026","H","TX","19","17","http://docquery.fec.gov/cgi-bin/fecimg/?202602189834340446","","NORFLEET STRATEGIES, LLC","504 W 12TH STREET","","AUSTIN","TX","78701","2026-01-16","$5,250.00","COMMUNICATIONS CONSULTING","","","001","Administrative/Salary/Overhead Expenses ","B-581",""
"C00926345","CONSERVATIVE TOM SELL FOR CONGRESS","H6TX19206","SELL, TOM","2026","H","TX","19","17","http://docquery.fec.gov/cgi-bin/fecimg/?202602189834340447","","NORFLEET STRATEGIES, LLC","504 W 12TH STREET","","AUSTIN","TX","78701","2026-02-11","$1,160.93","TRAVEL REIMBURSEMENT","","","002","Travel Expenses","B-908",""
"C00926345","CONSERVATIVE TOM SELL FOR CONGRESS","H6TX19206","SELL, TOM","2026","H","TX","19","17","http://docquery.fec.gov/cgi-bin/fecimg/?202602189834340447","","NPA STRATEGIES","4040 FAIRFAX DRIVE","","ARLINGTON","VA","22203","2026-02-11","$11,747.65","CAMPAIGN CONSULTING","","","001","Administrative/Salary/Overhead Expenses ","B-907",""
"C00926345","CONSERVATIVE TOM SELL FOR CONGRESS","H6TX19206","SELL, TOM","2026","H","TX","19","17","http://docquery.fec.gov/cgi-bin/fecimg/?202602189834340447","","NUMINAR, INC","1201 WILSON BOULEVARD","WEWORK C/O NUMINAR","ARLINGTON","VA","22209","2026-02-04","$2,000.00","SUBSCRIPTION","","","001","Administrative/Salary/Overhead Expenses ","B-786",""
"C00926345","CONSERVATIVE TOM SELL FOR CONGRESS","H6TX19206","SELL, TOM","2026","H","TX","19","17","http://docquery.fec.gov/cgi-bin/fecimg/?202602189834340448","","POOLHOUSE AGENCY, LLC","23 WEST BROAD STREET","SUITE 200","RICHMOND","VA","23220","2026-01-20","$98,180.00","TELEVISION ADVERTISING","","","004","Advertising Expenses ","B-676",""
"C00926345","CONSERVATIVE TOM SELL FOR CONGRESS","H6TX19206","SELL, TOM","2026","H","TX","19","17","http://docquery.fec.gov/cgi-bin/fecimg/?202602189834340448","","POOLHOUSE AGENCY, LLC","23 WEST BROAD STREET","SUITE 200","RICHMOND","VA","23220","2026-01-30","$160,765.00","MEDIA BUY","","","004","Advertising Expenses ","B-781",""
"C00926345","CONSERVATIVE TOM SELL FOR CONGRESS","H6TX19206","SELL, TOM","2026","H","TX","19","17","http://docquery.fec.gov/cgi-bin/fecimg/?202602189834340448","","GEBO'S DISTRIBUTING CO","215 50TH STREET","","LUBBOCK","TX","79404","2025-12-22","$343.59","T-POST EQUIPMENT","X","MEMO: DEBT SUBVENDOR OF TOM SELL","001","Administrative/Salary/Overhead Expenses ","B-453","B-727"
"C00926345","CONSERVATIVE TOM SELL FOR CONGRESS","H6TX19206","SELL, TOM","2026","H","TX","19","17","http://docquery.fec.gov/cgi-bin/fecimg/?202602189834340449","","GEBO'S DISTRIBUTING CO","215 50TH STREET","","LUBBOCK","TX","79404","2025-12-30","$635.07","T-POST EQUIPMENT","X","MEMO: DEBT SUBVENDOR OF TOM SELL","001","Administrative/Salary/Overhead Expenses ","B-455","B-727"
"C00926345","CONSERVATIVE TOM SELL FOR CONGRESS","H6TX19206","SELL, TOM","2026","H","TX","19","17","http://docquery.fec.gov/cgi-bin/fecimg/?202602189834340449","","SELL, TOM","3521 50TH STREET","NUM 1048","LUBBOCK","TX","79413","2025-12-31","$1,548.40","MILEAGE (2212 MILES X $0.70)","X","MEMO: DEBT SUBVENDOR OF TOM SELL","002","Travel Expenses","B-456","B-727"
"C00926345","CONSERVATIVE TOM SELL FOR CONGRESS","H6TX19206","SELL, TOM","2026","H","TX","19","17","http://docquery.fec.gov/cgi-bin/fecimg/?202602189834340449","","SELL, TOM","3521 50TH STREET","NUM 1048","LUBBOCK","TX","79413","2026-01-22","$2,911.57","EXPENSE REIMBURSEMENT (DETAILS BELOW)","","","001","Administrative/Salary/Overhead Expenses ","B-727",""
"C00926345","CONSERVATIVE TOM SELL FOR CONGRESS","H6TX19206","SELL, TOM","2026","H","TX","19","17","http://docquery.fec.gov/cgi-bin/fecimg/?202602189834340450","","TABULARIUS COMPLIANCE","126 C STREET NORTHWEST","THIRD FLOOR","WASHINGTON","DC","20001","2026-01-01","$1,500.00","COMPLIANCE & ETHICS CONSULTING- REGULATORY REPORTING","","","001","Administrative/Salary/Overhead Expenses ","B-463",""
"C00858993","RYAN ZINK FOR CONGRESS","H4TX19318","ZINK, RYAN","2026","H","TX","19","17","http://docquery.fec.gov/cgi-bin/fecimg/?202601309795283326","","CLEAR ME","65 E 55TH STRETT","FLOOR 17","NEW YORK","NY","100223414","2025-12-17","$300.00","TRAVEL SECURITY","","","002","Travel Expenses","SB17.4196",""
"C00858993","RYAN ZINK FOR CONGRESS","H4TX19318","ZINK, RYAN","2026","H","TX","19","17","http://docquery.fec.gov/cgi-bin/fecimg/?202601309795283326","","GODADDY","100 S MILL AVENUE","SUITE 1600","TEMPE","AZ","85281","2025-12-08","$280.77","CAMPAIGN WEBSITE SERVICES","","","004","Advertising Expenses ","SB17.4205",""
"C00858993","RYAN ZINK FOR CONGRESS","H4TX19318","ZINK, RYAN","2026","H","TX","19","17","http://docquery.fec.gov/cgi-bin/fecimg/?202601309795283326","","TEXAS GOP","PO BOX 2206","","AUSTIN","TX","78768","2025-12-08","$3,127.00","2026 CAMPAIGN FEES TO GOP","","","006","Campaign Materials","SB17.4209",""
"C00858993","RYAN ZINK FOR CONGRESS","H4TX19318","ZINK, RYAN","2026","H","TX","19","17","http://docquery.fec.gov/cgi-bin/fecimg/?202601309795283327","","TEXAS GOP","PO BOX 2206","","AUSTIN","TX","78768","2025-12-09","$35.48","PARKING AT TEXAS GOP","","","002","Travel Expenses","SB17.4207",""
"C00929604","FAT MATT SMITH FOR CONGRESS","H6TX19263","SMITH, MATTHEW","2026","H","TX","19","17","http://docquery.fec.gov/cgi-bin/fecimg/?202601319808370421","","AXMEDIA","800 W 47TH ST STE 200","","KANSAS CITY","MO","64112","2025-12-05","$42,065.00","MEDIA","","","","","SB17.01",""
"C00929604","FAT MATT SMITH FOR CONGRESS","H6TX19263","SMITH, MATTHEW","2026","H","TX","19","17","http://docquery.fec.gov/cgi-bin/fecimg/?202601319808370421","","AXMEDIA","800 W 47TH ST STE 200","","KANSAS CITY","MO","64112","2025-12-19","$83,470.00","MEDIA","","","","","SB17.08",""
"C00929604","FAT MATT SMITH FOR CONGRESS","H6TX19263","SMITH, MATTHEW","2026","H","TX","19","17","http://docquery.fec.gov/cgi-bin/fecimg/?202601319808370421","","CHAIN BRIDGE BANK","1445A LAUGHLIN AVE","","MCLEAN","VA","22101","2025-12-05","$25.00","BANK FEE","","","","","SB17.02",""
"C00929604","FAT MATT SMITH FOR CONGRESS","H6TX19263","SMITH, MATTHEW","2026","H","TX","19","17","http://docquery.fec.gov/cgi-bin/fecimg/?202601319808370422","","CHAIN BRIDGE BANK","1445A LAUGHLIN AVE","","MCLEAN","VA","22101","2025-12-19","$25.00","BANK FEE","","","","","SB17.07",""
"C00929604","FAT MATT SMITH FOR CONGRESS","H6TX19263","SMITH, MATTHEW","2026","H","TX","19","17","http://docquery.fec.gov/cgi-bin/fecimg/?202601319808370422","","INTUIT","2700 COAST AVE","","MOUNTAIN VIEW","CA","94043","2025-12-17","$57.50","SOFTWARE SUBSCRIPTION","","","","","SB17.05",""
"C00929604","FAT MATT SMITH FOR CONGRESS","H6TX19263","SMITH, MATTHEW","2026","H","TX","19","17","http://docquery.fec.gov/cgi-bin/fecimg/?202601319808370422","","WINRED TECHNICAL SERVICES LLC","4250 FAIRFAX DR SUITE 600","","ARLINGTON","VA","22203","2025-12-09","$4.10","CREDIT CARD MERCHANT FEES","","","","","SB17.03",""
"C00926345","CONSERVATIVE TOM SELL FOR CONGRESS","H6TX19206","SELL, TOM","2026","H","TX","19","17","http://docquery.fec.gov/cgi-bin/fecimg/?202602189834340438","","ADVANCED GRAPHIX (4MZ, INC)","520 23RD ST","","LUBBOCK","TX","79404","2026-02-06","$13,874.94","CAMPAIGN ROAD & YARD SIGNS","","","006","Campaign Materials","B-842",""
"C00926345","CONSERVATIVE TOM SELL FOR CONGRESS","H6TX19206","SELL, TOM","2026","H","TX","19","17","http://docquery.fec.gov/cgi-bin/fecimg/?202602189834340438","","ADVANCED GRAPHIX (4MZ, INC)","520 23RD ST","","LUBBOCK","TX","79404","2026-02-06","$3,882.12","CAMPAIGN YARD SIGNS","","","006","Campaign Materials","B-843",""
"C00926345","CONSERVATIVE TOM SELL FOR CONGRESS","H6TX19206","SELL, TOM","2026","H","TX","19","17","http://docquery.fec.gov/cgi-bin/fecimg/?202602189834340438","","ADVANCED GRAPHIX (4MZ, INC)","520 23RD ST","","LUBBOCK","TX","79404","2026-02-06","$212.17","CAMPAIGN BUTTONS","","","006","Campaign Materials","B-844",""
"C00926345","CONSERVATIVE TOM SELL FOR CONGRESS","H6TX19206","SELL, TOM","2026","H","TX","19","17","http://docquery.fec.gov/cgi-bin/fecimg/?202602189834340439","","ANEDOT","1340 POYDRAS STREET","","NEW ORLEANS","LA","70112","2026-02-11","$903.60","CREDIT CARD PROCESSING FEES","","","003","Solicitation and Fundraising Expenses ","B-1036",""
"C00926345","CONSERVATIVE TOM SELL FOR CONGRESS","H6TX19206","SELL, TOM","2026","H","TX","19","17","http://docquery.fec.gov/cgi-bin/fecimg/?202602189834340439","","ANEDOT","1340 POYDRAS STREET","","NEW ORLEANS","LA","70112","2026-01-11","$2,469.80","CREDIT CARD PROCESSING FEES","","","003","Solicitation and Fundraising Expenses ","B-632",""
"C00926345","CONSERVATIVE TOM SELL FOR CONGRESS","H6TX19206","SELL, TOM","2026","H","TX","19","17","http://docquery.fec.gov/cgi-bin/fecimg/?202602189834340439","","ANEDOT","1340 POYDRAS STREET","","NEW ORLEANS","LA","70112","2026-01-16","$697.20","CREDIT CARD PROCESSING FEES","","","003","Solicitation and Fundraising Expenses ","B-743",""
"C00926345","CONSERVATIVE TOM SELL FOR CONGRESS","H6TX19206","SELL, TOM","2026","H","TX","19","17","http://docquery.fec.gov/cgi-bin/fecimg/?202602189834340440","","ANEDOT","1340 POYDRAS STREET","","NEW ORLEANS","LA","70112","2026-01-23","$661.40","CREDIT CARD PROCESSING FEES","","","003","Solicitation and Fundraising Expenses ","B-774",""
"C00926345","CONSERVATIVE TOM SELL FOR CONGRESS","H6TX19206","SELL, TOM","2026","H","TX","19","17","http://docquery.fec.gov/cgi-bin/fecimg/?202602189834340440","","ANEDOT","1340 POYDRAS STREET","","NEW ORLEANS","LA","70112","2026-02-01","$888.80","CREDIT CARD PROCESSING FEES","","","003","Solicitation and Fundraising Expenses ","B-834",""
"C00926345","CONSERVATIVE TOM SELL FOR CONGRESS","H6TX19206","SELL, TOM","2026","H","TX","19","17","http://docquery.fec.gov/cgi-bin/fecimg/?202602189834340440","","ANEDOT","1340 POYDRAS STREET","","NEW ORLEANS","LA","70112","2026-02-09","$511.50","CREDIT CARD PROCESSING FEES","","","003","Solicitation and Fundraising Expenses ","B-915",""
"C00926345","CONSERVATIVE TOM SELL FOR CONGRESS","H6TX19206","SELL, TOM","2026","H","TX","19","17","http://docquery.fec.gov/cgi-bin/fecimg/?202602189834340441","","ANEDOT","1340 POYDRAS STREET","","NEW ORLEANS","LA","70112","2026-02-08","$1,456.00","CREDIT CARD PROCESSING FEES","","","003","Solicitation and Fundraising Expenses ","B-947",""
"C00926345","CONSERVATIVE TOM SELL FOR CONGRESS","H6TX19206","SELL, TOM","2026","H","TX","19","17","http://docquery.fec.gov/cgi-bin/fecimg/?202602189834340441","","BRANDABILITY, INC","10501 INDIANA AVENUE","","LUBBOCK","TX","79423","2026-02-06","$809.63","CAMPAIGN PENS","","","006","Campaign Materials","B-850",""
"C00926345","CONSERVATIVE TOM SELL FOR CONGRESS","H6TX19206","SELL, TOM","2026","H","TX","19","17","http://docquery.fec.gov/cgi-bin/fecimg/?202602189834340441","","BRANDABILITY, INC","10501 INDIANA AVENUE","","LUBBOCK","TX","79423","2026-02-06","$7,361.87","CAMPAIGN T-SHIRTS","","","006","Campaign Materials","B-851",""
"C00926345","CONSERVATIVE TOM SELL FOR CONGRESS","H6TX19206","SELL, TOM","2026","H","TX","19","17","http://docquery.fec.gov/cgi-bin/fecimg/?202602189834340442","","BRANDABILITY, INC","10501 INDIANA AVENUE","","LUBBOCK","TX","79423","2026-02-06","$1,139.31","CAMPAIGN STICKERS","","","006","Campaign Materials","B-852",""
"C00926345","CONSERVATIVE TOM SELL FOR CONGRESS","H6TX19206","SELL, TOM","2026","H","TX","19","17","http://docquery.fec.gov/cgi-bin/fecimg/?202602189834340442","","CAMPBELL, CASH","1905 ELGIN AVENUE","APT A","LUBBOCK","TX","79410","2026-01-30","$1,000.00","CAMPAIGN MANAGEMENT AND FIELD OPERATIONS","","","001","Administrative/Salary/Overhead Expenses ","B-780",""
"C00926345","CONSERVATIVE TOM SELL FOR CONGRESS","H6TX19206","SELL, TOM","2026","H","TX","19","17","http://docquery.fec.gov/cgi-bin/fecimg/?202602189834340442","","CASTILLO, GREYSON","6111 71ST STREET","APT 2205","LUBBOCK","TX","79424","2026-01-30","$1,000.00","CAMPAIGN MANAGEMENT AND FIELD OPERATIONS","","","001","Administrative/Salary/Overhead Expenses ","B-779",""
"C00926345","CONSERVATIVE TOM SELL FOR CONGRESS","H6TX19206","SELL, TOM","2026","H","TX","19","17","http://docquery.fec.gov/cgi-bin/fecimg/?202602189834340443","","TRACTOR SUPPLY CO","4605 NORTH INTERSTATE 27","","LUBBOCK","TX","79403","2025-12-19","$391.77","EQUIPMENT FOR 4X8 SIGNS","X","MEMO: DEBT SUBVENDOR OF JIMMY CLARK","001","Administrative/Salary/Overhead Expenses ","B-458","B-596"
"C00926345","CONSERVATIVE TOM SELL FOR CONGRESS","H6TX19206","SELL, TOM","2026","H","TX","19","17","http://docquery.fec.gov/cgi-bin/fecimg/?202602189834340443","","TRACTOR SUPPLY CO","4605 NORTH INTERSTATE 27","","LUBBOCK","TX","79403","2025-12-19","-$72.91","RETURN OF EQUIPMENT FOR 4X8 SIGNS","X","MEMO: DEBT SUBVENDOR OF JIMMY CLARK","001","Administrative/Salary/Overhead Expenses ","B-459","B-596"
"C00926345","CONSERVATIVE TOM SELL FOR CONGRESS","H6TX19206","SELL, TOM","2026","H","TX","19","17","http://docquery.fec.gov/cgi-bin/fecimg/?202602189834340443","","TRACTOR SUPPLY CO","4605 NORTH INTERSTATE 27","","LUBBOCK","TX","79403","2025-12-30","$233.30","EQUIPMENT FOR 4X8 SIGNS","X","MEMO: DEBT SUBVENDOR OF JIMMY CLARK","001","Administrative/Salary/Overhead Expenses ","B-460","B-596"
"C00926345","CONSERVATIVE TOM SELL FOR CONGRESS","H6TX19206","SELL, TOM","2026","H","TX","19","17","http://docquery.fec.gov/cgi-bin/fecimg/?202602189834340444","","GEBO'S DISTRIBUTING CO","215 50TH STREET","","LUBBOCK","TX","79404","2025-12-31","$225.88","T-POST EQUIPMENT","X","MEMO: DEBT SUBVENDOR OF JIMMY CLARK","001","Administrative/Salary/Overhead Expenses ","B-461","B-596"
"C00926345","CONSERVATIVE TOM SELL FOR CONGRESS","H6TX19206","SELL, TOM","2026","H","TX","19","17","http://docquery.fec.gov/cgi-bin/fecimg/?202602189834340444","","CLARK, JIMMY","1512 N COUNTY ROAD 3900","","LORENZO","TX","79343","2026-01-16","$778.04","EXPENSE REIMBURSEMENT - DETAILS S MEMO ITEMS","","","001","Administrative/Salary/Overhead Expenses ","B-596",""
"C00926345","CONSERVATIVE TOM SELL FOR CONGRESS","H6TX19206","SELL, TOM","2026","H","TX","19","17","http://docquery.fec.gov/cgi-bin/fecimg/?202602189834340444","","HARPER POLLING","15 WYNTRE BROOKE DRIVE","SUITE 2A","YORK","PA","17403","2026-01-16","$33,925.00","MULTI-MODE LIVE SURVEY","","","005","Polling Expenses","B-668",""
"C00926345","CONSERVATIVE TOM SELL FOR CONGRESS","H6TX19206","SELL, TOM","2026","H","TX","19","17","http://docquery.fec.gov/cgi-bin/fecimg/?202602189834340445","","INTEGRATED SOLUTIONS: POLITICAL","4142 ADAMS AVENUE","SUITE 103-550","SAN DIEGO","CA","92116","2026-01-05","$1,800.00","SOFTWARE SUBSCRIPTION","","","001","Administrative/Salary/Overhead Expenses ","B-502",""
"C00929067","CORLEY FOR TEXAS","H6TX19255","CORLEY, JASON","2026","H","TX","19","17","http://docquery.fec.gov/cgi-bin/fecimg/?202601309794753059","","ANEDOT","340 POYDRAS STREET, SUITE 1770","","NEW ORLEANS","LA","70112","2025-12-17","$168.90","CREDIT CARD FEES","","","001","Administrative/Salary/Overhead Expenses ","B271E88EB347D4B27A8D",""
"C00929067","CORLEY FOR TEXAS","H6TX19255","CORLEY, JASON","2026","H","TX","19","17","http://docquery.fec.gov/cgi-bin/fecimg/?202601309794753059","","ANEDOT","340 POYDRAS STREET, SUITE 1770","","NEW ORLEANS","LA","70112","2025-12-17","$20.30","CREDIT CARD FEES","","","001","Administrative/Salary/Overhead Expenses ","BC6B0D2C5BAF94DB79C0",""
"C00929067","CORLEY FOR TEXAS","H6TX19255","CORLEY, JASON","2026","H","TX","19","17","http://docquery.fec.gov/cgi-bin/fecimg/?202601309794753059","","ANEDOT","340 POYDRAS STREET, SUITE 1770","","NEW ORLEANS","LA","70112","2025-12-23","$4.30","CREDIT CARD FEES","","","001","Administrative/Salary/Overhead Expenses ","B4D86E16DD0564AE295A",""
"C00929067","CORLEY FOR TEXAS","H6TX19255","CORLEY, JASON","2026","H","TX","19","17","http://docquery.fec.gov/cgi-bin/fecimg/?202601309794753060","","ANEDOT","340 POYDRAS STREET, SUITE 1770","","NEW ORLEANS","LA","70112","2025-12-31","$2.30","CREDIT CARD FEES","","","001","Administrative/Salary/Overhead Expenses ","B26E356EBA2B74652A07",""
"C00929067","CORLEY FOR TEXAS","H6TX19255","CORLEY, JASON","2026","H","TX","19","17","http://docquery.fec.gov/cgi-bin/fecimg/?202601309794753060","","SHIPMAN, BLAYNE","5222 85TH ST","","LUBBOCK","TX","794243408","2025-12-16","$600.00","CONSULTING - MANAGEMENT","","","001","Administrative/Salary/Overhead Expenses ","B3177B6BB50204A89A6D",""
"C00929067","CORLEY FOR TEXAS","H6TX19255","CORLEY, JASON","2026","H","TX","19","17","http://docquery.fec.gov/cgi-bin/fecimg/?202601309794753060","","SHIPMAN, BLAYNE","5222 85TH ST","","LUBBOCK","TX","794243408","2025-12-22","$600.00","CONSULTSANT - MANAGEMENT","","","001","Administrative/Salary/Overhead Expenses ","B1D77813A007248EFA4A",""
"C00929067","CORLEY FOR TEXAS","H6TX19255","CORLEY, JASON","2026","H","TX","19","17","http://docquery.fec.gov/cgi-bin/fecimg/?202603259856841197","","CAPITAL ONE","PO BOX 71087","","CHARLOTTE","NC","282721087","2026-03-03","$6,882.11","CREDIT CARD: SEE DETAILS","","","001","Administrative/Salary/Overhead Expenses ","BE7AD8DC8F4E14F8995E",""
"C00929604","FAT MATT SMITH FOR CONGRESS","H6TX19263","SMITH, MATTHEW","2026","H","TX","19","17","http://docquery.fec.gov/cgi-bin/fecimg/?202601319808370423","","WINRED TECHNICAL SERVICES LLC","4250 FAIRFAX DR SUITE 600","","ARLINGTON","VA","22203","2025-12-12","$42.01","CREDIT CARD MERCHANT FEES","","","","","SB17.04",""
"C00929604","FAT MATT SMITH FOR CONGRESS","H6TX19263","SMITH, MATTHEW","2026","H","TX","19","17","http://docquery.fec.gov/cgi-bin/fecimg/?202601319808370423","","WINRED TECHNICAL SERVICES LLC","4250 FAIRFAX DR SUITE 600","","ARLINGTON","VA","22203","2025-12-17","$1.03","CREDIT CARD MERCHANT FEES","","","","","SB17.06",""
"C00929604","FAT MATT SMITH FOR CONGRESS","H6TX19263","SMITH, MATTHEW","2026","H","TX","19","17","http://docquery.fec.gov/cgi-bin/fecimg/?202601319808370423","","WINRED TECHNICAL SERVICES LLC","4250 FAIRFAX DR SUITE 600","","ARLINGTON","VA","22203","2025-12-19","$4.10","CREDIT CARD MERCHANT FEES","","","","","SB17.09",""
"C00929604","FAT MATT SMITH FOR CONGRESS","H6TX19263","SMITH, MATTHEW","2026","H","TX","19","17","http://docquery.fec.gov/cgi-bin/fecimg/?202601319808370424","","WINRED TECHNICAL SERVICES LLC","4250 FAIRFAX DR SUITE 600","","ARLINGTON","VA","22203","2025-12-31","$1.03","CREDIT CARD MERCHANT FEES","","","","","SB17.10",""
"C00929604","FAT MATT SMITH FOR CONGRESS","H6TX19263","SMITH, MATTHEW","2026","H","TX","19","17","http://docquery.fec.gov/cgi-bin/fecimg/?202601319808370424","","WINRED TECHNICAL SERVICES LLC","4250 FAIRFAX DR SUITE 600","","ARLINGTON","VA","22203","2025-12-31","$43.27","CREDIT CARD MERCHANT FEES","","","","","SB17.11",""
"C00929604","FAT MATT SMITH FOR CONGRESS","H6TX19263","SMITH, MATTHEW","2026","H","TX","19","17","http://docquery.fec.gov/cgi-bin/fecimg/?202601319808370424","","WINRED TECHNICAL SERVICES LLC","4250 FAIRFAX DR SUITE 600","","ARLINGTON","VA","22203","2025-12-31","$346.45","CREDIT CARD MERCHANT FEES","","","","","SB17.12",""
"C00929604","FAT MATT SMITH FOR CONGRESS","H6TX19263","SMITH, MATTHEW","2026","H","TX","19","17","http://docquery.fec.gov/cgi-bin/fecimg/?202601319808370425","","WINRED TECHNICAL SERVICES LLC","4250 FAIRFAX DR SUITE 600","","ARLINGTON","VA","22203","2025-12-31","$84.83","CREDIT CARD MERCHANT FEES","","","","","SB17.13",""
"C00929067","CORLEY FOR TEXAS","H6TX19255","CORLEY, JASON","2026","H","TX","19","17","http://docquery.fec.gov/cgi-bin/fecimg/?202603259856841194","","ANEDOT","340 POYDRAS STREET, SUITE 1770","","NEW ORLEANS","LA","70112","2026-02-23","$4.30","CREDIT CARD FEES","","","001","Administrative/Salary/Overhead Expenses ","B43193F21192A49CD9F6",""
"C00929067","CORLEY FOR TEXAS","H6TX19255","CORLEY, JASON","2026","H","TX","19","17","http://docquery.fec.gov/cgi-bin/fecimg/?202603259856841194","","ANEDOT","340 POYDRAS STREET, SUITE 1770","","NEW ORLEANS","LA","70112","2026-02-27","$10.30","CREDIT CARD FEES","","","001","Administrative/Salary/Overhead Expenses ","B4876AE835C5646B5BE3",""
"C00929067","CORLEY FOR TEXAS","H6TX19255","CORLEY, JASON","2026","H","TX","19","17","http://docquery.fec.gov/cgi-bin/fecimg/?202603259856841194","","BYRN, CHARLES","1111 KEELER AVE","","DALHART","TX","790224307","2026-02-13","$250.00","CONSULTANT-COMMUNICATIONS","","","001","Administrative/Salary/Overhead Expenses ","B7C0A1A54A45340298F1",""
"C00929067","CORLEY FOR TEXAS","H6TX19255","CORLEY, JASON","2026","H","TX","19","17","http://docquery.fec.gov/cgi-bin/fecimg/?202603259856841195","","BYRN, CHARLES","1111 KEELER AVE","","DALHART","TX","790224307","2026-02-17","$250.00","CONSULTANT-COMMUNICATIONS","","","001","Administrative/Salary/Overhead Expenses ","BAD04B7F4BDDA4F55B75",""
"C00929067","CORLEY FOR TEXAS","H6TX19255","CORLEY, JASON","2026","H","TX","19","17","http://docquery.fec.gov/cgi-bin/fecimg/?202603259856841195","","BYRN, CHARLES","1111 KEELER AVE","","DALHART","TX","790224307","2026-02-20","$250.00","CONSULTANT-COMMUNICATIONS","","","001","Administrative/Salary/Overhead Expenses ","B42EED470189A469EA21",""
"C00929067","CORLEY FOR TEXAS","H6TX19255","CORLEY, JASON","2026","H","TX","19","17","http://docquery.fec.gov/cgi-bin/fecimg/?202603259856841195","","CAMPAIGN MARKETING STRATEGIES","1350 BEVERLY RD","STE 115","MC LEAN","VA","221013917","2026-02-17","$1,000.00","CONSULTANT-COMMUNICATION","","","001","Administrative/Salary/Overhead Expenses ","BB69F0217EA384E089DE",""
"C00929067","CORLEY FOR TEXAS","H6TX19255","CORLEY, JASON","2026","H","TX","19","17","http://docquery.fec.gov/cgi-bin/fecimg/?202603259856841196","","CAMPAIGN MARKETING STRATEGIES","1350 BEVERLY RD","STE 115","MC LEAN","VA","221013917","2026-03-03","$744.44","CONSULTANT-COMMUNICATION","","","001","Administrative/Salary/Overhead Expenses ","BB10E6FC0AF984ED48BF",""
"C00929067","CORLEY FOR TEXAS","H6TX19255","CORLEY, JASON","2026","H","TX","19","17","http://docquery.fec.gov/cgi-bin/fecimg/?202603259856841196","","CAMPAIGN MARKETING STRATEGIES","1350 BEVERLY RD","STE 115","MC LEAN","VA","221013917","2026-03-03","$1,020.00","CONSULTANT-COMMUNICATION","","","001","Administrative/Salary/Overhead Expenses ","B6F1978C87FE24D4D900",""
"C00929067","CORLEY FOR TEXAS","H6TX19255","CORLEY, JASON","2026","H","TX","19","17","http://docquery.fec.gov/cgi-bin/fecimg/?202603259856841196","","CAPITAL ONE","PO BOX 71087","","CHARLOTTE","NC","282721087","2026-03-03","$870.71","CREDIT CARD: SEE DETAILS","","","001","Administrative/Salary/Overhead Expenses ","B76CA6D47FC8A4015BBA",""
"C00929067","CORLEY FOR TEXAS","H6TX19255","CORLEY, JASON","2026","H","TX","19","17","http://docquery.fec.gov/cgi-bin/fecimg/?202603259856841197","","ARISTOTLE","205 PENNSYLVANIA AVE SE","","WASHINGTON","DC","200031164","2026-03-03","$870.71","DATABASE MANAGEMENT","X","","001","Administrative/Salary/Overhead Expenses ","B84A7AB3E2021472C968","B76CA6D47FC8A4015BBA"
"C00929067","CORLEY FOR TEXAS","H6TX19255","CORLEY, JASON","2026","H","TX","19","17","http://docquery.fec.gov/cgi-bin/fecimg/?202603259856841197","","SAM'S CLUB","6016 MARSHA SHARP FWY","","LUBBOCK","TX","794073726","2026-03-03","$116.39","OFFICE SUPPLIES","X","","001","Administrative/Salary/Overhead Expenses ","B6C5BEF16E5F84AF3AF2","BE7AD8DC8F4E14F8995E"
"C00929067","CORLEY FOR TEXAS","H6TX19255","CORLEY, JASON","2026","H","TX","19","17","http://docquery.fec.gov/cgi-bin/fecimg/?202603259856841198","","USPS US POSTAL SERVICE","4901 S LOOP 289","","LUBBOCK","TX","794646900","2026-03-03","$2,090.40","POSTAGE","X","","001","Administrative/Salary/Overhead Expenses ","B389FE5708ECB48D0B8A","BE7AD8DC8F4E14F8995E"
"C00929067","CORLEY FOR TEXAS","H6TX19255","CORLEY, JASON","2026","H","TX","19","17","http://docquery.fec.gov/cgi-bin/fecimg/?202603259856841198","","AMAZON MARKETPLACE","410 TERRY AVE N","","SEATTLE","WA","981095210","2026-03-03","$54.10","OFFICE SUPPLIES","X","","001","Administrative/Salary/Overhead Expenses ","B18574B40B84944BC91B","BE7AD8DC8F4E14F8995E"
"C00929067","CORLEY FOR TEXAS","H6TX19255","CORLEY, JASON","2026","H","TX","19","17","http://docquery.fec.gov/cgi-bin/fecimg/?202603259856841198","","USPS US POSTAL SERVICE","4901 S LOOP 289","","LUBBOCK","TX","794646900","2026-03-03","$1,736.71","POSTAGE","X","","001","Administrative/Salary/Overhead Expenses ","B874418D7E6354DFDBF2","BE7AD8DC8F4E14F8995E"
"C00929067","CORLEY FOR TEXAS","H6TX19255","CORLEY, JASON","2026","H","TX","19","17","http://docquery.fec.gov/cgi-bin/fecimg/?202603259856841199","","SAM'S CLUB","6016 MARSHA SHARP FWY","","LUBBOCK","TX","794073726","2026-03-03","$64.43","OFFICE SUPPLIES","X","","001","Administrative/Salary/Overhead Expenses ","B8AC2A5F1DC9644BA8A7","BE7AD8DC8F4E14F8995E"
"C00929067","CORLEY FOR TEXAS","H6TX19255","CORLEY, JASON","2026","H","TX","19","17","http://docquery.fec.gov/cgi-bin/fecimg/?202603259856841199","","TOWNSQUARE MEDIA","4 MANHATTANVILLE RD","STE 107","PURCHASE","NY","105772119","2026-03-03","$1,628.20","ADVERTISING","X","","004","Advertising Expenses ","B6489863DD4E2426EA77","BE7AD8DC8F4E14F8995E"
"C00929067","CORLEY FOR TEXAS","H6TX19255","CORLEY, JASON","2026","H","TX","19","17","http://docquery.fec.gov/cgi-bin/fecimg/?202603259856841199","","ECANVASSER.COM","2211 N 1ST ST","","SAN JOSE","CA","951312021","2026-03-03","$841.77","CANVASSING SOFTWARE","X","","001","Administrative/Salary/Overhead Expenses ","BF84404D493D84BE0A9F","BE7AD8DC8F4E14F8995E"
"C00929067","CORLEY FOR TEXAS","H6TX19255","CORLEY, JASON","2026","H","TX","19","17","http://docquery.fec.gov/cgi-bin/fecimg/?202603259856841200","","UPS STORE","6923 INDIANA AVE","","LUBBOCK","TX","794136111","2026-03-03","$211.10","POSTAGE","X","","001","Administrative/Salary/Overhead Expenses ","BD8D5109E98704BCEBA4","BE7AD8DC8F4E14F8995E"
"C00929067","CORLEY FOR TEXAS","H6TX19255","CORLEY, JASON","2026","H","TX","19","17","http://docquery.fec.gov/cgi-bin/fecimg/?202603259856841200","","M3 STRATEGIES LLC","3706 LOOKOUT CT","","ELLICOTT CITY","MD","210423750","2026-02-13","$2,000.00","CONSULTANT-MARKETING","","","001","Administrative/Salary/Overhead Expenses ","B68C966F49A984860B5E",""
"C00929067","CORLEY FOR TEXAS","H6TX19255","CORLEY, JASON","2026","H","TX","19","17","http://docquery.fec.gov/cgi-bin/fecimg/?202603259856841201","","M3 STRATEGIES LLC","3706 LOOKOUT CT","","ELLICOTT CITY","MD","210423750","2026-02-27","$2,000.00","CONSULTANT-MARKETING","","","001","Administrative/Salary/Overhead Expenses ","B6BECDC372FEA4E55AA7",""
"C00929067","CORLEY FOR TEXAS","H6TX19255","CORLEY, JASON","2026","H","TX","19","17","http://docquery.fec.gov/cgi-bin/fecimg/?202603259856841201","","READY ACCESS SERVICES LLC DBA FILE RIGHT","3718 BRIDLE TRAILS CT","","COLLEGE STATION","TX","778454497","2026-02-27","$1,250.00","CONSULTANT-COMPLIANCE","","","001","Administrative/Salary/Overhead Expenses ","BCC5E53C03096441FBA2",""
"C00929067","CORLEY FOR TEXAS","H6TX19255","CORLEY, JASON","2026","H","TX","19","17","http://docquery.fec.gov/cgi-bin/fecimg/?202603259856841201","","SHIPMAN, BLAYNE","5222 85TH ST","","LUBBOCK","TX","794243408","2026-02-13","$600.00","CONSULTSANT - MANAGEMENT","","","001","Administrative/Salary/Overhead Expenses ","B7736D46EF2404E91B0B",""
"C00929067","CORLEY FOR TEXAS","H6TX19255","CORLEY, JASON","2026","H","TX","19","17","http://docquery.fec.gov/cgi-bin/fecimg/?202603259856841202","","SHIPMAN, BLAYNE","5222 85TH ST","","LUBBOCK","TX","794243408","2026-02-20","$600.00","CONSULTSANT - MANAGEMENT","","","001","Administrative/Salary/Overhead Expenses ","B66CAB5D044EF452090C",""
"C00929067","CORLEY FOR TEXAS","H6TX19255","CORLEY, JASON","2026","H","TX","19","17","http://docquery.fec.gov/cgi-bin/fecimg/?202603259856841202","","SHIPMAN, BLAYNE","5222 85TH ST","","LUBBOCK","TX","794243408","2026-02-27","$600.00","CONSULTSANT - MANAGEMENT","","","001","Administrative/Salary/Overhead Expenses ","BD32096C2E4C04F7B867",""
"C00929067","CORLEY FOR TEXAS","H6TX19255","CORLEY, JASON","2026","H","TX","19","17","http://docquery.fec.gov/cgi-bin/fecimg/?202603259856841200","","AMAZON MARKETPLACE","410 TERRY AVE N","","SEATTLE","WA","981095210","2026-03-03","$51.94","OFFICE SUPPLIES","X","","001","Administrative/Salary/Overhead Expenses ","B39CC01B9B6DF4AF2A60","BE7AD8DC8F4E14F8995E"
"C00926345","CONSERVATIVE TOM SELL FOR CONGRESS","H6TX19206","SELL, TOM","2026","H","TX","19","17","http://docquery.fec.gov/cgi-bin/fecimg/?202602189834340450","","TABULARIUS COMPLIANCE","126 C STREET NORTHWEST","THIRD FLOOR","WASHINGTON","DC","20001","2026-02-02","$1,500.00","COMPLIANCE & ETHICS CONSULTING- REGULATORY REPORTING","","","001","Administrative/Salary/Overhead Expenses ","B-784",""
"C00926345","CONSERVATIVE TOM SELL FOR CONGRESS","H6TX19206","SELL, TOM","2026","H","TX","19","17","http://docquery.fec.gov/cgi-bin/fecimg/?202602189834340451","","TARGETED CREATIVE COMMUNICATIONS, INC","106 SOUTH COLUMBUS ST","","ALEXANDRIA","VA","22314","2026-01-23","$27,233.85","MAILER AND POSTAGE","","","003","Solicitation and Fundraising Expenses ","B-750",""
"C00926345","CONSERVATIVE TOM SELL FOR CONGRESS","H6TX19206","SELL, TOM","2026","H","TX","19","17","http://docquery.fec.gov/cgi-bin/fecimg/?202602189834340451","","TARGETED CREATIVE COMMUNICATIONS, INC","106 SOUTH COLUMBUS ST","","ALEXANDRIA","VA","22314","2026-01-29","$27,233.85","MAILER AND POSTAGE","","","003","Solicitation and Fundraising Expenses ","B-775",""
"C00926345","CONSERVATIVE TOM SELL FOR CONGRESS","H6TX19206","SELL, TOM","2026","H","TX","19","17","http://docquery.fec.gov/cgi-bin/fecimg/?202602189834340451","","TARGETED CREATIVE COMMUNICATIONS, INC","106 SOUTH COLUMBUS ST","","ALEXANDRIA","VA","22314","2026-01-30","$1,929.22","PALM CARDS","","","006","Campaign Materials","B-776",""
"C00926345","CONSERVATIVE TOM SELL FOR CONGRESS","H6TX19206","SELL, TOM","2026","H","TX","19","17","http://docquery.fec.gov/cgi-bin/fecimg/?202602189834340452","","WINRED TECHNICAL SERVICES","1776 WILSON BOULEVARD","SUITE 530","ARLINGTON","VA","22219","2026-01-09","$197.00","CREDIT CARD PROCESSING FEES","","","003","Solicitation and Fundraising Expenses ","B-553",""
"C00926345","CONSERVATIVE TOM SELL FOR CONGRESS","H6TX19206","SELL, TOM","2026","H","TX","19","20C","http://docquery.fec.gov/cgi-bin/fecimg/?202602189834340453","C00383828","CONAWAY FOR CONGRESS","3719 CHIMNEY RIDGE DR","","WACO","TX","767082369","2026-02-11","$1,000.00","REFUND OF EXCESS CONTRIBUTION","","","010","Refunds of Contributions","B-1013",""
"C00926345","CONSERVATIVE TOM SELL FOR CONGRESS","H6TX19206","SELL, TOM","2026","H","TX","19","17","http://docquery.fec.gov/cgi-bin/fecimg/?202602189834340450","","TABULARIUS COMPLIANCE","126 C STREET NORTHWEST","THIRD FLOOR","WASHINGTON","DC","20001","2026-01-01","$1,500.00","COMPLIANCE & ETHICS CONSULTING- REGULATORY REPORTING","","","001","Administrative/Salary/Overhead Expenses ","B-464",""
"C00900514","RABLE FOR WEST TEXAS","H6TX19198","RABLE, KYLE","2026","H","TX","19","17","http://docquery.fec.gov/cgi-bin/fecimg/?202601309795280716","","GAS STATION","1809 4TH ST","","LUBBOCK","TX","79415","2025-11-17","$52.11","GAS","","","002","Travel Expenses","SB17.4722",""
"C00900514","RABLE FOR WEST TEXAS","H6TX19198","RABLE, KYLE","2026","H","TX","19","17","http://docquery.fec.gov/cgi-bin/fecimg/?202601309795280716","","GAS STATION","1809 4TH ST","","LUBBOCK","TX","79415","2025-11-24","$20.47","GAS","","","002","Travel Expenses","SB17.4720",""
"C00900514","RABLE FOR WEST TEXAS","H6TX19198","RABLE, KYLE","2026","H","TX","19","17","http://docquery.fec.gov/cgi-bin/fecimg/?202601309795280716","","GAS STATION","1809 4TH ST","","LUBBOCK","TX","79415","2025-12-05","$31.00","GAS","","","002","Travel Expenses","SB17.4744",""
"C00900514","RABLE FOR WEST TEXAS","H6TX19198","RABLE, KYLE","2026","H","TX","19","17","http://docquery.fec.gov/cgi-bin/fecimg/?202601309795280717","","GAS STATION","1809 4TH ST","","LUBBOCK","TX","79415","2025-12-15","$44.50","GAS","","","002","Travel Expenses","SB17.4739",""
"C00900514","RABLE FOR WEST TEXAS","H6TX19198","RABLE, KYLE","2026","H","TX","19","17","http://docquery.fec.gov/cgi-bin/fecimg/?202601309795280717","","GAS STATION","1809 4TH ST","","LUBBOCK","TX","79415","2025-12-15","$34.98","GAS","","","002","Travel Expenses","SB17.4740",""
"C00900514","RABLE FOR WEST TEXAS","H6TX19198","RABLE, KYLE","2026","H","TX","19","17","http://docquery.fec.gov/cgi-bin/fecimg/?202601309795280717","","GOODLINE BREWING COMPANY","2611 BOSTON AVE","","LUBBOCK","TX","79409","2025-10-15","$108.25","CAMPAIGN EVENT","","","007","Campaign Event Expenses","SB17.4715",""
"C00900514","RABLE FOR WEST TEXAS","H6TX19198","RABLE, KYLE","2026","H","TX","19","17","http://docquery.fec.gov/cgi-bin/fecimg/?202601309795280718","","GOOGLE INC.","1600 AMPHITHEATRE PARKWAY","","MOUNTAIN VIEW","CA","94043","2025-12-02","$70.36","SOFTWARE SUBSCRIPTION","","","001","Administrative/Salary/Overhead Expenses ","SB17.4745",""
"C00900514","RABLE FOR WEST TEXAS","H6TX19198","RABLE, KYLE","2026","H","TX","19","17","http://docquery.fec.gov/cgi-bin/fecimg/?202601309795280718","","PRINTIFY INC.","108 W 13TH ST","","WILMINGTON","DE","19801","2025-10-23","$236.76","PRINTING","","","004","Advertising Expenses ","SB17.4713",""
"C00900514","RABLE FOR WEST TEXAS","H6TX19198","RABLE, KYLE","2026","H","TX","19","17","http://docquery.fec.gov/cgi-bin/fecimg/?202601309795280718","","PRINTIFY INC.","108 W 13TH ST","","WILMINGTON","DE","19801","2025-12-19","$29.01","PRINTING","","","006","Campaign Materials","SB17.4736",""
"C00900514","RABLE FOR WEST TEXAS","H6TX19198","RABLE, KYLE","2026","H","TX","19","17","http://docquery.fec.gov/cgi-bin/fecimg/?202601309795280719","","TEXAS DEMOCRATIC PARTY","4818 E BEN WHITE BOULEVARD FRONTAG","SUITE 104","AUSTIN","TX","78741","2025-12-30","$1,100.00","VOTER DATA BASE SUBSCRIPTION","","","003","Solicitation and Fundraising Expenses ","SB17.4731",""
"C00927574","ABRAHAM ENRIQUEZ FOR CONGRESS","H6TX19222","ENRIQUEZ, ABRAHAM","2026","H","TX","19","17","http://docquery.fec.gov/cgi-bin/fecimg/?202601319808442488","","WINRED TECHNICAL SERVICES LLC","1776 WILSON BLVD","SUITE 530","ARLINGTON","VA","22219","2025-12-10","$59.10","MERCHANT FEES","","","","","SB17.1104703",""
"C00927574","ABRAHAM ENRIQUEZ FOR CONGRESS","H6TX19222","ENRIQUEZ, ABRAHAM","2026","H","TX","19","17","http://docquery.fec.gov/cgi-bin/fecimg/?202601319808442488","","WINRED TECHNICAL SERVICES LLC","1776 WILSON BLVD","SUITE 530","ARLINGTON","VA","22219","2025-12-15","$41.02","MERCHANT FEES","","","","","SB17.1104715",""
"C00927574","ABRAHAM ENRIQUEZ FOR CONGRESS","H6TX19222","ENRIQUEZ, ABRAHAM","2026","H","TX","19","17","http://docquery.fec.gov/cgi-bin/fecimg/?202601319808442488","","WINRED TECHNICAL SERVICES LLC","1776 WILSON BLVD","SUITE 530","ARLINGTON","VA","22219","2025-12-16","$41.02","MERCHANT FEES","","","","","SB17.1104716",""
"C00927574","ABRAHAM ENRIQUEZ FOR CONGRESS","H6TX19222","ENRIQUEZ, ABRAHAM","2026","H","TX","19","17","http://docquery.fec.gov/cgi-bin/fecimg/?202601319808442489","","WINRED TECHNICAL SERVICES LLC","1776 WILSON BLVD","SUITE 530","ARLINGTON","VA","22219","2025-12-17","$178.92","MERCHANT FEES","","","","","SB17.1104719",""
"C00927574","ABRAHAM ENRIQUEZ FOR CONGRESS","H6TX19222","ENRIQUEZ, ABRAHAM","2026","H","TX","19","17","http://docquery.fec.gov/cgi-bin/fecimg/?202601319808442489","","WINRED TECHNICAL SERVICES LLC","1776 WILSON BLVD","SUITE 530","ARLINGTON","VA","22219","2025-12-18","$430.67","MERCHANT FEES","","","","","SB17.1104916",""
"C00927574","ABRAHAM ENRIQUEZ FOR CONGRESS","H6TX19222","ENRIQUEZ, ABRAHAM","2026","H","TX","19","17","http://docquery.fec.gov/cgi-bin/fecimg/?202601319808442489","","WINRED TECHNICAL SERVICES LLC","1776 WILSON BLVD","SUITE 530","ARLINGTON","VA","22219","2025-12-19","$9.85","MERCHANT FEES","","","","","SB17.1105238",""
"C00927574","ABRAHAM ENRIQUEZ FOR CONGRESS","H6TX19222","ENRIQUEZ, ABRAHAM","2026","H","TX","19","17","http://docquery.fec.gov/cgi-bin/fecimg/?202601319808442490","","WINRED TECHNICAL SERVICES LLC","1776 WILSON BLVD","SUITE 530","ARLINGTON","VA","22219","2025-12-22","$9.85","MERCHANT FEES","","","","","SB17.1105510",""
"C00927574","ABRAHAM ENRIQUEZ FOR CONGRESS","H6TX19222","ENRIQUEZ, ABRAHAM","2026","H","TX","19","17","http://docquery.fec.gov/cgi-bin/fecimg/?202601319808442490","","WINRED TECHNICAL SERVICES LLC","1776 WILSON BLVD","SUITE 530","ARLINGTON","VA","22219","2025-12-23","$610.70","MERCHANT FEES","","","","","SB17.1105923",""
"C00927574","ABRAHAM ENRIQUEZ FOR CONGRESS","H6TX19222","ENRIQUEZ, ABRAHAM","2026","H","TX","19","17","http://docquery.fec.gov/cgi-bin/fecimg/?202601319808442490","","WINRED TECHNICAL SERVICES LLC","1776 WILSON BLVD","SUITE 530","ARLINGTON","VA","22219","2025-12-26","$1.03","MERCHANT FEES","","","","","SB17.1106288",""
"C00927574","ABRAHAM ENRIQUEZ FOR CONGRESS","H6TX19222","ENRIQUEZ, ABRAHAM","2026","H","TX","19","17","http://docquery.fec.gov/cgi-bin/fecimg/?202601319808442491","","WINRED TECHNICAL SERVICES LLC","1776 WILSON BLVD","SUITE 530","ARLINGTON","VA","22219","2025-12-30","$137.90","MERCHANT FEES","","","","","SB17.1106893",""
"C00927574","ABRAHAM ENRIQUEZ FOR CONGRESS","H6TX19222","ENRIQUEZ, ABRAHAM","2026","H","TX","19","17","http://docquery.fec.gov/cgi-bin/fecimg/?202601319808442491","","STEVENS, MIKE","6923 INDIANA AVE","","LUBBOCK","TX","79413","2025-12-31","$68,772.00","GENERAL CAMPAIGN CONSULTING","","","","","SB17.1107108",""
"C00927574","ABRAHAM ENRIQUEZ FOR CONGRESS","H6TX19222","ENRIQUEZ, ABRAHAM","2026","H","TX","19","17","http://docquery.fec.gov/cgi-bin/fecimg/?202601319808442491","","WINRED TECHNICAL SERVICES LLC","1776 WILSON BLVD","SUITE 530","ARLINGTON","VA","22219","2025-12-31","$334.67","MERCHANT FEES","","","","","SB17.1107218",""
"C00927574","ABRAHAM ENRIQUEZ FOR CONGRESS","H6TX19222","ENRIQUEZ, ABRAHAM","2026","H","TX","19","17","http://docquery.fec.gov/cgi-bin/fecimg/?202601319808442492","","FRONTLINE STRATEGIES LLC","4 HOLLY LN","","MOHNTON","PA","19540","2025-12-31","$9.00","FUNDRAISING FEES","","","","","SB17.1107219",""
"C00927574","ABRAHAM ENRIQUEZ FOR CONGRESS","H6TX19222","ENRIQUEZ, ABRAHAM","2026","H","TX","19","17","http://docquery.fec.gov/cgi-bin/fecimg/?202601319808442492","","CHAIN BRIDGE BANK","1445-A LAUGHLIN AVE","","MCLEAN","VA","22101","2025-12-24","$12.00","BANK FEES","","","","","SB17.1107919",""
"C00927574","ABRAHAM ENRIQUEZ FOR CONGRESS","H6TX19222","ENRIQUEZ, ABRAHAM","2026","H","TX","19","20C","http://docquery.fec.gov/cgi-bin/fecimg/?202601319808442493","","PROJECT DESTINY LUBBOCK","PO BOX 64268","","LUBBOCK","TX","79464","2025-12-31","$2,500.00","CONTRIBUTION REFUND","","","","","SB20C.1111666",""
"C00927574","ABRAHAM ENRIQUEZ FOR CONGRESS","H6TX19222","ENRIQUEZ, ABRAHAM","2026","H","TX","19","21","http://docquery.fec.gov/cgi-bin/fecimg/?202601319808442494","","TEXAS FEDERATION OF REPUBLICAN WOMEN PAC","PO BOX 171146","","AUSTIN","TX","78717","2025-12-31","$1,000.00","NON-FEDERAL CONTRIBUTION","","","","","SB17.1107093",""
"C00900514","RABLE FOR WEST TEXAS","H6TX19198","RABLE, KYLE","2026","H","TX","19","17","http://docquery.fec.gov/cgi-bin/fecimg/?202601309795269133","","FACEBK","1601 WILLOW RD","","MENLO PARK","CA","94025","2025-09-12","$38.52","ADVERTISING","","","004","Advertising Expenses ","SB17.4553",""
"C00900514","RABLE FOR WEST TEXAS","H6TX19198","RABLE, KYLE","2026","H","TX","19","17","http://docquery.fec.gov/cgi-bin/fecimg/?202601309795269133","","FED EX OFFICE","5000 W PARK BLVD","","PLANO","TX","75093","2025-07-01","$46.11","PRINTING","","","006","Campaign Materials","SB17.4388",""
"C00900514","RABLE FOR WEST TEXAS","H6TX19198","RABLE, KYLE","2026","H","TX","19","17","http://docquery.fec.gov/cgi-bin/fecimg/?202601309795269133","","FED EX OFFICE","5000 W PARK BLVD","","PLANO","TX","75093","2025-07-26","$27.71","PRINTING","","","006","Campaign Materials","SB17.4461",""
"C00900514","RABLE FOR WEST TEXAS","H6TX19198","RABLE, KYLE","2026","H","TX","19","17","http://docquery.fec.gov/cgi-bin/fecimg/?202601309795269134","","FED EX OFFICE","5000 W PARK BLVD","","PLANO","TX","75093","2025-09-24","$20.78","PRINTING","","","006","Campaign Materials","SB17.4562",""
"C00900514","RABLE FOR WEST TEXAS","H6TX19198","RABLE, KYLE","2026","H","TX","19","17","http://docquery.fec.gov/cgi-bin/fecimg/?202601309795269134","","GAS STATION","1809 4TH ST","","LUBBOCK","TX","79415","2025-07-18","$32.91","GAS","","","002","Travel Expenses","SB17.4455",""
"C00900514","RABLE FOR WEST TEXAS","H6TX19198","RABLE, KYLE","2026","H","TX","19","17","http://docquery.fec.gov/cgi-bin/fecimg/?202601309795269134","","GAS STATION","1809 4TH ST","","LUBBOCK","TX","79415","2025-07-21","$29.62","GAS","","","002","Travel Expenses","SB17.4456",""
"C00900514","RABLE FOR WEST TEXAS","H6TX19198","RABLE, KYLE","2026","H","TX","19","17","http://docquery.fec.gov/cgi-bin/fecimg/?202601309795269135","","GAS STATION","1809 4TH ST","","LUBBOCK","TX","79415","2025-07-21","$30.58","GAS","","","002","Travel Expenses","SB17.4457",""
"C00900514","RABLE FOR WEST TEXAS","H6TX19198","RABLE, KYLE","2026","H","TX","19","17","http://docquery.fec.gov/cgi-bin/fecimg/?202601309795269135","","GAS STATION","1809 4TH ST","","LUBBOCK","TX","79415","2025-07-26","$40.81","GAS","","","002","Travel Expenses","SB17.4459",""
"C00900514","RABLE FOR WEST TEXAS","H6TX19198","RABLE, KYLE","2026","H","TX","19","17","http://docquery.fec.gov/cgi-bin/fecimg/?202601309795269135","","GAS STATION","1809 4TH ST","","LUBBOCK","TX","79415","2025-07-26","$25.89","GAS","","","002","Travel Expenses","SB17.4460",""
"C00900514","RABLE FOR WEST TEXAS","H6TX19198","RABLE, KYLE","2026","H","TX","19","17","http://docquery.fec.gov/cgi-bin/fecimg/?202601309795269136","","GAS STATION","1809 4TH ST","","LUBBOCK","TX","79415","2025-08-11","$46.74","GAS","","","002","Travel Expenses","SB17.4537",""
"C00900514","RABLE FOR WEST TEXAS","H6TX19198","RABLE, KYLE","2026","H","TX","19","17","http://docquery.fec.gov/cgi-bin/fecimg/?202601309795269136","","GAS STATION","1809 4TH ST","","LUBBOCK","TX","79415","2025-08-12","$48.16","GAS","","","002","Travel Expenses","SB17.4539",""
"C00900514","RABLE FOR WEST TEXAS","H6TX19198","RABLE, KYLE","2026","H","TX","19","17","http://docquery.fec.gov/cgi-bin/fecimg/?202601309795269136","","GAS STATION","1809 4TH ST","","LUBBOCK","TX","79415","2025-08-18","$44.94","GAS","","","002","Travel Expenses","SB17.4542",""
"C00900514","RABLE FOR WEST TEXAS","H6TX19198","RABLE, KYLE","2026","H","TX","19","17","http://docquery.fec.gov/cgi-bin/fecimg/?202601309795269137","","GAS STATION","1809 4TH ST","","LUBBOCK","TX","79415","2025-08-26","$25.37","GAS","","","002","Travel Expenses","SB17.4544",""
"C00900514","RABLE FOR WEST TEXAS","H6TX19198","RABLE, KYLE","2026","H","TX","19","17","http://docquery.fec.gov/cgi-bin/fecimg/?202601309795269137","","GAS STATION","1809 4TH ST","","LUBBOCK","TX","79415","2025-08-27","$44.82","GAS","","","002","Travel Expenses","SB17.4545",""
"C00900514","RABLE FOR WEST TEXAS","H6TX19198","RABLE, KYLE","2026","H","TX","19","17","http://docquery.fec.gov/cgi-bin/fecimg/?202601309795269137","","GAS STATION","1809 4TH ST","","LUBBOCK","TX","79415","2025-09-08","$50.88","GAS","","","002","Travel Expenses","SB17.4548",""
"C00900514","RABLE FOR WEST TEXAS","H6TX19198","RABLE, KYLE","2026","H","TX","19","17","http://docquery.fec.gov/cgi-bin/fecimg/?202601309795269138","","GAS STATION","1809 4TH ST","","LUBBOCK","TX","79415","2025-09-10","$50.52","GAS","","","002","Travel Expenses","SB17.4552",""
"C00900514","RABLE FOR WEST TEXAS","H6TX19198","RABLE, KYLE","2026","H","TX","19","17","http://docquery.fec.gov/cgi-bin/fecimg/?202601309795269138","","GAS STATION","1809 4TH ST","","LUBBOCK","TX","79415","2025-09-15","$38.48","GAS","","","002","Travel Expenses","SB17.4556",""
"C00900514","RABLE FOR WEST TEXAS","H6TX19198","RABLE, KYLE","2026","H","TX","19","17","http://docquery.fec.gov/cgi-bin/fecimg/?202601309795269138","","GAS STATION","1809 4TH ST","","LUBBOCK","TX","79415","2025-09-22","$27.94","GAS","","","002","Travel Expenses","SB17.4558",""
"C00900514","RABLE FOR WEST TEXAS","H6TX19198","RABLE, KYLE","2026","H","TX","19","17","http://docquery.fec.gov/cgi-bin/fecimg/?202601309795269139","","GAS STATION","1809 4TH ST","","LUBBOCK","TX","79415","2025-09-23","$42.53","GAS","","","002","Travel Expenses","SB17.4561",""
"C00900514","RABLE FOR WEST TEXAS","H6TX19198","RABLE, KYLE","2026","H","TX","19","17","http://docquery.fec.gov/cgi-bin/fecimg/?202601309795269139","","PLANNED PARENTHOOD OF GREATER TEXAS","201 E. BEN WHITE BLVD, BUILDING B","","AUSTIN","TX","78704","2025-09-22","$1,000.00","TICKETS FOR AN EVENT DINNER","","","007","Campaign Event Expenses","SB17.4559",""
"C00900514","RABLE FOR WEST TEXAS","H6TX19198","RABLE, KYLE","2026","H","TX","19","17","http://docquery.fec.gov/cgi-bin/fecimg/?202601309795269139","","PRINTIFY INC.","108 W 13TH ST","","WILMINGTON","DE","19801","2025-08-06","$177.21","PRINTING","","","006","Campaign Materials","SB17.4534",""
"C00900514","RABLE FOR WEST TEXAS","H6TX19198","RABLE, KYLE","2026","H","TX","19","17","http://docquery.fec.gov/cgi-bin/fecimg/?202601309795269140","","PRINTIFY INC.","108 W 13TH ST","","WILMINGTON","DE","19801","2025-08-12","$18.42","PRINTING","","","006","Campaign Materials","SB17.4538",""
"C00900514","RABLE FOR WEST TEXAS","H6TX19198","RABLE, KYLE","2026","H","TX","19","17","http://docquery.fec.gov/cgi-bin/fecimg/?202601309795269140","","PRINTIFY INC.","108 W 13TH ST","","WILMINGTON","DE","19801","2025-08-18","$27.54","PRINTING","","","006","Campaign Materials","SB17.4541",""
"C00900514","RABLE FOR WEST TEXAS","H6TX19198","RABLE, KYLE","2026","H","TX","19","17","http://docquery.fec.gov/cgi-bin/fecimg/?202601309795269140","","PRINTIFY INC.","108 W 13TH ST","","WILMINGTON","DE","19801","2025-09-22","$19.89","PRINTING","","","006","Campaign Materials","SB17.4557",""
"C00900514","RABLE FOR WEST TEXAS","H6TX19198","RABLE, KYLE","2026","H","TX","19","17","http://docquery.fec.gov/cgi-bin/fecimg/?202601309795269141","","SQUARE SPACE","225 VARICK STREET","","NEW YORK CITY","NY","10014","2025-07-16","$21.32","PAYMENT FOR SOFTWARE LICENSE","","","001","Administrative/Salary/Overhead Expenses ","SB17.4440",""
"C00900514","RABLE FOR WEST TEXAS","H6TX19198","RABLE, KYLE","2026","H","TX","19","17","http://docquery.fec.gov/cgi-bin/fecimg/?202601309795269141","","SQUARE SPACE","225 VARICK STREET","","NEW YORK CITY","NY","10014","2025-08-18","$21.32","WEB SOFTWARE","","","001","Administrative/Salary/Overhead Expenses ","SB17.4540",""
"C00900514","RABLE FOR WEST TEXAS","H6TX19198","RABLE, KYLE","2026","H","TX","19","17","http://docquery.fec.gov/cgi-bin/fecimg/?202601309795269141","","TEXAS DEMOCRATIC PARTY","4818 E BEN WHITE BOULEVARD FRONTAG","SUITE 104","AUSTIN","TX","78741","2025-07-09","$550.00","QUARTERLY PAYMENT FOR VAN ACCESS","","","001","Administrative/Salary/Overhead Expenses ","SB17.4391",""
"C00900514","RABLE FOR WEST TEXAS","H6TX19198","RABLE, KYLE","2026","H","TX","19","17","http://docquery.fec.gov/cgi-bin/fecimg/?202601309795269142","","TEXAS DEMOCRATIC PARTY","4818 E BEN WHITE BOULEVARD FRONTAG","SUITE 104","AUSTIN","TX","78741","2025-08-08","$550.00","VAN SUBSCRIPTION PMT","","","001","Administrative/Salary/Overhead Expenses ","SB17.4535",""
"C00927574","ABRAHAM ENRIQUEZ FOR CONGRESS","H6TX19222","ENRIQUEZ, ABRAHAM","2026","H","TX","19","17","http://docquery.fec.gov/cgi-bin/fecimg/?202601319808442485","","WOOD, VENESSA","7530 WOODROW ROAD","","WOLFFORTH","TX","79382","2025-12-29","$2,500.00","FIELD CONSULTING","","","","","SB17.1106448",""
"C00927574","ABRAHAM ENRIQUEZ FOR CONGRESS","H6TX19222","ENRIQUEZ, ABRAHAM","2026","H","TX","19","17","http://docquery.fec.gov/cgi-bin/fecimg/?202601319808442485","","ADVANCED GRAPHIX","520 23RD ST","","LUBBOCK","TX","79404","2025-12-31","$5,597.33","EVENT EXPENSE: PRINTING","","","","","SB17.1107193",""
"C00927574","ABRAHAM ENRIQUEZ FOR CONGRESS","H6TX19222","ENRIQUEZ, ABRAHAM","2026","H","TX","19","17","http://docquery.fec.gov/cgi-bin/fecimg/?202601319808442485","","WINRED TECHNICAL SERVICES LLC","1776 WILSON BLVD","SUITE 530","ARLINGTON","VA","22219","2025-11-25","$24.20","MERCHANT FEES","","","","","SB17.1102091",""
"C00927574","ABRAHAM ENRIQUEZ FOR CONGRESS","H6TX19222","ENRIQUEZ, ABRAHAM","2026","H","TX","19","17","http://docquery.fec.gov/cgi-bin/fecimg/?202601319808442486","","WINRED TECHNICAL SERVICES LLC","1776 WILSON BLVD","SUITE 530","ARLINGTON","VA","22219","2025-12-03","$.41","MERCHANT FEES","","","","","SB17.1102093",""
"C00927574","ABRAHAM ENRIQUEZ FOR CONGRESS","H6TX19222","ENRIQUEZ, ABRAHAM","2026","H","TX","19","17","http://docquery.fec.gov/cgi-bin/fecimg/?202601319808442486","","WINRED TECHNICAL SERVICES LLC","1776 WILSON BLVD","SUITE 530","ARLINGTON","VA","22219","2025-12-04","$20.51","MERCHANT FEES","","","","","SB17.1102096",""
"C00927574","ABRAHAM ENRIQUEZ FOR CONGRESS","H6TX19222","ENRIQUEZ, ABRAHAM","2026","H","TX","19","17","http://docquery.fec.gov/cgi-bin/fecimg/?202601319808442486","","WINRED TECHNICAL SERVICES LLC","1776 WILSON BLVD","SUITE 530","ARLINGTON","VA","22219","2025-12-05","$148.15","MERCHANT FEES","","","","","SB17.1102098",""
"C00927574","ABRAHAM ENRIQUEZ FOR CONGRESS","H6TX19222","ENRIQUEZ, ABRAHAM","2026","H","TX","19","17","http://docquery.fec.gov/cgi-bin/fecimg/?202601319808442487","","PUSH DIGITAL, LLC","342 EAST BAY ST","","CHARLESTON","SC","29401","2025-11-25","$8,787.00","MEDIA PLACEMENT","","","","","SB17.1103864",""
"C00927574","ABRAHAM ENRIQUEZ FOR CONGRESS","H6TX19222","ENRIQUEZ, ABRAHAM","2026","H","TX","19","17","http://docquery.fec.gov/cgi-bin/fecimg/?202601319808442487","","PUSH DIGITAL, LLC","342 EAST BAY ST","","CHARLESTON","SC","29401","2025-12-12","$1,624.00","MEDIA PLACEMENT","","","","","SB17.1103866",""
"C00927574","ABRAHAM ENRIQUEZ FOR CONGRESS","H6TX19222","ENRIQUEZ, ABRAHAM","2026","H","TX","19","17","http://docquery.fec.gov/cgi-bin/fecimg/?202601319808442487","","WINRED TECHNICAL SERVICES LLC","1776 WILSON BLVD","SUITE 530","ARLINGTON","VA","22219","2025-12-09","$164.07","MERCHANT FEES","","","","","SB17.1104701",""
"C00900514","RABLE FOR WEST TEXAS","H6TX19198","RABLE, KYLE","2026","H","TX","19","17","http://docquery.fec.gov/cgi-bin/fecimg/?202601309795280712","","FACEBK","1601 WILLOW RD","","MENLO PARK","CA","94025","2025-11-03","$152.18","ADVERTISING","","","004","Advertising Expenses ","SB17.4728",""
"C00900514","RABLE FOR WEST TEXAS","H6TX19198","RABLE, KYLE","2026","H","TX","19","17","http://docquery.fec.gov/cgi-bin/fecimg/?202601309795280712","","FACEBK","1601 WILLOW RD","","MENLO PARK","CA","94025","2025-11-12","$9.81","ADVERTISING","","","004","Advertising Expenses ","SB17.4723",""
"C00900514","RABLE FOR WEST TEXAS","H6TX19198","RABLE, KYLE","2026","H","TX","19","17","http://docquery.fec.gov/cgi-bin/fecimg/?202601309795280712","","GAS STATION","1809 4TH ST","","LUBBOCK","TX","79415","2025-10-03","$48.71","FOOD","","","002","Travel Expenses","SB17.4719",""
"C00900514","RABLE FOR WEST TEXAS","H6TX19198","RABLE, KYLE","2026","H","TX","19","17","http://docquery.fec.gov/cgi-bin/fecimg/?202601309795280713","","GAS STATION","1809 4TH ST","","LUBBOCK","TX","79415","2025-10-14","$51.58","GAS","","","002","Travel Expenses","SB17.4717",""
"C00900514","RABLE FOR WEST TEXAS","H6TX19198","RABLE, KYLE","2026","H","TX","19","17","http://docquery.fec.gov/cgi-bin/fecimg/?202601309795280713","","GAS STATION","1809 4TH ST","","LUBBOCK","TX","79415","2025-10-22","$45.00","GAS","","","002","Travel Expenses","SB17.4714",""
"C00900514","RABLE FOR WEST TEXAS","H6TX19198","RABLE, KYLE","2026","H","TX","19","17","http://docquery.fec.gov/cgi-bin/fecimg/?202601309795280713","","GAS STATION","1809 4TH ST","","LUBBOCK","TX","79415","2025-10-24","$15.13","FOOD","","","002","Travel Expenses","SB17.4712",""
"C00900514","RABLE FOR WEST TEXAS","H6TX19198","RABLE, KYLE","2026","H","TX","19","17","http://docquery.fec.gov/cgi-bin/fecimg/?202601309795280714","","GAS STATION","1809 4TH ST","","LUBBOCK","TX","79415","2025-10-27","$44.48","GAS","","","002","Travel Expenses","SB17.4710",""
"C00900514","RABLE FOR WEST TEXAS","H6TX19198","RABLE, KYLE","2026","H","TX","19","17","http://docquery.fec.gov/cgi-bin/fecimg/?202601309795280714","","GAS STATION","1809 4TH ST","","LUBBOCK","TX","79415","2025-10-27","$42.64","GAS","","","002","Travel Expenses","SB17.4711",""
"C00900514","RABLE FOR WEST TEXAS","H6TX19198","RABLE, KYLE","2026","H","TX","19","17","http://docquery.fec.gov/cgi-bin/fecimg/?202601309795280714","","GAS STATION","1809 4TH ST","","LUBBOCK","TX","79415","2025-11-03","$44.25","GAS","","","002","Travel Expenses","SB17.4729",""
"C00900514","RABLE FOR WEST TEXAS","H6TX19198","RABLE, KYLE","2026","H","TX","19","17","http://docquery.fec.gov/cgi-bin/fecimg/?202601309795280715","","GAS STATION","1809 4TH ST","","LUBBOCK","TX","79415","2025-11-07","$39.04","GAS","","","002","Travel Expenses","SB17.4727",""
"C00900514","RABLE FOR WEST TEXAS","H6TX19198","RABLE, KYLE","2026","H","TX","19","17","http://docquery.fec.gov/cgi-bin/fecimg/?202601309795280715","","GAS STATION","1809 4TH ST","","LUBBOCK","TX","79415","2025-11-10","$44.86","GAS","","","002","Travel Expenses","SB17.4725",""
"C00900514","RABLE FOR WEST TEXAS","H6TX19198","RABLE, KYLE","2026","H","TX","19","17","http://docquery.fec.gov/cgi-bin/fecimg/?202601309795280715","","GAS STATION","1809 4TH ST","","LUBBOCK","TX","79415","2025-11-10","$25.35","GAS","","","002","Travel Expenses","SB17.4726",""
"C00929018","FRIENDS OF JAMES BARBEE","H6TX19248","BARBEE, JAMES BOB MR.","2026","H","TX","19","17","http://docquery.fec.gov/cgi-bin/fecimg/?202602179834333695","","AMP MEDIA","4481 S. TREADAWAY","","ABILENE","TX","79602","2026-01-09","$1,411.88","WEBSITE","","","004","Advertising Expenses ","SB17.4109",""
"C00929018","FRIENDS OF JAMES BARBEE","H6TX19248","BARBEE, JAMES BOB MR.","2026","H","TX","19","17","http://docquery.fec.gov/cgi-bin/fecimg/?202602179834333695","","AMP MEDIA","4481 S. TREADAWAY","","ABILENE","TX","79602","2026-01-15","$885.32","VIDEO PRODUCTION","","","004","Advertising Expenses ","SB17.4116",""
"C00929018","FRIENDS OF JAMES BARBEE","H6TX19248","BARBEE, JAMES BOB MR.","2026","H","TX","19","17","http://docquery.fec.gov/cgi-bin/fecimg/?202602179834333695","","AMP MEDIA","4481 S. TREADAWAY","","ABILENE","TX","79602","2026-01-16","$885.31","VIDEO PRODUCTION","","","004","Advertising Expenses ","SB17.4117",""
"C00929018","FRIENDS OF JAMES BARBEE","H6TX19248","BARBEE, JAMES BOB MR.","2026","H","TX","19","17","http://docquery.fec.gov/cgi-bin/fecimg/?202602179834333696","","AMP MEDIA","4481 S. TREADAWAY","","ABILENE","TX","79602","2026-02-06","$906.19","SOCIAL MEDIA","","","004","Advertising Expenses ","SB17.4126",""
"C00929018","FRIENDS OF JAMES BARBEE","H6TX19248","BARBEE, JAMES BOB MR.","2026","H","TX","19","17","http://docquery.fec.gov/cgi-bin/fecimg/?202602179834333696","","AMP MEDIA","4481 S. TREADAWAY","","ABILENE","TX","79602","2026-02-09","$906.19","SOCIAL MEDIA","","","004","Advertising Expenses ","SB17.4127",""
"C00929018","FRIENDS OF JAMES BARBEE","H6TX19248","BARBEE, JAMES BOB MR.","2026","H","TX","19","17","http://docquery.fec.gov/cgi-bin/fecimg/?202602179834333696","","KTAB / KRBC TELEVISION","4510 S. 14TH ST","","ABILENE","TX","79605","2026-02-10","$3,452.50","TV ADS","","","004","Advertising Expenses ","SB17.4129",""
"C00929018","FRIENDS OF JAMES BARBEE","H6TX19248","BARBEE, JAMES BOB MR.","2026","H","TX","19","17","http://docquery.fec.gov/cgi-bin/fecimg/?202602179834333697","","LUBBOCK YOUNG REPUBLICANS","2642 34TH ST","","LUIBBOCK","TX","79410","2026-01-29","$505.00","DONATION","","","011","Political Contributions","SB17.4118",""
"C00929018","FRIENDS OF JAMES BARBEE","H6TX19248","BARBEE, JAMES BOB MR.","2026","H","TX","19","17","http://docquery.fec.gov/cgi-bin/fecimg/?202602179834333697","","SAFEGUARD PROMOTIONS","3000 KELLWAY DR","","CARROLLTON","TX","75006","2026-01-15","$1,379.91","ADVERTISING SPECIALTIES - SCREEN CLEANERS / POSTERS","","","004","Advertising Expenses ","SB17.4112",""
"C00929018","FRIENDS OF JAMES BARBEE","H6TX19248","BARBEE, JAMES BOB MR.","2026","H","TX","19","21","http://docquery.fec.gov/cgi-bin/fecimg/?202602179834333698","","KMAC / KLBK TELEVISION","7403 UNIVERSITY AVE","","LUBBOCK","TX","79423","2026-02-02","$3,824.00","TV ADS","","","004","Advertising Expenses ","SB21.4122",""
"C00927574","ABRAHAM ENRIQUEZ FOR CONGRESS","H6TX19222","ENRIQUEZ, ABRAHAM","2026","H","TX","19","17","http://docquery.fec.gov/cgi-bin/fecimg/?202602199834792404","","WINRED TECHNICAL SERVICES LLC","1776 WILSON BLVD","SUITE 530","ARLINGTON","VA","22219","2026-01-13","$32.85","MERCHANT FEES","","","","","SB17.1110227",""
"C00927574","ABRAHAM ENRIQUEZ FOR CONGRESS","H6TX19222","ENRIQUEZ, ABRAHAM","2026","H","TX","19","17","http://docquery.fec.gov/cgi-bin/fecimg/?202602199834792405","","WINRED TECHNICAL SERVICES LLC","1776 WILSON BLVD","SUITE 530","ARLINGTON","VA","22219","2026-01-15","$17.53","MERCHANT FEES","","","","","SB17.1111215",""
"C00927574","ABRAHAM ENRIQUEZ FOR CONGRESS","H6TX19222","ENRIQUEZ, ABRAHAM","2026","H","TX","19","17","http://docquery.fec.gov/cgi-bin/fecimg/?202602199834792405","","WINRED TECHNICAL SERVICES LLC","1776 WILSON BLVD","SUITE 530","ARLINGTON","VA","22219","2026-01-16","$35.66","MERCHANT FEES","","","","","SB17.1111517",""
"C00927574","ABRAHAM ENRIQUEZ FOR CONGRESS","H6TX19222","ENRIQUEZ, ABRAHAM","2026","H","TX","19","17","http://docquery.fec.gov/cgi-bin/fecimg/?202602199834792411","","WOOD, VENESSA","7530 WOODROW ROAD","","WOLFFORTH","TX","79382","2026-01-29","$2,500.00","FIELD CONSULTING","","","","","SB17.1113731",""
"C00927574","ABRAHAM ENRIQUEZ FOR CONGRESS","H6TX19222","ENRIQUEZ, ABRAHAM","2026","H","TX","19","17","http://docquery.fec.gov/cgi-bin/fecimg/?202602199834792382","","ACTIVE ENGAGEMENT","113 EAST MARKET STREET","SUITE 300","LEESBURG","VA","20176","2026-02-02","$8.50","FUNDRAISING FEES","","","","","SB17.1114908",""
"C00927574","ABRAHAM ENRIQUEZ FOR CONGRESS","H6TX19222","ENRIQUEZ, ABRAHAM","2026","H","TX","19","17","http://docquery.fec.gov/cgi-bin/fecimg/?202602199834792381","","ACTIVE ENGAGEMENT","113 EAST MARKET STREET","SUITE 300","LEESBURG","VA","20176","2026-01-22","$20.18","FUNDRAISING FEES","","","","","SB17.1112582",""
"C00927574","ABRAHAM ENRIQUEZ FOR CONGRESS","H6TX19222","ENRIQUEZ, ABRAHAM","2026","H","TX","19","17","http://docquery.fec.gov/cgi-bin/fecimg/?202602199834792381","","ACTIVE ENGAGEMENT","113 EAST MARKET STREET","SUITE 300","LEESBURG","VA","20176","2026-01-28","$104.58","FUNDRAISING FEES","","","","","SB17.1113877",""
"C00927574","ABRAHAM ENRIQUEZ FOR CONGRESS","H6TX19222","ENRIQUEZ, ABRAHAM","2026","H","TX","19","17","http://docquery.fec.gov/cgi-bin/fecimg/?202602199834792381","","ACTIVE ENGAGEMENT","113 EAST MARKET STREET","SUITE 300","LEESBURG","VA","20176","2026-01-29","$.88","FUNDRAISING FEES","","","","","SB17.1114171",""
"C00927574","ABRAHAM ENRIQUEZ FOR CONGRESS","H6TX19222","ENRIQUEZ, ABRAHAM","2026","H","TX","19","17","http://docquery.fec.gov/cgi-bin/fecimg/?202602199834792382","","CHAIN BRIDGE BANK","1445-A LAUGHLIN AVE","","MCLEAN","VA","22101","2026-01-22","$75.00","BANK FEE","","","","","SB17.1113009",""
"C00927574","ABRAHAM ENRIQUEZ FOR CONGRESS","H6TX19222","ENRIQUEZ, ABRAHAM","2026","H","TX","19","17","http://docquery.fec.gov/cgi-bin/fecimg/?202602199834792382","","FRONTLINE STRATEGIES LLC","4 HOLLY LN","","MOHNTON","PA","19540","2026-01-02","$727.87","FUNDRAISING FEES","","","","","SB17.1107555",""
"C00927574","ABRAHAM ENRIQUEZ FOR CONGRESS","H6TX19222","ENRIQUEZ, ABRAHAM","2026","H","TX","19","17","http://docquery.fec.gov/cgi-bin/fecimg/?202602199834792391","","FRONTLINE STRATEGIES LLC","4 HOLLY LN","","MOHNTON","PA","19540","2026-02-09","$568.66","FUNDRAISING FEES","","","","","SB17.1116957",""
"C00927574","ABRAHAM ENRIQUEZ FOR CONGRESS","H6TX19222","ENRIQUEZ, ABRAHAM","2026","H","TX","19","17","http://docquery.fec.gov/cgi-bin/fecimg/?202602199834792390","","FRONTLINE STRATEGIES LLC","4 HOLLY LN","","MOHNTON","PA","19540","2026-02-04","$186.63","FUNDRAISING FEES","","","","","SB17.1115934",""
"C00927574","ABRAHAM ENRIQUEZ FOR CONGRESS","H6TX19222","ENRIQUEZ, ABRAHAM","2026","H","TX","19","17","http://docquery.fec.gov/cgi-bin/fecimg/?202602199834792390","","FRONTLINE STRATEGIES LLC","4 HOLLY LN","","MOHNTON","PA","19540","2026-02-05","$372.98","FUNDRAISING FEES","","","","","SB17.1116279",""
"C00927574","ABRAHAM ENRIQUEZ FOR CONGRESS","H6TX19222","ENRIQUEZ, ABRAHAM","2026","H","TX","19","17","http://docquery.fec.gov/cgi-bin/fecimg/?202602199834792390","","FRONTLINE STRATEGIES LLC","4 HOLLY LN","","MOHNTON","PA","19540","2026-02-06","$532.10","FUNDRAISING FEES","","","","","SB17.1116591",""
"C00927574","ABRAHAM ENRIQUEZ FOR CONGRESS","H6TX19222","ENRIQUEZ, ABRAHAM","2026","H","TX","19","17","http://docquery.fec.gov/cgi-bin/fecimg/?202602199834792391","","FRONTLINE STRATEGIES LLC","4 HOLLY LN","","MOHNTON","PA","19540","2026-02-10","$266.62","FUNDRAISING FEES","","","","","SB17.1117469",""
"C00927574","ABRAHAM ENRIQUEZ FOR CONGRESS","H6TX19222","ENRIQUEZ, ABRAHAM","2026","H","TX","19","17","http://docquery.fec.gov/cgi-bin/fecimg/?202602199834792391","","FRONTLINE STRATEGIES LLC","4 HOLLY LN","","MOHNTON","PA","19540","2026-02-11","$467.11","FUNDRAISING FEES","","","","","SB17.1117865",""
"C00927574","ABRAHAM ENRIQUEZ FOR CONGRESS","H6TX19222","ENRIQUEZ, ABRAHAM","2026","H","TX","19","17","http://docquery.fec.gov/cgi-bin/fecimg/?202602199834792392","","FUSED GRAPHICS GROUP","535 32ND ST.","","LUBBOCK","TX","79404","2026-01-09","$573.63","COLLATERAL: SIGN","","","","","SB17.1109408",""
"C00927574","ABRAHAM ENRIQUEZ FOR CONGRESS","H6TX19222","ENRIQUEZ, ABRAHAM","2026","H","TX","19","17","http://docquery.fec.gov/cgi-bin/fecimg/?202602199834792392","","FUSED GRAPHICS GROUP","535 32ND ST.","","LUBBOCK","TX","79404","2026-01-14","$22,994.47","COLLATERAL: SIGN","","","","","SB17.1110707",""
"C00927574","ABRAHAM ENRIQUEZ FOR CONGRESS","H6TX19222","ENRIQUEZ, ABRAHAM","2026","H","TX","19","17","http://docquery.fec.gov/cgi-bin/fecimg/?202602199834792392","","HASSE, SHANDA","3207 56TH ST","","LUBBOCK","TX","79413","2026-01-07","$2,750.00","IN-KIND: MARKETING SERVICES","","","","","SB17.1118863",""
"C00927574","ABRAHAM ENRIQUEZ FOR CONGRESS","H6TX19222","ENRIQUEZ, ABRAHAM","2026","H","TX","19","17","http://docquery.fec.gov/cgi-bin/fecimg/?202602199834792393","","HASSE, NATHAN","3207 56TH ST","","LUBBOCK","TX","79413","2026-01-07","$2,750.00","IN-KIND: MARKETING SERVICES","","","","","SB17.1118864",""
"C00927574","ABRAHAM ENRIQUEZ FOR CONGRESS","H6TX19222","ENRIQUEZ, ABRAHAM","2026","H","TX","19","17","http://docquery.fec.gov/cgi-bin/fecimg/?202602199834792404","","WINRED TECHNICAL SERVICES LLC","1776 WILSON BLVD","SUITE 530","ARLINGTON","VA","22219","2026-01-14","$208.66","MERCHANT FEES","","","","","SB17.1110814",""
"C00927574","ABRAHAM ENRIQUEZ FOR CONGRESS","H6TX19222","ENRIQUEZ, ABRAHAM","2026","H","TX","19","17","http://docquery.fec.gov/cgi-bin/fecimg/?202602199834792399","","SNEAD STRATEGIES","PO BOX 1468","","LUBBOCK","TX","79408","2026-01-22","$5,000.00","MEDIA CONSULTING","","","","","SB17.1111129",""
"C00927574","ABRAHAM ENRIQUEZ FOR CONGRESS","H6TX19222","ENRIQUEZ, ABRAHAM","2026","H","TX","19","17","http://docquery.fec.gov/cgi-bin/fecimg/?202602199834792383","","FRONTLINE STRATEGIES LLC","4 HOLLY LN","","MOHNTON","PA","19540","2026-01-05","$1,990.24","FUNDRAISING FEES","","","","","SB17.1107960",""
"C00927574","ABRAHAM ENRIQUEZ FOR CONGRESS","H6TX19222","ENRIQUEZ, ABRAHAM","2026","H","TX","19","17","http://docquery.fec.gov/cgi-bin/fecimg/?202602199834792383","","FRONTLINE STRATEGIES LLC","4 HOLLY LN","","MOHNTON","PA","19540","2026-01-06","$2,369.57","FUNDRAISING FEES","","","","","SB17.1108515",""
"C00927574","ABRAHAM ENRIQUEZ FOR CONGRESS","H6TX19222","ENRIQUEZ, ABRAHAM","2026","H","TX","19","17","http://docquery.fec.gov/cgi-bin/fecimg/?202602199834792403","","WINRED TECHNICAL SERVICES LLC","1776 WILSON BLVD","SUITE 530","ARLINGTON","VA","22219","2026-01-08","$44.85","MERCHANT FEES","","","","","SB17.1109129",""
"C00927574","ABRAHAM ENRIQUEZ FOR CONGRESS","H6TX19222","ENRIQUEZ, ABRAHAM","2026","H","TX","19","17","http://docquery.fec.gov/cgi-bin/fecimg/?202602199834792403","","WINRED TECHNICAL SERVICES LLC","1776 WILSON BLVD","SUITE 530","ARLINGTON","VA","22219","2026-01-09","$306.06","MERCHANT FEES","","","","","SB17.1109432",""
"C00927574","ABRAHAM ENRIQUEZ FOR CONGRESS","H6TX19222","ENRIQUEZ, ABRAHAM","2026","H","TX","19","17","http://docquery.fec.gov/cgi-bin/fecimg/?202602199834792402","","WINRED TECHNICAL SERVICES LLC","1776 WILSON BLVD","SUITE 530","ARLINGTON","VA","22219","2026-01-02","$233.01","MERCHANT FEES","","","","","SB17.1107554",""
"C00927574","ABRAHAM ENRIQUEZ FOR CONGRESS","H6TX19222","ENRIQUEZ, ABRAHAM","2026","H","TX","19","17","http://docquery.fec.gov/cgi-bin/fecimg/?202602199834792402","","WINRED TECHNICAL SERVICES LLC","1776 WILSON BLVD","SUITE 530","ARLINGTON","VA","22219","2026-01-05","$292.47","MERCHANT FEES","","","","","SB17.1107959",""
"C00927574","ABRAHAM ENRIQUEZ FOR CONGRESS","H6TX19222","ENRIQUEZ, ABRAHAM","2026","H","TX","19","17","http://docquery.fec.gov/cgi-bin/fecimg/?202602199834792402","","WINRED TECHNICAL SERVICES LLC","1776 WILSON BLVD","SUITE 530","ARLINGTON","VA","22219","2026-01-06","$150.98","MERCHANT FEES","","","","","SB17.1108512",""
"C00927574","ABRAHAM ENRIQUEZ FOR CONGRESS","H6TX19222","ENRIQUEZ, ABRAHAM","2026","H","TX","19","17","http://docquery.fec.gov/cgi-bin/fecimg/?202602199834792403","","WINRED TECHNICAL SERVICES LLC","1776 WILSON BLVD","SUITE 530","ARLINGTON","VA","22219","2026-01-07","$206.42","MERCHANT FEES","","","","","SB17.1108909",""
"C00927574","ABRAHAM ENRIQUEZ FOR CONGRESS","H6TX19222","ENRIQUEZ, ABRAHAM","2026","H","TX","19","17","http://docquery.fec.gov/cgi-bin/fecimg/?202602199834792401","","WHITE WINGS EVENT VENUE","3017 S HWY 208","","SNYDER","TX","79549","2026-02-06","$300.00","EVENT EXPENSE: FACILITY","","","","","SB17.1116739",""
"C00927574","ABRAHAM ENRIQUEZ FOR CONGRESS","H6TX19222","ENRIQUEZ, ABRAHAM","2026","H","TX","19","17","http://docquery.fec.gov/cgi-bin/fecimg/?202602199834792398","","RODRIGUEZ, SAULO","9039 BROADMOOR BND","","SAN ANTONIO","TX","78251","2026-01-06","$5,000.00","PLACED MEDIA","","","","","SB17.1111730",""
"C00900514","RABLE FOR WEST TEXAS","H6TX19198","RABLE, KYLE","2026","H","TX","19","17","http://docquery.fec.gov/cgi-bin/fecimg/?202507159762949305","","FED EX OFFICE","5000 W PARK BLVD","","PLANO","TX","75093","2025-04-24","$128.81","PRINTING","","","006","Campaign Materials","SB17.4348",""
"C00900514","RABLE FOR WEST TEXAS","H6TX19198","RABLE, KYLE","2026","H","TX","19","17","http://docquery.fec.gov/cgi-bin/fecimg/?202507159762949305","","FED EX OFFICE","5000 W PARK BLVD","","PLANO","TX","75093","2025-04-28","$44.38","PRINTING","","","006","Campaign Materials","SB17.4349",""
"C00900514","RABLE FOR WEST TEXAS","H6TX19198","RABLE, KYLE","2026","H","TX","19","17","http://docquery.fec.gov/cgi-bin/fecimg/?202507159762949305","","FED EX OFFICE","5000 W PARK BLVD","","PLANO","TX","75093","2025-05-09","$76.86","PRINTING","","","006","Campaign Materials","SB17.4353",""
"C00929067","CORLEY FOR TEXAS","H6TX19255","CORLEY, JASON","2026","H","TX","19","17","http://docquery.fec.gov/cgi-bin/fecimg/?202602199834758203","","ANEDOT","340 POYDRAS STREET, SUITE 1770","","NEW ORLEANS","LA","70112","2026-01-08","$4.30","CREDIT CARD FEES","","","001","Administrative/Salary/Overhead Expenses ","B48DBF32EEF0247C6BD8",""
"C00929067","CORLEY FOR TEXAS","H6TX19255","CORLEY, JASON","2026","H","TX","19","17","http://docquery.fec.gov/cgi-bin/fecimg/?202602199834758203","","ANEDOT","340 POYDRAS STREET, SUITE 1770","","NEW ORLEANS","LA","70112","2026-01-12","$4.30","CREDIT CARD FEES","","","001","Administrative/Salary/Overhead Expenses ","B94AA9B74933140738FE",""
"C00929067","CORLEY FOR TEXAS","H6TX19255","CORLEY, JASON","2026","H","TX","19","17","http://docquery.fec.gov/cgi-bin/fecimg/?202602199834758203","","ANEDOT","340 POYDRAS STREET, SUITE 1770","","NEW ORLEANS","LA","70112","2026-01-14","$10.30","CREDIT CARD FEES","","","001","Administrative/Salary/Overhead Expenses ","B1AC13658478A4FD2874",""
"C00929604","FAT MATT SMITH FOR CONGRESS","H6TX19263","SMITH, MATTHEW","2026","H","TX","19","17","http://docquery.fec.gov/cgi-bin/fecimg/?202602199834816023","","AXIOM","800 W 47TH ST STE 200","","KANSAS CITY","MO","64112","2026-02-06","$21,572.00","VOTER CONTACT - DIRECT MAIL","","","","","100001",""
"C00929604","FAT MATT SMITH FOR CONGRESS","H6TX19263","SMITH, MATTHEW","2026","H","TX","19","17","http://docquery.fec.gov/cgi-bin/fecimg/?202602199834816023","","AXIOM","800 W 47TH ST STE 200","","KANSAS CITY","MO","64112","2026-02-06","$21,572.00","VOTER CONTACT - DIRECT MAIL","","","","","100002",""
"C00929604","FAT MATT SMITH FOR CONGRESS","H6TX19263","SMITH, MATTHEW","2026","H","TX","19","17","http://docquery.fec.gov/cgi-bin/fecimg/?202602199834816023","","AXIOM","800 W 47TH ST STE 200","","KANSAS CITY","MO","64112","2026-02-06","$21,572.00","VOTER CONTACT - DIRECT MAIL","","","","","100003",""
"C00929604","FAT MATT SMITH FOR CONGRESS","H6TX19263","SMITH, MATTHEW","2026","H","TX","19","17","http://docquery.fec.gov/cgi-bin/fecimg/?202602199834816024","","AXMEDIA","800 W 47TH ST STE 200","","KANSAS CITY","MO","64112","2026-01-08","$69,000.00","MEDIA","","","","","100004",""
"C00929604","FAT MATT SMITH FOR CONGRESS","H6TX19263","SMITH, MATTHEW","2026","H","TX","19","17","http://docquery.fec.gov/cgi-bin/fecimg/?202602199834816024","","AXMEDIA","800 W 47TH ST STE 200","","KANSAS CITY","MO","64112","2026-02-06","$25,000.00","MEDIA","","","","","100005",""
"C00929604","FAT MATT SMITH FOR CONGRESS","H6TX19263","SMITH, MATTHEW","2026","H","TX","19","17","http://docquery.fec.gov/cgi-bin/fecimg/?202602199834816024","","CHAIN BRIDGE BANK","1445A LAUGHLIN AVE","","MCLEAN","VA","22101","2026-01-08","$25.00","BANK FEE","","","","","100006",""
"C00929067","CORLEY FOR TEXAS","H6TX19255","CORLEY, JASON","2026","H","TX","19","17","http://docquery.fec.gov/cgi-bin/fecimg/?202602199834758204","","ANEDOT","340 POYDRAS STREET, SUITE 1770","","NEW ORLEANS","LA","70112","2026-01-14","$40.30","CREDIT CARD FEES","","","001","Administrative/Salary/Overhead Expenses ","B875DE3AD35F04723A9F",""
"C00929067","CORLEY FOR TEXAS","H6TX19255","CORLEY, JASON","2026","H","TX","19","17","http://docquery.fec.gov/cgi-bin/fecimg/?202602199834758204","","ANEDOT","340 POYDRAS STREET, SUITE 1770","","NEW ORLEANS","LA","70112","2026-01-16","$20.30","CREDIT CARD FEES","","","001","Administrative/Salary/Overhead Expenses ","BAF2289816CD14CCD981",""
"C00929067","CORLEY FOR TEXAS","H6TX19255","CORLEY, JASON","2026","H","TX","19","17","http://docquery.fec.gov/cgi-bin/fecimg/?202602199834758204","","ANEDOT","340 POYDRAS STREET, SUITE 1770","","NEW ORLEANS","LA","70112","2026-01-21","$8.60","CREDIT CARD FEES","","","001","Administrative/Salary/Overhead Expenses ","B88651D849D4E4FBCAFE",""
"C00929067","CORLEY FOR TEXAS","H6TX19255","CORLEY, JASON","2026","H","TX","19","17","http://docquery.fec.gov/cgi-bin/fecimg/?202602199834758205","","ANEDOT","340 POYDRAS STREET, SUITE 1770","","NEW ORLEANS","LA","70112","2026-01-21","$.70","CREDIT CARD FEES","","","001","Administrative/Salary/Overhead Expenses ","B0428CB64EAEC40C8B9B",""
"C00929067","CORLEY FOR TEXAS","H6TX19255","CORLEY, JASON","2026","H","TX","19","17","http://docquery.fec.gov/cgi-bin/fecimg/?202602199834758205","","ANEDOT","340 POYDRAS STREET, SUITE 1770","","NEW ORLEANS","LA","70112","2026-01-21","$6.60","CREDIT CARD FEES","","","001","Administrative/Salary/Overhead Expenses ","BD4BF821EFDE7416B919",""
"C00929067","CORLEY FOR TEXAS","H6TX19255","CORLEY, JASON","2026","H","TX","19","17","http://docquery.fec.gov/cgi-bin/fecimg/?202602199834758205","","ANEDOT","340 POYDRAS STREET, SUITE 1770","","NEW ORLEANS","LA","70112","2026-01-26","$10.30","CREDIT CARD FEES","","","001","Administrative/Salary/Overhead Expenses ","B843CEC9D364541D0944",""
"C00929067","CORLEY FOR TEXAS","H6TX19255","CORLEY, JASON","2026","H","TX","19","17","http://docquery.fec.gov/cgi-bin/fecimg/?202602199834758206","","ANEDOT","340 POYDRAS STREET, SUITE 1770","","NEW ORLEANS","LA","70112","2026-02-03","$3.60","CREDIT CARD FEES","","","001","Administrative/Salary/Overhead Expenses ","B5BDE200642904561B34",""
"C00929067","CORLEY FOR TEXAS","H6TX19255","CORLEY, JASON","2026","H","TX","19","17","http://docquery.fec.gov/cgi-bin/fecimg/?202602199834758206","","ANEDOT","340 POYDRAS STREET, SUITE 1770","","NEW ORLEANS","LA","70112","2026-02-09","$10.30","CREDIT CARD FEES","","","001","Administrative/Salary/Overhead Expenses ","BEB597494300349B8AF9",""
"C00929067","CORLEY FOR TEXAS","H6TX19255","CORLEY, JASON","2026","H","TX","19","17","http://docquery.fec.gov/cgi-bin/fecimg/?202602199834758206","","ANEDOT","340 POYDRAS STREET, SUITE 1770","","NEW ORLEANS","LA","70112","2026-02-10","$4.30","CREDIT CARD FEES","","","001","Administrative/Salary/Overhead Expenses ","B8663FAF7DA494CCCBB3",""
"C00929067","CORLEY FOR TEXAS","H6TX19255","CORLEY, JASON","2026","H","TX","19","17","http://docquery.fec.gov/cgi-bin/fecimg/?202602199834758207","","ANEDOT","340 POYDRAS STREET, SUITE 1770","","NEW ORLEANS","LA","70112","2026-02-11","$10.30","CREDIT CARD FEES","","","001","Administrative/Salary/Overhead Expenses ","B8D016E33CBA34E96852",""
"C00929067","CORLEY FOR TEXAS","H6TX19255","CORLEY, JASON","2026","H","TX","19","17","http://docquery.fec.gov/cgi-bin/fecimg/?202602199834758212","","AMAZON MARKETPLACE","410 TERRY AVE N","","SEATTLE","WA","981095210","2026-02-03","$58.30","OFFICE SUPPLIES","X","","001","Administrative/Salary/Overhead Expenses ","B7A1577BD740245A99E2","B07329C89407640F1999"
"C00929067","CORLEY FOR TEXAS","H6TX19255","CORLEY, JASON","2026","H","TX","19","17","http://docquery.fec.gov/cgi-bin/fecimg/?202602199834758213","","ARISTOTLE","205 PENNSYLVANIA AVE SE","","WASHINGTON","DC","200031164","2026-02-03","$852.80","DATABASE MANAGEMENT","X","","001","Administrative/Salary/Overhead Expenses ","B3907ABBAE31B41BF99B","B07329C89407640F1999"
"C00929067","CORLEY FOR TEXAS","H6TX19255","CORLEY, JASON","2026","H","TX","19","17","http://docquery.fec.gov/cgi-bin/fecimg/?202602199834758213","","USPS US POSTAL SERVICE","4901 S LOOP 289","","LUBBOCK","TX","794646900","2026-02-03","$234.00","POSTAGE","X","","001","Administrative/Salary/Overhead Expenses ","B75EAF48D19E647E6936","B07329C89407640F1999"
"C00929067","CORLEY FOR TEXAS","H6TX19255","CORLEY, JASON","2026","H","TX","19","17","http://docquery.fec.gov/cgi-bin/fecimg/?202602199834758213","","SAM'S CLUB","6016 MARSHA SHARP FWY","","LUBBOCK","TX","794073726","2026-02-03","$105.33","OFFICE SUPPLIES","X","","001","Administrative/Salary/Overhead Expenses ","BCFE852AF98584CA1B13","B07329C89407640F1999"
"C00929067","CORLEY FOR TEXAS","H6TX19255","CORLEY, JASON","2026","H","TX","19","17","http://docquery.fec.gov/cgi-bin/fecimg/?202602199834758214","","READY ACCESS SERVICES LLC DBA FILE RIGHT","3718 BRIDLE TRAILS CT","","COLLEGE STATION","TX","778454497","2026-01-02","$1,250.00","CONSULTANT-COMPLIANCE","","","001","Administrative/Salary/Overhead Expenses ","B5A07DA75EAC34219940",""
"C00929067","CORLEY FOR TEXAS","H6TX19255","CORLEY, JASON","2026","H","TX","19","17","http://docquery.fec.gov/cgi-bin/fecimg/?202602199834758214","","READY ACCESS SERVICES LLC DBA FILE RIGHT","3718 BRIDLE TRAILS CT","","COLLEGE STATION","TX","778454497","2026-01-30","$2,500.00","CONSULTANT-COMPLIANCE","","","001","Administrative/Salary/Overhead Expenses ","B66B6B720EBF74E34AA7",""
"C00929067","CORLEY FOR TEXAS","H6TX19255","CORLEY, JASON","2026","H","TX","19","17","http://docquery.fec.gov/cgi-bin/fecimg/?202602199834758214","","SHIPMAN, BLAYNE","5222 85TH ST","","LUBBOCK","TX","794243408","2026-01-05","$600.00","CONSULTSANT - MANAGEMENT","","","001","Administrative/Salary/Overhead Expenses ","BC5A7B41D93124CD0A14",""
"C00929067","CORLEY FOR TEXAS","H6TX19255","CORLEY, JASON","2026","H","TX","19","17","http://docquery.fec.gov/cgi-bin/fecimg/?202602199834758215","","SHIPMAN, BLAYNE","5222 85TH ST","","LUBBOCK","TX","794243408","2026-01-12","$600.00","CONSULTSANT - MANAGEMENT","","","001","Administrative/Salary/Overhead Expenses ","BC79A686576C94354960",""
"C00929067","CORLEY FOR TEXAS","H6TX19255","CORLEY, JASON","2026","H","TX","19","17","http://docquery.fec.gov/cgi-bin/fecimg/?202602199834758215","","SHIPMAN, BLAYNE","5222 85TH ST","","LUBBOCK","TX","794243408","2026-01-20","$600.00","CONSULTSANT - MANAGEMENT","","","001","Administrative/Salary/Overhead Expenses ","BE903F8F8D6B04320828",""
"C00929067","CORLEY FOR TEXAS","H6TX19255","CORLEY, JASON","2026","H","TX","19","17","http://docquery.fec.gov/cgi-bin/fecimg/?202602199834758215","","SHIPMAN, BLAYNE","5222 85TH ST","","LUBBOCK","TX","794243408","2026-01-30","$600.00","CONSULTSANT - MANAGEMENT","","","001","Administrative/Salary/Overhead Expenses ","B5DB6B770F61D4542BC2",""
"C00929067","CORLEY FOR TEXAS","H6TX19255","CORLEY, JASON","2026","H","TX","19","17","http://docquery.fec.gov/cgi-bin/fecimg/?202602199834758216","","SHIPMAN, BLAYNE","5222 85TH ST","","LUBBOCK","TX","794243408","2026-02-09","$600.00","CONSULTSANT - MANAGEMENT","","","001","Administrative/Salary/Overhead Expenses ","BB67F6AE4A93E4440A96",""
"C00929604","FAT MATT SMITH FOR CONGRESS","H6TX19263","SMITH, MATTHEW","2026","H","TX","19","17","http://docquery.fec.gov/cgi-bin/fecimg/?202602199834816026","","INTUIT","2700 COAST AVE","","MOUNTAIN VIEW","CA","94043","2026-01-16","$57.50","SOFTWARE SUBSCRIPTION","","","","","100010",""
"C00929604","FAT MATT SMITH FOR CONGRESS","H6TX19263","SMITH, MATTHEW","2026","H","TX","19","17","http://docquery.fec.gov/cgi-bin/fecimg/?202602199834816026","","INTUIT","2700 COAST AVE","","MOUNTAIN VIEW","CA","94043","2026-02-04","$17.99","SOFTWARE SUBSCRIPTION","","","","","100011",""
"C00929604","FAT MATT SMITH FOR CONGRESS","H6TX19263","SMITH, MATTHEW","2026","H","TX","19","17","http://docquery.fec.gov/cgi-bin/fecimg/?202602199834816026","","MADISON-MCQUEEN","133 SHELDON ST","","EL SEGUNDO","CA","90245","2026-02-06","$19,607.69","MEDIA TRAVEL","","","","","100012",""
"C00929604","FAT MATT SMITH FOR CONGRESS","H6TX19263","SMITH, MATTHEW","2026","H","TX","19","17","http://docquery.fec.gov/cgi-bin/fecimg/?202602199834816027","","REMINGTON RESEARCH GROUP","800 W 47TH ST STE 200","","KANSAS CITY","MO","64112","2026-02-06","$7,500.00","POLLING","","","","","100013",""
"C00929604","FAT MATT SMITH FOR CONGRESS","H6TX19263","SMITH, MATTHEW","2026","H","TX","19","17","http://docquery.fec.gov/cgi-bin/fecimg/?202602199834816027","","REMINGTON RESEARCH GROUP","800 W 47TH ST STE 200","","KANSAS CITY","MO","64112","2026-02-06","$3,285.80","TEXTING SERVICES","","","","","100014",""
"C00929604","FAT MATT SMITH FOR CONGRESS","H6TX19263","SMITH, MATTHEW","2026","H","TX","19","17","http://docquery.fec.gov/cgi-bin/fecimg/?202602199834816025","","CHALLENGER","PO BOX 1184","","EDWARDS","CO","81632","2026-01-08","$6,000.00","POLLING","","","","","100008",""
"C00929604","FAT MATT SMITH FOR CONGRESS","H6TX19263","SMITH, MATTHEW","2026","H","TX","19","17","http://docquery.fec.gov/cgi-bin/fecimg/?202602199834816025","","FUNDRAISING INC","800 W 47TH ST STE 200","","KANSAS CITY","MO","64112","2026-02-06","$2,500.00","FINANCE CONSULTING","","","","","100009",""
"C00929067","CORLEY FOR TEXAS","H6TX19255","CORLEY, JASON","2026","H","TX","19","17","http://docquery.fec.gov/cgi-bin/fecimg/?202602199834758207","","BYRN, CHARLES","1111 KEELER AVE","","DALHART","TX","790224307","2026-01-19","$750.00","CONSULTANT-COMMUNICATIONS","","","001","Administrative/Salary/Overhead Expenses ","BCFA746FAA55E41088E5",""
"C00929067","CORLEY FOR TEXAS","H6TX19255","CORLEY, JASON","2026","H","TX","19","17","http://docquery.fec.gov/cgi-bin/fecimg/?202602199834758207","","CAMPAIGN MARKETING STRATEGIES","1350 BEVERLY RD","STE 115","MC LEAN","VA","221013917","2026-01-05","$4,428.00","CONSULTANT-COMMUNICATION","","","001","Administrative/Salary/Overhead Expenses ","BEB6AEA97C7984499ADF",""
"C00929067","CORLEY FOR TEXAS","H6TX19255","CORLEY, JASON","2026","H","TX","19","17","http://docquery.fec.gov/cgi-bin/fecimg/?202602199834758208","","CAMPAIGN MARKETING STRATEGIES","1350 BEVERLY RD","STE 115","MC LEAN","VA","221013917","2026-01-30","$2,000.00","CONSULTANT-COMMUNICATION","","","001","Administrative/Salary/Overhead Expenses ","B2894CBBBEB694A1BB0D",""
"C00929067","CORLEY FOR TEXAS","H6TX19255","CORLEY, JASON","2026","H","TX","19","17","http://docquery.fec.gov/cgi-bin/fecimg/?202602199834758208","","CAPITAL ONE","PO BOX 71087","","CHARLOTTE","NC","282721087","2026-02-03","$7,775.85","CREDIT CARD: SEE DETAILS","","","001","Administrative/Salary/Overhead Expenses ","B07329C89407640F1999",""
"C00929067","CORLEY FOR TEXAS","H6TX19255","CORLEY, JASON","2026","H","TX","19","17","http://docquery.fec.gov/cgi-bin/fecimg/?202602199834758208","","ECANVASSER.COM","2211 N 1ST ST","","SAN JOSE","CA","951312021","2026-02-03","$815.31","CANVASSING SOFTWARE","X","","001","Administrative/Salary/Overhead Expenses ","B9225EE7F9E274AD7B08","B07329C89407640F1999"
"C00929067","CORLEY FOR TEXAS","H6TX19255","CORLEY, JASON","2026","H","TX","19","17","http://docquery.fec.gov/cgi-bin/fecimg/?202602199834758209","","SAM'S CLUB","6016 MARSHA SHARP FWY","","LUBBOCK","TX","794073726","2026-02-03","$80.54","OFFICE SUPPLIES","X","","001","Administrative/Salary/Overhead Expenses ","BCBF1155A2E4349728C4","B07329C89407640F1999"
"C00929067","CORLEY FOR TEXAS","H6TX19255","CORLEY, JASON","2026","H","TX","19","17","http://docquery.fec.gov/cgi-bin/fecimg/?202602199834758209","","AMAZON MARKETPLACE","410 TERRY AVE N","","SEATTLE","WA","981095210","2026-02-03","$173.09","OFFICE SUPPLIES","X","","001","Administrative/Salary/Overhead Expenses ","B394F4D6E4EFB4166966","B07329C89407640F1999"
"C00929067","CORLEY FOR TEXAS","H6TX19255","CORLEY, JASON","2026","H","TX","19","17","http://docquery.fec.gov/cgi-bin/fecimg/?202602199834758209","","USPS US POSTAL SERVICE","4901 S LOOP 289","","LUBBOCK","TX","794646900","2026-02-03","$780.00","POSTAGE","X","","001","Administrative/Salary/Overhead Expenses ","BA06617A7792145E9A0F","B07329C89407640F1999"
"C00929067","CORLEY FOR TEXAS","H6TX19255","CORLEY, JASON","2026","H","TX","19","17","http://docquery.fec.gov/cgi-bin/fecimg/?202602199834758210","","USPS US POSTAL SERVICE","4901 S LOOP 289","","LUBBOCK","TX","794646900","2026-02-03","$1,560.00","POSTAGE","X","","001","Administrative/Salary/Overhead Expenses ","B3A350C4366414291ADB","B07329C89407640F1999"
"C00929067","CORLEY FOR TEXAS","H6TX19255","CORLEY, JASON","2026","H","TX","19","17","http://docquery.fec.gov/cgi-bin/fecimg/?202602199834758210","","SAM'S CLUB","6016 MARSHA SHARP FWY","","LUBBOCK","TX","794073726","2026-02-03","$81.79","OFFICE SUPPLIES","X","","001","Administrative/Salary/Overhead Expenses ","B1AB98230073B413CB06","B07329C89407640F1999"
"C00929067","CORLEY FOR TEXAS","H6TX19255","CORLEY, JASON","2026","H","TX","19","17","http://docquery.fec.gov/cgi-bin/fecimg/?202602199834758210","","USPS US POSTAL SERVICE","4901 S LOOP 289","","LUBBOCK","TX","794646900","2026-02-03","$780.00","POSTAGE","X","","001","Administrative/Salary/Overhead Expenses ","BEDDA8C4C67554BECBD2","B07329C89407640F1999"
"C00929067","CORLEY FOR TEXAS","H6TX19255","CORLEY, JASON","2026","H","TX","19","17","http://docquery.fec.gov/cgi-bin/fecimg/?202602199834758211","","UPS STORE","6923 INDIANA AVE","","LUBBOCK","TX","794136111","2026-02-03","$211.10","POSTAGE","X","","001","Administrative/Salary/Overhead Expenses ","B6D8294ADD3A147D896D","B07329C89407640F1999"
"C00929067","CORLEY FOR TEXAS","H6TX19255","CORLEY, JASON","2026","H","TX","19","17","http://docquery.fec.gov/cgi-bin/fecimg/?202602199834758211","","USPS US POSTAL SERVICE","4901 S LOOP 289","","LUBBOCK","TX","794646900","2026-02-03","$468.00","POSTAGE","X","","001","Administrative/Salary/Overhead Expenses ","BEA505DBBB8AA4AFFB69","B07329C89407640F1999"
"C00929067","CORLEY FOR TEXAS","H6TX19255","CORLEY, JASON","2026","H","TX","19","17","http://docquery.fec.gov/cgi-bin/fecimg/?202602199834758211","","USPS US POSTAL SERVICE","4901 S LOOP 289","","LUBBOCK","TX","794646900","2026-02-03","$780.00","POSTAGE","X","","001","Administrative/Salary/Overhead Expenses ","B034F534FF9364F85B36","B07329C89407640F1999"
"C00929067","CORLEY FOR TEXAS","H6TX19255","CORLEY, JASON","2026","H","TX","19","17","http://docquery.fec.gov/cgi-bin/fecimg/?202602199834758212","","SAM'S CLUB","6016 MARSHA SHARP FWY","","LUBBOCK","TX","794073726","2026-02-03","$220.94","OFFICE SUPPLIES","X","","001","Administrative/Salary/Overhead Expenses ","B68D4C93F0EA54BC4A0A","B07329C89407640F1999"
"C00929067","CORLEY FOR TEXAS","H6TX19255","CORLEY, JASON","2026","H","TX","19","17","http://docquery.fec.gov/cgi-bin/fecimg/?202602199834758212","","UPS STORE","6923 INDIANA AVE","","LUBBOCK","TX","794136111","2026-02-03","$244.67","POSTAGE","X","","001","Administrative/Salary/Overhead Expenses ","B1619DC4650BF4404880","B07329C89407640F1999"
"C00929604","FAT MATT SMITH FOR CONGRESS","H6TX19263","SMITH, MATTHEW","2026","H","TX","19","17","http://docquery.fec.gov/cgi-bin/fecimg/?202602199834816027","","RIGHTSIDE COMPLIANCE LLC","#129 7415 SW PKWY BLDG 6 STE 500","","AUSTIN","TX","78735","2026-02-06","$4,450.00","COMPLIANCE CONSULTING","","","","","100015",""
"C00929604","FAT MATT SMITH FOR CONGRESS","H6TX19263","SMITH, MATTHEW","2026","H","TX","19","17","http://docquery.fec.gov/cgi-bin/fecimg/?202602199834816028","","THE WHAT'S UP PROGAM","10924 GRANT ROAD #133","","HOUSTON","TX","77070","2026-01-28","$10,000.00","MEDIA","","","","","100016",""
"C00929604","FAT MATT SMITH FOR CONGRESS","H6TX19263","SMITH, MATTHEW","2026","H","TX","19","17","http://docquery.fec.gov/cgi-bin/fecimg/?202602199834816028","","WINRED TECHNICAL SERVICES LLC","4250 FAIRFAX DR SUITE 600","","ARLINGTON","VA","22203","2026-01-02","$3.94","CREDIT CARD MERCHANT FEES","","","","","100017",""
"C00929604","FAT MATT SMITH FOR CONGRESS","H6TX19263","SMITH, MATTHEW","2026","H","TX","19","17","http://docquery.fec.gov/cgi-bin/fecimg/?202602199834816028","","WINRED TECHNICAL SERVICES LLC","4250 FAIRFAX DR SUITE 600","","ARLINGTON","VA","22203","2026-01-21","$4.10","CREDIT CARD MERCHANT FEES","","","","","100018",""
"C00929604","FAT MATT SMITH FOR CONGRESS","H6TX19263","SMITH, MATTHEW","2026","H","TX","19","17","http://docquery.fec.gov/cgi-bin/fecimg/?202602199834816029","","WINRED TECHNICAL SERVICES LLC","4250 FAIRFAX DR SUITE 600","","ARLINGTON","VA","22203","2026-01-22","$41.02","CREDIT CARD MERCHANT FEES","","","","","100019",""
"C00929604","FAT MATT SMITH FOR CONGRESS","H6TX19263","SMITH, MATTHEW","2026","H","TX","19","17","http://docquery.fec.gov/cgi-bin/fecimg/?202602199834816029","","WINRED TECHNICAL SERVICES LLC","4250 FAIRFAX DR SUITE 600","","ARLINGTON","VA","22203","2026-02-03","$8.20","CREDIT CARD MERCHANT FEES","","","","","100020",""
"C00929604","FAT MATT SMITH FOR CONGRESS","H6TX19263","SMITH, MATTHEW","2026","H","TX","19","17","http://docquery.fec.gov/cgi-bin/fecimg/?202602199834816029","","WINRED TECHNICAL SERVICES LLC","4250 FAIRFAX DR SUITE 600","","ARLINGTON","VA","22203","2026-02-04","$.99","CREDIT CARD MERCHANT FEES","","","","","100021",""
"C00929604","FAT MATT SMITH FOR CONGRESS","H6TX19263","SMITH, MATTHEW","2026","H","TX","19","17","http://docquery.fec.gov/cgi-bin/fecimg/?202602199834816030","","WINRED TECHNICAL SERVICES LLC","4250 FAIRFAX DR SUITE 600","","ARLINGTON","VA","22203","2026-02-05","$41.02","CREDIT CARD MERCHANT FEES","","","","","100022",""
"C00929604","FAT MATT SMITH FOR CONGRESS","H6TX19263","SMITH, MATTHEW","2026","H","TX","19","17","http://docquery.fec.gov/cgi-bin/fecimg/?202602199834816030","","WINRED TECHNICAL SERVICES LLC","4250 FAIRFAX DR SUITE 600","","ARLINGTON","VA","22203","2026-02-09","$9.85","CREDIT CARD MERCHANT FEES","","","","","100023",""
"C00929604","FAT MATT SMITH FOR CONGRESS","H6TX19263","SMITH, MATTHEW","2026","H","TX","19","17","http://docquery.fec.gov/cgi-bin/fecimg/?202602199834816030","","WINRED TECHNICAL SERVICES LLC","4250 FAIRFAX DR SUITE 600","","ARLINGTON","VA","22203","2026-02-10","$9.85","CREDIT CARD MERCHANT FEES","","","","","100024",""
"C00929604","FAT MATT SMITH FOR CONGRESS","H6TX19263","SMITH, MATTHEW","2026","H","TX","19","17","http://docquery.fec.gov/cgi-bin/fecimg/?202602199834816031","","WINRED TECHNICAL SERVICES LLC","4250 FAIRFAX DR SUITE 600","","ARLINGTON","VA","22203","2026-02-11","$82.03","CREDIT CARD MERCHANT FEES","","","","","100025",""
"C00929604","FAT MATT SMITH FOR CONGRESS","H6TX19263","SMITH, MATTHEW","2026","H","TX","19","17","http://docquery.fec.gov/cgi-bin/fecimg/?202602199834816031","","WINRED TECHNICAL SERVICES LLC","4250 FAIRFAX DR SUITE 600","","ARLINGTON","VA","22203","2026-02-11","$39.40","CREDIT CARD MERCHANT FEES","","","","","100026",""
"C00929604","FAT MATT SMITH FOR CONGRESS","H6TX19263","SMITH, MATTHEW","2026","H","TX","19","17","http://docquery.fec.gov/cgi-bin/fecimg/?202602199834816025","","CHAIN BRIDGE BANK","1445A LAUGHLIN AVE","","MCLEAN","VA","22101","2026-01-08","$25.00","BANK FEE","","","","","100007",""
"C00900514","RABLE FOR WEST TEXAS","H6TX19198","RABLE, KYLE","2026","H","TX","19","17","http://docquery.fec.gov/cgi-bin/fecimg/?202602259837861327","","COMFORT SUITES","11 WATERS EDGE CIR","","GEORGETOWN","TX","78626","2026-01-05","$435.64","HOTEL FOR VISIT TO UNION OFFICES","","","002","Travel Expenses","SB17.4824",""
"C00900514","RABLE FOR WEST TEXAS","H6TX19198","RABLE, KYLE","2026","H","TX","19","17","http://docquery.fec.gov/cgi-bin/fecimg/?202602259837861327","","COMFORT SUITES","11 WATERS EDGE CIR","","GEORGETOWN","TX","78626","2026-01-27","$45.05","LODGING","","","007","Campaign Event Expenses","SB17.4839",""
"C00900514","RABLE FOR WEST TEXAS","H6TX19198","RABLE, KYLE","2026","H","TX","19","17","http://docquery.fec.gov/cgi-bin/fecimg/?202602259837861327","","GAS STATION","1809 4TH ST","","LUBBOCK","TX","79415","2026-01-02","$50.58","GAS","","","002","Travel Expenses","SB17.4821",""
"C00900514","RABLE FOR WEST TEXAS","H6TX19198","RABLE, KYLE","2026","H","TX","19","17","http://docquery.fec.gov/cgi-bin/fecimg/?202602259837861328","","GAS STATION","1809 4TH ST","","LUBBOCK","TX","79415","2026-01-16","$46.85","GAS","","","002","Travel Expenses","SB17.4828",""
"C00900514","RABLE FOR WEST TEXAS","H6TX19198","RABLE, KYLE","2026","H","TX","19","17","http://docquery.fec.gov/cgi-bin/fecimg/?202602259837861328","","GAS STATION","1809 4TH ST","","LUBBOCK","TX","79415","2026-01-22","$30.03","GAS","","","002","Travel Expenses","SB17.4831",""
"C00900514","RABLE FOR WEST TEXAS","H6TX19198","RABLE, KYLE","2026","H","TX","19","17","http://docquery.fec.gov/cgi-bin/fecimg/?202602259837861328","","GAS STATION","1809 4TH ST","","LUBBOCK","TX","79415","2026-01-26","$26.40","GAS","","","002","Travel Expenses","SB17.4834",""
"C00900514","RABLE FOR WEST TEXAS","H6TX19198","RABLE, KYLE","2026","H","TX","19","17","http://docquery.fec.gov/cgi-bin/fecimg/?202602259837861329","","GAS STATION","1809 4TH ST","","LUBBOCK","TX","79415","2026-01-26","$34.01","GAS","","","002","Travel Expenses","SB17.4835",""
"C00900514","RABLE FOR WEST TEXAS","H6TX19198","RABLE, KYLE","2026","H","TX","19","17","http://docquery.fec.gov/cgi-bin/fecimg/?202602259837861329","","GAS STATION","1809 4TH ST","","LUBBOCK","TX","79415","2026-01-26","$36.88","GAS","","","002","Travel Expenses","SB17.4836",""
"C00900514","RABLE FOR WEST TEXAS","H6TX19198","RABLE, KYLE","2026","H","TX","19","17","http://docquery.fec.gov/cgi-bin/fecimg/?202602259837861329","","GAS STATION","1809 4TH ST","","LUBBOCK","TX","79415","2026-01-27","$36.90","GAS","","","002","Travel Expenses","SB17.4837",""
"C00900514","RABLE FOR WEST TEXAS","H6TX19198","RABLE, KYLE","2026","H","TX","19","17","http://docquery.fec.gov/cgi-bin/fecimg/?202602259837861330","","GAS STATION","1809 4TH ST","","LUBBOCK","TX","79415","2026-01-27","$26.41","GAS","","","002","Travel Expenses","SB17.4838",""
"C00900514","RABLE FOR WEST TEXAS","H6TX19198","RABLE, KYLE","2026","H","TX","19","17","http://docquery.fec.gov/cgi-bin/fecimg/?202602259837861330","","GAS STATION","1809 4TH ST","","LUBBOCK","TX","79415","2026-01-29","$36.65","GAS","","","002","Travel Expenses","SB17.4840",""
"C00900514","RABLE FOR WEST TEXAS","H6TX19198","RABLE, KYLE","2026","H","TX","19","17","http://docquery.fec.gov/cgi-bin/fecimg/?202602259837861330","","GAS STATION","1809 4TH ST","","LUBBOCK","TX","79415","2026-02-09","$34.68","GAS","","","002","Travel Expenses","SB17.4845",""
"C00900514","RABLE FOR WEST TEXAS","H6TX19198","RABLE, KYLE","2026","H","TX","19","17","http://docquery.fec.gov/cgi-bin/fecimg/?202602259837861331","","GAS STATION","1809 4TH ST","","LUBBOCK","TX","79415","2026-02-10","$49.40","GAS","","","002","Travel Expenses","SB17.4846",""
"C00900514","RABLE FOR WEST TEXAS","H6TX19198","RABLE, KYLE","2026","H","TX","19","17","http://docquery.fec.gov/cgi-bin/fecimg/?202602259837861331","","GOOGLE INC.","1600 AMPHITHEATRE PARKWAY","","MOUNTAIN VIEW","CA","94043","2026-01-02","$70.36","ONLINE SUBSCRIPTION","","","001","Administrative/Salary/Overhead Expenses ","SB17.4820",""
"C00900514","RABLE FOR WEST TEXAS","H6TX19198","RABLE, KYLE","2026","H","TX","19","17","http://docquery.fec.gov/cgi-bin/fecimg/?202602259837861331","","GOOGLE INC.","1600 AMPHITHEATRE PARKWAY","","MOUNTAIN VIEW","CA","94043","2026-02-02","$70.36","SOFTWARE SUBSCRIPTION","","","001","Administrative/Salary/Overhead Expenses ","SB17.4844",""
"C00900514","RABLE FOR WEST TEXAS","H6TX19198","RABLE, KYLE","2026","H","TX","19","17","http://docquery.fec.gov/cgi-bin/fecimg/?202602259837861332","","PRINTIFY INC.","108 W 13TH ST","","WILMINGTON","DE","19801","2026-01-15","$29.63","PRINTING","","","006","Campaign Materials","SB17.4827",""
"C00900514","RABLE FOR WEST TEXAS","H6TX19198","RABLE, KYLE","2026","H","TX","19","17","http://docquery.fec.gov/cgi-bin/fecimg/?202602259837861332","","SQUARE SPACE","225 VARICK STREET","","NEW YORK CITY","NY","10014","2026-01-16","$545.55","SOFTWARE","","","001","Administrative/Salary/Overhead Expenses ","SB17.4829",""
"C00900514","RABLE FOR WEST TEXAS","H6TX19198","RABLE, KYLE","2026","H","TX","19","17","http://docquery.fec.gov/cgi-bin/fecimg/?202604149857233357","","BUMPERACTIVE.COM","1045A REINLI ST","","AUSTIN","TX","78723","2026-03-26","$323.51","BUMPER STICKERS","","","006","Campaign Materials","SB17.4988",""
"C00900514","RABLE FOR WEST TEXAS","H6TX19198","RABLE, KYLE","2026","H","TX","19","17","http://docquery.fec.gov/cgi-bin/fecimg/?202604149857233357","","BUMPERACTIVE.COM","1045A REINLI ST","","AUSTIN","TX","78723","2026-03-26","$127.76","BUMPER STICKERS","","","006","Campaign Materials","SB17.4990",""
"C00900514","RABLE FOR WEST TEXAS","H6TX19198","RABLE, KYLE","2026","H","TX","19","17","http://docquery.fec.gov/cgi-bin/fecimg/?202604149857233357","","BUMPERACTIVE.COM","1045A REINLI ST","","AUSTIN","TX","78723","2026-03-27","$204.39","BUMPER STICKERS","","","006","Campaign Materials","SB17.4991",""
"C00900514","RABLE FOR WEST TEXAS","H6TX19198","RABLE, KYLE","2026","H","TX","19","17","http://docquery.fec.gov/cgi-bin/fecimg/?202604149857233358","","FACEBK","1601 WILLOW RD","","MENLO PARK","CA","94025","2026-02-23","$39.00","ADVERTISING","","","004","Advertising Expenses ","SB17.4971",""
"C00900514","RABLE FOR WEST TEXAS","H6TX19198","RABLE, KYLE","2026","H","TX","19","17","http://docquery.fec.gov/cgi-bin/fecimg/?202604149857233358","","FACEBK","1601 WILLOW RD","","MENLO PARK","CA","94025","2026-02-23","$42.00","ADVERTISING","","","004","Advertising Expenses ","SB17.4972",""
"C00900514","RABLE FOR WEST TEXAS","H6TX19198","RABLE, KYLE","2026","H","TX","19","17","http://docquery.fec.gov/cgi-bin/fecimg/?202604149857233358","","FACEBK","1601 WILLOW RD","","MENLO PARK","CA","94025","2026-03-11","$18.30","ADVERTISING","","","004","Advertising Expenses ","SB17.4977",""
"C00900514","RABLE FOR WEST TEXAS","H6TX19198","RABLE, KYLE","2026","H","TX","19","17","http://docquery.fec.gov/cgi-bin/fecimg/?202604149857233359","","FACEBK","1601 WILLOW RD","","MENLO PARK","CA","94025","2026-03-23","$46.00","ADVERTISING","","","004","Advertising Expenses ","SB17.4982",""
"C00900514","RABLE FOR WEST TEXAS","H6TX19198","RABLE, KYLE","2026","H","TX","19","17","http://docquery.fec.gov/cgi-bin/fecimg/?202604149857233359","","FACEBK","1601 WILLOW RD","","MENLO PARK","CA","94025","2026-03-26","$50.00","ADVERTISING","","","004","Advertising Expenses ","SB17.4987",""
"C00900514","RABLE FOR WEST TEXAS","H6TX19198","RABLE, KYLE","2026","H","TX","19","17","http://docquery.fec.gov/cgi-bin/fecimg/?202604149857233359","","FACEBK","1601 WILLOW RD","","MENLO PARK","CA","94025","2026-03-30","$54.00","ADVERTISING","","","004","Advertising Expenses ","SB17.4992",""
"C00900514","RABLE FOR WEST TEXAS","H6TX19198","RABLE, KYLE","2026","H","TX","19","17","http://docquery.fec.gov/cgi-bin/fecimg/?202604149857233360","","GAS STATION","1809 4TH ST","","LUBBOCK","TX","79415","2026-02-19","$18.58","GAS","","","002","Travel Expenses","SB17.4969",""
"C00900514","RABLE FOR WEST TEXAS","H6TX19198","RABLE, KYLE","2026","H","TX","19","17","http://docquery.fec.gov/cgi-bin/fecimg/?202604149857233360","","GAS STATION","1809 4TH ST","","LUBBOCK","TX","79415","2026-02-20","$35.15","GAS","","","002","Travel Expenses","SB17.4970",""
"C00900514","RABLE FOR WEST TEXAS","H6TX19198","RABLE, KYLE","2026","H","TX","19","17","http://docquery.fec.gov/cgi-bin/fecimg/?202604149857233360","","GAS STATION","1809 4TH ST","","LUBBOCK","TX","79415","2026-02-23","$35.61","GAS","","","002","Travel Expenses","SB17.4973",""
"C00900514","RABLE FOR WEST TEXAS","H6TX19198","RABLE, KYLE","2026","H","TX","19","17","http://docquery.fec.gov/cgi-bin/fecimg/?202604149857233361","","GAS STATION","1809 4TH ST","","LUBBOCK","TX","79415","2026-03-23","$45.90","GAS","","","002","Travel Expenses","SB17.4983",""
"C00900514","RABLE FOR WEST TEXAS","H6TX19198","RABLE, KYLE","2026","H","TX","19","17","http://docquery.fec.gov/cgi-bin/fecimg/?202604149857233361","","GAS STATION","1809 4TH ST","","LUBBOCK","TX","79415","2026-03-23","$14.61","GAS","","","002","Travel Expenses","SB17.4984",""
"C00900514","RABLE FOR WEST TEXAS","H6TX19198","RABLE, KYLE","2026","H","TX","19","17","http://docquery.fec.gov/cgi-bin/fecimg/?202604149857233361","","GAS STATION","1809 4TH ST","","LUBBOCK","TX","79415","2026-03-24","$61.03","GAS","","","002","Travel Expenses","SB17.4985",""
"C00900514","RABLE FOR WEST TEXAS","H6TX19198","RABLE, KYLE","2026","H","TX","19","17","http://docquery.fec.gov/cgi-bin/fecimg/?202604149857233362","","GAS STATION","1809 4TH ST","","LUBBOCK","TX","79415","2026-03-30","$61.49","GAS","","","002","Travel Expenses","SB17.4993",""
"C00900514","RABLE FOR WEST TEXAS","H6TX19198","RABLE, KYLE","2026","H","TX","19","17","http://docquery.fec.gov/cgi-bin/fecimg/?202604149857233362","","GAS STATION","1809 4TH ST","","LUBBOCK","TX","79415","2026-03-31","$19.92","GAS","","","002","Travel Expenses","SB17.4996",""
"C00900514","RABLE FOR WEST TEXAS","H6TX19198","RABLE, KYLE","2026","H","TX","19","17","http://docquery.fec.gov/cgi-bin/fecimg/?202604149857233362","","GMASS, INC","9433 RIDINGS BLVD","","DAYTON","OH","45458","2026-03-12","$29.95","ONLINE SERVICES","","","001","Administrative/Salary/Overhead Expenses ","SB17.4978",""
"C00900514","RABLE FOR WEST TEXAS","H6TX19198","RABLE, KYLE","2026","H","TX","19","17","http://docquery.fec.gov/cgi-bin/fecimg/?202604149857233363","","GOOGLE INC.","1600 AMPHITHEATRE PARKWAY","","MOUNTAIN VIEW","CA","94043","2026-03-02","$70.36","ONLINE SERVICES","","","001","Administrative/Salary/Overhead Expenses ","SB17.4974",""
"C00900514","RABLE FOR WEST TEXAS","H6TX19198","RABLE, KYLE","2026","H","TX","19","17","http://docquery.fec.gov/cgi-bin/fecimg/?202604149857233363","","GRASSROOTS ANALYTICS","806 7TH ST NW","","WASHINGTON DC","DC","20001","2026-02-12","$87.80","FUNDRAISING","","","003","Solicitation and Fundraising Expenses ","SB17.4966",""
"C00900514","RABLE FOR WEST TEXAS","H6TX19198","RABLE, KYLE","2026","H","TX","19","17","http://docquery.fec.gov/cgi-bin/fecimg/?202604149857233363","","GRASSROOTS ANALYTICS","806 7TH ST NW","","WASHINGTON DC","DC","20001","2026-03-25","$47.44","FUNDRAISING","","","003","Solicitation and Fundraising Expenses ","SB17.4986",""
"C00928648","DONALD R MAY FOR CONGRESS","H6TX19230","MAY, DONALD R","2026","H","TX","19","17","http://docquery.fec.gov/cgi-bin/fecimg/?202602199834762023","","AXCAPITAL","655 METRO PLACE S","","DUBLIN","OH","43017","2026-02-10","$3,610.00","ACCOUNTING & COMPLIANCE","","","","","SB17.4109",""
"C00928648","DONALD R MAY FOR CONGRESS","H6TX19230","MAY, DONALD R","2026","H","TX","19","17","http://docquery.fec.gov/cgi-bin/fecimg/?202602199834762023","","CAZ CONSULTING","5049 EDWARDS RANCH RD","","FORT WORTH","TX","76109","2026-01-07","$5,000.00","STRATEGY CONSULTING","","","","","SB17.4114",""
"C00928648","DONALD R MAY FOR CONGRESS","H6TX19230","MAY, DONALD R","2026","H","TX","19","17","http://docquery.fec.gov/cgi-bin/fecimg/?202602199834762023","","CAZ CONSULTING","5049 EDWARDS RANCH RD","","FORT WORTH","TX","76109","2026-01-16","$100.00","STRATEGY CONSULTING","","","","","SB17.4115",""
"C00928648","DONALD R MAY FOR CONGRESS","H6TX19230","MAY, DONALD R","2026","H","TX","19","17","http://docquery.fec.gov/cgi-bin/fecimg/?202602199834762024","","CAZ CONSULTING","5049 EDWARDS RANCH RD","","FORT WORTH","TX","76109","2026-01-16","$8,591.70","TEXT MESSAGING","","","","","SB17.4118",""
"C00928648","DONALD R MAY FOR CONGRESS","H6TX19230","MAY, DONALD R","2026","H","TX","19","17","http://docquery.fec.gov/cgi-bin/fecimg/?202602199834762024","","CAZ CONSULTING","5049 EDWARDS RANCH RD","","FORT WORTH","TX","76109","2026-01-22","$4,607.50","TEXT MESSAGING","","","","","SB17.4113",""
"C00928648","DONALD R MAY FOR CONGRESS","H6TX19230","MAY, DONALD R","2026","H","TX","19","17","http://docquery.fec.gov/cgi-bin/fecimg/?202602199834762024","","CAZ CONSULTING","5049 EDWARDS RANCH RD","","FORT WORTH","TX","76109","2026-02-04","$7,165.50","TEXT MESSAGING","","","","","SB17.4111",""
"C00928648","DONALD R MAY FOR CONGRESS","H6TX19230","MAY, DONALD R","2026","H","TX","19","17","http://docquery.fec.gov/cgi-bin/fecimg/?202602199834762025","","CAZ CONSULTING","5049 EDWARDS RANCH RD","","FORT WORTH","TX","76109","2026-02-04","$5,000.00","STRATEGY CONSULTING","","","","","SB17.4112",""
"C00928648","DONALD R MAY FOR CONGRESS","H6TX19230","MAY, DONALD R","2026","H","TX","19","17","http://docquery.fec.gov/cgi-bin/fecimg/?202602199834762025","","CAZ CONSULTING","5049 EDWARDS RANCH RD","","FORT WORTH","TX","76109","2026-02-10","$4,150.50","TEXT MESSAGING","","","","","SB17.4107",""
"C00928648","DONALD R MAY FOR CONGRESS","H6TX19230","MAY, DONALD R","2026","H","TX","19","17","http://docquery.fec.gov/cgi-bin/fecimg/?202602199834762025","","PULSE","416 W 15TH ST","","EDMOND","OK","73013","2026-01-21","$21,791.00","POLLING","","","","","SB17.4121",""
"C00928648","DONALD R MAY FOR CONGRESS","H6TX19230","MAY, DONALD R","2026","H","TX","19","17","http://docquery.fec.gov/cgi-bin/fecimg/?202602199834762026","","WRS POLITICAL","712 H ST","","WASHINGTON","DC","20002","2026-01-16","$7,232.00","WEB SERVICES","","","","","SB17.4116",""
"C00926345","CONSERVATIVE TOM SELL FOR CONGRESS","H6TX19206","SELL, TOM","2026","H","TX","19","17","http://docquery.fec.gov/cgi-bin/fecimg/?202601239794153838","","ANEDOT","1340 POYDRAS STREET","","NEW ORLEANS","LA","70112","2025-11-22","$1,835.50","CREDIT CARD PROCESSING FEES","","","003","Solicitation and Fundraising Expenses ","B-129",""
"C00926345","CONSERVATIVE TOM SELL FOR CONGRESS","H6TX19206","SELL, TOM","2026","H","TX","19","17","http://docquery.fec.gov/cgi-bin/fecimg/?202601239794153838","","ANEDOT","1340 POYDRAS STREET","","NEW ORLEANS","LA","70112","2025-12-07","$827.90","CREDIT CARD PROCESSING FEES","","","003","Solicitation and Fundraising Expenses ","B-243",""
"C00926345","CONSERVATIVE TOM SELL FOR CONGRESS","H6TX19206","SELL, TOM","2026","H","TX","19","17","http://docquery.fec.gov/cgi-bin/fecimg/?202601239794153839","","ANEDOT","1340 POYDRAS STREET","","NEW ORLEANS","LA","70112","2025-12-09","$1,741.00","CREDIT CARD PROCESSING FEES","","","003","Solicitation and Fundraising Expenses ","B-321",""
"C00926345","CONSERVATIVE TOM SELL FOR CONGRESS","H6TX19206","SELL, TOM","2026","H","TX","19","17","http://docquery.fec.gov/cgi-bin/fecimg/?202601239794153839","","ANEDOT","1340 POYDRAS STREET","","NEW ORLEANS","LA","70112","2025-12-21","$725.70","CREDIT CARD PROCESSING FEES","","","003","Solicitation and Fundraising Expenses ","B-388",""
"C00926345","CONSERVATIVE TOM SELL FOR CONGRESS","H6TX19206","SELL, TOM","2026","H","TX","19","17","http://docquery.fec.gov/cgi-bin/fecimg/?202601239794153839","","ANEDOT","1340 POYDRAS STREET","","NEW ORLEANS","LA","70112","2025-12-28","$492.40","CREDIT CARD PROCESSING FEES","","","003","Solicitation and Fundraising Expenses ","B-437",""
"C00926345","CONSERVATIVE TOM SELL FOR CONGRESS","H6TX19206","SELL, TOM","2026","H","TX","19","17","http://docquery.fec.gov/cgi-bin/fecimg/?202601239794153840","","ANEDOT","1340 POYDRAS STREET","","NEW ORLEANS","LA","70112","2025-12-31","$869.40","CREDIT CARD PROCESSING FEES","","","003","Solicitation and Fundraising Expenses ","B-575",""
"C00926345","CONSERVATIVE TOM SELL FOR CONGRESS","H6TX19206","SELL, TOM","2026","H","TX","19","17","http://docquery.fec.gov/cgi-bin/fecimg/?202601239794153838","","ANEDOT","1340 POYDRAS STREET","","NEW ORLEANS","LA","70112","2025-11-30","$1,367.40","CREDIT CARD PROCESSING FEES","","","003","Solicitation and Fundraising Expenses ","B-194",""
"C00926345","CONSERVATIVE TOM SELL FOR CONGRESS","H6TX19206","SELL, TOM","2026","H","TX","19","17","http://docquery.fec.gov/cgi-bin/fecimg/?202601239794153840","","ANEDOT","1340 POYDRAS STREET","","NEW ORLEANS","LA","70112","2025-11-16","$5,150.60","CREDIT CARD PROCESSING FEES","","","003","Solicitation and Fundraising Expenses ","B-70",""
"C00926345","CONSERVATIVE TOM SELL FOR CONGRESS","H6TX19206","SELL, TOM","2026","H","TX","19","17","http://docquery.fec.gov/cgi-bin/fecimg/?202601239794153840","","CAMPBELL, CASH","1905 ELGIN AVENUE","APT A","LUBBOCK","TX","79410","2025-12-31","$1,000.00","DECEMBER CAMPAIGN MANAGEMENT AND FIELD OPERATIONS","","","001","Administrative/Salary/Overhead Expenses ","B-441",""
"C00926345","CONSERVATIVE TOM SELL FOR CONGRESS","H6TX19206","SELL, TOM","2026","H","TX","19","17","http://docquery.fec.gov/cgi-bin/fecimg/?202601239794153841","","CASTILLO, GREYSON","6111 71ST STREET","APT 2205","LUBBOCK","TX","79424","2025-12-31","$1,000.00","DECEMBER CAMPAIGN MANAGEMENT AND FIELD OPERATIONS","","","001","Administrative/Salary/Overhead Expenses ","B-440",""
"C00926345","CONSERVATIVE TOM SELL FOR CONGRESS","H6TX19206","SELL, TOM","2026","H","TX","19","17","http://docquery.fec.gov/cgi-bin/fecimg/?202601239794153841","","INTEGRATED SOLUTIONS: POLITICAL","4142 ADAMS AVENUE","SUITE 103-550","SAN DIEGO","CA","92116","2025-12-05","$2,640.00","SOFTWARE SUBSCRIPTION","","","001","Administrative/Salary/Overhead Expenses ","B-206",""
"C00926345","CONSERVATIVE TOM SELL FOR CONGRESS","H6TX19206","SELL, TOM","2026","H","TX","19","17","http://docquery.fec.gov/cgi-bin/fecimg/?202601239794153841","","THE REPUBLICAN PARTY OF TEXAS","504 W 12TH STREET","","AUSTIN","TX","78701","2025-11-21","$3,125.00","QUALIFYING FEE","","","011","Political Contributions","B-91",""
