com_id,com_nam,can_id,can_nam,ele_yea,can_off,can_off_sta,can_off_dis,lin_num,lin_ima,rec_com_id,rec_nam,rec_str1,rec_str2,rec_cit,rec_sta,rec_zip,dis_dat,dis_amo,dis_pur_des,mem_cod,mem_tex,cat_cod,cat_des,tra_id,bac_ref_id
"C00502229","WEBER FOR CONGRESS","H2TX14149","WEBER, RANDY","2026","H","TX","14","17","http://docquery.fec.gov/cgi-bin/fecimg/?202505299761728323","","CARDMEMBER SERVICE","P.O. BOX 1423","","CHARLOTTE","NC","282011423","2025-01-14","$8.52","CREDIT CARD PAYMENT (SEE BELOW IF ITEMIZED)","","","","","SB17.I10939",""
"C00502229","WEBER FOR CONGRESS","H2TX14149","WEBER, RANDY","2026","H","TX","14","17","http://docquery.fec.gov/cgi-bin/fecimg/?202505299761728324","","CMDI","1593 SPRING HILL RD STE 400","","TYSONS CORNER","VA","22182","2025-01-15","$900.00","DATABASE SUBSCRIPTION","","","","","SB17.I10810",""
"C00502229","WEBER FOR CONGRESS","H2TX14149","WEBER, RANDY","2026","H","TX","14","17","http://docquery.fec.gov/cgi-bin/fecimg/?202505299761728324","","CMDI","1593 SPRING HILL RD STE 400","","TYSONS CORNER","VA","22182","2025-02-19","$900.00","DATABASE SUBSCRIPTION","","","","","SB17.I10811",""
"C00502229","WEBER FOR CONGRESS","H2TX14149","WEBER, RANDY","2026","H","TX","14","17","http://docquery.fec.gov/cgi-bin/fecimg/?202505299761728324","","CMDI","1593 SPRING HILL RD STE 400","","TYSONS CORNER","VA","22182","2025-03-15","$900.00","DATABASE SUBSCRIPTION","","","","","SB17.I10812",""
"C00502229","WEBER FOR CONGRESS","H2TX14149","WEBER, RANDY","2026","H","TX","14","17","http://docquery.fec.gov/cgi-bin/fecimg/?202505299761728325","","GREATER BEAUMONT CHAMBER OF COMMERCE","1110 PARK ST.","","BEAUMONT","TX","77701","2025-03-07","$340.00","MEMBERSHIP DUES","","","","","SB17.I10823",""
"C00502229","WEBER FOR CONGRESS","H2TX14149","WEBER, RANDY","2026","H","TX","14","17","http://docquery.fec.gov/cgi-bin/fecimg/?202505299761728325","","INTUIT INC","2800 EAST COMMERCE CENTER PLACE","","TUCSON","AZ","85706","2025-01-25","$105.53","SUBSCRIPTION","","","","","SB17.I10813",""
"C00502229","WEBER FOR CONGRESS","H2TX14149","WEBER, RANDY","2026","H","TX","14","17","http://docquery.fec.gov/cgi-bin/fecimg/?202505299761728325","","INTUIT INC","2800 EAST COMMERCE CENTER PLACE","","TUCSON","AZ","85706","2025-02-25","$69.29","SUBSCRIPTION","","","","","SB17.I10814",""
"C00502229","WEBER FOR CONGRESS","H2TX14149","WEBER, RANDY","2026","H","TX","14","17","http://docquery.fec.gov/cgi-bin/fecimg/?202505299761728326","","INTUIT INC","2800 EAST COMMERCE CENTER PLACE","","TUCSON","AZ","85706","2025-03-25","$69.29","SUBSCRIPTION","","","","","SB17.I10815",""
"C00502229","WEBER FOR CONGRESS","H2TX14149","WEBER, RANDY","2026","H","TX","14","17","http://docquery.fec.gov/cgi-bin/fecimg/?202505299761728326","","ISROTEL HOTEL MANA","HAYARKON ST 78","TEL AVIV-YAFO","ISRAEL","ZZ","99999","2025-02-18","$58.98","FOOD/BEVERAGES","","","","","SB17.I10884",""
"C00502229","WEBER FOR CONGRESS","H2TX14149","WEBER, RANDY","2026","H","TX","14","17","http://docquery.fec.gov/cgi-bin/fecimg/?202505299761728326","","ISROTEL HOTEL MANA","HAYARKON ST 78","TEL AVIV-YAFO","ISRAEL","ZZ","99999","2025-02-19","$37.57","FOOD/BEVERAGES","","","","","SB17.I10885",""
"C00502229","WEBER FOR CONGRESS","H2TX14149","WEBER, RANDY","2026","H","TX","14","17","http://docquery.fec.gov/cgi-bin/fecimg/?202505299761728327","","ISROTEL HOTEL MANA","HAYARKON ST 78","TEL AVIV-YAFO","ISRAEL","ZZ","99999","2025-02-18","$131.63","TRAVEL","","","","","SB17.I10952",""
"C00502229","WEBER FOR CONGRESS","H2TX14149","WEBER, RANDY","2026","H","TX","14","17","http://docquery.fec.gov/cgi-bin/fecimg/?202505299761728327","","ISROTEL HOTEL MANA","HAYARKON ST 78","TEL AVIV-YAFO","ISRAEL","ZZ","99999","2025-02-18","$88.83","TRAVEL","","","","","SB17.I10953",""
"C00502229","WEBER FOR CONGRESS","H2TX14149","WEBER, RANDY","2026","H","TX","14","17","http://docquery.fec.gov/cgi-bin/fecimg/?202505299761728327","","ISROTEL HOTEL MANA","HAYARKON ST 78","TEL AVIV-YAFO","ISRAEL","ZZ","99999","2025-02-24","$85.46","TRAVEL","","","","","SB17.I10954",""
"C00502229","WEBER FOR CONGRESS","H2TX14149","WEBER, RANDY","2026","H","TX","14","17","http://docquery.fec.gov/cgi-bin/fecimg/?202505299761728328","","LEAGUE CITY REGIONAL CHAMBER OF COMMERCE","100 PERKINS AVE STE D1","","LEAGUE CITY","TX","77573","2025-03-21","$335.00","MEMBERSHIP DUES","","","","","SB17.I10825",""
"C00502229","WEBER FOR CONGRESS","H2TX14149","WEBER, RANDY","2026","H","TX","14","17","http://docquery.fec.gov/cgi-bin/fecimg/?202505299761728328","","LEX POLITICA PLLC","P.O. BOX 341016","","AUSTIN","TX","78734","2025-02-27","$450.00","LEGAL CONSULTING","","","","","SB17.I10853",""
"C00502229","WEBER FOR CONGRESS","H2TX14149","WEBER, RANDY","2026","H","TX","14","17","http://docquery.fec.gov/cgi-bin/fecimg/?202505299761728328","","LEX POLITICA PLLC","P.O. BOX 341016","","AUSTIN","TX","78734","2025-03-20","$450.00","LEGAL CONSULTING","","","","","SB17.I10854",""
"C00502229","WEBER FOR CONGRESS","H2TX14149","WEBER, RANDY","2026","H","TX","14","17","http://docquery.fec.gov/cgi-bin/fecimg/?202505299761728329","","LILLY & COMPANY","1005 CONGRESS AVE STE 400","","AUSTIN","TX","78701","2025-01-25","$599.16","FUNDRAISING CONSULTING","","","","","SB17.I10777",""
"C00925867","COMMITTEE TO ELECT THURMAN BILL BARTIE TO CONGRESS","H6TX14181","BARTIE, THURMAN BILL MR","2026","H","TX","14","17","http://docquery.fec.gov/cgi-bin/fecimg/?202603179853396533","","ANNONYNOMS, ANNONYNOMS","","","PORT ARTHUR","TX","","2025-12-22","$400.00","SERVICES RENDERED","","","","","SB17.4182",""
"C00925867","COMMITTEE TO ELECT THURMAN BILL BARTIE TO CONGRESS","H6TX14181","BARTIE, THURMAN BILL MR","2026","H","TX","14","17","http://docquery.fec.gov/cgi-bin/fecimg/?202603179853396533","","BRAZORIA COUNTY DEMS","HWY 1462","","ROSHARON","TX","","2025-12-30","$425.00","GALA EXPENSES","","","","","SB17.4197",""
"C00925867","COMMITTEE TO ELECT THURMAN BILL BARTIE TO CONGRESS","H6TX14181","BARTIE, THURMAN BILL MR","2026","H","TX","14","17","http://docquery.fec.gov/cgi-bin/fecimg/?202603179853396533","","DAY WORKERS, DAY WORKERS","","","BEAUMONT","TX","","2025-12-20","$350.00","SERVICES RENDERED","","","","","SB17.4180",""
"C00925867","COMMITTEE TO ELECT THURMAN BILL BARTIE TO CONGRESS","H6TX14181","BARTIE, THURMAN BILL MR","2026","H","TX","14","17","http://docquery.fec.gov/cgi-bin/fecimg/?202603179853396534","","DTNY PRINTING","3148 GULFWAY","","PORT ARTHUR","TX","77642","2025-11-11","$450.00","PRINTING","","","","","SB17.4132",""
"C00925867","COMMITTEE TO ELECT THURMAN BILL BARTIE TO CONGRESS","H6TX14181","BARTIE, THURMAN BILL MR","2026","H","TX","14","17","http://docquery.fec.gov/cgi-bin/fecimg/?202603179853396534","","DTNY PRINTING","3148 GULFWAY","","PORT ARTHUR","TX","77642","2025-12-30","$550.00","PRINTING","","","","","SB17.4177",""
"C00925867","COMMITTEE TO ELECT THURMAN BILL BARTIE TO CONGRESS","H6TX14181","BARTIE, THURMAN BILL MR","2026","H","TX","14","17","http://docquery.fec.gov/cgi-bin/fecimg/?202603179853396534","","HOLIDAY INN","JIMMY JOHNSON BLVD @ HWY 69","","PORT ARTHUR","","77642","2025-11-10","$830.00","CAMPAIGN LAUNCH","","","","","SB17.4130",""
"C00925867","COMMITTEE TO ELECT THURMAN BILL BARTIE TO CONGRESS","H6TX14181","BARTIE, THURMAN BILL MR","2026","H","TX","14","17","http://docquery.fec.gov/cgi-bin/fecimg/?202603179853396535","","ROUGUE, DARRELL","702 SANTEE ST.  # 3210","","PRAIRIE VIEW","TX","77445","2025-12-08","$600.00","WEB SITE IT","","","","","SB17.4134",""
"C00925867","COMMITTEE TO ELECT THURMAN BILL BARTIE TO CONGRESS","H6TX14181","BARTIE, THURMAN BILL MR","2026","H","TX","14","17","http://docquery.fec.gov/cgi-bin/fecimg/?202603179853396535","","TEXAS DEMOCRATS","314 E HIGHLAND MALL BLVD","","AUSTIN","TX","78752","2025-12-01","$3,125.00","FILING FEE","","","","","SB17.4187",""
"C00502229","WEBER FOR CONGRESS","H2TX14149","WEBER, RANDY","2026","H","TX","14","21","http://docquery.fec.gov/cgi-bin/fecimg/?202602179834333119","","TEXAS RIGHT TO LIFE","4500 BISSONNET ST #305","","BELLAIRE","TX","77401","2026-01-16","$50.00","CHARITABLE CONTRIBUTION","","","","","SB21.I12800",""
"C00502229","WEBER FOR CONGRESS","H2TX14149","WEBER, RANDY","2026","H","TX","14","21","http://docquery.fec.gov/cgi-bin/fecimg/?202602179834333119","","WIKIMEDIA FOUNDATION","1 MONTGOMERY ST STE 1600","","SAN FRANCISCO","CA","94104","2026-01-20","$3.10","CHARITABLE CONTRIBUTION","","","","","SB21.I12801",""
"C00502229","WEBER FOR CONGRESS","H2TX14149","WEBER, RANDY","2026","H","TX","14","21","http://docquery.fec.gov/cgi-bin/fecimg/?202602179834333119","C00371203","JOHN CARTER FOR CONGRESS","200 UNIV. OAKS BLVD STE 225 #130","","ROUND ROCK","TX","78665","2026-01-23","$2,000.00","CAMPAIGN CONTRIBUTION","","","","","SB21.I12802",""
"C00502229","WEBER FOR CONGRESS","H2TX14149","WEBER, RANDY","2026","H","TX","14","21","http://docquery.fec.gov/cgi-bin/fecimg/?202602179834333120","","BELTWAY 8 SOUTH CRISIS PREGNANCY CENTER","10851 SCARSDALE BLVD #800","","HOUSTON","TX","77089","2026-01-27","$50.00","CHARITABLE CONTRIBUTION","","","","","SB21.I12803",""
"C00502229","WEBER FOR CONGRESS","H2TX14149","WEBER, RANDY","2026","H","TX","14","21","http://docquery.fec.gov/cgi-bin/fecimg/?202602179834333120","","PARC","P.O. BOX 711","","PEARLAND","TX","77588","2026-01-27","$350.00","SPONSORSHIP","","","","","SB21.I12804",""
"C00502229","WEBER FOR CONGRESS","H2TX14149","WEBER, RANDY","2026","H","TX","14","21","http://docquery.fec.gov/cgi-bin/fecimg/?202602179834333120","","ADRIA WOMENS HEALTH","714 7TH AVE N","","TEXAS CITY","TX","77592","2026-01-29","$100.00","CHARITABLE CONTRIBUTION","","","","","SB21.I12868",""
"C00502229","WEBER FOR CONGRESS","H2TX14149","WEBER, RANDY","2026","H","TX","14","21","http://docquery.fec.gov/cgi-bin/fecimg/?202602179834333121","","FRIENDSWOOD CRISIS PREGNANCY CENTER","347-B E PARKWOOD DR STE B","","FRIENDSWOOD","TX","77546","2026-01-29","$50.00","CHARITABLE CONTRIBUTION","","","","","SB21.I12806",""
"C00502229","WEBER FOR CONGRESS","H2TX14149","WEBER, RANDY","2026","H","TX","14","21","http://docquery.fec.gov/cgi-bin/fecimg/?202602179834333121","","BRAZORIA COUNTY REPUBLICAN PARTY","135 SPANISH OAK CIRSHAYNE GREEN","","LAKE JACKSON","TX","77566","2026-01-29","$2,500.00","SPONSORSHIP","","","","","SB21.I12805",""
"C00502229","WEBER FOR CONGRESS","H2TX14149","WEBER, RANDY","2026","H","TX","14","21","http://docquery.fec.gov/cgi-bin/fecimg/?202602179834333121","C00720375","BARRY MOORE FOR US SENATE","P.O. BOX 310815","","ENTERPRISE","AL","36331","2026-02-03","$2,000.00","CAMPAIGN CONTRIBUTION","","","","","SB21.I12807",""
"C00502229","WEBER FOR CONGRESS","H2TX14149","WEBER, RANDY","2026","H","TX","14","21","http://docquery.fec.gov/cgi-bin/fecimg/?202602179834333122","C00143743","REPUBLICAN PARTY OF TEXAS","P.O. BOX 2206","","AUSTIN","TX","787682206","2026-02-03","$20.00","CONTRIBUTION","","","","","SB21.I12808",""
"C00502229","WEBER FOR CONGRESS","H2TX14149","WEBER, RANDY","2026","H","TX","14","21","http://docquery.fec.gov/cgi-bin/fecimg/?202602179834333122","","GALVESTON COUNTY REPUBLICAN PARTY","P.O. BOX 1423","","LEAGUE CITY","TX","77574","2026-02-11","$1,500.00","SPONSORSHIP","","","","","SB21.I12809",""
"C00502229","WEBER FOR CONGRESS","H2TX14149","WEBER, RANDY","2026","H","TX","14","17","http://docquery.fec.gov/cgi-bin/fecimg/?202602179834333109","","CARDMEMBER SERVICE","P.O. BOX 1423","","CHARLOTTE","NC","282011423","2026-01-22","$1,189.82","CREDIT CARD PAYMENT (SEE BELOW IF ITEMIZED)","","","","","SB17.I12838",""
"C00502229","WEBER FOR CONGRESS","H2TX14149","WEBER, RANDY","2026","H","TX","14","17","http://docquery.fec.gov/cgi-bin/fecimg/?202602179834333109","","CONSTANT CONTACT","1601 TRAPELO ROAD","","WALTHAM","MA","02451","2026-01-22","$173.76","EMAIL MARKETING SERVICE","X","","","","SB17.I12881","SB17.I12838"
"C00502229","WEBER FOR CONGRESS","H2TX14149","WEBER, RANDY","2026","H","TX","14","17","http://docquery.fec.gov/cgi-bin/fecimg/?202601309795080716","","CARDMEMBER SERVICE","P.O. BOX 1423","","CHARLOTTE","NC","282011423","2025-10-17","$1,888.05","CREDIT CARD PAYMENT (SEE BELOW IF ITEMIZED)","","","","","SB17.I12745",""
"C00502229","WEBER FOR CONGRESS","H2TX14149","WEBER, RANDY","2026","H","TX","14","17","http://docquery.fec.gov/cgi-bin/fecimg/?202601309795080717","","CONSTANT CONTACT","1601 TRAPELO ROAD","","WALTHAM","MA","02451","2025-10-17","$173.76","EMAIL MARKETING SERVICE","X","","","","SB17.I12771","SB17.I12745"
"C00502229","WEBER FOR CONGRESS","H2TX14149","WEBER, RANDY","2026","H","TX","14","17","http://docquery.fec.gov/cgi-bin/fecimg/?202601309795080717","","POTBELLY","109 3RD STREET SOUTHWEST","","WASHINGTON","DC","20024","2025-10-17","$476.69","CATERING","X","","","","SB17.I12769","SB17.I12745"
"C00502229","WEBER FOR CONGRESS","H2TX14149","WEBER, RANDY","2026","H","TX","14","17","http://docquery.fec.gov/cgi-bin/fecimg/?202601309795080717","","SQUARESPACE INC.","8 CLARKSON STREET 12TH FLOOR","","NEW YORK","NY","10014","2025-10-17","$294.22","WEBSITE","X","","","","SB17.I12764","SB17.I12745"
"C00502229","WEBER FOR CONGRESS","H2TX14149","WEBER, RANDY","2026","H","TX","14","17","http://docquery.fec.gov/cgi-bin/fecimg/?202601309795080742","","CONSTANT CONTACT","1601 TRAPELO ROAD","","WALTHAM","MA","02451","2025-12-16","$173.76","EMAIL MARKETING SERVICE","X","","","","SB17.I12784","SB17.I12749"
"C00502229","WEBER FOR CONGRESS","H2TX14149","WEBER, RANDY","2026","H","TX","14","17","http://docquery.fec.gov/cgi-bin/fecimg/?202601309795080742","","FIVE GUYS","1100 NEW JERSEY AVE SE","","WASHINGTON","DC","20003","2025-12-16","$850.89","CATERING","X","","","","SB17.I12782","SB17.I12749"
"C00502229","WEBER FOR CONGRESS","H2TX14149","WEBER, RANDY","2026","H","TX","14","17","http://docquery.fec.gov/cgi-bin/fecimg/?202601309795080742","","THE UPS STORE","133 N FRIENDSWOOD DR.","","FRIENDSWOOD","TX","77546","2025-12-16","$360.00","SHIPPING","X","","","","SB17.I12780","SB17.I12749"
"C00502229","WEBER FOR CONGRESS","H2TX14149","WEBER, RANDY","2026","H","TX","14","17","http://docquery.fec.gov/cgi-bin/fecimg/?202601309795080743","","US HOUSE GIFT SHOP","LONGWORTH BLD","","WASHINGTON","DC","20515","2025-12-16","$278.40","GIFTS","X","","","","SB17.I12785","SB17.I12749"
"C00502229","WEBER FOR CONGRESS","H2TX14149","WEBER, RANDY","2026","H","TX","14","17","http://docquery.fec.gov/cgi-bin/fecimg/?202601309795080743","","US HOUSE GIFT SHOP","LONGWORTH BLD","","WASHINGTON","DC","20515","2025-12-16","$30.00","GIFTS","X","","","","SB17.I12786","SB17.I12749"
"C00502229","WEBER FOR CONGRESS","H2TX14149","WEBER, RANDY","2026","H","TX","14","17","http://docquery.fec.gov/cgi-bin/fecimg/?202601309795080743","","US HOUSE GIFT SHOP","LONGWORTH BLD","","WASHINGTON","DC","20515","2025-12-16","$159.20","GIFTS","X","","","","SB17.I12787","SB17.I12749"
"C00502229","WEBER FOR CONGRESS","H2TX14149","WEBER, RANDY","2026","H","TX","14","17","http://docquery.fec.gov/cgi-bin/fecimg/?202601309795080744","","ECONOMIC DEV ALLIANCE OF BRAZORIA COUNTY","4005 TECHNOLOGY DRIVE SUITE 1010","","ANGLETON","TX","77515","2025-12-16","$250.00","MEMBERSHIP DUES","","","","","SB17.I12639",""
"C00502229","WEBER FOR CONGRESS","H2TX14149","WEBER, RANDY","2026","H","TX","14","17","http://docquery.fec.gov/cgi-bin/fecimg/?202601309795080744","","GALVESTON REPUBLICAN WOMEN","908 LAYFAIR PLACEATTN: TINA KIRBI","","FRIENDSWOOD","TX","77546","2025-12-16","$105.00","EVENT TICKET","","","","","SB17.I12640",""
"C00502229","WEBER FOR CONGRESS","H2TX14149","WEBER, RANDY","2026","H","TX","14","17","http://docquery.fec.gov/cgi-bin/fecimg/?202601309795080744","","LEX POLITICA PLLC","7415 SOUTHWEST PKWY. BLDG 6 STE","","AUSTIN","TX","78735","2025-12-18","$450.00","LEGAL CONSULTING","","","","","SB17.I12662",""
"C00502229","WEBER FOR CONGRESS","H2TX14149","WEBER, RANDY","2026","H","TX","14","17","http://docquery.fec.gov/cgi-bin/fecimg/?202601309795080745","","APPLE","ONE APPLE PARKWAY","","CUPERTINO","CA","95014","2025-12-19","$9.99","SOFTWARE","","","","","SB17.I12734",""
"C00502229","WEBER FOR CONGRESS","H2TX14149","WEBER, RANDY","2026","H","TX","14","17","http://docquery.fec.gov/cgi-bin/fecimg/?202601309795080745","","LILLY & COMPANY","1005 CONGRESS AVE STE 400","","AUSTIN","TX","78701","2025-12-19","$12,201.47","FUNDRAISING CONSULTING","","","","","SB17.I12605",""
"C00502229","WEBER FOR CONGRESS","H2TX14149","WEBER, RANDY","2026","H","TX","14","17","http://docquery.fec.gov/cgi-bin/fecimg/?202601309795080745","","LUNA'S MEXICAN RESTAURANT","704 WEST PARKWOOD","","FRIENDSWOOD","TX","77546","2025-12-20","$150.00","FOOD/BEVERAGES","","","","","SB17.I12704",""
"C00502229","WEBER FOR CONGRESS","H2TX14149","WEBER, RANDY","2026","H","TX","14","17","http://docquery.fec.gov/cgi-bin/fecimg/?202601309795080746","","WEBER, RANDY","1701 BENDING STREAM DR","","FRIENDSWOOD","TX","775467894","2025-12-22","$529.60","TRAVEL FOOD/BEVERAGES (SEE BELOW IF ITEMIZED)","","","","","SB17.I12598",""
"C00502229","WEBER FOR CONGRESS","H2TX14149","WEBER, RANDY","2026","H","TX","14","17","http://docquery.fec.gov/cgi-bin/fecimg/?202601309795080746","","WEBER, RANDY","1701 BENDING STREAM DR","","FRIENDSWOOD","TX","775467894","2025-12-22","$509.60","MILEAGE","X","","","","SB17.I12763","SB17.I12598"
"C00502229","WEBER FOR CONGRESS","H2TX14149","WEBER, RANDY","2026","H","TX","14","17","http://docquery.fec.gov/cgi-bin/fecimg/?202601309795080746","","RESERVOIR","REAGAN NATIONAL AIRPORT","","ARLINGTON","VA","22202","2025-12-22","$60.62","FOOD/BEVERAGES","","","","","SB17.I12705",""
"C00502229","WEBER FOR CONGRESS","H2TX14149","WEBER, RANDY","2026","H","TX","14","17","http://docquery.fec.gov/cgi-bin/fecimg/?202601309795080747","","WINRED TECHNICAL SERVICES","1776 WILSON BLVD STE 530","SUITE 530","ARLINGTON","VA","22219","2025-12-22","$5.32","CREDIT CARD MERCHANT FEES","","","","","SB17.I12618",""
"C00502229","WEBER FOR CONGRESS","H2TX14149","WEBER, RANDY","2026","H","TX","14","17","http://docquery.fec.gov/cgi-bin/fecimg/?202601309795080747","","AMERICAN FENCE SUPPLY","2215 I-45","","LEAGUE CITY","TX","77573","2025-12-23","$2,144.96","SUPPLIES","","","","","SB17.I12707",""
"C00502229","WEBER FOR CONGRESS","H2TX14149","WEBER, RANDY","2026","H","TX","14","17","http://docquery.fec.gov/cgi-bin/fecimg/?202601309795080747","","BARGAS, JARED","2302 CAMBRIDGE CT. N","","LEAGUE CITY","TX","77573","2025-12-25","$500.00","CONTRACT LABOR - ADMINISTRATIVE SUPPORT","","","","","SB17.I12612",""
"C00502229","WEBER FOR CONGRESS","H2TX14149","WEBER, RANDY","2026","H","TX","14","17","http://docquery.fec.gov/cgi-bin/fecimg/?202601309795080748","","ROJAS, SYMPHONY","103 WOODLEY RD","","LEANDER","TX","78641","2025-12-25","$500.00","CONTRACT LABOR - ADMINISTRATIVE SUPPORT","","","","","SB17.I12613",""
"C00502229","WEBER FOR CONGRESS","H2TX14149","WEBER, RANDY","2026","H","TX","14","17","http://docquery.fec.gov/cgi-bin/fecimg/?202601309795080748","","WHITENER, JEANETTE","2209 CEDAR MILL COURT","","VIENNA","VA","22182","2025-12-25","$500.00","CAMPAIGN MANAGER CONSULTING","","","","","SB17.I12608",""
"C00502229","WEBER FOR CONGRESS","H2TX14149","WEBER, RANDY","2026","H","TX","14","17","http://docquery.fec.gov/cgi-bin/fecimg/?202601309795080748","","INTUIT INC","2800 EAST COMMERCE CENTER PLACE","","TUCSON","AZ","85706","2025-12-25","$79.95","SUBSCRIPTION","","","","","SB17.I12633",""
"C00502229","WEBER FOR CONGRESS","H2TX14149","WEBER, RANDY","2026","H","TX","14","17","http://docquery.fec.gov/cgi-bin/fecimg/?202601309795080749","","AT&T","P.O. BOX 6416","","CAROL STREAM","IL","601976416","2025-12-26","$187.75","TELEPHONE SERVICE","","","","","SB17.I12743",""
"C00502229","WEBER FOR CONGRESS","H2TX14149","WEBER, RANDY","2026","H","TX","14","21","http://docquery.fec.gov/cgi-bin/fecimg/?202601309795080754","","CAPITOL WORSHIP","P.O. BOX 15817","","WASHINGTON","DC","200039998","2025-11-17","$100.00","CHARITABLE CONTRIBUTION","","","","","SB21.I12668",""
"C00502229","WEBER FOR CONGRESS","H2TX14149","WEBER, RANDY","2026","H","TX","14","21","http://docquery.fec.gov/cgi-bin/fecimg/?202601309795080755","","WIKIMEDIA FOUNDATION","1 MONTGOMERY ST STE 1600","","SAN FRANCISCO","CA","94104","2025-11-20","$3.10","CHARITABLE CONTRIBUTION","","","","","SB21.I12669",""
"C00502229","WEBER FOR CONGRESS","H2TX14149","WEBER, RANDY","2026","H","TX","14","17","http://docquery.fec.gov/cgi-bin/fecimg/?202601309795080724","","LUNA'S MEXICAN RESTAURANT","704 WEST PARKWOOD","","FRIENDSWOOD","TX","77546","2025-11-08","$163.00","FOOD/BEVERAGES","","","","","SB17.I12698",""
"C00502229","WEBER FOR CONGRESS","H2TX14149","WEBER, RANDY","2026","H","TX","14","17","http://docquery.fec.gov/cgi-bin/fecimg/?202601309795080725","","WINRED TECHNICAL SERVICES","1776 WILSON BLVD STE 530","SUITE 530","ARLINGTON","VA","22219","2025-11-10","$3.94","CREDIT CARD MERCHANT FEES","","","","","SB17.I12625",""
"C00502229","WEBER FOR CONGRESS","H2TX14149","WEBER, RANDY","2026","H","TX","14","17","http://docquery.fec.gov/cgi-bin/fecimg/?202601309795080710","","MICROSOFT","ONE MICROSOFT WAY","","REDMOND","VA","98052","2025-10-02","$42.63","SOFTWARE SERVICE","","","","","SB17.I12709",""
"C00502229","WEBER FOR CONGRESS","H2TX14149","WEBER, RANDY","2026","H","TX","14","17","http://docquery.fec.gov/cgi-bin/fecimg/?202601309795080710","","APPLE","ONE APPLE PARKWAY","","CUPERTINO","CA","95014","2025-10-03","$32.46","SOFTWARE","","","","","SB17.I12710",""
"C00502229","WEBER FOR CONGRESS","H2TX14149","WEBER, RANDY","2026","H","TX","14","17","http://docquery.fec.gov/cgi-bin/fecimg/?202601309795080710","","PUBLIC STORAGE","P.O. BOX 25050","","GLENDALE","CA","91221","2025-10-03","$423.00","STORAGE","","","","","SB17.I12738",""
"C00502229","WEBER FOR CONGRESS","H2TX14149","WEBER, RANDY","2026","H","TX","14","17","http://docquery.fec.gov/cgi-bin/fecimg/?202601309795080711","","LYFT","185 BERRY ST #5000","","SAN FRANCISCO","CA","94107","2025-10-06","$56.19","TRAVEL","","","","","SB17.I12750",""
"C00502229","WEBER FOR CONGRESS","H2TX14149","WEBER, RANDY","2026","H","TX","14","17","http://docquery.fec.gov/cgi-bin/fecimg/?202601309795080711","","LYFT","185 BERRY ST #5000","","SAN FRANCISCO","CA","94107","2025-10-06","$34.94","TRAVEL","","","","","SB17.I12751",""
"C00502229","WEBER FOR CONGRESS","H2TX14149","WEBER, RANDY","2026","H","TX","14","17","http://docquery.fec.gov/cgi-bin/fecimg/?202601309795080711","","PAPPADEAUX #14","4040 I-10 SOUTH","","BEAUMONT","TX","77705","2025-10-06","$260.00","FOOD/BEVERAGES","","","","","SB17.I12687",""
"C00502229","WEBER FOR CONGRESS","H2TX14149","WEBER, RANDY","2026","H","TX","14","17","http://docquery.fec.gov/cgi-bin/fecimg/?202601309795080712","","LEX POLITICA PLLC","7415 SOUTHWEST PKWY. BLDG 6 STE","","AUSTIN","TX","78735","2025-10-08","$450.00","LEGAL CONSULTING","","","","","SB17.I12660",""
"C00502229","WEBER FOR CONGRESS","H2TX14149","WEBER, RANDY","2026","H","TX","14","17","http://docquery.fec.gov/cgi-bin/fecimg/?202601309795080712","","LUNA'S MEXICAN RESTAURANT","704 WEST PARKWOOD","","FRIENDSWOOD","TX","77546","2025-10-08","$113.61","FOOD/BEVERAGES","","","","","SB17.I12688",""
"C00502229","WEBER FOR CONGRESS","H2TX14149","WEBER, RANDY","2026","H","TX","14","17","http://docquery.fec.gov/cgi-bin/fecimg/?202601309795080712","","RIGHTSIDE COMPLIANCE","7415 SOUTHWEST PKWY. BLDG 6 STE","","AUSTIN","TX","78735","2025-10-08","$2,950.00","COMPLIANCE CONSULTING","","","","","SB17.I12596",""
"C00502229","WEBER FOR CONGRESS","H2TX14149","WEBER, RANDY","2026","H","TX","14","17","http://docquery.fec.gov/cgi-bin/fecimg/?202601309795080713","","DEMOCRACY ENGINE LLC","237 FLORIDA AVE NW","","WASHINGTON","DC","200011801","2025-10-09","$.05","EARMARK PROCESSING FEES","","","","","SB17.I12614",""
"C00502229","WEBER FOR CONGRESS","H2TX14149","WEBER, RANDY","2026","H","TX","14","17","http://docquery.fec.gov/cgi-bin/fecimg/?202601309795080713","","WEBER, RANDY","1701 BENDING STREAM DR","","FRIENDSWOOD","TX","775467894","2025-10-10","$300.20","TRAVEL FOOD/BEVERAGES (SEE BELOW IF ITEMIZED)","","","","","SB17.I12597",""
"C00502229","WEBER FOR CONGRESS","H2TX14149","WEBER, RANDY","2026","H","TX","14","17","http://docquery.fec.gov/cgi-bin/fecimg/?202601309795080713","","WEBER, RANDY","1701 BENDING STREAM DR","","FRIENDSWOOD","TX","775467894","2025-10-10","$270.20","MILEAGE","X","","","","SB17.I12760","SB17.I12597"
"C00502229","WEBER FOR CONGRESS","H2TX14149","WEBER, RANDY","2026","H","TX","14","17","http://docquery.fec.gov/cgi-bin/fecimg/?202601309795080714","","APPLE","ONE APPLE PARKWAY","","CUPERTINO","CA","95014","2025-10-14","$2.80","SOFTWARE","","","","","SB17.I12711",""
"C00502229","WEBER FOR CONGRESS","H2TX14149","WEBER, RANDY","2026","H","TX","14","17","http://docquery.fec.gov/cgi-bin/fecimg/?202601309795080714","","APPLE","ONE APPLE PARKWAY","","CUPERTINO","CA","95014","2025-10-14","$21.54","SOFTWARE","","","","","SB17.I12712",""
"C00502229","WEBER FOR CONGRESS","H2TX14149","WEBER, RANDY","2026","H","TX","14","17","http://docquery.fec.gov/cgi-bin/fecimg/?202601309795080714","","LILLY & COMPANY","1005 CONGRESS AVE STE 400","","AUSTIN","TX","78701","2025-10-14","$7,898.20","FUNDRAISING CONSULTING","","","","","SB17.I12601",""
"C00502229","WEBER FOR CONGRESS","H2TX14149","WEBER, RANDY","2026","H","TX","14","17","http://docquery.fec.gov/cgi-bin/fecimg/?202601309795080715","","WINRED TECHNICAL SERVICES","1776 WILSON BLVD STE 530","SUITE 530","ARLINGTON","VA","22219","2025-10-14","$.99","CREDIT CARD MERCHANT FEES","","","","","SB17.I12621",""
"C00502229","WEBER FOR CONGRESS","H2TX14149","WEBER, RANDY","2026","H","TX","14","17","http://docquery.fec.gov/cgi-bin/fecimg/?202601309795080715","","CAPITOL HILL CLUB","300 FIRST ST SE","","WASHINGTON","DC","20003","2025-10-15","$660.83","FOOD/BEVERAGES","","","","","SB17.I12643",""
"C00502229","WEBER FOR CONGRESS","H2TX14149","WEBER, RANDY","2026","H","TX","14","17","http://docquery.fec.gov/cgi-bin/fecimg/?202601309795080715","","CMDI","1593 SPRING HILL RD STE 400","","TYSONS CORNER","VA","22182","2025-10-15","$900.00","DATABASE SUBSCRIPTION","","","","","SB17.I12628",""
"C00502229","WEBER FOR CONGRESS","H2TX14149","WEBER, RANDY","2026","H","TX","14","17","http://docquery.fec.gov/cgi-bin/fecimg/?202601309795080716","","LUNA'S MEXICAN RESTAURANT","704 WEST PARKWOOD","","FRIENDSWOOD","TX","77546","2025-10-15","$58.19","FOOD/BEVERAGES","","","","","SB17.I12690",""
"C00502229","WEBER FOR CONGRESS","H2TX14149","WEBER, RANDY","2026","H","TX","14","17","http://docquery.fec.gov/cgi-bin/fecimg/?202601309795080716","","CARDMEMBER SERVICE","P.O. BOX 1423","","CHARLOTTE","NC","282011423","2025-10-17","$8.52","CREDIT CARD PAYMENT (SEE BELOW IF ITEMIZED)","","","","","SB17.I12744",""
"C00502229","WEBER FOR CONGRESS","H2TX14149","WEBER, RANDY","2026","H","TX","14","17","http://docquery.fec.gov/cgi-bin/fecimg/?202601309795080725","","CARDMEMBER SERVICE","P.O. BOX 1423","","CHARLOTTE","NC","282011423","2025-11-13","$1,465.30","CREDIT CARD PAYMENT (SEE BELOW IF ITEMIZED)","","","","","SB17.I12746",""
"C00502229","WEBER FOR CONGRESS","H2TX14149","WEBER, RANDY","2026","H","TX","14","17","http://docquery.fec.gov/cgi-bin/fecimg/?202601309795080725","","ACCURATE WORD LLC","4481 WHITE PLAINS LN","","WHITE PLAINS","MD","20695","2025-11-13","$1,153.00","SUBSCRIPTION","X","","","","SB17.I12779","SB17.I12746"
"C00502229","WEBER FOR CONGRESS","H2TX14149","WEBER, RANDY","2026","H","TX","14","17","http://docquery.fec.gov/cgi-bin/fecimg/?202601309795080718","","TOTAL WINE & MORE","1451 CHAIN BRIDGE ROAD","","MCLEAN","VA","22101","2025-10-17","$84.08","FOOD/BEVERAGES","X","","","","SB17.I12766","SB17.I12745"
"C00502229","WEBER FOR CONGRESS","H2TX14149","WEBER, RANDY","2026","H","TX","14","17","http://docquery.fec.gov/cgi-bin/fecimg/?202601309795080718","","US HOUSE OF REPRESENTATIVES OFFICE SUPPLY","LONGWORTH BUILDING","","WASHINGTON","DC","20515","2025-10-17","$682.00","OFFICE SUPPLIES","X","","","","SB17.I12768","SB17.I12745"
"C00502229","WEBER FOR CONGRESS","H2TX14149","WEBER, RANDY","2026","H","TX","14","17","http://docquery.fec.gov/cgi-bin/fecimg/?202601309795080718","","LUNA'S MEXICAN RESTAURANT","704 WEST PARKWOOD","","FRIENDSWOOD","TX","77546","2025-10-19","$228.00","FOOD/BEVERAGES","","","","","SB17.I12691",""
"C00502229","WEBER FOR CONGRESS","H2TX14149","WEBER, RANDY","2026","H","TX","14","17","http://docquery.fec.gov/cgi-bin/fecimg/?202601309795080719","","APPLE","ONE APPLE PARKWAY","","CUPERTINO","CA","95014","2025-10-20","$9.99","SOFTWARE","","","","","SB17.I12714",""
"C00502229","WEBER FOR CONGRESS","H2TX14149","WEBER, RANDY","2026","H","TX","14","21","http://docquery.fec.gov/cgi-bin/fecimg/?202601309795080755","","BELTWAY 8 SOUTH CRISIS PREGNANCY CENTER","10851 SCARSDALE BLVD #800","","HOUSTON","TX","77089","2025-11-26","$50.00","CHARITABLE CONTRIBUTION","","","","","SB21.I12670",""
"C00502229","WEBER FOR CONGRESS","H2TX14149","WEBER, RANDY","2026","H","TX","14","21","http://docquery.fec.gov/cgi-bin/fecimg/?202601309795080755","","ADRIA WOMENS HEALTH","714 7TH AVE N","","TEXAS CITY","TX","77592","2025-11-28","$100.00","CHARITABLE CONTRIBUTION","","","","","SB21.I12671",""
"C00502229","WEBER FOR CONGRESS","H2TX14149","WEBER, RANDY","2026","H","TX","14","21","http://docquery.fec.gov/cgi-bin/fecimg/?202601309795080756","","ADRIA WOMENS HEALTH","714 7TH AVE N","","TEXAS CITY","TX","77592","2025-12-01","$100.00","CHARITABLE CONTRIBUTION","","","","","SB21.I12673",""
"C00502229","WEBER FOR CONGRESS","H2TX14149","WEBER, RANDY","2026","H","TX","14","21","http://docquery.fec.gov/cgi-bin/fecimg/?202601309795080756","","FRIENDSWOOD CRISIS PREGNANCY CENTER","347-B E PARKWOOD DR STE B","","FRIENDSWOOD","TX","77546","2025-12-01","$50.00","CHARITABLE CONTRIBUTION","","","","","SB21.I12672",""
"C00502229","WEBER FOR CONGRESS","H2TX14149","WEBER, RANDY","2026","H","TX","14","21","http://docquery.fec.gov/cgi-bin/fecimg/?202601309795080756","C00143743","REPUBLICAN PARTY OF TEXAS","PO BOX 2206","","AUSTIN","TX","787682206","2025-12-03","$20.00","CONTRIBUTION","","","","","SB21.I12686",""
"C00502229","WEBER FOR CONGRESS","H2TX14149","WEBER, RANDY","2026","H","TX","14","17","http://docquery.fec.gov/cgi-bin/fecimg/?202601309795080726","","DEMOCRACY ENGINE LLC","237 FLORIDA AVE NW","","WASHINGTON","DC","200011801","2025-11-13","$.05","EARMARK PROCESSING FEES","","","","","SB17.I12615",""
"C00502229","WEBER FOR CONGRESS","H2TX14149","WEBER, RANDY","2026","H","TX","14","17","http://docquery.fec.gov/cgi-bin/fecimg/?202601309795080727","","AMAZON.COM","1200 12TH AVE","","SEATTLE","WA","98144","2025-11-14","$14.03","OFFICE SUPPLIES","","","","","SB17.I12717",""
"C00502229","WEBER FOR CONGRESS","H2TX14149","WEBER, RANDY","2026","H","TX","14","17","http://docquery.fec.gov/cgi-bin/fecimg/?202601309795080727","","AMAZON.COM","1200 12TH AVE","","SEATTLE","WA","98144","2025-11-14","$28.13","OFFICE SUPPLIES","","","","","SB17.I12719",""
"C00502229","WEBER FOR CONGRESS","H2TX14149","WEBER, RANDY","2026","H","TX","14","17","http://docquery.fec.gov/cgi-bin/fecimg/?202601309795080727","","APPLE","ONE APPLE PARKWAY","","CUPERTINO","CA","95014","2025-11-14","$21.54","SOFTWARE","","","","","SB17.I12718",""
"C00502229","WEBER FOR CONGRESS","H2TX14149","WEBER, RANDY","2026","H","TX","14","17","http://docquery.fec.gov/cgi-bin/fecimg/?202601309795080728","","CAPITOL HILL CLUB","300 FIRST ST SE","","WASHINGTON","DC","20003","2025-11-15","$60.00","FOOD/BEVERAGES","","","","","SB17.I12648",""
"C00502229","WEBER FOR CONGRESS","H2TX14149","WEBER, RANDY","2026","H","TX","14","17","http://docquery.fec.gov/cgi-bin/fecimg/?202601309795080728","","CMDI","1593 SPRING HILL RD STE 400","","TYSONS CORNER","VA","22182","2025-11-15","$900.00","DATABASE SUBSCRIPTION","","","","","SB17.I12629",""
"C00502229","WEBER FOR CONGRESS","H2TX14149","WEBER, RANDY","2026","H","TX","14","17","http://docquery.fec.gov/cgi-bin/fecimg/?202601309795080728","","UNITED AIRLINES","233 S WACKER DR","","CHICAGO","IL","60606","2025-11-17","$8.00","TRAVEL","","","","","SB17.I12755",""
"C00502229","WEBER FOR CONGRESS","H2TX14149","WEBER, RANDY","2026","H","TX","14","17","http://docquery.fec.gov/cgi-bin/fecimg/?202601309795080729","","LILLY & COMPANY","1005 CONGRESS AVE STE 400","","AUSTIN","TX","78701","2025-11-18","$20,165.54","FUNDRAISING CONSULTING","","","","","SB17.I12603",""
"C00502229","WEBER FOR CONGRESS","H2TX14149","WEBER, RANDY","2026","H","TX","14","17","http://docquery.fec.gov/cgi-bin/fecimg/?202601309795080729","","APPLE","ONE APPLE PARKWAY","","CUPERTINO","CA","95014","2025-11-19","$9.99","SOFTWARE","","","","","SB17.I12721",""
"C00502229","WEBER FOR CONGRESS","H2TX14149","WEBER, RANDY","2026","H","TX","14","17","http://docquery.fec.gov/cgi-bin/fecimg/?202601309795080736","","AMAZON.COM","1200 12TH AVE","","SEATTLE","WA","98144","2025-12-04","$14.06","OFFICE SUPPLIES","","","","","SB17.I12728",""
"C00502229","WEBER FOR CONGRESS","H2TX14149","WEBER, RANDY","2026","H","TX","14","17","http://docquery.fec.gov/cgi-bin/fecimg/?202601309795080737","","RIGHTSIDE COMPLIANCE","7415 SOUTHWEST PKWY. BLDG 6 STE","","AUSTIN","TX","78735","2025-12-04","$2,950.00","COMPLIANCE CONSULTING","","","","","SB17.I12604",""
"C00502229","WEBER FOR CONGRESS","H2TX14149","WEBER, RANDY","2026","H","TX","14","17","http://docquery.fec.gov/cgi-bin/fecimg/?202601309795080737","","HEB #558","701 W PARKWOOD","","FRIENDSWOOD","TX","77546","2025-12-05","$110.72","FOOD/BEVERAGES","","","","","SB17.I12654",""
"C00502229","WEBER FOR CONGRESS","H2TX14149","WEBER, RANDY","2026","H","TX","14","17","http://docquery.fec.gov/cgi-bin/fecimg/?202601309795080737","","AMAZON.COM","1200 12TH AVE","","SEATTLE","WA","98144","2025-12-08","$57.66","OFFICE SUPPLIES","","","","","SB17.I12729",""
"C00502229","WEBER FOR CONGRESS","H2TX14149","WEBER, RANDY","2026","H","TX","14","17","http://docquery.fec.gov/cgi-bin/fecimg/?202601309795080738","","AMAZON.COM","1200 12TH AVE","","SEATTLE","WA","98144","2025-12-08","$28.10","OFFICE SUPPLIES","","","","","SB17.I12730",""
"C00502229","WEBER FOR CONGRESS","H2TX14149","WEBER, RANDY","2026","H","TX","14","17","http://docquery.fec.gov/cgi-bin/fecimg/?202601309795080738","","HEB #558","701 W PARKWOOD","","FRIENDSWOOD","TX","77546","2025-12-08","$131.80","FOOD/BEVERAGES","","","","","SB17.I12655",""
"C00502229","WEBER FOR CONGRESS","H2TX14149","WEBER, RANDY","2026","H","TX","14","17","http://docquery.fec.gov/cgi-bin/fecimg/?202601309795080738","","LUNA'S MEXICAN RESTAURANT","704 WEST PARKWOOD","","FRIENDSWOOD","TX","77546","2025-12-08","$110.00","FOOD/BEVERAGES","","","","","SB17.I12703",""
"C00502229","WEBER FOR CONGRESS","H2TX14149","WEBER, RANDY","2026","H","TX","14","17","http://docquery.fec.gov/cgi-bin/fecimg/?202601309795080739","","REPUBLICAN CONGRESSIONAL SPOUSES CLUB","2336 S QUEEN ST","","ARLINGTON","VA","22202","2025-12-09","$50.00","EVENT TICKETS","","","","","SB17.I12656",""
"C00502229","WEBER FOR CONGRESS","H2TX14149","WEBER, RANDY","2026","H","TX","14","17","http://docquery.fec.gov/cgi-bin/fecimg/?202601309795080739","","GALVESTON REGIONAL CHAMBER OF COMMERCE","2228 MECHANIC ST STE 101","SUITE 101","GALVESTON","TX","77550","2025-12-11","$400.00","MEMBERSHIP DUES","","","","","SB17.I12637",""
"C00502229","WEBER FOR CONGRESS","H2TX14149","WEBER, RANDY","2026","H","TX","14","17","http://docquery.fec.gov/cgi-bin/fecimg/?202601309795080739","","APPLE","ONE APPLE PARKWAY","","CUPERTINO","CA","95014","2025-12-15","$2.80","SOFTWARE","","","","","SB17.I12731",""
"C00502229","WEBER FOR CONGRESS","H2TX14149","WEBER, RANDY","2026","H","TX","14","17","http://docquery.fec.gov/cgi-bin/fecimg/?202601309795080740","","APPLE","ONE APPLE PARKWAY","","CUPERTINO","CA","95014","2025-12-15","$21.54","SOFTWARE","","","","","SB17.I12732",""
"C00502229","WEBER FOR CONGRESS","H2TX14149","WEBER, RANDY","2026","H","TX","14","17","http://docquery.fec.gov/cgi-bin/fecimg/?202601309795080726","","CONSTANT CONTACT","1601 TRAPELO ROAD","","WALTHAM","MA","02451","2025-11-13","$173.76","EMAIL MARKETING SERVICE","X","","","","SB17.I12778","SB17.I12746"
"C00502229","WEBER FOR CONGRESS","H2TX14149","WEBER, RANDY","2026","H","TX","14","17","http://docquery.fec.gov/cgi-bin/fecimg/?202601309795080726","","CARDMEMBER SERVICE","P.O. BOX 1423","","CHARLOTTE","NC","282011423","2025-11-13","$8.52","CREDIT CARD PAYMENT (SEE BELOW IF ITEMIZED)","","","","","SB17.I12747",""
"C00502229","WEBER FOR CONGRESS","H2TX14149","WEBER, RANDY","2026","H","TX","14","17","http://docquery.fec.gov/cgi-bin/fecimg/?202601309795080729","","AMAZON.COM","1200 12TH AVE","","SEATTLE","WA","98144","2025-11-20","$10.59","OFFICE SUPPLIES","","","","","SB17.I12722",""
"C00502229","WEBER FOR CONGRESS","H2TX14149","WEBER, RANDY","2026","H","TX","14","17","http://docquery.fec.gov/cgi-bin/fecimg/?202601309795080730","","DEMOCRACY ENGINE LLC","237 FLORIDA AVE NW","","WASHINGTON","DC","200011801","2025-11-20","$1.27","EARMARK PROCESSING FEES","","","","","SB17.I12616",""
"C00502229","WEBER FOR CONGRESS","H2TX14149","WEBER, RANDY","2026","H","TX","14","17","http://docquery.fec.gov/cgi-bin/fecimg/?202601309795080730","","GALVESTON COUNTY REPUBLICAN PARTY","P.O. BOX 135","","LEAGUE CITY","TX","77574","2025-11-20","$48.00","EVENT TICKETS","","","","","SB17.I12649",""
"C00502229","WEBER FOR CONGRESS","H2TX14149","WEBER, RANDY","2026","H","TX","14","17","http://docquery.fec.gov/cgi-bin/fecimg/?202601309795080730","","GALVESTON COUNTY REPUBLICAN PARTY","P.O. BOX 135","","LEAGUE CITY","TX","77574","2025-11-20","$23.00","EVENT TICKETS","","","","","SB17.I12650",""
"C00502229","WEBER FOR CONGRESS","H2TX14149","WEBER, RANDY","2026","H","TX","14","17","http://docquery.fec.gov/cgi-bin/fecimg/?202601309795080731","","APPLE","ONE APPLE PARKWAY","","CUPERTINO","CA","95014","2025-11-24","$2.14","SOFTWARE","","","","","SB17.I12723",""
"C00502229","WEBER FOR CONGRESS","H2TX14149","WEBER, RANDY","2026","H","TX","14","17","http://docquery.fec.gov/cgi-bin/fecimg/?202601309795080731","","HEB #558","701 W PARKWOOD","","FRIENDSWOOD","TX","77546","2025-11-24","$36.83","FOOD/BEVERAGES","","","","","SB17.I12652",""
"C00502229","WEBER FOR CONGRESS","H2TX14149","WEBER, RANDY","2026","H","TX","14","17","http://docquery.fec.gov/cgi-bin/fecimg/?202601309795080731","","STAPLES","19335 GULF FREEWAY","","WEBSTER","TX","77598","2025-11-24","$285.74","OFFICE SUPPLIES","","","","","SB17.I12724",""
"C00502229","WEBER FOR CONGRESS","H2TX14149","WEBER, RANDY","2026","H","TX","14","17","http://docquery.fec.gov/cgi-bin/fecimg/?202601309795080732","","TOTAL WINE & MORE","18740 GULF FWY","","FRIENDSWOOD","TX","77546","2025-11-24","$806.56","FOOD/BEVERAGES","","","","","SB17.I12651",""
"C00502229","WEBER FOR CONGRESS","H2TX14149","WEBER, RANDY","2026","H","TX","14","17","http://docquery.fec.gov/cgi-bin/fecimg/?202601309795080732","","WINRED TECHNICAL SERVICES","1776 WILSON BLVD STE 530","SUITE 530","ARLINGTON","VA","22219","2025-11-24","$5.32","CREDIT CARD MERCHANT FEES","","","","","SB17.I12626",""
"C00502229","WEBER FOR CONGRESS","H2TX14149","WEBER, RANDY","2026","H","TX","14","17","http://docquery.fec.gov/cgi-bin/fecimg/?202601309795080732","","BARGAS, JARED","2302 CAMBRIDGE CT. N","","LEAGUE CITY","TX","77573","2025-11-25","$500.00","CONTRACT LABOR - ADMINISTRATIVE SUPPORT","","","","","SB17.I12610",""
"C00502229","WEBER FOR CONGRESS","H2TX14149","WEBER, RANDY","2026","H","TX","14","17","http://docquery.fec.gov/cgi-bin/fecimg/?202601309795080733","","WHITENER, JEANETTE","2209 CEDAR MILL COURT","","VIENNA","VA","22182","2025-11-25","$500.00","CAMPAIGN MANAGER CONSULTING","","","","","SB17.I12607",""
"C00502229","WEBER FOR CONGRESS","H2TX14149","WEBER, RANDY","2026","H","TX","14","17","http://docquery.fec.gov/cgi-bin/fecimg/?202601309795080733","","INTUIT INC","2800 EAST COMMERCE CENTER PLACE","","TUCSON","AZ","85706","2025-11-25","$79.95","SUBSCRIPTION","","","","","SB17.I12632",""
"C00502229","WEBER FOR CONGRESS","H2TX14149","WEBER, RANDY","2026","H","TX","14","17","http://docquery.fec.gov/cgi-bin/fecimg/?202601309795080733","","ROJAS, SYMPHONY","103 WOODLEY RD","","LEANDER","TX","78641","2025-11-26","$250.00","CONTRACT LABOR - ADMINISTRATIVE SUPPORT","","","","","SB17.I12611",""
"C00502229","WEBER FOR CONGRESS","H2TX14149","WEBER, RANDY","2026","H","TX","14","17","http://docquery.fec.gov/cgi-bin/fecimg/?202601309795080734","","AMAZON.COM","1200 12TH AVE","","SEATTLE","WA","98144","2025-11-26","$7.35","OFFICE SUPPLIES","","","","","SB17.I12725",""
"C00502229","WEBER FOR CONGRESS","H2TX14149","WEBER, RANDY","2026","H","TX","14","17","http://docquery.fec.gov/cgi-bin/fecimg/?202601309795080734","","AT&T","P.O. BOX 6416","","CAROL STREAM","IL","601976416","2025-11-26","$189.01","TELEPHONE SERVICE","","","","","SB17.I12742",""
"C00502229","WEBER FOR CONGRESS","H2TX14149","WEBER, RANDY","2026","H","TX","14","17","http://docquery.fec.gov/cgi-bin/fecimg/?202601309795080734","","DEMOCRACY ENGINE LLC","237 FLORIDA AVE NW","","WASHINGTON","DC","200011801","2025-11-28","$.10","EARMARK PROCESSING FEES","","","","","SB17.I12600",""
"C00502229","WEBER FOR CONGRESS","H2TX14149","WEBER, RANDY","2026","H","TX","14","17","http://docquery.fec.gov/cgi-bin/fecimg/?202601309795080735","","CLEAR CREEK REPUBLICAN WOMEN","P.O. BOX 2171","","LEAGUE CITY","TX","77574","2025-11-30","$600.00","EVENT TICKETS","","","","","SB17.I12653",""
"C00502229","WEBER FOR CONGRESS","H2TX14149","WEBER, RANDY","2026","H","TX","14","17","http://docquery.fec.gov/cgi-bin/fecimg/?202601309795080735","","WINRED TECHNICAL SERVICES","1776 WILSON BLVD STE 530","SUITE 530","ARLINGTON","VA","22219","2025-12-01","$2.96","CREDIT CARD MERCHANT FEES","","","","","SB17.I12627",""
"C00502229","WEBER FOR CONGRESS","H2TX14149","WEBER, RANDY","2026","H","TX","14","17","http://docquery.fec.gov/cgi-bin/fecimg/?202601309795080735","","MICROSOFT","ONE MICROSOFT WAY","","REDMOND","VA","98052","2025-12-02","$42.63","SOFTWARE SERVICE","","","","","SB17.I12726",""
"C00502229","WEBER FOR CONGRESS","H2TX14149","WEBER, RANDY","2026","H","TX","14","17","http://docquery.fec.gov/cgi-bin/fecimg/?202601309795080736","","AMAZON.COM","1200 12TH AVE","","SEATTLE","WA","98144","2025-12-03","$17.84","OFFICE SUPPLIES","","","","","SB17.I12727",""
"C00502229","WEBER FOR CONGRESS","H2TX14149","WEBER, RANDY","2026","H","TX","14","17","http://docquery.fec.gov/cgi-bin/fecimg/?202601309795080736","","PUBLIC STORAGE","P.O. BOX 25050","","GLENDALE","CA","91221","2025-12-03","$423.00","STORAGE","","","","","SB17.I12740",""
"C00502229","WEBER FOR CONGRESS","H2TX14149","WEBER, RANDY","2026","H","TX","14","21","http://docquery.fec.gov/cgi-bin/fecimg/?202601309795080757","","CARDMEMBER SERVICE","P.O. BOX 1423","","CHARLOTTE","NC","282011423","2025-12-16","$750.00","CREDIT CARD PAYMENT (SEE BELOW IF ITEMIZED)","","","","","SB21.I12789",""
"C00502229","WEBER FOR CONGRESS","H2TX14149","WEBER, RANDY","2026","H","TX","14","21","http://docquery.fec.gov/cgi-bin/fecimg/?202601309795080757","","ALVIN COMMUNITY COLLEGE FOUNDATION","3110 MUSTANG RD","","ALVIN","TX","77511","2025-12-16","$750.00","CHARITABLE CONTRIBUTION","X","","","","SB21.I12781","SB21.I12789"
"C00502229","WEBER FOR CONGRESS","H2TX14149","WEBER, RANDY","2026","H","TX","14","21","http://docquery.fec.gov/cgi-bin/fecimg/?202601309795080757","","FRIENDSWOOD POLICE OFFICERS ASSOCIATION","1600 WHITAKER","","FRIENDSWOOD","TX","77546","2025-12-16","$500.00","CHARITABLE CONTRIBUTION","","","","","SB21.I12674",""
"C00502229","WEBER FOR CONGRESS","H2TX14149","WEBER, RANDY","2026","H","TX","14","21","http://docquery.fec.gov/cgi-bin/fecimg/?202601309795080758","C00922013","CARLOS FOR CONGRESS","PO BOX 2072","","UNIVERSAL CITY","TX","78148","2025-12-19","$2,000.00","CAMPAIGN CONTRIBUTION","","","","","SB21.I12680",""
"C00502229","WEBER FOR CONGRESS","H2TX14149","WEBER, RANDY","2026","H","TX","14","21","http://docquery.fec.gov/cgi-bin/fecimg/?202601309795080758","C00765719","MONICA FOR CONGRESS","PO BOX 4605","STE A","MCALLEN","TX","785024605","2025-12-19","$2,000.00","CAMPAIGN CONTRIBUTION","","","","","SB21.I12681",""
"C00502229","WEBER FOR CONGRESS","H2TX14149","WEBER, RANDY","2026","H","TX","14","21","http://docquery.fec.gov/cgi-bin/fecimg/?202601309795080758","","WIKIMEDIA FOUNDATION","1 MONTGOMERY ST STE 1600","","SAN FRANCISCO","CA","94104","2025-12-22","$3.10","CHARITABLE CONTRIBUTION","","","","","SB21.I12675",""
"C00502229","WEBER FOR CONGRESS","H2TX14149","WEBER, RANDY","2026","H","TX","14","21","http://docquery.fec.gov/cgi-bin/fecimg/?202601309795080759","C00917393","BRISCOE CAIN FOR CONGRESS","PO BOX 7","","DEER PARK","TX","77536","2025-12-23","$2,000.00","CAMPAIGN CONTRIBUTION","","","","","SB21.I12682",""
"C00502229","WEBER FOR CONGRESS","H2TX14149","WEBER, RANDY","2026","H","TX","14","21","http://docquery.fec.gov/cgi-bin/fecimg/?202601309795080759","","BELTWAY 8 SOUTH CRISIS PREGNANCY CENTER","10851 SCARSDALE BLVD #800","","HOUSTON","TX","77089","2025-12-29","$50.00","CHARITABLE DONATION","","","","","SB21.I12676",""
"C00502229","WEBER FOR CONGRESS","H2TX14149","WEBER, RANDY","2026","H","TX","14","21","http://docquery.fec.gov/cgi-bin/fecimg/?202601309795080759","","FRIENDSWOOD CRISIS PREGNANCY CENTER","347-B E PARKWOOD DR STE B","","FRIENDSWOOD","TX","77546","2025-12-30","$50.00","CHARITABLE CONTRIBUTION","","","","","SB21.I12677",""
"C00502229","WEBER FOR CONGRESS","H2TX14149","WEBER, RANDY","2026","H","TX","14","17","http://docquery.fec.gov/cgi-bin/fecimg/?202601309795080749","","DEMOCRACY ENGINE LLC","237 FLORIDA AVE NW","","WASHINGTON","DC","200011801","2025-12-26","$.05","EARMARK PROCESSING FEES","","","","","SB17.I12619",""
"C00502229","WEBER FOR CONGRESS","H2TX14149","WEBER, RANDY","2026","H","TX","14","17","http://docquery.fec.gov/cgi-bin/fecimg/?202601309795080749","","APPLE","ONE APPLE PARKWAY","","CUPERTINO","CA","95014","2025-12-29","$1.40","SOFTWARE","","","","","SB17.I12735",""
"C00502229","WEBER FOR CONGRESS","H2TX14149","WEBER, RANDY","2026","H","TX","14","17","http://docquery.fec.gov/cgi-bin/fecimg/?202601309795080750","","WINRED TECHNICAL SERVICES","1776 WILSON BLVD STE 530","SUITE 530","ARLINGTON","VA","22219","2025-12-29","$474.98","CREDIT CARD MERCHANT FEES","","","","","SB17.I12620",""
"C00502229","WEBER FOR CONGRESS","H2TX14149","WEBER, RANDY","2026","H","TX","14","17","http://docquery.fec.gov/cgi-bin/fecimg/?202601309795080719","","WINRED TECHNICAL SERVICES","1776 WILSON BLVD STE 530","SUITE 530","ARLINGTON","VA","22219","2025-10-20","$3.94","CREDIT CARD MERCHANT FEES","","","","","SB17.I12622",""
"C00502229","WEBER FOR CONGRESS","H2TX14149","WEBER, RANDY","2026","H","TX","14","17","http://docquery.fec.gov/cgi-bin/fecimg/?202601309795080719","","GALVESTON REPUBLICAN WOMEN","908 LAYFAIR PLACEATTN: TINA KIRBI","","FRIENDSWOOD","TX","77546","2025-10-22","$35.00","EVENT TICKET","","","","","SB17.I12635",""
"C00502229","WEBER FOR CONGRESS","H2TX14149","WEBER, RANDY","2026","H","TX","14","17","http://docquery.fec.gov/cgi-bin/fecimg/?202601309795080720","","BARGAS, JARED","2302 CAMBRIDGE CT. N","","LEAGUE CITY","TX","77573","2025-10-25","$500.00","CONTRACT LABOR - ADMINISTRATIVE SUPPORT","","","","","SB17.I12609",""
"C00502229","WEBER FOR CONGRESS","H2TX14149","WEBER, RANDY","2026","H","TX","14","17","http://docquery.fec.gov/cgi-bin/fecimg/?202601309795080720","","WHITENER, JEANETTE","2209 CEDAR MILL COURT","","VIENNA","VA","22182","2025-10-25","$500.00","CAMPAIGN MANAGER CONSULTING","","","","","SB17.I12606",""
"C00502229","WEBER FOR CONGRESS","H2TX14149","WEBER, RANDY","2026","H","TX","14","17","http://docquery.fec.gov/cgi-bin/fecimg/?202601309795080720","","INTUIT INC","2800 EAST COMMERCE CENTER PLACE","","TUCSON","AZ","85706","2025-10-25","$79.95","SUBSCRIPTION","","","","","SB17.I12631",""
"C00502229","WEBER FOR CONGRESS","H2TX14149","WEBER, RANDY","2026","H","TX","14","17","http://docquery.fec.gov/cgi-bin/fecimg/?202601309795080721","","AT&T","P.O. BOX 6416","","CAROL STREAM","IL","601976416","2025-10-27","$189.01","TELEPHONE SERVICE","","","","","SB17.I12741",""
"C00502229","WEBER FOR CONGRESS","H2TX14149","WEBER, RANDY","2026","H","TX","14","17","http://docquery.fec.gov/cgi-bin/fecimg/?202601309795080721","","WINRED TECHNICAL SERVICES","1776 WILSON BLVD STE 530","SUITE 530","ARLINGTON","VA","22219","2025-10-27","$1.38","CREDIT CARD MERCHANT FEES","","","","","SB17.I12623",""
"C00502229","WEBER FOR CONGRESS","H2TX14149","WEBER, RANDY","2026","H","TX","14","21","http://docquery.fec.gov/cgi-bin/fecimg/?202601309795080760","","ADRIA WOMENS HEALTH","714 7TH AVE N","","TEXAS CITY","TX","77592","2025-12-31","$100.00","CHARITABLE CONTRIBUTION","","","","","SB21.I12678",""
"C00502229","WEBER FOR CONGRESS","H2TX14149","WEBER, RANDY","2026","H","TX","14","17","http://docquery.fec.gov/cgi-bin/fecimg/?202601309795080740","","CAPITOL HILL CLUB","300 FIRST ST SE","","WASHINGTON","DC","20003","2025-12-15","$45.50","FOOD/BEVERAGES","","","","","SB17.I12638",""
"C00502229","WEBER FOR CONGRESS","H2TX14149","WEBER, RANDY","2026","H","TX","14","17","http://docquery.fec.gov/cgi-bin/fecimg/?202601309795080740","","CMDI","1593 SPRING HILL RD STE 400","","TYSONS CORNER","VA","22182","2025-12-15","$900.00","DATABASE SUBSCRIPTION","","","","","SB17.I12630",""
"C00502229","WEBER FOR CONGRESS","H2TX14149","WEBER, RANDY","2026","H","TX","14","17","http://docquery.fec.gov/cgi-bin/fecimg/?202601309795080741","","WINRED TECHNICAL SERVICES","1776 WILSON BLVD STE 530","SUITE 530","ARLINGTON","VA","22219","2025-12-15","$197.00","CREDIT CARD MERCHANT FEES","","","","","SB17.I12617",""
"C00502229","WEBER FOR CONGRESS","H2TX14149","WEBER, RANDY","2026","H","TX","14","17","http://docquery.fec.gov/cgi-bin/fecimg/?202601309795080741","","CARDMEMBER SERVICE","P.O. BOX 1423","","CHARLOTTE","NC","282011423","2025-12-16","$8.52","CREDIT CARD PAYMENT (SEE BELOW IF ITEMIZED)","","","","","SB17.I12748",""
"C00502229","WEBER FOR CONGRESS","H2TX14149","WEBER, RANDY","2026","H","TX","14","17","http://docquery.fec.gov/cgi-bin/fecimg/?202601309795080750","","PERRY AND SONS MARKET & GRILLE","614 SOUTH FRIENDSWOOD DR.","","FRIENDSWOOD","TX","77546","2025-12-30","$319.00","FOOD/BEVERAGES","","","","","SB17.I12706",""
"C00502229","WEBER FOR CONGRESS","H2TX14149","WEBER, RANDY","2026","H","TX","14","21","http://docquery.fec.gov/cgi-bin/fecimg/?202601309795080751","C00143743","REPUBLICAN PARTY OF TEXAS","PO BOX 2206","","AUSTIN","TX","787682206","2025-10-03","$20.00","CONTRIBUTION","","","","","SB21.I12683",""
"C00502229","WEBER FOR CONGRESS","H2TX14149","WEBER, RANDY","2026","H","TX","14","21","http://docquery.fec.gov/cgi-bin/fecimg/?202601309795080751","C00797670","AMERICAN ISRAEL PUBLIC AFFAIRS COMMITTEE POLITICAL ACTION COMMITTEE","251 H ST NW","","WASHINGTON","DC","20001","2025-10-08","$2,000.00","DONATION","","","","","SB21.I12663",""
"C00502229","WEBER FOR CONGRESS","H2TX14149","WEBER, RANDY","2026","H","TX","14","21","http://docquery.fec.gov/cgi-bin/fecimg/?202601309795080751","","CAPITOL WORSHIP","P.O. BOX 15817","","WASHINGTON","DC","200039998","2025-10-17","$100.00","CHARITABLE CONTRIBUTION","","","","","SB21.I12664",""
"C00502229","WEBER FOR CONGRESS","H2TX14149","WEBER, RANDY","2026","H","TX","14","21","http://docquery.fec.gov/cgi-bin/fecimg/?202601309795080752","","WIKIMEDIA FOUNDATION","1 MONTGOMERY ST STE 1600","","SAN FRANCISCO","CA","94104","2025-10-20","$3.10","CHARITABLE CONTRIBUTION","","","","","SB21.I12665",""
"C00502229","WEBER FOR CONGRESS","H2TX14149","WEBER, RANDY","2026","H","TX","14","21","http://docquery.fec.gov/cgi-bin/fecimg/?202601309795080752","","ROXANNE ACOSTA-HELLBURG FOR JEFFERSON CO CLERK","P.O. BOX 5053","","BEAUMONT","TX","77726","2025-10-23","$1,000.00","CAMPAIGN CONTRIBUTION","","","","","SB21.I12679",""
"C00502229","WEBER FOR CONGRESS","H2TX14149","WEBER, RANDY","2026","H","TX","14","21","http://docquery.fec.gov/cgi-bin/fecimg/?202601309795080752","","BELTWAY 8 SOUTH CRISIS PREGNANCY CENTER","10851 SCARSDALE BLVD #800","","HOUSTON","TX","77089","2025-10-28","$50.00","CHARITABLE CONTRIBUTION","","","","","SB21.I12666",""
"C00502229","WEBER FOR CONGRESS","H2TX14149","WEBER, RANDY","2026","H","TX","14","21","http://docquery.fec.gov/cgi-bin/fecimg/?202601309795080753","","FRIENDSWOOD CRISIS PREGNANCY CENTER","347-B E PARKWOOD DR STE B","","FRIENDSWOOD","TX","77546","2025-10-29","$50.00","CHARITABLE CONTRIBUTION","","","","","SB21.I12667",""
"C00502229","WEBER FOR CONGRESS","H2TX14149","WEBER, RANDY","2026","H","TX","14","21","http://docquery.fec.gov/cgi-bin/fecimg/?202601309795080753","C00143743","REPUBLICAN PARTY OF TEXAS","PO BOX 2206","","AUSTIN","TX","787682206","2025-11-03","$20.00","CONTRIBUTION","","","","","SB21.I12684",""
"C00502229","WEBER FOR CONGRESS","H2TX14149","WEBER, RANDY","2026","H","TX","14","21","http://docquery.fec.gov/cgi-bin/fecimg/?202601309795080753","","CARDMEMBER SERVICE","P.O. BOX 1423","","CHARLOTTE","NC","282011423","2025-11-13","$2,500.00","CREDIT CARD PAYMENT (SEE BELOW IF ITEMIZED)","","","","","SB21.I12788",""
"C00502229","WEBER FOR CONGRESS","H2TX14149","WEBER, RANDY","2026","H","TX","14","21","http://docquery.fec.gov/cgi-bin/fecimg/?202601309795080754","","ALVIN COMMUNITY COLLEGE FOUNDATION","3110 MUSTANG RD","","ALVIN","TX","77511","2025-11-13","$2,500.00","CHARITABLE CONTRIBUTION","X","","","","SB21.I12776","SB21.I12788"
"C00502229","WEBER FOR CONGRESS","H2TX14149","WEBER, RANDY","2026","H","TX","14","21","http://docquery.fec.gov/cgi-bin/fecimg/?202601309795080754","","TERRI LEO WILSON FOR STATE REP.","23 PIRATES BCH W","","GALVESTON","TX","77554","2025-11-15","$1,041.02","CAMPAIGN CONTRIBUTION","","","","","SB21.I12685",""
"C00502229","WEBER FOR CONGRESS","H2TX14149","WEBER, RANDY","2026","H","TX","14","17","http://docquery.fec.gov/cgi-bin/fecimg/?202601309795080741","","CARDMEMBER SERVICE","P.O. BOX 1423","","CHARLOTTE","NC","282011423","2025-12-16","$1,873.44","CREDIT CARD PAYMENT (SEE BELOW IF ITEMIZED)","","","","","SB17.I12749",""
"C00502229","WEBER FOR CONGRESS","H2TX14149","WEBER, RANDY","2026","H","TX","14","17","http://docquery.fec.gov/cgi-bin/fecimg/?202601309795080721","","APPLE","ONE APPLE PARKWAY","","CUPERTINO","CA","95014","2025-10-30","$33.86","SOFTWARE","","","","","SB17.I12715",""
"C00502229","WEBER FOR CONGRESS","H2TX14149","WEBER, RANDY","2026","H","TX","14","17","http://docquery.fec.gov/cgi-bin/fecimg/?202601309795080722","","MICROSOFT","ONE MICROSOFT WAY","","REDMOND","VA","98052","2025-11-03","$42.63","SOFTWARE SERVICE","","","","","SB17.I12716",""
"C00502229","WEBER FOR CONGRESS","H2TX14149","WEBER, RANDY","2026","H","TX","14","17","http://docquery.fec.gov/cgi-bin/fecimg/?202601309795080722","","PUBLIC STORAGE","P.O. BOX 25050","","GLENDALE","CA","91221","2025-11-03","$423.00","STORAGE","","","","","SB17.I12739",""
"C00502229","WEBER FOR CONGRESS","H2TX14149","WEBER, RANDY","2026","H","TX","14","17","http://docquery.fec.gov/cgi-bin/fecimg/?202601309795080722","","WINRED TECHNICAL SERVICES","1776 WILSON BLVD STE 530","SUITE 530","ARLINGTON","VA","22219","2025-11-03","$1.97","CREDIT CARD MERCHANT FEES","","","","","SB17.I12624",""
"C00502229","WEBER FOR CONGRESS","H2TX14149","WEBER, RANDY","2026","H","TX","14","17","http://docquery.fec.gov/cgi-bin/fecimg/?202601309795080723","","REPUBLICAN PARTY OF TEXAS","PO BOX 2206","","AUSTIN","TX","787682206","2025-11-03","$3,125.00","FILING FEES","","","","","SB17.I12659",""
"C00502229","WEBER FOR CONGRESS","H2TX14149","WEBER, RANDY","2026","H","TX","14","17","http://docquery.fec.gov/cgi-bin/fecimg/?202601309795080723","","FILIPP'S CAFE","2315 HOSKINS MOUND RD.","","DANBURY","TX","77534","2025-11-05","$152.21","FOOD/BEVERAGES","","","","","SB17.I12696",""
"C00502229","WEBER FOR CONGRESS","H2TX14149","WEBER, RANDY","2026","H","TX","14","17","http://docquery.fec.gov/cgi-bin/fecimg/?202601309795080723","","RIGHTSIDE COMPLIANCE","7415 SOUTHWEST PKWY. BLDG 6 STE","","AUSTIN","TX","78735","2025-11-05","$2,950.00","COMPLIANCE CONSULTING","","","","","SB17.I12602",""
"C00502229","WEBER FOR CONGRESS","H2TX14149","WEBER, RANDY","2026","H","TX","14","17","http://docquery.fec.gov/cgi-bin/fecimg/?202601309795080724","","USPS","310 MORNINGSIDE DR.","","FRIENDSWOOD","TX","77546","2025-11-06","$165.70","POSTAGE","","","","","SB17.I12736",""
"C00502229","WEBER FOR CONGRESS","H2TX14149","WEBER, RANDY","2026","H","TX","14","17","http://docquery.fec.gov/cgi-bin/fecimg/?202601309795080724","","LEX POLITICA PLLC","7415 SOUTHWEST PKWY. BLDG 6 STE","","AUSTIN","TX","78735","2025-11-07","$450.00","LEGAL CONSULTING","","","","","SB17.I12661",""
"C00502229","WEBER FOR CONGRESS","H2TX14149","WEBER, RANDY","2026","H","TX","14","17","http://docquery.fec.gov/cgi-bin/fecimg/?202602179834333110","","LEX POLITICA PLLC","7415 SOUTHWEST PKWY. BLDG 6 STE","","AUSTIN","TX","78735","2026-01-22","$450.00","LEGAL CONSULTING","","","","","SB17.I12866",""
"C00502229","WEBER FOR CONGRESS","H2TX14149","WEBER, RANDY","2026","H","TX","14","17","http://docquery.fec.gov/cgi-bin/fecimg/?202602179834333110","","LILLY & COMPANY","1005 CONGRESS AVE STE 400","","AUSTIN","TX","78701","2026-01-23","$1,160.29","FUNDRAISING CONSULTING","","","","","SB17.I12845",""
"C00502229","WEBER FOR CONGRESS","H2TX14149","WEBER, RANDY","2026","H","TX","14","17","http://docquery.fec.gov/cgi-bin/fecimg/?202602179834333111","","BARGAS, JARED","2302 CAMBRIDGE CT. N","","LEAGUE CITY","TX","77573","2026-01-25","$500.00","CONTRACT LABOR - ADMINISTRATIVE SUPPORT","","","","","SB17.I12848",""
"C00502229","WEBER FOR CONGRESS","H2TX14149","WEBER, RANDY","2026","H","TX","14","17","http://docquery.fec.gov/cgi-bin/fecimg/?202602179834333111","","ROJAS, SYMPHONY","103 WOODLEY RD","","LEANDER","TX","78641","2026-01-25","$500.00","CONTRACT LABOR - ADMINISTRATIVE SUPPORT","","","","","SB17.I12850",""
"C00502229","WEBER FOR CONGRESS","H2TX14149","WEBER, RANDY","2026","H","TX","14","17","http://docquery.fec.gov/cgi-bin/fecimg/?202602179834333111","","WHITENER, JEANETTE","2209 CEDAR MILL COURT","","VIENNA","VA","22182","2026-01-25","$500.00","CAMPAIGN MANAGER CONSULTING","","","","","SB17.I12849",""
"C00502229","WEBER FOR CONGRESS","H2TX14149","WEBER, RANDY","2026","H","TX","14","17","http://docquery.fec.gov/cgi-bin/fecimg/?202602179834333112","","INTUIT INC","2800 EAST COMMERCE CENTER PLACE","","TUCSON","AZ","85706","2026-01-25","$79.95","SUBSCRIPTION","","","","","SB17.I12858",""
"C00502229","WEBER FOR CONGRESS","H2TX14149","WEBER, RANDY","2026","H","TX","14","17","http://docquery.fec.gov/cgi-bin/fecimg/?202602179834333112","","AT&T","P.O. BOX 6416","","CAROL STREAM","IL","601976416","2026-01-26","$187.75","TELEPHONE SERVICE","","","","","SB17.I12836",""
"C00502229","WEBER FOR CONGRESS","H2TX14149","WEBER, RANDY","2026","H","TX","14","17","http://docquery.fec.gov/cgi-bin/fecimg/?202602179834333112","","WINRED TECHNICAL SERVICES","1776 WILSON BLVD STE 530","SUITE 530","ARLINGTON","VA","22219","2026-01-26","$5.32","CREDIT CARD MERCHANT FEES","","","","","SB17.I12855",""
"C00502229","WEBER FOR CONGRESS","H2TX14149","WEBER, RANDY","2026","H","TX","14","17","http://docquery.fec.gov/cgi-bin/fecimg/?202602179834333113","","MURRAY, AMBER","637 KYLE ST.","","ANGLETON","TX","77515","2026-01-30","$500.00","CONTRACT LABOR - ADMINISTRATIVE SUPPORT","","","","","SB17.I12847",""
"C00502229","WEBER FOR CONGRESS","H2TX14149","WEBER, RANDY","2026","H","TX","14","17","http://docquery.fec.gov/cgi-bin/fecimg/?202602179834333113","","AMAZON.COM","1200 12TH AVE","","SEATTLE","WA","98144","2026-02-02","$63.58","OFFICE SUPPLIES","","","","","SB17.I12824",""
"C00502229","WEBER FOR CONGRESS","H2TX14149","WEBER, RANDY","2026","H","TX","14","17","http://docquery.fec.gov/cgi-bin/fecimg/?202602179834333113","","MICROSOFT","ONE MICROSOFT WAY","","REDMOND","VA","98052","2026-02-02","$42.63","SOFTWARE SERVICE","","","","","SB17.I12831",""
"C00502229","WEBER FOR CONGRESS","H2TX14149","WEBER, RANDY","2026","H","TX","14","17","http://docquery.fec.gov/cgi-bin/fecimg/?202602179834333114","","WINRED TECHNICAL SERVICES","1776 WILSON BLVD STE 530","SUITE 530","ARLINGTON","VA","22219","2026-02-02","$5.91","CREDIT CARD MERCHANT FEES","","","","","SB17.I12856",""
"C00502229","WEBER FOR CONGRESS","H2TX14149","WEBER, RANDY","2026","H","TX","14","17","http://docquery.fec.gov/cgi-bin/fecimg/?202602179834333114","","PUBLIC STORAGE","P.O. BOX 25050","","GLENDALE","CA","91221","2026-02-03","$423.00","STORAGE","","","","","SB17.I12835",""
"C00502229","WEBER FOR CONGRESS","H2TX14149","WEBER, RANDY","2026","H","TX","14","17","http://docquery.fec.gov/cgi-bin/fecimg/?202602179834333114","","AMAZON.COM","1200 12TH AVE","","SEATTLE","WA","98144","2026-02-06","$21.54","OFFICE SUPPLIES","","","","","SB17.I12825",""
"C00502229","WEBER FOR CONGRESS","H2TX14149","WEBER, RANDY","2026","H","TX","14","17","http://docquery.fec.gov/cgi-bin/fecimg/?202602179834333115","","LA BRISA MEXICAN BAR & GRILL","501 N WESLEY DR.","","LEAGUE CITY","TX","77573","2026-02-09","$40.01","FOOD/BEVERAGES","","","","","SB17.I12811",""
"C00502229","WEBER FOR CONGRESS","H2TX14149","WEBER, RANDY","2026","H","TX","14","21","http://docquery.fec.gov/cgi-bin/fecimg/?202602179834333116","","HOUSTON YOUNG REPUBLICANS","3733-1 WESTHEIMER RD. #424","","HOUSTON","TX","77027","2026-01-22","$250.00","SPONSORSHIP","X","","","","SB21.I12883","SB17.I12838"
"C00502229","WEBER FOR CONGRESS","H2TX14149","WEBER, RANDY","2026","H","TX","14","17","http://docquery.fec.gov/cgi-bin/fecimg/?202602179834333110","","LA BRISA MEXICAN BAR & GRILL","501 N WESLEY DR.","","LEAGUE CITY","TX","77573","2026-01-22","$199.67","FOOD/BEVERAGES","X","","","","SB17.I12876","SB17.I12838"
"C00502229","WEBER FOR CONGRESS","H2TX14149","WEBER, RANDY","2026","H","TX","14","17","http://docquery.fec.gov/cgi-bin/fecimg/?202510159790811554","","LUNA'S MEXICAN RESTAURANT","704 WEST PARKWOOD","","FRIENDSWOOD","TX","77546","2025-07-25","$81.00","FOOD/BEVERAGES","","","","","SB17.I11445",""
"C00502229","WEBER FOR CONGRESS","H2TX14149","WEBER, RANDY","2026","H","TX","14","17","http://docquery.fec.gov/cgi-bin/fecimg/?202510159790811554","","RIGHTSIDE COMPLIANCE","P.O. BOX 341027","","AUSTIN","TX","78734","2025-07-25","$2,958.75","COMPLIANCE CONSULTING","","","","","SB17.I11475",""
"C00502229","WEBER FOR CONGRESS","H2TX14149","WEBER, RANDY","2026","H","TX","14","17","http://docquery.fec.gov/cgi-bin/fecimg/?202510159790811555","","APPLE","ONE APPLE PARKWAY","","CUPERTINO","CA","95014","2025-07-28","$10.81","SOFTWARE","","","","","SB17.I11354",""
"C00502229","WEBER FOR CONGRESS","H2TX14149","WEBER, RANDY","2026","H","TX","14","17","http://docquery.fec.gov/cgi-bin/fecimg/?202510159790811555","","AT&T","P.O. BOX 6416","","CAROL STREAM","IL","601976416","2025-07-28","$226.78","TELEPHONE SERVICE","","","","","SB17.I11370",""
"C00502229","WEBER FOR CONGRESS","H2TX14149","WEBER, RANDY","2026","H","TX","14","17","http://docquery.fec.gov/cgi-bin/fecimg/?202510159790811555","","INTUIT INC","2800 EAST COMMERCE CENTER PLACE","","TUCSON","AZ","85706","2025-07-28","$79.95","SUBSCRIPTION","","","","","SB17.I11559",""
"C00502229","WEBER FOR CONGRESS","H2TX14149","WEBER, RANDY","2026","H","TX","14","17","http://docquery.fec.gov/cgi-bin/fecimg/?202510159790811556","","THE DAILY WIRE","15021 VENTURA BLVD #503","","SHERMAN OAKS","CA","91403","2025-07-28","$269.54","SUBSCRIPTION","","","","","SB17.I11489",""
"C00502229","WEBER FOR CONGRESS","H2TX14149","WEBER, RANDY","2026","H","TX","14","17","http://docquery.fec.gov/cgi-bin/fecimg/?202510159790811556","","WINRED TECHNICAL SERVICES","1776 WILSON BLVD STE 530","SUITE 530","ARLINGTON","VA","22219","2025-07-28","$.99","CREDIT CARD MERCHANT FEES","","","","","SB17.I11514",""
"C00502229","WEBER FOR CONGRESS","H2TX14149","WEBER, RANDY","2026","H","TX","14","17","http://docquery.fec.gov/cgi-bin/fecimg/?202510159790811556","","APPLE","ONE APPLE PARKWAY","","CUPERTINO","CA","95014","2025-08-04","$61.68","SOFTWARE","","","","","SB17.I11355",""
"C00502229","WEBER FOR CONGRESS","H2TX14149","WEBER, RANDY","2026","H","TX","14","17","http://docquery.fec.gov/cgi-bin/fecimg/?202510159790811557","","APPLE","ONE APPLE PARKWAY","","CUPERTINO","CA","95014","2025-08-04","$32.46","SOFTWARE","","","","","SB17.I11356",""
"C00502229","WEBER FOR CONGRESS","H2TX14149","WEBER, RANDY","2026","H","TX","14","17","http://docquery.fec.gov/cgi-bin/fecimg/?202510159790811557","","APPLE","ONE APPLE PARKWAY","","CUPERTINO","CA","95014","2025-08-04","$48.70","SOFTWARE","","","","","SB17.I11357",""
"C00502229","WEBER FOR CONGRESS","H2TX14149","WEBER, RANDY","2026","H","TX","14","17","http://docquery.fec.gov/cgi-bin/fecimg/?202510159790811557","","MICROSOFT","ONE MICROSOFT WAY","","REDMOND","VA","98052","2025-08-04","$42.63","SOFTWARE SERVICE","","","","","SB17.I11455",""
"C00502229","WEBER FOR CONGRESS","H2TX14149","WEBER, RANDY","2026","H","TX","14","17","http://docquery.fec.gov/cgi-bin/fecimg/?202510159790811558","","PUBLIC STORAGE","P.O. BOX 25050","","GLENDALE","CA","91221","2025-08-04","$423.00","STORAGE","","","","","SB17.I11465",""
"C00502229","WEBER FOR CONGRESS","H2TX14149","WEBER, RANDY","2026","H","TX","14","17","http://docquery.fec.gov/cgi-bin/fecimg/?202510159790811558","","WINRED TECHNICAL SERVICES","1776 WILSON BLVD STE 530","SUITE 530","ARLINGTON","VA","22219","2025-08-04","$1.97","CREDIT CARD MERCHANT FEES","","","","","SB17.I11515",""
"C00502229","WEBER FOR CONGRESS","H2TX14149","WEBER, RANDY","2026","H","TX","14","17","http://docquery.fec.gov/cgi-bin/fecimg/?202510159790811558","","RIGHTSIDE COMPLIANCE","P.O. BOX 341027","","AUSTIN","TX","78734","2025-08-06","$2,959.70","COMPLIANCE CONSULTING","","","","","SB17.I11476",""
"C00502229","WEBER FOR CONGRESS","H2TX14149","WEBER, RANDY","2026","H","TX","14","17","http://docquery.fec.gov/cgi-bin/fecimg/?202510159790811559","","DEMOCRACY ENGINE LLC","237 FLORIDA AVE NW","","WASHINGTON","DC","200011801","2025-08-07","$.10","EARMARK PROCESSING FEES","","","","","SB17.I11400",""
"C00502229","WEBER FOR CONGRESS","H2TX14149","WEBER, RANDY","2026","H","TX","14","17","http://docquery.fec.gov/cgi-bin/fecimg/?202510159790811559","","LYFT","185 BERRY ST #5000","","SAN FRANCISCO","CA","94107","2025-08-07","$30.07","TRAVEL","","","","","SB17.I11448",""
"C00502229","WEBER FOR CONGRESS","H2TX14149","WEBER, RANDY","2026","H","TX","14","17","http://docquery.fec.gov/cgi-bin/fecimg/?202510159790811559","","AMAZON.COM","1200 12TH AVE","","SEATTLE","WA","98144","2025-08-08","$27.58","OFFICE SUPPLIES","","","","","SB17.I11324",""
"C00502229","WEBER FOR CONGRESS","H2TX14149","WEBER, RANDY","2026","H","TX","14","17","http://docquery.fec.gov/cgi-bin/fecimg/?202510159790811560","","LEX POLITICA PLLC","P.O. BOX 341016","","AUSTIN","TX","78734","2025-08-08","$450.00","LEGAL CONSULTING","","","","","SB17.I11437",""
"C00502229","WEBER FOR CONGRESS","H2TX14149","WEBER, RANDY","2026","H","TX","14","17","http://docquery.fec.gov/cgi-bin/fecimg/?202510159790811560","","FRIENDSWOOD CHAMBER OF COMMERCE","P.O. BOX 11","","FRIENDSWOOD","TX","775490011","2025-08-09","$275.00","MEMBERSHIP DUES","","","","","SB17.I11410",""
"C00502229","WEBER FOR CONGRESS","H2TX14149","WEBER, RANDY","2026","H","TX","14","17","http://docquery.fec.gov/cgi-bin/fecimg/?202510159790811560","","LA BRISA MEXICAN BAR & GRILL","501 N WESLEY DR.","","LEAGUE CITY","TX","77573","2025-08-10","$95.00","FOOD/BEVERAGES","","","","","SB17.I11432",""
"C00502229","WEBER FOR CONGRESS","H2TX14149","WEBER, RANDY","2026","H","TX","14","17","http://docquery.fec.gov/cgi-bin/fecimg/?202510159790811561","","AMAZON.COM","1200 12TH AVE","","SEATTLE","WA","98144","2025-08-11","$66.01","OFFICE SUPPLIES","","","","","SB17.I11325",""
"C00502229","WEBER FOR CONGRESS","H2TX14149","WEBER, RANDY","2026","H","TX","14","17","http://docquery.fec.gov/cgi-bin/fecimg/?202510159790811561","","LYFT","185 BERRY ST #5000","","SAN FRANCISCO","CA","94107","2025-08-11","$28.25","TRAVEL","","","","","SB17.I11449",""
"C00502229","WEBER FOR CONGRESS","H2TX14149","WEBER, RANDY","2026","H","TX","14","17","http://docquery.fec.gov/cgi-bin/fecimg/?202510159790811561","","LYFT","185 BERRY ST #5000","","SAN FRANCISCO","CA","94107","2025-08-11","$20.36","TRAVEL","","","","","SB17.I11450",""
"C00502229","WEBER FOR CONGRESS","H2TX14149","WEBER, RANDY","2026","H","TX","14","17","http://docquery.fec.gov/cgi-bin/fecimg/?202510159790811562","","LYFT","185 BERRY ST #5000","","SAN FRANCISCO","CA","94107","2025-08-12","$7.06","TRAVEL","","","","","SB17.I11451",""
"C00502229","WEBER FOR CONGRESS","H2TX14149","WEBER, RANDY","2026","H","TX","14","17","http://docquery.fec.gov/cgi-bin/fecimg/?202510159790811562","","APPLE","ONE APPLE PARKWAY","","CUPERTINO","CA","95014","2025-08-14","$7.57","SOFTWARE","","","","","SB17.I11358",""
"C00502229","WEBER FOR CONGRESS","H2TX14149","WEBER, RANDY","2026","H","TX","14","17","http://docquery.fec.gov/cgi-bin/fecimg/?202510159790811562","","APPLE","ONE APPLE PARKWAY","","CUPERTINO","CA","95014","2025-08-14","$21.54","SOFTWARE","","","","","SB17.I11359",""
"C00502229","WEBER FOR CONGRESS","H2TX14149","WEBER, RANDY","2026","H","TX","14","17","http://docquery.fec.gov/cgi-bin/fecimg/?202510159790811563","","DEMOCRACY ENGINE LLC","237 FLORIDA AVE NW","","WASHINGTON","DC","200011801","2025-08-14","$107.15","EARMARK PROCESSING FEES","","","","","SB17.I11402",""
"C00502229","WEBER FOR CONGRESS","H2TX14149","WEBER, RANDY","2026","H","TX","14","17","http://docquery.fec.gov/cgi-bin/fecimg/?202510159790811563","","CAPITOL HILL CLUB","300 FIRST ST SE","","WASHINGTON","DC","20003","2025-08-15","$144.63","FOOD/BEVERAGES","","","","","SB17.I11383",""
"C00502229","WEBER FOR CONGRESS","H2TX14149","WEBER, RANDY","2026","H","TX","14","17","http://docquery.fec.gov/cgi-bin/fecimg/?202510159790811563","","CMDI","1593 SPRING HILL RD STE 400","","TYSONS CORNER","VA","22182","2025-08-15","$900.00","DATABASE SUBSCRIPTION","","","","","SB17.I11396",""
"C00502229","WEBER FOR CONGRESS","H2TX14149","WEBER, RANDY","2026","H","TX","14","17","http://docquery.fec.gov/cgi-bin/fecimg/?202510159790811564","","ROYAL LIVINGSTON","MOSI-OA-TUNYA ROAD","LIVINGSTONE","ZAMBIA","ZZ","99999","2025-08-15","$192.00","FOOD/BEVERAGES","","","","","SB17.I11478",""
"C00502229","WEBER FOR CONGRESS","H2TX14149","WEBER, RANDY","2026","H","TX","14","17","http://docquery.fec.gov/cgi-bin/fecimg/?202510159790811564","","ROYAL LIVINGSTON","MOSI-OA-TUNYA ROAD","LIVINGSTONE","ZAMBIA","ZZ","99999","2025-08-16","$118.20","FOOD/BEVERAGES","","","","","SB17.I11479",""
"C00502229","WEBER FOR CONGRESS","H2TX14149","WEBER, RANDY","2026","H","TX","14","17","http://docquery.fec.gov/cgi-bin/fecimg/?202510159790811564","","DEMOCRACY ENGINE LLC","237 FLORIDA AVE NW","","WASHINGTON","DC","200011801","2025-08-18","$107.15","EARMARK PROCESSING FEES","","","","","SB17.I11403",""
"C00502229","WEBER FOR CONGRESS","H2TX14149","WEBER, RANDY","2026","H","TX","14","17","http://docquery.fec.gov/cgi-bin/fecimg/?202510159790811565","","AMAZON.COM","1200 12TH AVE","","SEATTLE","WA","98144","2025-08-19","$161.28","OFFICE SUPPLIES","","","","","SB17.I11326",""
"C00502229","WEBER FOR CONGRESS","H2TX14149","WEBER, RANDY","2026","H","TX","14","17","http://docquery.fec.gov/cgi-bin/fecimg/?202510159790811565","","APPLE","ONE APPLE PARKWAY","","CUPERTINO","CA","95014","2025-08-19","$9.99","SOFTWARE","","","","","SB17.I11360",""
"C00502229","WEBER FOR CONGRESS","H2TX14149","WEBER, RANDY","2026","H","TX","14","17","http://docquery.fec.gov/cgi-bin/fecimg/?202510159790811565","","APPLE","ONE APPLE PARKWAY","","CUPERTINO","CA","95014","2025-08-20","$269.54","SOFTWARE","","","","","SB17.I11361",""
"C00502229","WEBER FOR CONGRESS","H2TX14149","WEBER, RANDY","2026","H","TX","14","17","http://docquery.fec.gov/cgi-bin/fecimg/?202510159790811566","","GALVESTON REPUBLICAN WOMEN","908 LAYFAIR PLACEATTN: TINA KIRBI","","FRIENDSWOOD","TX","77546","2025-08-20","$25.00","EVENT TICKET","","","","","SB17.I11415",""
"C00502229","WEBER FOR CONGRESS","H2TX14149","WEBER, RANDY","2026","H","TX","14","17","http://docquery.fec.gov/cgi-bin/fecimg/?202510159790811566","","LILLY & COMPANY","1005 CONGRESS AVE STE 400","","AUSTIN","TX","78701","2025-08-20","$6,983.91","FUNDRAISING CONSULTING","","","","","SB17.I11440",""
"C00502229","WEBER FOR CONGRESS","H2TX14149","WEBER, RANDY","2026","H","TX","14","17","http://docquery.fec.gov/cgi-bin/fecimg/?202510159790811566","","APPLE","ONE APPLE PARKWAY","","CUPERTINO","CA","95014","2025-08-21","$7.57","SOFTWARE","","","","","SB17.I11362",""
"C00502229","WEBER FOR CONGRESS","H2TX14149","WEBER, RANDY","2026","H","TX","14","17","http://docquery.fec.gov/cgi-bin/fecimg/?202510159790811567","","DEMOCRACY ENGINE LLC","237 FLORIDA AVE NW","","WASHINGTON","DC","200011801","2025-08-21","$107.15","EARMARK PROCESSING FEES","","","","","SB17.I11404",""
"C00502229","WEBER FOR CONGRESS","H2TX14149","WEBER, RANDY","2026","H","TX","14","17","http://docquery.fec.gov/cgi-bin/fecimg/?202510159790811567","","UNITED AIRLINES","233 S WACKER DR","","CHICAGO","IL","60606","2025-08-21","$625.25","TRAVEL","","","","","SB17.I11498",""
"C00502229","WEBER FOR CONGRESS","H2TX14149","WEBER, RANDY","2026","H","TX","14","17","http://docquery.fec.gov/cgi-bin/fecimg/?202510159790811567","","UNITED AIRLINES","233 S WACKER DR","","CHICAGO","IL","60606","2025-08-21","$625.25","TRAVEL","","","","","SB17.I11499",""
"C00502229","WEBER FOR CONGRESS","H2TX14149","WEBER, RANDY","2026","H","TX","14","17","http://docquery.fec.gov/cgi-bin/fecimg/?202510159790811568","","CARDMEMBER SERVICE","P.O. BOX 1423","","CHARLOTTE","NC","282011423","2025-08-22","$8.52","CREDIT CARD PAYMENT (SEE BELOW IF ITEMIZED)","","","","","SB17.I11389",""
"C00502229","WEBER FOR CONGRESS","H2TX14149","WEBER, RANDY","2026","H","TX","14","17","http://docquery.fec.gov/cgi-bin/fecimg/?202510159790811568","","CARDMEMBER SERVICE","P.O. BOX 1423","","CHARLOTTE","NC","282011423","2025-08-22","$329.78","CREDIT CARD PAYMENT (SEE BELOW IF ITEMIZED)","","","","","SB17.I11390",""
"C00502229","WEBER FOR CONGRESS","H2TX14149","WEBER, RANDY","2026","H","TX","14","17","http://docquery.fec.gov/cgi-bin/fecimg/?202510159790811568","","CONSTANT CONTACT","1601 TRAPELO ROAD","","WALTHAM","MA","02451","2025-08-22","$173.76","EMAIL MARKETING SERVICE","X","","","","SB17.I11539","SB17.I11390"
"C00502229","WEBER FOR CONGRESS","H2TX14149","WEBER, RANDY","2026","H","TX","14","17","http://docquery.fec.gov/cgi-bin/fecimg/?202510159790811569","","HOUSE GIFT SHOP","FIRST STREET NE","","WASHINGTON","DC","20515","2025-08-22","$3.00","GIFTS","X","","","","SB17.I11538","SB17.I11390"
"C00502229","WEBER FOR CONGRESS","H2TX14149","WEBER, RANDY","2026","H","TX","14","17","http://docquery.fec.gov/cgi-bin/fecimg/?202510159790811569","","PAPPASITOS WEBSTER","20099 GULF FWY","","WEBSTER","TX","77598","2025-08-22","$103.02","FOOD/BEVERAGES","X","","","","SB17.I11540","SB17.I11390"
"C00502229","WEBER FOR CONGRESS","H2TX14149","WEBER, RANDY","2026","H","TX","14","17","http://docquery.fec.gov/cgi-bin/fecimg/?202510159790811569","","TEXAS STATE SOCIETY OF WASHINGTON DC","P.O. BOX 1283","","ALEXANDRIA","VA","22313","2025-08-22","$100.00","MEMBERSHIP DUES","","","","","SB17.I11484",""
"C00502229","WEBER FOR CONGRESS","H2TX14149","WEBER, RANDY","2026","H","TX","14","17","http://docquery.fec.gov/cgi-bin/fecimg/?202510159790811570","","THE CONGRESSIONAL CLUB","2001 NEW HAMPSHIRE AVE NW","","WASHINGTON","DC","20009","2025-08-22","$95.00","MEMBERSHIP DUES","","","","","SB17.I11488",""
"C00502229","WEBER FOR CONGRESS","H2TX14149","WEBER, RANDY","2026","H","TX","14","17","http://docquery.fec.gov/cgi-bin/fecimg/?202510159790811570","","BARGAS, JARED","2302 CAMBRIDGE CT. N","","LEAGUE CITY","TX","77573","2025-08-25","$500.00","CONTRACT LABOR - ADMINISTRATIVE SUPPORT","","","","","SB17.I11426",""
"C00502229","WEBER FOR CONGRESS","H2TX14149","WEBER, RANDY","2026","H","TX","14","17","http://docquery.fec.gov/cgi-bin/fecimg/?202510159790811570","","BUCKELS, LAYNEE","1250 HALF ST SE APT 959","","WASHINGTON","DC","20003","2025-08-25","$500.00","CONTRACT LABOR - COMMUNICATIONS DIRECTOR","","","","","SB17.I11435",""
"C00502229","WEBER FOR CONGRESS","H2TX14149","WEBER, RANDY","2026","H","TX","14","17","http://docquery.fec.gov/cgi-bin/fecimg/?202510159790811571","","WHITENER, JEANETTE","2209 CEDAR MILL COURT","","VIENNA","VA","22182","2025-08-25","$500.00","CAMPAIGN MANAGER CONSULTING","","","","","SB17.I11429",""
"C00502229","WEBER FOR CONGRESS","H2TX14149","WEBER, RANDY","2026","H","TX","14","17","http://docquery.fec.gov/cgi-bin/fecimg/?202510159790811571","","WINRED TECHNICAL SERVICES","1776 WILSON BLVD STE 530","SUITE 530","ARLINGTON","VA","22219","2025-08-25","$44.72","CREDIT CARD MERCHANT FEES","","","","","SB17.I11510",""
"C00502229","WEBER FOR CONGRESS","H2TX14149","WEBER, RANDY","2026","H","TX","14","17","http://docquery.fec.gov/cgi-bin/fecimg/?202510159790811571","","AT&T","P.O. BOX 6416","","CAROL STREAM","IL","601976416","2025-08-26","$188.89","TELEPHONE SERVICE","","","","","SB17.I11371",""
"C00502229","WEBER FOR CONGRESS","H2TX14149","WEBER, RANDY","2026","H","TX","14","17","http://docquery.fec.gov/cgi-bin/fecimg/?202510159790811572","","INTUIT INC","2800 EAST COMMERCE CENTER PLACE","","TUCSON","AZ","85706","2025-08-26","$79.95","SUBSCRIPTION","","","","","SB17.I11558",""
"C00502229","WEBER FOR CONGRESS","H2TX14149","WEBER, RANDY","2026","H","TX","14","17","http://docquery.fec.gov/cgi-bin/fecimg/?202510159790811572","","APPLE","ONE APPLE PARKWAY","","CUPERTINO","CA","95014","2025-08-28","$7.57","SOFTWARE","","","","","SB17.I11363",""
"C00502229","WEBER FOR CONGRESS","H2TX14149","WEBER, RANDY","2026","H","TX","14","17","http://docquery.fec.gov/cgi-bin/fecimg/?202510159790811572","","DEMOCRACY ENGINE LLC","237 FLORIDA AVE NW","","WASHINGTON","DC","200011801","2025-08-28","$321.45","EARMARK PROCESSING FEES","","","","","SB17.I11405",""
"C00502229","WEBER FOR CONGRESS","H2TX14149","WEBER, RANDY","2026","H","TX","14","17","http://docquery.fec.gov/cgi-bin/fecimg/?202510159790811573","","APPLE","ONE APPLE PARKWAY","","CUPERTINO","CA","95014","2025-08-29","$124.48","SOFTWARE","","","","","SB17.I11364",""
"C00502229","WEBER FOR CONGRESS","H2TX14149","WEBER, RANDY","2026","H","TX","14","17","http://docquery.fec.gov/cgi-bin/fecimg/?202510159790811573","","FILIPP'S CAFE","2315 HOSKINS MOUND RD.","","DANBURY","TX","77534","2025-08-29","$280.00","FOOD/BEVERAGES","","","","","SB17.I11408",""
"C00502229","WEBER FOR CONGRESS","H2TX14149","WEBER, RANDY","2026","H","TX","14","17","http://docquery.fec.gov/cgi-bin/fecimg/?202510159790811573","","AMAZON.COM","1200 12TH AVE","","SEATTLE","WA","98144","2025-09-02","$30.84","OFFICE SUPPLIES","","","","","SB17.I11327",""
"C00502229","WEBER FOR CONGRESS","H2TX14149","WEBER, RANDY","2026","H","TX","14","17","http://docquery.fec.gov/cgi-bin/fecimg/?202510159790811574","","AMAZON.COM","1200 12TH AVE","","SEATTLE","WA","98144","2025-09-02","$30.84","OFFICE SUPPLIES","","","","","SB17.I11328",""
"C00502229","WEBER FOR CONGRESS","H2TX14149","WEBER, RANDY","2026","H","TX","14","17","http://docquery.fec.gov/cgi-bin/fecimg/?202510159790811574","","APPLE","ONE APPLE PARKWAY","","CUPERTINO","CA","95014","2025-09-02","$40.03","SOFTWARE","","","","","SB17.I11365",""
"C00502229","WEBER FOR CONGRESS","H2TX14149","WEBER, RANDY","2026","H","TX","14","17","http://docquery.fec.gov/cgi-bin/fecimg/?202510159790811574","","MICROSOFT","ONE MICROSOFT WAY","","REDMOND","VA","98052","2025-09-02","$42.63","SOFTWARE SERVICE","","","","","SB17.I11456",""
"C00502229","WEBER FOR CONGRESS","H2TX14149","WEBER, RANDY","2026","H","TX","14","17","http://docquery.fec.gov/cgi-bin/fecimg/?202510159790811575","","WINRED TECHNICAL SERVICES","1776 WILSON BLVD STE 530","SUITE 530","ARLINGTON","VA","22219","2025-09-02","$2.96","CREDIT CARD MERCHANT FEES","","","","","SB17.I11516",""
"C00502229","WEBER FOR CONGRESS","H2TX14149","WEBER, RANDY","2026","H","TX","14","17","http://docquery.fec.gov/cgi-bin/fecimg/?202510159790811575","","AMAZON.COM","1200 12TH AVE","","SEATTLE","WA","98144","2025-09-03","$14.34","OFFICE SUPPLIES","","","","","SB17.I11329",""
"C00502229","WEBER FOR CONGRESS","H2TX14149","WEBER, RANDY","2026","H","TX","14","17","http://docquery.fec.gov/cgi-bin/fecimg/?202510159790811575","","DEMOCRACY ENGINE LLC","237 FLORIDA AVE NW","","WASHINGTON","DC","200011801","2025-09-04","$107.15","EARMARK PROCESSING FEES","","","","","SB17.I11406",""
"C00502229","WEBER FOR CONGRESS","H2TX14149","WEBER, RANDY","2026","H","TX","14","17","http://docquery.fec.gov/cgi-bin/fecimg/?202510159790811576","","PUBLIC STORAGE","P.O. BOX 25050","","GLENDALE","CA","91221","2025-09-04","$423.00","STORAGE","","","","","SB17.I11466",""
"C00502229","WEBER FOR CONGRESS","H2TX14149","WEBER, RANDY","2026","H","TX","14","17","http://docquery.fec.gov/cgi-bin/fecimg/?202510159790811576","","REPUBLICAN CONGRESSIONAL SPOUSES CLUB","2336 S QUEEN ST","","ARLINGTON","VA","22202","2025-09-04","$40.00","EVENT TICKET","","","","","SB17.I11469",""
"C00502229","WEBER FOR CONGRESS","H2TX14149","WEBER, RANDY","2026","H","TX","14","17","http://docquery.fec.gov/cgi-bin/fecimg/?202510159790811576","","RIGHTSIDE COMPLIANCE","P.O. BOX 341027","","AUSTIN","TX","78734","2025-09-04","$2,950.00","COMPLIANCE CONSULTING","","","","","SB17.I11477",""
"C00502229","WEBER FOR CONGRESS","H2TX14149","WEBER, RANDY","2026","H","TX","14","17","http://docquery.fec.gov/cgi-bin/fecimg/?202510159790811577","","LUNA'S MEXICAN RESTAURANT","704 WEST PARKWOOD","","FRIENDSWOOD","TX","77546","2025-09-05","$80.00","FOOD/BEVERAGES","","","","","SB17.I11446",""
"C00502229","WEBER FOR CONGRESS","H2TX14149","WEBER, RANDY","2026","H","TX","14","17","http://docquery.fec.gov/cgi-bin/fecimg/?202510159790811577","","REPUBLICAN CONGRESSIONAL SPOUSES CLUB","2336 S QUEEN ST","","ARLINGTON","VA","22202","2025-09-07","$166.00","EVENT TICKETS","","","","","SB17.I11470",""
"C00502229","WEBER FOR CONGRESS","H2TX14149","WEBER, RANDY","2026","H","TX","14","17","http://docquery.fec.gov/cgi-bin/fecimg/?202510159790811577","","AMAZON.COM","1200 12TH AVE","","SEATTLE","WA","98144","2025-09-08","$136.74","OFFICE SUPPLIES","","","","","SB17.I11330",""
"C00502229","WEBER FOR CONGRESS","H2TX14149","WEBER, RANDY","2026","H","TX","14","17","http://docquery.fec.gov/cgi-bin/fecimg/?202510159790811578","","AMAZON.COM","1200 12TH AVE","","SEATTLE","WA","98144","2025-09-08","$33.50","OFFICE SUPPLIES","","","","","SB17.I11331",""
"C00502229","WEBER FOR CONGRESS","H2TX14149","WEBER, RANDY","2026","H","TX","14","17","http://docquery.fec.gov/cgi-bin/fecimg/?202510159790811578","","AMAZON.COM","1200 12TH AVE","","SEATTLE","WA","98144","2025-09-08","$119.08","OFFICE SUPPLIES","","","","","SB17.I11332",""
"C00502229","WEBER FOR CONGRESS","H2TX14149","WEBER, RANDY","2026","H","TX","14","17","http://docquery.fec.gov/cgi-bin/fecimg/?202510159790811578","","AMAZON.COM","1200 12TH AVE","","SEATTLE","WA","98144","2025-09-08","$42.40","OFFICE SUPPLIES","","","","","SB17.I11333",""
"C00502229","WEBER FOR CONGRESS","H2TX14149","WEBER, RANDY","2026","H","TX","14","17","http://docquery.fec.gov/cgi-bin/fecimg/?202510159790811579","","AMAZON.COM","1200 12TH AVE","","SEATTLE","WA","98144","2025-09-08","$20.99","OFFICE SUPPLIES","","","","","SB17.I11334",""
"C00502229","WEBER FOR CONGRESS","H2TX14149","WEBER, RANDY","2026","H","TX","14","17","http://docquery.fec.gov/cgi-bin/fecimg/?202510159790811579","","LYFT","185 BERRY ST #5000","","SAN FRANCISCO","CA","94107","2025-09-09","$14.70","TRAVEL","","","","","SB17.I11452",""
"C00502229","WEBER FOR CONGRESS","H2TX14149","WEBER, RANDY","2026","H","TX","14","17","http://docquery.fec.gov/cgi-bin/fecimg/?202510159790811579","","APPLE","ONE APPLE PARKWAY","","CUPERTINO","CA","95014","2025-09-11","$7.57","SOFTWARE","","","","","SB17.I11366",""
"C00502229","WEBER FOR CONGRESS","H2TX14149","WEBER, RANDY","2026","H","TX","14","17","http://docquery.fec.gov/cgi-bin/fecimg/?202510159790811580","","HOUSTON LIVESTOCK SHOW AND RODEO","PO BOX 20070","","HOUSTON","TX","77225","2025-09-11","$500.00","SPONSORSHIP","","","","","SB17.I11422",""
"C00502229","WEBER FOR CONGRESS","H2TX14149","WEBER, RANDY","2026","H","TX","14","17","http://docquery.fec.gov/cgi-bin/fecimg/?202510159790811580","","LUNA'S MEXICAN RESTAURANT","704 WEST PARKWOOD","","FRIENDSWOOD","TX","77546","2025-09-11","$78.00","FOOD/BEVERAGES","","","","","SB17.I11447",""
"C00502229","WEBER FOR CONGRESS","H2TX14149","WEBER, RANDY","2026","H","TX","14","17","http://docquery.fec.gov/cgi-bin/fecimg/?202510159790811580","","AMAZON.COM","1200 12TH AVE","","SEATTLE","WA","98144","2025-09-15","$10.81","OFFICE SUPPLIES","","","","","SB17.I11335",""
"C00502229","WEBER FOR CONGRESS","H2TX14149","WEBER, RANDY","2026","H","TX","14","17","http://docquery.fec.gov/cgi-bin/fecimg/?202510159790811581","","AMAZON.COM","1200 12TH AVE","","SEATTLE","WA","98144","2025-09-15","$119.08","OFFICE SUPPLIES","","","","","SB17.I11336",""
"C00502229","WEBER FOR CONGRESS","H2TX14149","WEBER, RANDY","2026","H","TX","14","17","http://docquery.fec.gov/cgi-bin/fecimg/?202510159790811581","","AMAZON.COM","1200 12TH AVE","","SEATTLE","WA","98144","2025-09-15","$147.34","OFFICE SUPPLIES","","","","","SB17.I11337",""
"C00502229","WEBER FOR CONGRESS","H2TX14149","WEBER, RANDY","2026","H","TX","14","17","http://docquery.fec.gov/cgi-bin/fecimg/?202510159790811581","","APPLE","ONE APPLE PARKWAY","","CUPERTINO","CA","95014","2025-09-15","$21.54","SOFTWARE","","","","","SB17.I11367",""
"C00502229","WEBER FOR CONGRESS","H2TX14149","WEBER, RANDY","2026","H","TX","14","17","http://docquery.fec.gov/cgi-bin/fecimg/?202510159790811582","","CMDI","1593 SPRING HILL RD STE 400","","TYSONS CORNER","VA","22182","2025-09-15","$900.00","DATABASE SUBSCRIPTION","","","","","SB17.I11397",""
"C00502229","WEBER FOR CONGRESS","H2TX14149","WEBER, RANDY","2026","H","TX","14","17","http://docquery.fec.gov/cgi-bin/fecimg/?202510159790811582","","MICROSOFT","ONE MICROSOFT WAY","","REDMOND","VA","98052","2025-09-15","$153.51","SOFTWARE SERVICE","","","","","SB17.I11457",""
"C00502229","WEBER FOR CONGRESS","H2TX14149","WEBER, RANDY","2026","H","TX","14","17","http://docquery.fec.gov/cgi-bin/fecimg/?202510159790811582","","WINRED TECHNICAL SERVICES","1776 WILSON BLVD STE 530","SUITE 530","ARLINGTON","VA","22219","2025-09-15","$19.70","CREDIT CARD MERCHANT FEES","","","","","SB17.I11517",""
"C00502229","WEBER FOR CONGRESS","H2TX14149","WEBER, RANDY","2026","H","TX","14","17","http://docquery.fec.gov/cgi-bin/fecimg/?202510159790811583","","AMAZON.COM","1200 12TH AVE","","SEATTLE","WA","98144","2025-09-16","$27.56","OFFICE SUPPLIES","","","","","SB17.I11338",""
"C00502229","WEBER FOR CONGRESS","H2TX14149","WEBER, RANDY","2026","H","TX","14","17","http://docquery.fec.gov/cgi-bin/fecimg/?202510159790811583","","CLEAR LAKE CHAMBER OF COMMERCE","1201 E. NASA PKWY","","HOUSTON","TX","77058","2025-09-17","$445.00","MEMBERSHIP DUES","","","","","SB17.I11394",""
"C00502229","WEBER FOR CONGRESS","H2TX14149","WEBER, RANDY","2026","H","TX","14","17","http://docquery.fec.gov/cgi-bin/fecimg/?202510159790811583","","LILLY & COMPANY","1005 CONGRESS AVE STE 400","","AUSTIN","TX","78701","2025-09-17","$6,799.56","FUNDRAISING CONSULTING","","","","","SB17.I11441",""
"C00502229","WEBER FOR CONGRESS","H2TX14149","WEBER, RANDY","2026","H","TX","14","17","http://docquery.fec.gov/cgi-bin/fecimg/?202510159790811584","","DEMOCRACY ENGINE LLC","237 FLORIDA AVE NW","","WASHINGTON","DC","200011801","2025-09-18","$50.00","EARMARK PROCESSING FEES","","","","","SB17.I11407",""
"C00502229","WEBER FOR CONGRESS","H2TX14149","WEBER, RANDY","2026","H","TX","14","17","http://docquery.fec.gov/cgi-bin/fecimg/?202510159790811584","","APPLE","ONE APPLE PARKWAY","","CUPERTINO","CA","95014","2025-09-19","$9.99","SOFTWARE","","","","","SB17.I11368",""
"C00502229","WEBER FOR CONGRESS","H2TX14149","WEBER, RANDY","2026","H","TX","14","17","http://docquery.fec.gov/cgi-bin/fecimg/?202510159790811584","","REPUBLICAN CONGRESSIONAL SPOUSES CLUB","2336 S QUEEN ST","","ARLINGTON","VA","22202","2025-09-19","$100.00","EVENT TICKETS","","","","","SB17.I11471",""
"C00502229","WEBER FOR CONGRESS","H2TX14149","WEBER, RANDY","2026","H","TX","14","17","http://docquery.fec.gov/cgi-bin/fecimg/?202510159790811585","","AMAZON.COM","1200 12TH AVE","","SEATTLE","WA","98144","2025-09-22","$10.72","OFFICE SUPPLIES","","","","","SB17.I11339",""
"C00502229","WEBER FOR CONGRESS","H2TX14149","WEBER, RANDY","2026","H","TX","14","17","http://docquery.fec.gov/cgi-bin/fecimg/?202510159790811585","","LEX POLITICA PLLC","P.O. BOX 341016","","AUSTIN","TX","78734","2025-09-22","$450.00","LEGAL CONSULTING","","","","","SB17.I11438",""
"C00502229","WEBER FOR CONGRESS","H2TX14149","WEBER, RANDY","2026","H","TX","14","17","http://docquery.fec.gov/cgi-bin/fecimg/?202510159790811585","","USPS","310 MORNINGSIDE DR.","","FRIENDSWOOD","TX","77546","2025-09-22","$312.00","POSTAGE","","","","","SB17.I11500",""
"C00502229","WEBER FOR CONGRESS","H2TX14149","WEBER, RANDY","2026","H","TX","14","17","http://docquery.fec.gov/cgi-bin/fecimg/?202510159790811586","","WINRED TECHNICAL SERVICES","1776 WILSON BLVD STE 530","SUITE 530","ARLINGTON","VA","22219","2025-09-22","$5.32","CREDIT CARD MERCHANT FEES","","","","","SB17.I11518",""
"C00502229","WEBER FOR CONGRESS","H2TX14149","WEBER, RANDY","2026","H","TX","14","17","http://docquery.fec.gov/cgi-bin/fecimg/?202510159790811586","","AMAZON.COM","1200 12TH AVE","","SEATTLE","WA","98144","2025-09-23","$37.31","OFFICE SUPPLIES","","","","","SB17.I11340",""
"C00502229","WEBER FOR CONGRESS","H2TX14149","WEBER, RANDY","2026","H","TX","14","17","http://docquery.fec.gov/cgi-bin/fecimg/?202510159790811586","","AMAZON.COM","1200 12TH AVE","","SEATTLE","WA","98144","2025-09-24","$71.48","OFFICE SUPPLIES","","","","","SB17.I11341",""
"C00502229","WEBER FOR CONGRESS","H2TX14149","WEBER, RANDY","2026","H","TX","14","17","http://docquery.fec.gov/cgi-bin/fecimg/?202510159790811587","","BARGAS, JARED","2302 CAMBRIDGE CT. N","","LEAGUE CITY","TX","77573","2025-09-25","$500.00","CONTRACT LABOR - ADMINISTRATIVE SUPPORT","","","","","SB17.I11427",""
"C00502229","WEBER FOR CONGRESS","H2TX14149","WEBER, RANDY","2026","H","TX","14","17","http://docquery.fec.gov/cgi-bin/fecimg/?202510159790811587","","WHITENER, JEANETTE","2209 CEDAR MILL COURT","","VIENNA","VA","22182","2025-09-25","$500.00","CAMPAIGN MANAGER CONSULTING","","","","","SB17.I11430",""
"C00502229","WEBER FOR CONGRESS","H2TX14149","WEBER, RANDY","2026","H","TX","14","17","http://docquery.fec.gov/cgi-bin/fecimg/?202510159790811587","","CARDMEMBER SERVICE","P.O. BOX 1423","","CHARLOTTE","NC","282011423","2025-09-25","$477.85","CREDIT CARD PAYMENT (SEE BELOW IF ITEMIZED)","","","","","SB17.I11391",""
"C00502229","WEBER FOR CONGRESS","H2TX14149","WEBER, RANDY","2026","H","TX","14","17","http://docquery.fec.gov/cgi-bin/fecimg/?202510159790811588","","ALVIN FLOWERS","500 W HOUSE STREET","","ALVIN","TX","77511","2025-09-25","$202.43","FLOWERS","X","","","","SB17.I11541","SB17.I11391"
"C00502229","WEBER FOR CONGRESS","H2TX14149","WEBER, RANDY","2026","H","TX","14","17","http://docquery.fec.gov/cgi-bin/fecimg/?202510159790811588","","CONSTANT CONTACT","1601 TRAPELO ROAD","","WALTHAM","MA","02451","2025-09-25","$173.76","EMAIL MARKETING SERVICE","X","","","","SB17.I11542","SB17.I11391"
"C00502229","WEBER FOR CONGRESS","H2TX14149","WEBER, RANDY","2026","H","TX","14","17","http://docquery.fec.gov/cgi-bin/fecimg/?202510159790811588","","CARDMEMBER SERVICE","P.O. BOX 1423","","CHARLOTTE","NC","282011423","2025-09-25","$8.52","CREDIT CARD PAYMENT (SEE BELOW IF ITEMIZED)","","","","","SB17.I11392",""
"C00502229","WEBER FOR CONGRESS","H2TX14149","WEBER, RANDY","2026","H","TX","14","17","http://docquery.fec.gov/cgi-bin/fecimg/?202510159790811589","","AMAZON.COM","1200 12TH AVE","","SEATTLE","WA","98144","2025-09-26","$136.16","OFFICE SUPPLIES","","","","","SB17.I11342",""
"C00502229","WEBER FOR CONGRESS","H2TX14149","WEBER, RANDY","2026","H","TX","14","17","http://docquery.fec.gov/cgi-bin/fecimg/?202510159790811589","","AMAZON.COM","1200 12TH AVE","","SEATTLE","WA","98144","2025-09-26","$35.71","OFFICE SUPPLIES","","","","","SB17.I11343",""
"C00502229","WEBER FOR CONGRESS","H2TX14149","WEBER, RANDY","2026","H","TX","14","17","http://docquery.fec.gov/cgi-bin/fecimg/?202510159790811589","","AT&T","P.O. BOX 6416","","CAROL STREAM","IL","601976416","2025-09-26","$337.63","TELEPHONE SERVICE","","","","","SB17.I11372",""
"C00502229","WEBER FOR CONGRESS","H2TX14149","WEBER, RANDY","2026","H","TX","14","17","http://docquery.fec.gov/cgi-bin/fecimg/?202510159790811590","","INTUIT INC","2800 EAST COMMERCE CENTER PLACE","","TUCSON","AZ","85706","2025-09-26","$79.95","SUBSCRIPTION","","","","","SB17.I11424",""
"C00502229","WEBER FOR CONGRESS","H2TX14149","WEBER, RANDY","2026","H","TX","14","17","http://docquery.fec.gov/cgi-bin/fecimg/?202510159790811590","","GOLDEN TRIANGLE REPUBLICAN WOMEN","P.O. BOX 7795","","BEAUMONT","TX","77726","2025-09-27","$175.23","EVENT TICKETS","","","","","SB17.I11417",""
"C00502229","WEBER FOR CONGRESS","H2TX14149","WEBER, RANDY","2026","H","TX","14","17","http://docquery.fec.gov/cgi-bin/fecimg/?202510159790811590","","AMAZON.COM","1200 12TH AVE","","SEATTLE","WA","98144","2025-09-29","$43.26","OFFICE SUPPLIES","","","","","SB17.I11344",""
"C00502229","WEBER FOR CONGRESS","H2TX14149","WEBER, RANDY","2026","H","TX","14","17","http://docquery.fec.gov/cgi-bin/fecimg/?202510159790811591","","AMAZON.COM","1200 12TH AVE","","SEATTLE","WA","98144","2025-09-29","$21.62","OFFICE SUPPLIES","","","","","SB17.I11345",""
"C00502229","WEBER FOR CONGRESS","H2TX14149","WEBER, RANDY","2026","H","TX","14","17","http://docquery.fec.gov/cgi-bin/fecimg/?202510159790811591","","WINRED TECHNICAL SERVICES","1776 WILSON BLVD STE 530","SUITE 530","ARLINGTON","VA","22219","2025-09-29","$2.96","CREDIT CARD MERCHANT FEES","","","","","SB17.I11519",""
"C00502229","WEBER FOR CONGRESS","H2TX14149","WEBER, RANDY","2026","H","TX","14","17","http://docquery.fec.gov/cgi-bin/fecimg/?202510159790811591","","ANEDOT INC.","1340 POYDRAS ST. STE. 1770","","NEW ORLEANS","LA","70112","2025-09-30","$40.30","CREDIT CARD MERCHANT FEE","","","","","SB17.I11561",""
"C00502229","WEBER FOR CONGRESS","H2TX14149","WEBER, RANDY","2026","H","TX","14","21","http://docquery.fec.gov/cgi-bin/fecimg/?202510159790811592","","FRIENDSWOOD CRISIS PREGNANCY CENTER","347-B E PARKWOOD DR STE B","","FRIENDSWOOD","TX","77546","2025-07-01","$50.00","CHARITABLE CONTRIBUTION","","","","","SB21.I11411",""
"C00502229","WEBER FOR CONGRESS","H2TX14149","WEBER, RANDY","2026","H","TX","14","21","http://docquery.fec.gov/cgi-bin/fecimg/?202510159790811592","C00143743","REPUBLICAN PARTY OF TEXAS","P.O. BOX 2206","STE 500","AUSTIN","TX","787682206","2025-07-02","$20.00","CONTRIBUTION","","","","","SB21.I11472",""
"C00502229","WEBER FOR CONGRESS","H2TX14149","WEBER, RANDY","2026","H","TX","14","21","http://docquery.fec.gov/cgi-bin/fecimg/?202510159790811592","","CAPITOL WORSHIP","P.O. BOX 15817","","WASHINGTON","DC","200039998","2025-07-17","$100.00","CHARITABLE CONTRIBUTION","","","","","SB21.I11384",""
"C00502229","WEBER FOR CONGRESS","H2TX14149","WEBER, RANDY","2026","H","TX","14","21","http://docquery.fec.gov/cgi-bin/fecimg/?202510159790811593","","WIKIMEDIA FOUNDATION","1 MONTGOMERY ST STE 1600","","SAN FRANCISCO","CA","94104","2025-07-21","$3.10","CHARITABLE CONTRIBUTION","","","","","SB21.I11507",""
"C00502229","WEBER FOR CONGRESS","H2TX14149","WEBER, RANDY","2026","H","TX","14","21","http://docquery.fec.gov/cgi-bin/fecimg/?202510159790811593","","BELTWAY 8 SOUTH CRISIS PREGNANCY CENTER","10851 SCARSDALE BLVD #800","","HOUSTON","TX","77089","2025-07-28","$50.00","CHARITABLE CONTRIBUTION","","","","","SB21.I11373",""
"C00502229","WEBER FOR CONGRESS","H2TX14149","WEBER, RANDY","2026","H","TX","14","21","http://docquery.fec.gov/cgi-bin/fecimg/?202510159790811593","","FRIENDSWOOD CRISIS PREGNANCY CENTER","347-B E PARKWOOD DR STE B","","FRIENDSWOOD","TX","77546","2025-07-29","$50.00","CHARITABLE CONTRIBUTION","","","","","SB21.I11412",""
"C00502229","WEBER FOR CONGRESS","H2TX14149","WEBER, RANDY","2026","H","TX","14","21","http://docquery.fec.gov/cgi-bin/fecimg/?202510159790811594","","MILITARY MOMS AND WIVES OF BRAZORIA COUNTY","PO BOX 2345","","ANGLETON","TX","77516","2025-07-30","$100.00","CHARITABLE CONTRIBUTION","","","","","SB21.I11458",""
"C00502229","WEBER FOR CONGRESS","H2TX14149","WEBER, RANDY","2026","H","TX","14","21","http://docquery.fec.gov/cgi-bin/fecimg/?202510159790811594","C00143743","REPUBLICAN PARTY OF TEXAS","P.O. BOX 2206","STE 500","AUSTIN","TX","787682206","2025-08-04","$20.00","CONTRIBUTION","","","","","SB21.I11473",""
"C00502229","WEBER FOR CONGRESS","H2TX14149","WEBER, RANDY","2026","H","TX","14","21","http://docquery.fec.gov/cgi-bin/fecimg/?202510159790811594","","BIG BROTHERS BIG SISTERS GULF COAST","1021 61ST STREET SUITE A600","","GALVESTON","TX","77551","2025-08-06","$650.00","SPONSORSHIP","","","","","SB21.I11376",""
"C00502229","WEBER FOR CONGRESS","H2TX14149","WEBER, RANDY","2026","H","TX","14","21","http://docquery.fec.gov/cgi-bin/fecimg/?202510159790811595","","CAPITOL WORSHIP","P.O. BOX 15817","","WASHINGTON","DC","200039998","2025-08-17","$100.00","CHARITABLE CONTRIBUTION","","","","","SB21.I11385",""
"C00502229","WEBER FOR CONGRESS","H2TX14149","WEBER, RANDY","2026","H","TX","14","21","http://docquery.fec.gov/cgi-bin/fecimg/?202510159790811595","","WIKIMEDIA FOUNDATION","1 MONTGOMERY ST STE 1600","","SAN FRANCISCO","CA","94104","2025-08-20","$3.10","CHARITABLE CONTRIBUTION","","","","","SB21.I11508",""
"C00502229","WEBER FOR CONGRESS","H2TX14149","WEBER, RANDY","2026","H","TX","14","21","http://docquery.fec.gov/cgi-bin/fecimg/?202510159790811595","","BELTWAY 8 SOUTH CRISIS PREGNANCY CENTER","10851 SCARSDALE BLVD #800","","HOUSTON","TX","77089","2025-08-26","$50.00","CHARITABLE CONTRIBUTION","","","","","SB21.I11374",""
"C00502229","WEBER FOR CONGRESS","H2TX14149","WEBER, RANDY","2026","H","TX","14","21","http://docquery.fec.gov/cgi-bin/fecimg/?202510159790811596","","FRIENDSWOOD CRISIS PREGNANCY CENTER","347-B E PARKWOOD DR STE B","","FRIENDSWOOD","TX","77546","2025-08-29","$50.00","CHARITABLE CONTRIBUTION","","","","","SB21.I11413",""
"C00502229","WEBER FOR CONGRESS","H2TX14149","WEBER, RANDY","2026","H","TX","14","21","http://docquery.fec.gov/cgi-bin/fecimg/?202510159790811596","C00143743","REPUBLICAN PARTY OF TEXAS","P.O. BOX 2206","STE 500","AUSTIN","TX","787682206","2025-09-03","$20.00","CONTRIBUTION","","","","","SB21.I11474",""
"C00502229","WEBER FOR CONGRESS","H2TX14149","WEBER, RANDY","2026","H","TX","14","21","http://docquery.fec.gov/cgi-bin/fecimg/?202510159790811596","","CAPITOL WORSHIP","P.O. BOX 15817","","WASHINGTON","DC","200039998","2025-09-17","$100.00","CHARITABLE CONTRIBUTION","","","","","SB21.I11386",""
"C00502229","WEBER FOR CONGRESS","H2TX14149","WEBER, RANDY","2026","H","TX","14","21","http://docquery.fec.gov/cgi-bin/fecimg/?202510159790811597","","WIKIMEDIA FOUNDATION","1 MONTGOMERY ST STE 1600","","SAN FRANCISCO","CA","94104","2025-09-22","$3.10","CHARITABLE CONTRIBUTION","","","","","SB21.I11509",""
"C00502229","WEBER FOR CONGRESS","H2TX14149","WEBER, RANDY","2026","H","TX","14","21","http://docquery.fec.gov/cgi-bin/fecimg/?202510159790811597","","ANCHOR POINT","103 DAVIS RD STE B","","LEAGUE CITY","TX","77573","2025-09-23","$50.00","CHARITABLE CONTRIBUTION","","","","","SB21.I11347",""
"C00502229","WEBER FOR CONGRESS","H2TX14149","WEBER, RANDY","2026","H","TX","14","21","http://docquery.fec.gov/cgi-bin/fecimg/?202510159790811597","","AMERICAN LEGION POST #291","1402 FM 517","","SAN LEON","TX","77539","2025-09-26","$500.00","DONATION","","","","","SB21.I11346",""
"C00502229","WEBER FOR CONGRESS","H2TX14149","WEBER, RANDY","2026","H","TX","14","21","http://docquery.fec.gov/cgi-bin/fecimg/?202510159790811598","","BELTWAY 8 SOUTH CRISIS PREGNANCY CENTER","10851 SCARSDALE BLVD #800","","HOUSTON","TX","77089","2025-09-26","$50.00","CHARITABLE CONTRIBUTION","","","","","SB21.I11375",""
"C00502229","WEBER FOR CONGRESS","H2TX14149","WEBER, RANDY","2026","H","TX","14","21","http://docquery.fec.gov/cgi-bin/fecimg/?202510159790811598","","FRIENDSWOOD CRISIS PREGNANCY CENTER","347-B E PARKWOOD DR STE B","","FRIENDSWOOD","TX","77546","2025-09-30","$50.00","CHARITABLE CONTRIBUTION","","","","","SB21.I11414",""
"C00502229","WEBER FOR CONGRESS","H2TX14149","WEBER, RANDY","2026","H","TX","14","17","http://docquery.fec.gov/cgi-bin/fecimg/?202510159790811542","","LUNA'S MEXICAN RESTAURANT","704 WEST PARKWOOD","","FRIENDSWOOD","TX","77546","2025-07-01","$76.46","FOOD/BEVERAGES","","","","","SB17.I11443",""
"C00502229","WEBER FOR CONGRESS","H2TX14149","WEBER, RANDY","2026","H","TX","14","17","http://docquery.fec.gov/cgi-bin/fecimg/?202510159790811542","","ANEDOT INC.","1340 POYDRAS ST. STE. 1770","","NEW ORLEANS","LA","70112","2025-07-02","$20.30","CREDIT CARD MERCHANT FEES","","","","","SB17.I11348",""
"C00502229","WEBER FOR CONGRESS","H2TX14149","WEBER, RANDY","2026","H","TX","14","17","http://docquery.fec.gov/cgi-bin/fecimg/?202510159790811542","","MICROSOFT","ONE MICROSOFT WAY","","REDMOND","VA","98052","2025-07-02","$42.63","SOFTWARE SERVICE","","","","","SB17.I11454",""
"C00502229","WEBER FOR CONGRESS","H2TX14149","WEBER, RANDY","2026","H","TX","14","17","http://docquery.fec.gov/cgi-bin/fecimg/?202510159790811543","","OFFICEDEPOT.COM","6600 N MILITARY TRL","","BOCA RATON","FL","33496","2025-07-03","$231.42","OFFICE SUPPLIES","","","","","SB17.I11461",""
"C00502229","WEBER FOR CONGRESS","H2TX14149","WEBER, RANDY","2026","H","TX","14","17","http://docquery.fec.gov/cgi-bin/fecimg/?202510159790811543","","PUBLIC STORAGE","P.O. BOX 25050","","GLENDALE","CA","91221","2025-07-07","$423.00","STORAGE","","","","","SB17.I11464",""
"C00502229","WEBER FOR CONGRESS","H2TX14149","WEBER, RANDY","2026","H","TX","14","17","http://docquery.fec.gov/cgi-bin/fecimg/?202510159790811543","","WINRED TECHNICAL SERVICES","1776 WILSON BLVD STE 530","SUITE 530","ARLINGTON","VA","22219","2025-07-07","$78.80","CREDIT CARD MERCHANT FEES","","","","","SB17.I11511",""
"C00502229","WEBER FOR CONGRESS","H2TX14149","WEBER, RANDY","2026","H","TX","14","17","http://docquery.fec.gov/cgi-bin/fecimg/?202510159790811544","","APPLE","ONE APPLE PARKWAY","","CUPERTINO","CA","95014","2025-07-08","$4.94","SOFTWARE","","","","","SB17.I11350",""
"C00502229","WEBER FOR CONGRESS","H2TX14149","WEBER, RANDY","2026","H","TX","14","17","http://docquery.fec.gov/cgi-bin/fecimg/?202510159790811544","","DEMOCRACY ENGINE LLC","237 FLORIDA AVE NW","","WASHINGTON","DC","200011801","2025-07-10","$.10","EARMARK PROCESSING FEES","","","","","SB17.I11401",""
"C00502229","WEBER FOR CONGRESS","H2TX14149","WEBER, RANDY","2026","H","TX","14","17","http://docquery.fec.gov/cgi-bin/fecimg/?202510159790811544","","AMAZON.COM","1200 12TH AVE","","SEATTLE","WA","98144","2025-07-11","$14.06","OFFICE SUPPLIES","","","","","SB17.I11323",""
"C00502229","WEBER FOR CONGRESS","H2TX14149","WEBER, RANDY","2026","H","TX","14","17","http://docquery.fec.gov/cgi-bin/fecimg/?202510159790811545","","LUNA'S MEXICAN RESTAURANT","704 WEST PARKWOOD","","FRIENDSWOOD","TX","77546","2025-07-12","$176.00","FOOD/BEVERAGES","","","","","SB17.I11444",""
"C00502229","WEBER FOR CONGRESS","H2TX14149","WEBER, RANDY","2026","H","TX","14","17","http://docquery.fec.gov/cgi-bin/fecimg/?202510159790811545","","APPLE","ONE APPLE PARKWAY","","CUPERTINO","CA","95014","2025-07-14","$21.54","SOFTWARE","","","","","SB17.I11351",""
"C00502229","WEBER FOR CONGRESS","H2TX14149","WEBER, RANDY","2026","H","TX","14","17","http://docquery.fec.gov/cgi-bin/fecimg/?202510159790811545","","LEX POLITICA PLLC","P.O. BOX 341016","","AUSTIN","TX","78734","2025-07-14","$450.00","LEGAL CONSULTING","","","","","SB17.I11436",""
"C00502229","WEBER FOR CONGRESS","H2TX14149","WEBER, RANDY","2026","H","TX","14","17","http://docquery.fec.gov/cgi-bin/fecimg/?202510159790811546","","WINRED TECHNICAL SERVICES","1776 WILSON BLVD STE 530","SUITE 530","ARLINGTON","VA","22219","2025-07-14","$20.69","CREDIT CARD MERCHANT FEES","","","","","SB17.I11512",""
"C00502229","WEBER FOR CONGRESS","H2TX14149","WEBER, RANDY","2026","H","TX","14","17","http://docquery.fec.gov/cgi-bin/fecimg/?202510159790811546","","CAPITOL HILL CLUB","300 FIRST ST SE","","WASHINGTON","DC","20003","2025-07-15","$1,093.95","FOOD/BEVERAGES","","","","","SB17.I11382",""
"C00502229","WEBER FOR CONGRESS","H2TX14149","WEBER, RANDY","2026","H","TX","14","17","http://docquery.fec.gov/cgi-bin/fecimg/?202510159790811546","","CMDI","1593 SPRING HILL RD STE 400","","TYSONS CORNER","VA","22182","2025-07-15","$900.00","DATABASE SUBSCRIPTION","","","","","SB17.I11395",""
"C00502229","WEBER FOR CONGRESS","H2TX14149","WEBER, RANDY","2026","H","TX","14","17","http://docquery.fec.gov/cgi-bin/fecimg/?202510159790811547","","LILLY & COMPANY","1005 CONGRESS AVE STE 400","","AUSTIN","TX","78701","2025-07-17","$13,743.71","FUNDRAISING CONSULTING","","","","","SB17.I11439",""
"C00502229","WEBER FOR CONGRESS","H2TX14149","WEBER, RANDY","2026","H","TX","14","17","http://docquery.fec.gov/cgi-bin/fecimg/?202510159790811547","","WEBER, RANDY","1701 BENDING STREAM DR","","FRIENDSWOOD","TX","775467894","2025-07-18","$1,025.73","TRAVEL FOOD/BEVERAGES (SEE BELOW IF ITEMIZED)","","","","","SB17.I11467",""
"C00502229","WEBER FOR CONGRESS","H2TX14149","WEBER, RANDY","2026","H","TX","14","17","http://docquery.fec.gov/cgi-bin/fecimg/?202510159790811547","","WEBER, RANDY","1701 BENDING STREAM DR","","FRIENDSWOOD","TX","775467894","2025-07-18","$856.10","MILEAGE REIMBURSEMENT","X","","","","SB17.I11557","SB17.I11467"
"C00502229","WEBER FOR CONGRESS","H2TX14149","WEBER, RANDY","2026","H","TX","14","17","http://docquery.fec.gov/cgi-bin/fecimg/?202510159790811548","","THE TREMONT CAFE","2300 SHIP MECHANIC ROW ST","","GALVESTON","TX","77550","2025-07-18","$20.00","TRAVEL","X","","","","SB17.I11554","SB17.I11467"
"C00502229","WEBER FOR CONGRESS","H2TX14149","WEBER, RANDY","2026","H","TX","14","17","http://docquery.fec.gov/cgi-bin/fecimg/?202510159790811548","","BUCKELS, LAYNEE","1250 HALF ST SE APT 959","","WASHINGTON","DC","20003","2025-07-18","$500.00","CONTRACT LABOR - COMMUNICATIONS DIRECTOR","","","","","SB17.I11433",""
"C00502229","WEBER FOR CONGRESS","H2TX14149","WEBER, RANDY","2026","H","TX","14","17","http://docquery.fec.gov/cgi-bin/fecimg/?202510159790811548","","APPLE","ONE APPLE PARKWAY","","CUPERTINO","CA","95014","2025-07-21","$54.11","SOFTWARE","","","","","SB17.I11352",""
"C00502229","WEBER FOR CONGRESS","H2TX14149","WEBER, RANDY","2026","H","TX","14","17","http://docquery.fec.gov/cgi-bin/fecimg/?202510159790811549","","APPLE","ONE APPLE PARKWAY","","CUPERTINO","CA","95014","2025-07-21","$9.99","SOFTWARE","","","","","SB17.I11353",""
"C00502229","WEBER FOR CONGRESS","H2TX14149","WEBER, RANDY","2026","H","TX","14","17","http://docquery.fec.gov/cgi-bin/fecimg/?202510159790811549","","CARDMEMBER SERVICE","P.O. BOX 1423","","CHARLOTTE","NC","282011423","2025-07-21","$1,427.31","CREDIT CARD PAYMENT (SEE BELOW IF ITEMIZED)","","","","","SB17.I11387",""
"C00502229","WEBER FOR CONGRESS","H2TX14149","WEBER, RANDY","2026","H","TX","14","17","http://docquery.fec.gov/cgi-bin/fecimg/?202510159790811549","","CONSTANT CONTACT","1601 TRAPELO ROAD","","WALTHAM","MA","02451","2025-07-21","$173.76","EMAIL MARKETING SERVICE","X","","","","SB17.I11533","SB17.I11387"
"C00502229","WEBER FOR CONGRESS","H2TX14149","WEBER, RANDY","2026","H","TX","14","17","http://docquery.fec.gov/cgi-bin/fecimg/?202510159790811550","","FIVE GUYS","1100 NEW JERSEY AVE SE","","WASHINGTON","DC","20003","2025-07-21","$151.16","FOOD/BEVERAGES","X","","","","SB17.I11535","SB17.I11387"
"C00502229","WEBER FOR CONGRESS","H2TX14149","WEBER, RANDY","2026","H","TX","14","17","http://docquery.fec.gov/cgi-bin/fecimg/?202510159790811550","","HOUSE GIFT SHOP","FIRST STREET NE","","WASHINGTON","DC","20515","2025-07-21","$204.00","GIFTS","X","","","","SB17.I11526","SB17.I11387"
"C00502229","WEBER FOR CONGRESS","H2TX14149","WEBER, RANDY","2026","H","TX","14","17","http://docquery.fec.gov/cgi-bin/fecimg/?202510159790811550","","PAPPASITOS WEBSTER","20099 GULF FWY","","WEBSTER","TX","77598","2025-07-21","$21.35","FOOD/BEVERAGES","X","","","","SB17.I11528","SB17.I11387"
"C00502229","WEBER FOR CONGRESS","H2TX14149","WEBER, RANDY","2026","H","TX","14","17","http://docquery.fec.gov/cgi-bin/fecimg/?202510159790811551","","SANTA ROSA TAQUERIA","301 PENNSYLVANIA AVE. SE","","WASHINGTON","DC","20003","2025-07-21","$90.77","FOOD/BEVERAGES","X","","","","SB17.I11524","SB17.I11387"
"C00502229","WEBER FOR CONGRESS","H2TX14149","WEBER, RANDY","2026","H","TX","14","17","http://docquery.fec.gov/cgi-bin/fecimg/?202510159790811551","","THE TREMONT CAFE","2300 SHIP MECHANIC ROW ST","","GALVESTON","TX","77550","2025-07-21","$77.79","FOOD/BEVERAGES","X","","","","SB17.I11530","SB17.I11387"
"C00502229","WEBER FOR CONGRESS","H2TX14149","WEBER, RANDY","2026","H","TX","14","17","http://docquery.fec.gov/cgi-bin/fecimg/?202510159790811551","","THE TREMONT CAFE","2300 SHIP MECHANIC ROW ST","","GALVESTON","TX","77550","2025-07-21","$108.38","FOOD/BEVERAGES","X","","","","SB17.I11531","SB17.I11387"
"C00502229","WEBER FOR CONGRESS","H2TX14149","WEBER, RANDY","2026","H","TX","14","17","http://docquery.fec.gov/cgi-bin/fecimg/?202510159790811552","","TOTAL WINE & MORE","1451 CHAIN BRIDGE ROAD","","MCLEAN","VA","22101","2025-07-21","$339.78","FOOD/BEVERAGES","X","","","","SB17.I11523","SB17.I11387"
"C00502229","WEBER FOR CONGRESS","H2TX14149","WEBER, RANDY","2026","H","TX","14","17","http://docquery.fec.gov/cgi-bin/fecimg/?202510159790811552","","USPS PO WASHINGTON DC","600 PENNSYLVANIA AVE SE","","WASHINGTON","DC","20003","2025-07-21","$44.05","POSTAGE","X","","","","SB17.I11525","SB17.I11387"
"C00502229","WEBER FOR CONGRESS","H2TX14149","WEBER, RANDY","2026","H","TX","14","17","http://docquery.fec.gov/cgi-bin/fecimg/?202510159790811552","","CARDMEMBER SERVICE","P.O. BOX 1423","","CHARLOTTE","NC","282011423","2025-07-21","$8.52","CREDIT CARD PAYMENT (SEE BELOW IF ITEMIZED)","","","","","SB17.I11388",""
"C00502229","WEBER FOR CONGRESS","H2TX14149","WEBER, RANDY","2026","H","TX","14","17","http://docquery.fec.gov/cgi-bin/fecimg/?202510159790811553","","WINRED TECHNICAL SERVICES","1776 WILSON BLVD STE 530","SUITE 530","ARLINGTON","VA","22219","2025-07-21","$43.73","CREDIT CARD MERCHANT FEES","","","","","SB17.I11513",""
"C00502229","WEBER FOR CONGRESS","H2TX14149","WEBER, RANDY","2026","H","TX","14","17","http://docquery.fec.gov/cgi-bin/fecimg/?202510159790811553","","BARGAS, JARED","2302 CAMBRIDGE CT. N","","LEAGUE CITY","TX","77573","2025-07-25","$500.00","CONTRACT LABOR - ADMINISTRATIVE SUPPORT","","","","","SB17.I11425",""
"C00502229","WEBER FOR CONGRESS","H2TX14149","WEBER, RANDY","2026","H","TX","14","17","http://docquery.fec.gov/cgi-bin/fecimg/?202510159790811553","","BUCKELS, LAYNEE","1250 HALF ST SE APT 959","","WASHINGTON","DC","20003","2025-07-25","$500.00","CONTRACT LABOR - COMMUNICATIONS DIRECTOR","","","","","SB17.I11434",""
"C00502229","WEBER FOR CONGRESS","H2TX14149","WEBER, RANDY","2026","H","TX","14","17","http://docquery.fec.gov/cgi-bin/fecimg/?202510159790811554","","WHITENER, JEANETTE","2209 CEDAR MILL COURT","","VIENNA","VA","22182","2025-07-25","$500.00","CAMPAIGN MANAGER CONSULTING","","","","","SB17.I11428",""
"C00502229","WEBER FOR CONGRESS","H2TX14149","WEBER, RANDY","2026","H","TX","14","17","http://docquery.fec.gov/cgi-bin/fecimg/?202602179834333108","","CAPITOL HILL CLUB","300 FIRST ST SE","","WASHINGTON","DC","20003","2026-01-16","$1,229.85","FOOD/BEVERAGES","","","","","SB17.I12859",""
"C00502229","WEBER FOR CONGRESS","H2TX14149","WEBER, RANDY","2026","H","TX","14","17","http://docquery.fec.gov/cgi-bin/fecimg/?202602179834333108","","CMDI","1593 SPRING HILL RD STE 400","","TYSONS CORNER","VA","22182","2026-01-16","$1,000.00","DATABASE SUBSCRIPTION","","","","","SB17.I12857",""
"C00502229","WEBER FOR CONGRESS","H2TX14149","WEBER, RANDY","2026","H","TX","14","17","http://docquery.fec.gov/cgi-bin/fecimg/?202602179834333108","","WINRED TECHNICAL SERVICES","1776 WILSON BLVD STE 530","SUITE 530","ARLINGTON","VA","22219","2026-01-20","$98.50","CREDIT CARD MERCHANT FEES","","","","","SB17.I12854",""
"C00502229","WEBER FOR CONGRESS","H2TX14149","WEBER, RANDY","2026","H","TX","14","17","http://docquery.fec.gov/cgi-bin/fecimg/?202602179834333109","","CARDMEMBER SERVICE","P.O. BOX 1423","","CHARLOTTE","NC","282011423","2026-01-22","$8.52","CREDIT CARD PAYMENT (SEE BELOW IF ITEMIZED)","","","","","SB17.I12837",""
"C00502229","WEBER FOR CONGRESS","H2TX14149","WEBER, RANDY","2026","H","TX","14","17","http://docquery.fec.gov/cgi-bin/fecimg/?202602179834333107","","LILLY & COMPANY","1005 CONGRESS AVE STE 400","","AUSTIN","TX","78701","2026-01-15","$6,573.10","FUNDRAISING CONSULTING","","","","","SB17.I12844",""
"C00502229","WEBER FOR CONGRESS","H2TX14149","WEBER, RANDY","2026","H","TX","14","17","http://docquery.fec.gov/cgi-bin/fecimg/?202602179834333115","","THE UPS STORE","133 N FRIENDSWOOD DR.","","FRIENDSWOOD","TX","77546","2026-02-10","$20.53","SHIPPING","","","","","SB17.I12833",""
"C00502229","WEBER FOR CONGRESS","H2TX14149","WEBER, RANDY","2026","H","TX","14","17","http://docquery.fec.gov/cgi-bin/fecimg/?202602179834333115","","LEX POLITICA PLLC","7415 SOUTHWEST PKWY. BLDG 6 STE","","AUSTIN","TX","78735","2026-02-11","$450.00","LEGAL CONSULTING","","","","","SB17.I12867",""
"C00502229","WEBER FOR CONGRESS","H2TX14149","WEBER, RANDY","2026","H","TX","14","21","http://docquery.fec.gov/cgi-bin/fecimg/?202602179834333116","","AMERICAN JEWISH COMMITTEE","P.O. BOX 7247","","PHILADELPHIA","PA","191700001","2026-01-02","$1,500.00","CHARITABLE CONTRIBUTION","","","","","SB21.I12869",""
"C00502229","WEBER FOR CONGRESS","H2TX14149","WEBER, RANDY","2026","H","TX","14","21","http://docquery.fec.gov/cgi-bin/fecimg/?202602179834333116","","TEXAS RIGHT TO LIFE","4500 BISSONNET ST #305","","BELLAIRE","TX","77401","2026-01-02","$50.00","CHARITABLE CONTRIBUTION","","","","","SB21.I12870",""
"C00502229","WEBER FOR CONGRESS","H2TX14149","WEBER, RANDY","2026","H","TX","14","21","http://docquery.fec.gov/cgi-bin/fecimg/?202602179834333117","","UNBOUND NOW HOUSTON","2800 BROADWAY ST STE C #320","","PEARLAND","TX","775819503","2026-01-02","$1,200.00","CHARITABLE CONTRIBUTION","","","","","SB21.I12871",""
"C00502229","WEBER FOR CONGRESS","H2TX14149","WEBER, RANDY","2026","H","TX","14","21","http://docquery.fec.gov/cgi-bin/fecimg/?202602179834333117","C00143743","REPUBLICAN PARTY OF TEXAS","P.O. BOX 2206","","AUSTIN","TX","787682206","2026-01-05","$20.00","CONTRIBUTION","","","","","SB21.I12796",""
"C00502229","WEBER FOR CONGRESS","H2TX14149","WEBER, RANDY","2026","H","TX","14","21","http://docquery.fec.gov/cgi-bin/fecimg/?202602179834333117","C00797670","AMERICAN ISRAEL PUBLIC AFFAIRS COMMITTEE POLITICAL ACTION COMMITTEE","251 H ST NW","","WASHINGTON","DC","20001","2026-01-08","$2,000.00","PAC CONTRIBUTION","","","","","SB21.I12896",""
"C00502229","WEBER FOR CONGRESS","H2TX14149","WEBER, RANDY","2026","H","TX","14","21","http://docquery.fec.gov/cgi-bin/fecimg/?202602179834333118","C00726802","TEAM BUDDY","824 S. MILLEDGE AVE","SUITE 101","ATHENS","GA","30605","2026-01-09","$2,000.00","CAMPAIGN CONTRIBUTION","","","","","SB21.I12798",""
"C00502229","WEBER FOR CONGRESS","H2TX14149","WEBER, RANDY","2026","H","TX","14","21","http://docquery.fec.gov/cgi-bin/fecimg/?202602179834333118","","BRAZORIA COUNTY REPUBLICAN PARTY","135 SPANISH OAK CIRSHAYNE GREEN","","LAKE JACKSON","TX","77566","2026-01-13","$2,500.00","SPONSORSHIP","","","","","SB21.I12799",""
"C00502229","WEBER FOR CONGRESS","H2TX14149","WEBER, RANDY","2026","H","TX","14","21","http://docquery.fec.gov/cgi-bin/fecimg/?202602179834333118","","CAPITOL WORSHIP","P.O. BOX 15817","","WASHINGTON","DC","200039998","2026-01-16","-$100.00","CHARITABLE CONTRIBUTION","","VOID UNCLEARED CHECK ISSUED 11/17/2025","","","SB21.I12886",""
"C00502229","WEBER FOR CONGRESS","H2TX14149","WEBER, RANDY","2026","H","TX","14","17","http://docquery.fec.gov/cgi-bin/fecimg/?202602179834333102","","MICROSOFT","ONE MICROSOFT WAY","","REDMOND","VA","98052","2026-01-02","$42.63","SOFTWARE SERVICE","","","","","SB17.I12830",""
"C00502229","WEBER FOR CONGRESS","H2TX14149","WEBER, RANDY","2026","H","TX","14","17","http://docquery.fec.gov/cgi-bin/fecimg/?202602179834333102","","PUBLIC STORAGE","P.O. BOX 25050","","GLENDALE","CA","91221","2026-01-05","$423.00","STORAGE","","","","","SB17.I12834",""
"C00502229","WEBER FOR CONGRESS","H2TX14149","WEBER, RANDY","2026","H","TX","14","17","http://docquery.fec.gov/cgi-bin/fecimg/?202602179834333102","","WINRED TECHNICAL SERVICES","1776 WILSON BLVD STE 530","SUITE 530","ARLINGTON","VA","22219","2026-01-05","$2.07","CREDIT CARD MERCHANT FEES","","","","","SB17.I12852",""
"C00502229","WEBER FOR CONGRESS","H2TX14149","WEBER, RANDY","2026","H","TX","14","17","http://docquery.fec.gov/cgi-bin/fecimg/?202602179834333103","","RIGHTSIDE COMPLIANCE","7415 SOUTHWEST PKWY. BLDG 6 STE","","AUSTIN","TX","78735","2026-01-06","$3,040.53","COMPLIANCE CONSULTING","","","","","SB17.I12846",""
"C00502229","WEBER FOR CONGRESS","H2TX14149","WEBER, RANDY","2026","H","TX","14","17","http://docquery.fec.gov/cgi-bin/fecimg/?202602179834333103","","AMAZON.COM","1200 12TH AVE","","SEATTLE","WA","98144","2026-01-07","$26.48","OFFICE SUPPLIES","","","","","SB17.I12819",""
"C00502229","WEBER FOR CONGRESS","H2TX14149","WEBER, RANDY","2026","H","TX","14","17","http://docquery.fec.gov/cgi-bin/fecimg/?202602179834333103","","AMAZON.COM","1200 12TH AVE","","SEATTLE","WA","98144","2026-01-08","$18.39","OFFICE SUPPLIES","","","","","SB17.I12820",""
"C00502229","WEBER FOR CONGRESS","H2TX14149","WEBER, RANDY","2026","H","TX","14","17","http://docquery.fec.gov/cgi-bin/fecimg/?202602179834333104","","SOROPTIMIST INTERNATIONAL OF ALVIN","P.O. BOX 2293","","ALVIN","TX","77512","2026-01-09","$300.00","SPONSORSHIP","","","","","SB17.I12863",""
"C00502229","WEBER FOR CONGRESS","H2TX14149","WEBER, RANDY","2026","H","TX","14","17","http://docquery.fec.gov/cgi-bin/fecimg/?202602179834333104","","AMAZON.COM","1200 12TH AVE","","SEATTLE","WA","98144","2026-01-12","$23.80","OFFICE SUPPLIES","","","","","SB17.I12821",""
"C00502229","WEBER FOR CONGRESS","H2TX14149","WEBER, RANDY","2026","H","TX","14","17","http://docquery.fec.gov/cgi-bin/fecimg/?202602179834333104","","THE CONGRESSIONAL CLUB MUSEUM & FOUNDATION","2001 NEW HAMPSHIRE AVE NW","","WASHINGTON","DC","20009","2026-01-12","$250.00","MEMBERSHIP DUES","","","","","SB17.I12865",""
"C00502229","WEBER FOR CONGRESS","H2TX14149","WEBER, RANDY","2026","H","TX","14","17","http://docquery.fec.gov/cgi-bin/fecimg/?202602179834333105","","WINRED TECHNICAL SERVICES","1776 WILSON BLVD STE 530","SUITE 530","ARLINGTON","VA","22219","2026-01-12","$103.62","CREDIT CARD MERCHANT FEES","","","","","SB17.I12853",""
"C00502229","WEBER FOR CONGRESS","H2TX14149","WEBER, RANDY","2026","H","TX","14","17","http://docquery.fec.gov/cgi-bin/fecimg/?202602179834333105","","AMAZON.COM","1200 12TH AVE","","SEATTLE","WA","98144","2026-01-13","$54.11","OFFICE SUPPLIES","","","","","SB17.I12822",""
"C00502229","WEBER FOR CONGRESS","H2TX14149","WEBER, RANDY","2026","H","TX","14","17","http://docquery.fec.gov/cgi-bin/fecimg/?202602179834333105","","APPLE","ONE APPLE PARKWAY","","CUPERTINO","CA","95014","2026-01-13","$129.89","SOFTWARE","","","","","SB17.I12826",""
"C00502229","WEBER FOR CONGRESS","H2TX14149","WEBER, RANDY","2026","H","TX","14","17","http://docquery.fec.gov/cgi-bin/fecimg/?202602179834333106","","AMAZON.COM","1200 12TH AVE","","SEATTLE","WA","98144","2026-01-14","$10.77","OFFICE SUPPLIES","","","","","SB17.I12823",""
"C00502229","WEBER FOR CONGRESS","H2TX14149","WEBER, RANDY","2026","H","TX","14","17","http://docquery.fec.gov/cgi-bin/fecimg/?202602179834333106","","APPLE","ONE APPLE PARKWAY","","CUPERTINO","CA","95014","2026-01-14","$21.54","SOFTWARE","","","","","SB17.I12827",""
"C00502229","WEBER FOR CONGRESS","H2TX14149","WEBER, RANDY","2026","H","TX","14","17","http://docquery.fec.gov/cgi-bin/fecimg/?202602179834333106","","REPUBLICAN CONGRESSIONAL SPOUSES CLUB","2336 S QUEEN ST","","ARLINGTON","VA","22202","2026-01-14","$40.00","EVENT TICKETS","","","","","SB17.I12862",""
"C00502229","WEBER FOR CONGRESS","H2TX14149","WEBER, RANDY","2026","H","TX","14","17","http://docquery.fec.gov/cgi-bin/fecimg/?202602179834333107","","APPLE","ONE APPLE PARKWAY","","CUPERTINO","CA","95014","2026-01-15","$.99","SOFTWARE","","","","","SB17.I12828",""
"C00502229","WEBER FOR CONGRESS","H2TX14149","WEBER, RANDY","2026","H","TX","14","17","http://docquery.fec.gov/cgi-bin/fecimg/?202602179834333107","","DEMOCRACY ENGINE LLC","237 FLORIDA AVE NW","","WASHINGTON","DC","200011801","2026-01-15","$.05","EARMARK PROCESSING FEES","","","","","SB17.I12851",""
"C00923623","COMMITTEE TO ELECT KONSTANTINOS VOGIATZIS","H6TX14165","VOGIATZIS, KONSTANTINOS","2026","H","TX","14","17","http://docquery.fec.gov/cgi-bin/fecimg/?202602019825891495","","TEXAS DEMOCRATIC PARTY","314 E HIGHLAND MALL BLVD"," STE 508","AUSTIN","TX","78752","2025-12-04","$3,125.00","FILING FEE","","","001","Administrative/Salary/Overhead Expenses ","CDD-0000000454170279",""
"C00923623","COMMITTEE TO ELECT KONSTANTINOS VOGIATZIS","H6TX14157","VOGIATZIS, KONSTANTINOS","2026","H","TX","14","17","http://docquery.fec.gov/cgi-bin/fecimg/?202602019825891495","","TEXAS DEMOCRATIC PARTY","314 E HIGHLAND MALL BLVD"," STE 508","AUSTIN","TX","78752","2025-12-04","$3,125.00","FILING FEE","","","001","Administrative/Salary/Overhead Expenses ","CDD-0000000454170279",""
"C00923623","COMMITTEE TO ELECT KONSTANTINOS VOGIATZIS","H6TX14157","VOGIATZIS, KONSTANTINOS","2026","H","TX","14","17","http://docquery.fec.gov/cgi-bin/fecimg/?202602019825891495","","TGM DIGITAL MEDIA AND PRINTING","13910 MURPHY RD","","STAFFORD","TX","77477","2025-11-13","$250.00","CAMPAIGN T-SHIRTS - PRE-PAYMENT","","","006","Campaign Materials","CDD-0000000454170280",""
"C00923623","COMMITTEE TO ELECT KONSTANTINOS VOGIATZIS","H6TX14165","VOGIATZIS, KONSTANTINOS","2026","H","TX","14","17","http://docquery.fec.gov/cgi-bin/fecimg/?202602019825891495","","TGM DIGITAL MEDIA AND PRINTING","13910 MURPHY RD","","STAFFORD","TX","77477","2025-11-13","$250.00","CAMPAIGN T-SHIRTS - PRE-PAYMENT","","","006","Campaign Materials","CDD-0000000454170280",""
"C00923623","COMMITTEE TO ELECT KONSTANTINOS VOGIATZIS","H6TX14165","VOGIATZIS, KONSTANTINOS","2026","H","TX","14","17","http://docquery.fec.gov/cgi-bin/fecimg/?202602019825891495","","TGM DIGITAL MEDIA AND PRINTING","13910 MURPHY RD","","STAFFORD","TX","77477","2025-11-14","$308.57","CAMPAIGN T-SHIRTS - FINAL PAYMENT","","","006","Campaign Materials","CDD-0000000454170281",""
"C00923623","COMMITTEE TO ELECT KONSTANTINOS VOGIATZIS","H6TX14157","VOGIATZIS, KONSTANTINOS","2026","H","TX","14","17","http://docquery.fec.gov/cgi-bin/fecimg/?202602019825891495","","TGM DIGITAL MEDIA AND PRINTING","13910 MURPHY RD","","STAFFORD","TX","77477","2025-11-14","$308.57","CAMPAIGN T-SHIRTS - FINAL PAYMENT","","","006","Campaign Materials","CDD-0000000454170281",""
"C00923623","COMMITTEE TO ELECT KONSTANTINOS VOGIATZIS","H6TX14157","VOGIATZIS, KONSTANTINOS","2026","H","TX","14","17","http://docquery.fec.gov/cgi-bin/fecimg/?202602019825891496","","OPENAI OPCO, LLC","1455 3RD ST","","SAN FRANCISCO","CA","94158","2025-10-10","$212.80","PRO SUBSCRIPTION - OCT. 2025","","","001","Administrative/Salary/Overhead Expenses ","CDD-0000000454170283",""
"C00923623","COMMITTEE TO ELECT KONSTANTINOS VOGIATZIS","H6TX14165","VOGIATZIS, KONSTANTINOS","2026","H","TX","14","17","http://docquery.fec.gov/cgi-bin/fecimg/?202602019825891496","","OPENAI OPCO, LLC","1455 3RD ST","","SAN FRANCISCO","CA","94158","2025-10-10","$212.80","PRO SUBSCRIPTION - OCT. 2025","","","001","Administrative/Salary/Overhead Expenses ","CDD-0000000454170283",""
"C00923623","COMMITTEE TO ELECT KONSTANTINOS VOGIATZIS","H6TX14157","VOGIATZIS, KONSTANTINOS","2026","H","TX","14","17","http://docquery.fec.gov/cgi-bin/fecimg/?202602019825891496","","OPENAI OPCO, LLC","1455 3RD ST","","SAN FRANCISCO","CA","94158","2025-11-09","$212.80","PRO SUBSCRIPTION - NOV. 2025","","","001","Administrative/Salary/Overhead Expenses ","CDD-0000000454170284",""
"C00923623","COMMITTEE TO ELECT KONSTANTINOS VOGIATZIS","H6TX14165","VOGIATZIS, KONSTANTINOS","2026","H","TX","14","17","http://docquery.fec.gov/cgi-bin/fecimg/?202602019825891496","","OPENAI OPCO, LLC","1455 3RD ST","","SAN FRANCISCO","CA","94158","2025-11-09","$212.80","PRO SUBSCRIPTION - NOV. 2025","","","001","Administrative/Salary/Overhead Expenses ","CDD-0000000454170284",""
"C00923623","COMMITTEE TO ELECT KONSTANTINOS VOGIATZIS","H6TX14165","VOGIATZIS, KONSTANTINOS","2026","H","TX","14","17","http://docquery.fec.gov/cgi-bin/fecimg/?202602019825891496","","CALLTIME.AI","12501 IMPERIAL HWY","","NORWALK","CA","90650","2025-12-03","$574.99","CALL TIME SOFTWARE SUBSCRIPTION - DEC. 2025","","","001","Administrative/Salary/Overhead Expenses ","CDD-0000000454170285",""
"C00923623","COMMITTEE TO ELECT KONSTANTINOS VOGIATZIS","H6TX14157","VOGIATZIS, KONSTANTINOS","2026","H","TX","14","17","http://docquery.fec.gov/cgi-bin/fecimg/?202602019825891496","","CALLTIME.AI","12501 IMPERIAL HWY","","NORWALK","CA","90650","2025-12-03","$574.99","CALL TIME SOFTWARE SUBSCRIPTION - DEC. 2025","","","001","Administrative/Salary/Overhead Expenses ","CDD-0000000454170285",""
"C00923623","COMMITTEE TO ELECT KONSTANTINOS VOGIATZIS","H6TX14165","VOGIATZIS, KONSTANTINOS","2026","H","TX","14","17","http://docquery.fec.gov/cgi-bin/fecimg/?202602019825891497","","NEVERENDINGTX - FRANK CAMPOS","18334 GROVE BROOK LN","","CYPRESS","TX","77429","2025-12-03","$2,500.00","CAMPAIGN VIDEOGRAPHY - DEC. 2026","","","004","Advertising Expenses ","CDD-0000000454170290",""
"C00923623","COMMITTEE TO ELECT KONSTANTINOS VOGIATZIS","H6TX14157","VOGIATZIS, KONSTANTINOS","2026","H","TX","14","17","http://docquery.fec.gov/cgi-bin/fecimg/?202602019825891497","","NEVERENDINGTX - FRANK CAMPOS","18334 GROVE BROOK LN","","CYPRESS","TX","77429","2025-12-03","$2,500.00","CAMPAIGN VIDEOGRAPHY - DEC. 2026","","","004","Advertising Expenses ","CDD-0000000454170290",""
"C00923623","COMMITTEE TO ELECT KONSTANTINOS VOGIATZIS","H6TX14157","VOGIATZIS, KONSTANTINOS","2026","H","TX","14","17","http://docquery.fec.gov/cgi-bin/fecimg/?202602019825891497","","NEVERENDINGTX - FRANK CAMPOS","18334 GROVE BROOK LN","","CYPRESS","TX","77429","2025-12-03","$500.00","CAMPAIGN VIDEOGRAPHY - NOV. 2026","","","004","Advertising Expenses ","CDD-0000000454170291",""
"C00923623","COMMITTEE TO ELECT KONSTANTINOS VOGIATZIS","H6TX14165","VOGIATZIS, KONSTANTINOS","2026","H","TX","14","17","http://docquery.fec.gov/cgi-bin/fecimg/?202602019825891497","","NEVERENDINGTX - FRANK CAMPOS","18334 GROVE BROOK LN","","CYPRESS","TX","77429","2025-12-03","$500.00","CAMPAIGN VIDEOGRAPHY - NOV. 2026","","","004","Advertising Expenses ","CDD-0000000454170291",""
"C00923623","COMMITTEE TO ELECT KONSTANTINOS VOGIATZIS","H6TX14157","VOGIATZIS, KONSTANTINOS","2026","H","TX","14","17","http://docquery.fec.gov/cgi-bin/fecimg/?202602019825891497","","NEVERENDINGTX - FRANK CAMPOS","18334 GROVE BROOK LN","","CYPRESS","TX","77429","2025-10-17","$500.00","CAMPAIGN VIDEOGRAPHY - OCT. 2026","","","004","Advertising Expenses ","CDD-0000000454170292",""
"C00923623","COMMITTEE TO ELECT KONSTANTINOS VOGIATZIS","H6TX14165","VOGIATZIS, KONSTANTINOS","2026","H","TX","14","17","http://docquery.fec.gov/cgi-bin/fecimg/?202602019825891497","","NEVERENDINGTX - FRANK CAMPOS","18334 GROVE BROOK LN","","CYPRESS","TX","77429","2025-10-17","$500.00","CAMPAIGN VIDEOGRAPHY - OCT. 2026","","","004","Advertising Expenses ","CDD-0000000454170292",""
"C00502229","WEBER FOR CONGRESS","H2TX14149","WEBER, RANDY","2026","H","TX","14","17","http://docquery.fec.gov/cgi-bin/fecimg/?202505299761728307","","WHITENER, JEANETTE","2209 CEDAR MILL COURT","","VIENNA","VA","22182","2025-01-23","$500.00","CAMPAIGN MANAGER CONSULTING","","","","","SB17.I10784",""
"C00502229","WEBER FOR CONGRESS","H2TX14149","WEBER, RANDY","2026","H","TX","14","17","http://docquery.fec.gov/cgi-bin/fecimg/?202505299761728308","","WHITENER, JEANETTE","2209 CEDAR MILL COURT","","VIENNA","VA","22182","2025-02-23","$500.00","CAMPAIGN MANAGER CONSULTING","","","","","SB17.I10785",""
"C00502229","WEBER FOR CONGRESS","H2TX14149","WEBER, RANDY","2026","H","TX","14","17","http://docquery.fec.gov/cgi-bin/fecimg/?202505299761728308","","WHITENER, JEANETTE","2209 CEDAR MILL COURT","","VIENNA","VA","22182","2025-03-23","$500.00","CAMPAIGN MANAGER CONSULTING","","","","","SB17.I10786",""
"C00502229","WEBER FOR CONGRESS","H2TX14149","WEBER, RANDY","2026","H","TX","14","17","http://docquery.fec.gov/cgi-bin/fecimg/?202505299761728308","","WHITENER, JEANETTE","2209 CEDAR MILL COURT","","VIENNA","VA","22182","2025-02-11","$6,677.11","REIMBURSEMENT (SEE BELOW IF ITEMIZED)","","","","","SB17.I10925",""
"C00502229","WEBER FOR CONGRESS","H2TX14149","WEBER, RANDY","2026","H","TX","14","17","http://docquery.fec.gov/cgi-bin/fecimg/?202505299761728309","","AMERICAN LEGION-WDC","224 D STREET SE","","WASHINGTON","DC","20003","2025-02-11","$3,260.00","FACILITY RENTAL/EVENT CATERING","X","","","","SB17.I10959","SB17.I10925"
"C00502229","WEBER FOR CONGRESS","H2TX14149","WEBER, RANDY","2026","H","TX","14","17","http://docquery.fec.gov/cgi-bin/fecimg/?202505299761728309","","SAINT GERMAIN CATERING","8455K TYCO ROAD","","VIENNA","VA","22182","2025-02-11","$3,305.53","EVENT CATERING","X","","","","SB17.I10961","SB17.I10925"
"C00502229","WEBER FOR CONGRESS","H2TX14149","WEBER, RANDY","2026","H","TX","14","17","http://docquery.fec.gov/cgi-bin/fecimg/?202505299761728309","","AMAZON.COM","1200 12TH AVE","","SEATTLE","WA","98144","2025-01-16","$50.76","OFFICE SUPPLIES","","","","","SB17.I10903",""
"C00502229","WEBER FOR CONGRESS","H2TX14149","WEBER, RANDY","2026","H","TX","14","17","http://docquery.fec.gov/cgi-bin/fecimg/?202505299761728310","","AMAZON.COM","1200 12TH AVE","","SEATTLE","WA","98144","2025-01-21","$13.77","OFFICE SUPPLIES","","","","","SB17.I10905",""
"C00502229","WEBER FOR CONGRESS","H2TX14149","WEBER, RANDY","2026","H","TX","14","17","http://docquery.fec.gov/cgi-bin/fecimg/?202505299761728310","","AMAZON.COM","1200 12TH AVE","","SEATTLE","WA","98144","2025-01-27","$35.70","OFFICE SUPPLIES","","","","","SB17.I10907",""
"C00502229","WEBER FOR CONGRESS","H2TX14149","WEBER, RANDY","2026","H","TX","14","17","http://docquery.fec.gov/cgi-bin/fecimg/?202505299761728310","","AMAZON.COM","1200 12TH AVE","","SEATTLE","WA","98144","2025-02-04","$49.78","OFFICE SUPPLIES","","","","","SB17.I10908",""
"C00502229","WEBER FOR CONGRESS","H2TX14149","WEBER, RANDY","2026","H","TX","14","17","http://docquery.fec.gov/cgi-bin/fecimg/?202505299761728311","","AMAZON.COM","1200 12TH AVE","","SEATTLE","WA","98144","2025-03-24","$18.39","OFFICE SUPPLIES","","","","","SB17.I10921",""
"C00502229","WEBER FOR CONGRESS","H2TX14149","WEBER, RANDY","2026","H","TX","14","17","http://docquery.fec.gov/cgi-bin/fecimg/?202505299761728311","","ANEDOT INC.","1340 POYDRAS ST. STE. 1770","","NEW ORLEANS","LA","70112","2025-01-03","$40.30","CREDIT CARD MERCHANT FEES","","","","","SB17.I10802",""
"C00502229","WEBER FOR CONGRESS","H2TX14149","WEBER, RANDY","2026","H","TX","14","17","http://docquery.fec.gov/cgi-bin/fecimg/?202505299761728311","","ANEDOT INC.","1340 POYDRAS ST. STE. 1770","","NEW ORLEANS","LA","70112","2025-01-09","$24.50","CREDIT CARD MERCHANT FEES","","","","","SB17.I10803",""
"C00502229","WEBER FOR CONGRESS","H2TX14149","WEBER, RANDY","2026","H","TX","14","17","http://docquery.fec.gov/cgi-bin/fecimg/?202505299761728312","","ANEDOT INC.","1340 POYDRAS ST. STE. 1770","","NEW ORLEANS","LA","70112","2025-02-11","$132.30","CREDIT CARD MERCHANT FEES","","","","","SB17.I10804",""
"C00502229","WEBER FOR CONGRESS","H2TX14149","WEBER, RANDY","2026","H","TX","14","17","http://docquery.fec.gov/cgi-bin/fecimg/?202505299761728312","","ANEDOT INC.","1340 POYDRAS ST. STE. 1770","","NEW ORLEANS","LA","70112","2025-02-11","$4.20","CREDIT CARD MERCHANT FEES","","","","","SB17.I10805",""
"C00502229","WEBER FOR CONGRESS","H2TX14149","WEBER, RANDY","2026","H","TX","14","17","http://docquery.fec.gov/cgi-bin/fecimg/?202505299761728312","","ANEDOT INC.","1340 POYDRAS ST. STE. 1770","","NEW ORLEANS","LA","70112","2025-03-10","$4.20","CREDIT CARD MERCHANT FEES","","","","","SB17.I10808",""
"C00502229","WEBER FOR CONGRESS","H2TX14149","WEBER, RANDY","2026","H","TX","14","17","http://docquery.fec.gov/cgi-bin/fecimg/?202505299761728313","","APPLE","ONE APPLE PARKWAY","","CUPERTINO","CA","95014","2025-01-06","$2.80","SOFTWARE","","","","","SB17.I10898",""
"C00502229","WEBER FOR CONGRESS","H2TX14149","WEBER, RANDY","2026","H","TX","14","17","http://docquery.fec.gov/cgi-bin/fecimg/?202505299761728313","","APPLE","ONE APPLE PARKWAY","","CUPERTINO","CA","95014","2025-01-08","$1.40","SOFTWARE","","","","","SB17.I10899",""
"C00502229","WEBER FOR CONGRESS","H2TX14149","WEBER, RANDY","2026","H","TX","14","17","http://docquery.fec.gov/cgi-bin/fecimg/?202505299761728313","","APPLE","ONE APPLE PARKWAY","","CUPERTINO","CA","95014","2025-01-13","$129.89","SOFTWARE","","","","","SB17.I10900",""
"C00502229","WEBER FOR CONGRESS","H2TX14149","WEBER, RANDY","2026","H","TX","14","17","http://docquery.fec.gov/cgi-bin/fecimg/?202505299761728314","","APPLE","ONE APPLE PARKWAY","","CUPERTINO","CA","95014","2025-01-14","$21.54","SOFTWARE","","","","","SB17.I10901",""
"C00502229","WEBER FOR CONGRESS","H2TX14149","WEBER, RANDY","2026","H","TX","14","17","http://docquery.fec.gov/cgi-bin/fecimg/?202505299761728314","","APPLE","ONE APPLE PARKWAY","","CUPERTINO","CA","95014","2025-01-21","$9.99","SOFTWARE","","","","","SB17.I10906",""
"C00502229","WEBER FOR CONGRESS","H2TX14149","WEBER, RANDY","2026","H","TX","14","21","http://docquery.fec.gov/cgi-bin/fecimg/?202505299761728342","","BELTWAY 8 SOUTH CRISIS PREGNANCY CENTER","10851 SCARSDALE BLVD #800","","HOUSTON","TX","77089","2025-01-28","$50.00","CHARITABLE CONTRIBUTION","","","","","SB21.I10856",""
"C00502229","WEBER FOR CONGRESS","H2TX14149","WEBER, RANDY","2026","H","TX","14","21","http://docquery.fec.gov/cgi-bin/fecimg/?202505299761728343","","BELTWAY 8 SOUTH CRISIS PREGNANCY CENTER","10851 SCARSDALE BLVD #800","","HOUSTON","TX","77089","2025-02-26","$50.00","CHARITABLE CONTRIBUTION","","","","","SB21.I10860",""
"C00502229","WEBER FOR CONGRESS","H2TX14149","WEBER, RANDY","2026","H","TX","14","21","http://docquery.fec.gov/cgi-bin/fecimg/?202505299761728343","","BELTWAY 8 SOUTH CRISIS PREGNANCY CENTER","10851 SCARSDALE BLVD #800","","HOUSTON","TX","77089","2025-03-26","$50.00","CHARITABLE CONTRIBUTION","","","","","SB21.I10863",""
"C00502229","WEBER FOR CONGRESS","H2TX14149","WEBER, RANDY","2026","H","TX","14","21","http://docquery.fec.gov/cgi-bin/fecimg/?202505299761728343","","FRIENDSWOOD CRISIS PREGNANCY CENTER","347-B E PARKWOOD DR STE B","","FRIENDSWOOD","TX","77546","2025-01-29","$50.00","CHARITABLE CONTRIBUTION","","","","","SB21.I10857",""
"C00502229","WEBER FOR CONGRESS","H2TX14149","WEBER, RANDY","2026","H","TX","14","21","http://docquery.fec.gov/cgi-bin/fecimg/?202505299761728344","","FRIENDSWOOD CRISIS PREGNANCY CENTER","347-B E PARKWOOD DR STE B","","FRIENDSWOOD","TX","77546","2025-03-03","$50.00","CHARITABLE CONTRIBUTION","","","","","SB21.I10861",""
"C00502229","WEBER FOR CONGRESS","H2TX14149","WEBER, RANDY","2026","H","TX","14","21","http://docquery.fec.gov/cgi-bin/fecimg/?202505299761728344","","FRIENDSWOOD CRISIS PREGNANCY CENTER","347-B E PARKWOOD DR STE B","","FRIENDSWOOD","TX","77546","2025-03-31","$50.00","CHARITABLE CONTRIBUTION","","","","","SB21.I10864",""
"C00502229","WEBER FOR CONGRESS","H2TX14149","WEBER, RANDY","2026","H","TX","14","21","http://docquery.fec.gov/cgi-bin/fecimg/?202505299761728342","","AMERICAN JEWISH COMMITTEE","P.O. BOX 7247","","PHILADELPHIA","PA","191700001","2025-02-24","$1,047.32","CHARITABLE CONTRIBUTION","","","","","SB21.I10859",""
"C00502229","WEBER FOR CONGRESS","H2TX14149","WEBER, RANDY","2026","H","TX","14","21","http://docquery.fec.gov/cgi-bin/fecimg/?202505299761728345","C00143743","REPUBLICAN PARTY OF TEXAS","P.O. BOX 2206","STE 500","AUSTIN","TX","787682206","2025-02-03","$20.00","DONATION","","","","","SB21.I10873",""
"C00502229","WEBER FOR CONGRESS","H2TX14149","WEBER, RANDY","2026","H","TX","14","21","http://docquery.fec.gov/cgi-bin/fecimg/?202505299761728345","C00143743","REPUBLICAN PARTY OF TEXAS","P.O. BOX 2206","STE 500","AUSTIN","TX","787682206","2025-03-02","$20.00","DONATION","","","","","SB21.I10874",""
"C00502229","WEBER FOR CONGRESS","H2TX14149","WEBER, RANDY","2026","H","TX","14","21","http://docquery.fec.gov/cgi-bin/fecimg/?202505299761728345","","UNBOUND HOUSTON","1635 E BROADWAY STE 113","","PEARLAND","TX","77581","2025-01-02","$1,200.00","ANNUAL DONATION","","","","","SB21.I10766",""
"C00502229","WEBER FOR CONGRESS","H2TX14149","WEBER, RANDY","2026","H","TX","14","21","http://docquery.fec.gov/cgi-bin/fecimg/?202505299761728346","","WIKIMEDIA FOUNDATION","1 MONTGOMERY ST STE 1600","","SAN FRANCISCO","CA","94104","2025-01-19","$3.10","CHARITABLE CONTRIBUTION","","","","","SB21.I10855",""
"C00502229","WEBER FOR CONGRESS","H2TX14149","WEBER, RANDY","2026","H","TX","14","21","http://docquery.fec.gov/cgi-bin/fecimg/?202505299761728346","","WIKIMEDIA FOUNDATION","1 MONTGOMERY ST STE 1600","","SAN FRANCISCO","CA","94104","2025-02-20","$3.10","CHARITABLE CONTRIBUTION","","","","","SB21.I10858",""
"C00502229","WEBER FOR CONGRESS","H2TX14149","WEBER, RANDY","2026","H","TX","14","21","http://docquery.fec.gov/cgi-bin/fecimg/?202505299761728346","","WIKIMEDIA FOUNDATION","1 MONTGOMERY ST STE 1600","","SAN FRANCISCO","CA","94104","2025-03-20","$3.10","CHARITABLE CONTRIBUTION","","","","","SB21.I10862",""
"C00502229","WEBER FOR CONGRESS","H2TX14149","WEBER, RANDY","2026","H","TX","14","21","http://docquery.fec.gov/cgi-bin/fecimg/?202505299761728344","C00143743","REPUBLICAN PARTY OF TEXAS","P.O. BOX 2206","STE 500","AUSTIN","TX","787682206","2025-01-03","$20.00","DONATION","","","","","SB21.I10872",""
"C00502229","WEBER FOR CONGRESS","H2TX14149","WEBER, RANDY","2026","H","TX","14","17","http://docquery.fec.gov/cgi-bin/fecimg/?202505299761728303","","WEBER, RANDY","1701 BENDING STREAM DR","","FRIENDSWOOD","TX","775467894","2025-02-21","$1,221.27","MILEAGE REIMBURSEMENT","","","","","SB17.I10767",""
"C00502229","WEBER FOR CONGRESS","H2TX14149","WEBER, RANDY","2026","H","TX","14","17","http://docquery.fec.gov/cgi-bin/fecimg/?202505299761728303","","WEBER, RANDY","1701 BENDING STREAM DR","","FRIENDSWOOD","TX","775467894","2025-01-24","$1,071.58","TRAVEL FOOD/BEVERAGES (SEE BELOW IF ITEMIZED)","","","","","SB17.I10932",""
"C00502229","WEBER FOR CONGRESS","H2TX14149","WEBER, RANDY","2026","H","TX","14","17","http://docquery.fec.gov/cgi-bin/fecimg/?202505299761728303","","BARGAS, JARED","2302 CAMBRIDGE CT. N","","LEAGUE CITY","TX","77573","2025-03-20","$1,656.79","REIMBURSEMENT (SEE BELOW IF ITEMIZED)","","","","","SB17.I10768",""
"C00502229","WEBER FOR CONGRESS","H2TX14149","WEBER, RANDY","2026","H","TX","14","17","http://docquery.fec.gov/cgi-bin/fecimg/?202505299761728304","","BARGAS, JARED","2302 CAMBRIDGE CT. N","","LEAGUE CITY","TX","77573","2025-03-20","$1,241.78","MILEAGE","X","","","","SB17.I10955","SB17.I10768"
"C00502229","WEBER FOR CONGRESS","H2TX14149","WEBER, RANDY","2026","H","TX","14","17","http://docquery.fec.gov/cgi-bin/fecimg/?202505299761728304","","HOME DEPOT","3200 SOUTH GULF FWY","","LEAGUE CITY","TX","77573","2025-03-20","$48.04","SIGN SUPPLIES","X","","","","SB17.I10956","SB17.I10768"
"C00502229","WEBER FOR CONGRESS","H2TX14149","WEBER, RANDY","2026","H","TX","14","17","http://docquery.fec.gov/cgi-bin/fecimg/?202505299761728304","","HOME DEPOT","3200 SOUTH GULF FWY","","LEAGUE CITY","TX","77573","2025-03-20","$366.97","SIGN SUPPLIES","X","","","","SB17.I10957","SB17.I10768"
"C00502229","WEBER FOR CONGRESS","H2TX14149","WEBER, RANDY","2026","H","TX","14","17","http://docquery.fec.gov/cgi-bin/fecimg/?202505299761728305","","BARGAS, JARED","2302 CAMBRIDGE CT. N","","LEAGUE CITY","TX","77573","2025-01-25","$500.00","CONTRACT LABOR - ADMINISTRATIVE SUPPORT","","","","","SB17.I10788",""
"C00502229","WEBER FOR CONGRESS","H2TX14149","WEBER, RANDY","2026","H","TX","14","17","http://docquery.fec.gov/cgi-bin/fecimg/?202505299761728305","","BARGAS, JARED","2302 CAMBRIDGE CT. N","","LEAGUE CITY","TX","77573","2025-02-25","$500.00","CONTRACT LABOR - ADMINISTRATIVE SUPPORT","","","","","SB17.I10790",""
"C00502229","WEBER FOR CONGRESS","H2TX14149","WEBER, RANDY","2026","H","TX","14","17","http://docquery.fec.gov/cgi-bin/fecimg/?202505299761728305","","BARGAS, JARED","2302 CAMBRIDGE CT. N","","LEAGUE CITY","TX","77573","2025-03-25","$500.00","CONTRACT LABOR - ADMINISTRATIVE SUPPORT","","","","","SB17.I10792",""
"C00502229","WEBER FOR CONGRESS","H2TX14149","WEBER, RANDY","2026","H","TX","14","17","http://docquery.fec.gov/cgi-bin/fecimg/?202505299761728306","","BUCKELS, LAYNEE","1250 HALF ST SE APT 959","","WASHINGTON","DC","20003","2025-01-25","$500.00","CONTRACT LABOR - COMMUNICATIONS DIRECTOR","","","","","SB17.I10787",""
"C00502229","WEBER FOR CONGRESS","H2TX14149","WEBER, RANDY","2026","H","TX","14","17","http://docquery.fec.gov/cgi-bin/fecimg/?202505299761728306","","BUCKELS, LAYNEE","1250 HALF ST SE APT 959","","WASHINGTON","DC","20003","2025-02-25","$500.00","CONTRACT LABOR - COMMUNICATIONS DIRECTOR","","","","","SB17.I10789",""
"C00502229","WEBER FOR CONGRESS","H2TX14149","WEBER, RANDY","2026","H","TX","14","17","http://docquery.fec.gov/cgi-bin/fecimg/?202505299761728306","","BUCKELS, LAYNEE","1250 HALF ST SE APT 959","","WASHINGTON","DC","20003","2025-03-25","$500.00","CONTRACT LABOR - COMMUNICATIONS DIRECTOR","","","","","SB17.I10791",""
"C00502229","WEBER FOR CONGRESS","H2TX14149","WEBER, RANDY","2026","H","TX","14","17","http://docquery.fec.gov/cgi-bin/fecimg/?202505299761728307","","TUCKER, BUDDY","844 SIGNATURE COVE","","LEAGUE CITY","TX","77573","2025-02-10","$600.00","TEXAS STATE SOCIETY - TICKETS","","","","","SB17.I10818",""
"C00502229","WEBER FOR CONGRESS","H2TX14149","WEBER, RANDY","2026","H","TX","14","17","http://docquery.fec.gov/cgi-bin/fecimg/?202505299761728307","","TEXAS STATE SOCIETY","P.O. BOX 70155","","WASHINGTON","DC","20024","2025-02-10","$600.00","TICKETS","X","","","","SB17.I10985","SB17.I10818"
"C00502229","WEBER FOR CONGRESS","H2TX14149","WEBER, RANDY","2026","H","TX","14","17","http://docquery.fec.gov/cgi-bin/fecimg/?202505299761728314","","APPLE","ONE APPLE PARKWAY","","CUPERTINO","CA","95014","2025-02-14","$21.54","SOFTWARE","","","","","SB17.I10909",""
"C00502229","WEBER FOR CONGRESS","H2TX14149","WEBER, RANDY","2026","H","TX","14","17","http://docquery.fec.gov/cgi-bin/fecimg/?202505299761728315","","APPLE","ONE APPLE PARKWAY","","CUPERTINO","CA","95014","2025-02-19","$9.99","SOFTWARE","","","","","SB17.I10912",""
"C00502229","WEBER FOR CONGRESS","H2TX14149","WEBER, RANDY","2026","H","TX","14","17","http://docquery.fec.gov/cgi-bin/fecimg/?202505299761728315","","APPLE","ONE APPLE PARKWAY","","CUPERTINO","CA","95014","2025-02-21","$15.14","SOFTWARE","","","","","SB17.I10913",""
"C00502229","WEBER FOR CONGRESS","H2TX14149","WEBER, RANDY","2026","H","TX","14","17","http://docquery.fec.gov/cgi-bin/fecimg/?202505299761728315","","APPLE","ONE APPLE PARKWAY","","CUPERTINO","CA","95014","2025-03-05","$32.46","SOFTWARE","","","","","SB17.I10914",""
"C00502229","WEBER FOR CONGRESS","H2TX14149","WEBER, RANDY","2026","H","TX","14","17","http://docquery.fec.gov/cgi-bin/fecimg/?202505299761728316","","APPLE","ONE APPLE PARKWAY","","CUPERTINO","CA","95014","2025-03-14","$21.54","SOFTWARE","","","","","SB17.I10915",""
"C00502229","WEBER FOR CONGRESS","H2TX14149","WEBER, RANDY","2026","H","TX","14","17","http://docquery.fec.gov/cgi-bin/fecimg/?202505299761728316","","APPLE","ONE APPLE PARKWAY","","CUPERTINO","CA","95014","2025-03-19","$9.99","SOFTWARE","","","","","SB17.I10918",""
"C00502229","WEBER FOR CONGRESS","H2TX14149","WEBER, RANDY","2026","H","TX","14","17","http://docquery.fec.gov/cgi-bin/fecimg/?202505299761728316","","APPLE","ONE APPLE PARKWAY","","CUPERTINO","CA","95014","2025-03-21","$1,039.67","COMPUTER EQUIPMENT","","","","","SB17.I10919",""
"C00502229","WEBER FOR CONGRESS","H2TX14149","WEBER, RANDY","2026","H","TX","14","17","http://docquery.fec.gov/cgi-bin/fecimg/?202505299761728317","","APPLE","ONE APPLE PARKWAY","","CUPERTINO","CA","95014","2025-03-24","$148.65","SOFTWARE","","","","","SB17.I10920",""
"C00502229","WEBER FOR CONGRESS","H2TX14149","WEBER, RANDY","2026","H","TX","14","17","http://docquery.fec.gov/cgi-bin/fecimg/?202505299761728317","","APPLE","ONE APPLE PARKWAY","","CUPERTINO","CA","95014","2025-03-28","$26.58","SOFTWARE","","","","","SB17.I10922",""
"C00502229","WEBER FOR CONGRESS","H2TX14149","WEBER, RANDY","2026","H","TX","14","17","http://docquery.fec.gov/cgi-bin/fecimg/?202505299761728317","","AT&T","P.O. BOX 6416","","CAROL STREAM","IL","601976416","2025-01-27","$181.25","TELEPHONE SERVICE","","","","","SB17.I10929",""
"C00502229","WEBER FOR CONGRESS","H2TX14149","WEBER, RANDY","2026","H","TX","14","17","http://docquery.fec.gov/cgi-bin/fecimg/?202505299761728318","","AT&T","P.O. BOX 6416","","CAROL STREAM","IL","601976416","2025-02-26","$181.35","TELEPHONE SERVICE","","","","","SB17.I10930",""
"C00502229","WEBER FOR CONGRESS","H2TX14149","WEBER, RANDY","2026","H","TX","14","17","http://docquery.fec.gov/cgi-bin/fecimg/?202505299761728318","","AT&T","P.O. BOX 6416","","CAROL STREAM","IL","601976416","2025-03-26","$329.43","TELEPHONE SERVICE","","","","","SB17.I10931",""
"C00502229","WEBER FOR CONGRESS","H2TX14149","WEBER, RANDY","2026","H","TX","14","17","http://docquery.fec.gov/cgi-bin/fecimg/?202505299761728318","","CAPITOL HILL CLUB","300 FIRST ST SE","","WASHINGTON","DC","20003","2025-01-15","$720.00","FOOD/BEVERAGES","","","","","SB17.I10817",""
"C00502229","WEBER FOR CONGRESS","H2TX14149","WEBER, RANDY","2026","H","TX","14","17","http://docquery.fec.gov/cgi-bin/fecimg/?202505299761728319","","CAPITOL HILL CLUB","300 FIRST ST SE","","WASHINGTON","DC","20003","2025-02-15","$400.73","FOOD/BEVERAGES","","","","","SB17.I10820",""
"C00502229","WEBER FOR CONGRESS","H2TX14149","WEBER, RANDY","2026","H","TX","14","17","http://docquery.fec.gov/cgi-bin/fecimg/?202505299761728319","","CARDMEMBER SERVICE","P.O. BOX 1423","","CHARLOTTE","NC","282011423","2025-02-25","$8.52","CREDIT CARD PAYMENT (SEE BELOW IF ITEMIZED)","","","","","SB17.I10933",""
"C00502229","WEBER FOR CONGRESS","H2TX14149","WEBER, RANDY","2026","H","TX","14","17","http://docquery.fec.gov/cgi-bin/fecimg/?202505299761728319","","CARDMEMBER SERVICE","P.O. BOX 1423","","CHARLOTTE","NC","282011423","2025-02-25","$5,088.89","CREDIT CARD PAYMENT (SEE BELOW IF ITEMIZED)","","","","","SB17.I10934",""
"C00502229","WEBER FOR CONGRESS","H2TX14149","WEBER, RANDY","2026","H","TX","14","17","http://docquery.fec.gov/cgi-bin/fecimg/?202505299761728320","","CONSTANT CONTACT","1601 TRAPELO ROAD","","WALTHAM","MA","02451","2025-02-25","$154.57","EMAIL MARKETING SERVICE","X","","","","SB17.I10967","SB17.I10934"
"C00502229","WEBER FOR CONGRESS","H2TX14149","WEBER, RANDY","2026","H","TX","14","17","http://docquery.fec.gov/cgi-bin/fecimg/?202505299761728320","","FIVE GUYS","1100 NEW JERSEY AVE SE","","WASHINGTON","DC","20003","2025-02-25","$817.09","FOOD/BEVERAGES","X","","","","SB17.I10969","SB17.I10934"
"C00502229","WEBER FOR CONGRESS","H2TX14149","WEBER, RANDY","2026","H","TX","14","17","http://docquery.fec.gov/cgi-bin/fecimg/?202505299761728320","","THE CONGRESSIONAL INSTITUTE","1700 DIAGONAL ROAD #300","","ALEXANDRIA","VA","22314","2025-02-25","$3,758.82","EVENT REGISTRATION","X","","","","SB17.I10968","SB17.I10934"
"C00502229","WEBER FOR CONGRESS","H2TX14149","WEBER, RANDY","2026","H","TX","14","17","http://docquery.fec.gov/cgi-bin/fecimg/?202505299761728321","","CARDMEMBER SERVICE","P.O. BOX 1423","","CHARLOTTE","NC","282011423","2025-03-19","$8.52","CREDIT CARD PAYMENT (SEE BELOW IF ITEMIZED)","","","","","SB17.I10935",""
"C00502229","WEBER FOR CONGRESS","H2TX14149","WEBER, RANDY","2026","H","TX","14","17","http://docquery.fec.gov/cgi-bin/fecimg/?202505299761728321","","CARDMEMBER SERVICE","P.O. BOX 1423","","CHARLOTTE","NC","282011423","2025-03-19","$311.53","CREDIT CARD PAYMENT (SEE BELOW IF ITEMIZED)","","","","","SB17.I10936",""
"C00502229","WEBER FOR CONGRESS","H2TX14149","WEBER, RANDY","2026","H","TX","14","17","http://docquery.fec.gov/cgi-bin/fecimg/?202505299761728321","","CONSTANT CONTACT","1601 TRAPELO ROAD","","WALTHAM","MA","02451","2025-03-19","$154.57","EMAIL MARKETING SERVICE","X","","","","SB17.I10963","SB17.I10936"
"C00923623","COMMITTEE TO ELECT KONSTANTINOS VOGIATZIS","H6TX14157","VOGIATZIS, KONSTANTINOS","2026","H","TX","14","17","http://docquery.fec.gov/cgi-bin/fecimg/?202602019825891498","","WALMART","10505 BROADWAY ST","","PEARLAND","TX","77584","2025-11-07","$297.66","OFFICE EQUIPMENT/SUPPLIES","","","001","Administrative/Salary/Overhead Expenses ","CDD-0000000454170293",""
"C00923623","COMMITTEE TO ELECT KONSTANTINOS VOGIATZIS","H6TX14165","VOGIATZIS, KONSTANTINOS","2026","H","TX","14","17","http://docquery.fec.gov/cgi-bin/fecimg/?202602019825891498","","WALMART","10505 BROADWAY ST","","PEARLAND","TX","77584","2025-11-07","$297.66","OFFICE EQUIPMENT/SUPPLIES","","","001","Administrative/Salary/Overhead Expenses ","CDD-0000000454170293",""
"C00923623","COMMITTEE TO ELECT KONSTANTINOS VOGIATZIS","H6TX14165","VOGIATZIS, KONSTANTINOS","2026","H","TX","14","17","http://docquery.fec.gov/cgi-bin/fecimg/?202602019825891498","","WALMART","10505 BROADWAY ST","","PEARLAND","TX","77584","2025-10-15","$182.94","OFFICE EQUIPMENT/SUPPLIES","","","001","Administrative/Salary/Overhead Expenses ","CDD-0000000454170294",""
"C00923623","COMMITTEE TO ELECT KONSTANTINOS VOGIATZIS","H6TX14157","VOGIATZIS, KONSTANTINOS","2026","H","TX","14","17","http://docquery.fec.gov/cgi-bin/fecimg/?202602019825891498","","WALMART","10505 BROADWAY ST","","PEARLAND","TX","77584","2025-10-15","$182.94","OFFICE EQUIPMENT/SUPPLIES","","","001","Administrative/Salary/Overhead Expenses ","CDD-0000000454170294",""
"C00900191","JESSICA FORGY FOR CONGRESS","H6TX14140","FORGY, JESSICA JEANINE","2026","H","TX","14","17","http://docquery.fec.gov/cgi-bin/fecimg/?202504149755328615","","JESSICA FORGY FOR CONGRESS","PO BOX 1984","","ALVIN","TX","77512","2025-03-21","$319.80","FOR SURVEY MONKEY SUBSCRIPTION FOR COLLECTING VOLLUNTEER INFORMATION","","","003","Solicitation and Fundraising Expenses ","SB17.4104",""
"C00900191","JESSICA FORGY FOR CONGRESS","H6TX14140","FORGY, JESSICA JEANINE","2026","H","TX","14","17","http://docquery.fec.gov/cgi-bin/fecimg/?202504149755328615","","JESSICA FORGY FOR CONGRESS","PO BOX 1984","","ALVIN","TX","77512","2025-03-28","$60.25","BUISNESS CARD","","","006","Campaign Materials","SB17.4105",""
"C00916049","THE FRIENDS OF RICHARD H DAVIS","H6TX14173","DAVIS, RICHARD HARVEY III","2026","H","TX","14","17","http://docquery.fec.gov/cgi-bin/fecimg/?202603279856872903","","THE FRIENDS OF RICHARD H DAVIS","3718 ROYLENE CT","","DICKINSON","TX","77539","2025-10-16","$271.49","METRO BY TMOBLILE","","","001","Administrative/Salary/Overhead Expenses ","SB17.4119",""
"C00916049","THE FRIENDS OF RICHARD H DAVIS","H6TX14173","DAVIS, RICHARD HARVEY III","2026","H","TX","14","17","http://docquery.fec.gov/cgi-bin/fecimg/?202603279856872903","","THE FRIENDS OF RICHARD H DAVIS","3718 ROYLENE CT","","DICKINSON","TX","77539","2025-10-22","$7.33","METRO BY TMOBILE","","","001","Administrative/Salary/Overhead Expenses ","SB17.4120",""
"C00916049","THE FRIENDS OF RICHARD H DAVIS","H6TX14173","DAVIS, RICHARD HARVEY III","2026","H","TX","14","17","http://docquery.fec.gov/cgi-bin/fecimg/?202603279856872903","","THE FRIENDS OF RICHARD H DAVIS","3718 ROYLENE CT","","DICKINSON","TX","77539","2025-10-27","$150.00","PHOTOGRAPH","","","004","Advertising Expenses ","SB17.4109",""
"C00916049","THE FRIENDS OF RICHARD H DAVIS","H6TX14173","DAVIS, RICHARD HARVEY III","2026","H","TX","14","17","http://docquery.fec.gov/cgi-bin/fecimg/?202603279856872904","","THE FRIENDS OF RICHARD H DAVIS","3718 ROYLENE CT","","DICKINSON","TX","77539","2025-11-01","$175.10","MEGAN BLASDALE PHOTOGRAPHY","","","004","Advertising Expenses ","SB17.4114",""
"C00502229","WEBER FOR CONGRESS","H2TX14149","WEBER, RANDY","2026","H","TX","14","17","http://docquery.fec.gov/cgi-bin/fecimg/?202507159762901452","","LUNA'S MEXICAN RESTAURANT","704 WEST PARKWOOD","","FRIENDSWOOD","TX","77546","2025-05-08","$96.00","FOOD/BEVERAGES","","","","","SB17.I11183",""
"C00502229","WEBER FOR CONGRESS","H2TX14149","WEBER, RANDY","2026","H","TX","14","17","http://docquery.fec.gov/cgi-bin/fecimg/?202507159762901453","","OLD EBBITT GRILL","675 15TH ST NW","","WASHINGTON","DC","20005","2025-05-08","$138.86","FOOD/BEVERAGES","","","","","SB17.I11132",""
"C00502229","WEBER FOR CONGRESS","H2TX14149","WEBER, RANDY","2026","H","TX","14","17","http://docquery.fec.gov/cgi-bin/fecimg/?202507159762901478","","CHICKEN + WHISKEY","70 N STREET SE","","WASHINGTON","DC","20003","2025-06-26","$72.00","FOOD/BEVERAGES","","","","","SB17.I11174",""
"C00502229","WEBER FOR CONGRESS","H2TX14149","WEBER, RANDY","2026","H","TX","14","17","http://docquery.fec.gov/cgi-bin/fecimg/?202507159762901478","","DEMOCRACY ENGINE LLC","237 FLORIDA AVE NW","","WASHINGTON","DC","200011801","2025-06-26","$25.00","PROCESING FEES","","","","","SB17.I11063",""
"C00916049","THE FRIENDS OF RICHARD H DAVIS","H6TX14173","DAVIS, RICHARD HARVEY III","2026","H","TX","14","17","http://docquery.fec.gov/cgi-bin/fecimg/?202603279856872904","","THE FRIENDS OF RICHARD H DAVIS","3718 ROYLENE CT","","DICKINSON","TX","77539","2025-11-11","$55.00","METRO BY TMOBILE","","","001","Administrative/Salary/Overhead Expenses ","SB17.4121",""
"C00916049","THE FRIENDS OF RICHARD H DAVIS","H6TX14173","DAVIS, RICHARD HARVEY III","2026","H","TX","14","17","http://docquery.fec.gov/cgi-bin/fecimg/?202603279856872904","","THE FRIENDS OF RICHARD H DAVIS","3718 ROYLENE CT","","DICKINSON","TX","77539","2025-11-12","$257.64","BAY AREA PRINTING","","","004","Advertising Expenses ","SB17.4116",""
"C00916049","THE FRIENDS OF RICHARD H DAVIS","H6TX14173","DAVIS, RICHARD HARVEY III","2026","H","TX","14","17","http://docquery.fec.gov/cgi-bin/fecimg/?202603279856872905","","THE FRIENDS OF RICHARD H DAVIS","3718 ROYLENE CT","","DICKINSON","TX","77539","2025-11-14","$3,125.00","TEXAS DEMOCRATIC PARTY","","","001","Administrative/Salary/Overhead Expenses ","SB17.4123",""
"C00916049","THE FRIENDS OF RICHARD H DAVIS","H6TX14173","DAVIS, RICHARD HARVEY III","2026","H","TX","14","17","http://docquery.fec.gov/cgi-bin/fecimg/?202603279856872905","","THE FRIENDS OF RICHARD H DAVIS","3718 ROYLENE CT","","DICKINSON","TX","77539","2025-11-14","$2,200.00","TEXAS DEMOCRATIC PARTY","","","001","Administrative/Salary/Overhead Expenses ","SB17.4124",""
"C00916049","THE FRIENDS OF RICHARD H DAVIS","H6TX14173","DAVIS, RICHARD HARVEY III","2026","H","TX","14","17","http://docquery.fec.gov/cgi-bin/fecimg/?202603279856872905","","THE FRIENDS OF RICHARD H DAVIS","3718 ROYLENE CT","","DICKINSON","TX","77539","2025-12-03","$12.98","HALLMARK","","","001","Administrative/Salary/Overhead Expenses ","SB17.4130",""
"C00916049","THE FRIENDS OF RICHARD H DAVIS","H6TX14173","DAVIS, RICHARD HARVEY III","2026","H","TX","14","17","http://docquery.fec.gov/cgi-bin/fecimg/?202603279856872906","","THE FRIENDS OF RICHARD H DAVIS","3718 ROYLENE CT","","DICKINSON","TX","77539","2025-12-07","$60.68","NAMETAG.COM","","","001","Administrative/Salary/Overhead Expenses ","SB17.4132",""
"C00916049","THE FRIENDS OF RICHARD H DAVIS","H6TX14173","DAVIS, RICHARD HARVEY III","2026","H","TX","14","17","http://docquery.fec.gov/cgi-bin/fecimg/?202603279856872906","","THE FRIENDS OF RICHARD H DAVIS","3718 ROYLENE CT","","DICKINSON","TX","77539","2025-12-09","$170.60","BAY AREA PRINTING","","","","","SB17.4127",""
"C00916049","THE FRIENDS OF RICHARD H DAVIS","H6TX14173","DAVIS, RICHARD HARVEY III","2026","H","TX","14","17","http://docquery.fec.gov/cgi-bin/fecimg/?202603279856872906","","THE FRIENDS OF RICHARD H DAVIS","3718 ROYLENE CT","","DICKINSON","TX","77539","2025-12-20","$55.00","METRO BY TMOBILE","","","001","Administrative/Salary/Overhead Expenses ","SB17.4122",""
"C00916049","THE FRIENDS OF RICHARD H DAVIS","H6TX14173","DAVIS, RICHARD HARVEY III","2026","H","TX","14","17","http://docquery.fec.gov/cgi-bin/fecimg/?202603279856872907","","THE FRIENDS OF RICHARD H DAVIS","3718 ROYLENE CT","","DICKINSON","TX","77539","2025-12-31","$13.83","ACTBLUE","","","001","Administrative/Salary/Overhead Expenses ","SB17.4128",""
"C00916049","THE FRIENDS OF RICHARD H DAVIS","H6TX14173","DAVIS, RICHARD HARVEY III","2026","H","TX","14","17","http://docquery.fec.gov/cgi-bin/fecimg/?202603279856872907","","THE FRIENDS OF RICHARD H DAVIS","3718 ROYLENE CT","","DICKINSON","TX","77539","2025-12-31","$43.00","AMERGY BANK","","","001","Administrative/Salary/Overhead Expenses ","SB17.4129",""
"C00502229","WEBER FOR CONGRESS","H2TX14149","WEBER, RANDY","2026","H","TX","14","19A","http://docquery.fec.gov/cgi-bin/fecimg/?202507159762901482","H2TX14149","WEBER, RANDY","1701 BENDING STREAM DR","","FRIENDSWOOD","TX","775467894","2025-04-15","$4,972.88","LOAN REPAYMENT","","","","","SB19A.I11058",""
"C00502229","WEBER FOR CONGRESS","H2TX14149","WEBER, RANDY","2026","H","TX","14","19A","http://docquery.fec.gov/cgi-bin/fecimg/?202507159762901482","H2TX14149","WEBER, RANDY","1701 BENDING STREAM DR","","FRIENDSWOOD","TX","775467894","2025-04-15","$1,531.18","LOAN REPAYMENT","","","","","SB19A.I11059",""
"C00502229","WEBER FOR CONGRESS","H2TX14149","WEBER, RANDY","2026","H","TX","14","20A","http://docquery.fec.gov/cgi-bin/fecimg/?202507159762901483","","BRIDGES TSAVORITE","P.O. BOX 69696","","TUCSON","AZ","857370020","2025-06-24","$1,000.00","REFUND CONTRIBUTION","","","","","SB20A.I11082",""
"C00502229","WEBER FOR CONGRESS","H2TX14149","WEBER, RANDY","2026","H","TX","14","20C","http://docquery.fec.gov/cgi-bin/fecimg/?202507159762901484","C00411116","SPACE EXPLORATION TECHNOLOGIES CORP. PAC","1155 F STREET NW SUITE 475","","WASHINGTON","DC","20004","2025-05-16","$5,000.00","REFUND CONTRIBUTION","","","","","SB20C.I11083",""
"C00502229","WEBER FOR CONGRESS","H2TX14149","WEBER, RANDY","2026","H","TX","14","21","http://docquery.fec.gov/cgi-bin/fecimg/?202507159762901485","C00143743","REPUBLICAN PARTY OF TEXAS","P.O. BOX 2206","STE 500","AUSTIN","TX","787682206","2025-04-03","$20.00","DONATION","","","","","SB21.I11169",""
"C00502229","WEBER FOR CONGRESS","H2TX14149","WEBER, RANDY","2026","H","TX","14","21","http://docquery.fec.gov/cgi-bin/fecimg/?202507159762901485","","BRAZORIA COUNTY LIBRARY SYSTEM FOUNDATION","912 N. VELASCO","","ANGLETON","TX","77515","2025-04-04","$125.00","SPONSORSHIP","","","","","SB21.I11156",""
"C00502229","WEBER FOR CONGRESS","H2TX14149","WEBER, RANDY","2026","H","TX","14","21","http://docquery.fec.gov/cgi-bin/fecimg/?202507159762901485","","JIMMY FULLEN CAMPAIGN","PO BOX 152","","SANTA FE","TX","77510","2025-04-04","$500.00","SPONSORSHIP","","","","","SB21.I11162",""
"C00502229","WEBER FOR CONGRESS","H2TX14149","WEBER, RANDY","2026","H","TX","14","21","http://docquery.fec.gov/cgi-bin/fecimg/?202507159762901486","","LIGHTHOUSE CHARITY TEAM","P.O. BOX 3528","","GALVESTON","TX","77552","2025-04-07","$51.96","CHARITABLE CONTRIBUTION","","","","","SB21.I11163",""
"C00502229","WEBER FOR CONGRESS","H2TX14149","WEBER, RANDY","2026","H","TX","14","21","http://docquery.fec.gov/cgi-bin/fecimg/?202507159762901486","C00379735","COLE FOR CONGRESS","P.O. BOX 722256","","NORMAN","OK","73070","2025-04-16","$2,000.00","CAMPAIGN CONTRIBUTION","","","","","SB21.I11167",""
"C00502229","WEBER FOR CONGRESS","H2TX14149","WEBER, RANDY","2026","H","TX","14","21","http://docquery.fec.gov/cgi-bin/fecimg/?202507159762901486","C00379735","COLE FOR CONGRESS","P.O. BOX 722256","","NORMAN","OK","73070","2025-04-16","$2,000.00","CAMPAIGN CONTRIBUTION","","","","","SB21.I11168",""
"C00502229","WEBER FOR CONGRESS","H2TX14149","WEBER, RANDY","2026","H","TX","14","21","http://docquery.fec.gov/cgi-bin/fecimg/?202507159762901487","","WIKIMEDIA FOUNDATION","1 MONTGOMERY ST STE 1600","","SAN FRANCISCO","CA","94104","2025-04-21","$3.10","CHARITABLE CONTRIBUTION","","","","","SB21.I11164",""
"C00502229","WEBER FOR CONGRESS","H2TX14149","WEBER, RANDY","2026","H","TX","14","21","http://docquery.fec.gov/cgi-bin/fecimg/?202507159762901487","","BELTWAY 8 SOUTH CRISIS PREGNANCY CENTER","10851 SCARSDALE BLVD #800","","HOUSTON","TX","77089","2025-04-28","$50.00","CHARITABLE CONTRIBUTION","","","","","SB21.I11153",""
"C00502229","WEBER FOR CONGRESS","H2TX14149","WEBER, RANDY","2026","H","TX","14","21","http://docquery.fec.gov/cgi-bin/fecimg/?202507159762901487","","FRIENDSWOOD CRISIS PREGNANCY CENTER","347-B E PARKWOOD DR STE B","","FRIENDSWOOD","TX","77546","2025-04-29","$50.00","CHARITABLE CONTRIBUTION","","","","","SB21.I11160",""
"C00502229","WEBER FOR CONGRESS","H2TX14149","WEBER, RANDY","2026","H","TX","14","21","http://docquery.fec.gov/cgi-bin/fecimg/?202507159762901488","C00143743","REPUBLICAN PARTY OF TEXAS","P.O. BOX 2206","STE 500","AUSTIN","TX","787682206","2025-05-05","$20.00","DONATION","","","","","SB21.I11170",""
"C00502229","WEBER FOR CONGRESS","H2TX14149","WEBER, RANDY","2026","H","TX","14","21","http://docquery.fec.gov/cgi-bin/fecimg/?202507159762901488","","CAPITOL MINISTRIES","PO BOX 30994","","PHOENIX","AZ","85046","2025-05-13","$100.00","DONATION","","","","","SB21.I11157",""
"C00502229","WEBER FOR CONGRESS","H2TX14149","WEBER, RANDY","2026","H","TX","14","21","http://docquery.fec.gov/cgi-bin/fecimg/?202507159762901488","","WIKIMEDIA FOUNDATION","1 MONTGOMERY ST STE 1600","","SAN FRANCISCO","CA","94104","2025-05-20","$3.10","CHARITABLE CONTRIBUTION","","","","","SB21.I11165",""
"C00502229","WEBER FOR CONGRESS","H2TX14149","WEBER, RANDY","2026","H","TX","14","21","http://docquery.fec.gov/cgi-bin/fecimg/?202507159762901489","","CAPITOL MINISTRIES","PO BOX 30994","","PHOENIX","AZ","85046","2025-05-22","$100.00","DONATION","","","","","SB21.I11158",""
"C00502229","WEBER FOR CONGRESS","H2TX14149","WEBER, RANDY","2026","H","TX","14","21","http://docquery.fec.gov/cgi-bin/fecimg/?202507159762901489","","BELTWAY 8 SOUTH CRISIS PREGNANCY CENTER","10851 SCARSDALE BLVD #800","","HOUSTON","TX","77089","2025-05-28","$50.00","CHARITABLE CONTRIBUTION","","","","","SB21.I11154",""
"C00502229","WEBER FOR CONGRESS","H2TX14149","WEBER, RANDY","2026","H","TX","14","21","http://docquery.fec.gov/cgi-bin/fecimg/?202507159762901489","","ROY WEST FOR MAYOR","801 MAIN STREET","","BEAUMONT","TX","77701","2025-05-29","$500.00","CAMPAIGN CONTRIBUTION","","","","","SB21.I11130",""
"C00502229","WEBER FOR CONGRESS","H2TX14149","WEBER, RANDY","2026","H","TX","14","21","http://docquery.fec.gov/cgi-bin/fecimg/?202507159762901490","","FRIENDSWOOD CRISIS PREGNANCY CENTER","347-B E PARKWOOD DR STE B","","FRIENDSWOOD","TX","77546","2025-05-29","$50.00","CHARITABLE CONTRIBUTION","","","","","SB21.I11161",""
"C00502229","WEBER FOR CONGRESS","H2TX14149","WEBER, RANDY","2026","H","TX","14","21","http://docquery.fec.gov/cgi-bin/fecimg/?202507159762901490","C00143743","REPUBLICAN PARTY OF TEXAS","P.O. BOX 2206","STE 500","AUSTIN","TX","787682206","2025-06-02","$20.00","CONTRIBUTION","","","","","SB21.I11171",""
"C00502229","WEBER FOR CONGRESS","H2TX14149","WEBER, RANDY","2026","H","TX","14","21","http://docquery.fec.gov/cgi-bin/fecimg/?202507159762901490","","CAPITOL MINISTRIES","PO BOX 30994","","PHOENIX","AZ","85046","2025-06-17","$100.00","DONATION","","","","","SB21.I11159",""
"C00502229","WEBER FOR CONGRESS","H2TX14149","WEBER, RANDY","2026","H","TX","14","21","http://docquery.fec.gov/cgi-bin/fecimg/?202507159762901491","","WIKIMEDIA FOUNDATION","1 MONTGOMERY ST STE 1600","","SAN FRANCISCO","CA","94104","2025-06-20","$3.10","CHARITABLE CONTRIBUTION","","","","","SB21.I11166",""
"C00502229","WEBER FOR CONGRESS","H2TX14149","WEBER, RANDY","2026","H","TX","14","21","http://docquery.fec.gov/cgi-bin/fecimg/?202507159762901491","","BELTWAY 8 SOUTH CRISIS PREGNANCY CENTER","10851 SCARSDALE BLVD #800","","HOUSTON","TX","77089","2025-06-26","$50.00","CHARITABLE CONTRIBUTION","","","","","SB21.I11155",""
"C00502229","WEBER FOR CONGRESS","H2TX14149","WEBER, RANDY","2026","H","TX","14","17","http://docquery.fec.gov/cgi-bin/fecimg/?202507159762901460","","INTUIT INC","2800 EAST COMMERCE CENTER PLACE","","TUCSON","AZ","85706","2025-05-25","$69.29","SUBSCRIPTION","","","","","SB17.I11112",""
"C00502229","WEBER FOR CONGRESS","H2TX14149","WEBER, RANDY","2026","H","TX","14","17","http://docquery.fec.gov/cgi-bin/fecimg/?202507159762901468","","WHITENER, JEANETTE","2209 CEDAR MILL COURT","","VIENNA","VA","22182","2025-06-13","$9.67","REIMBURSEMENT (SEE BELOW IF ITEMIZED)","","","","","SB17.I11234",""
"C00502229","WEBER FOR CONGRESS","H2TX14149","WEBER, RANDY","2026","H","TX","14","17","http://docquery.fec.gov/cgi-bin/fecimg/?202507159762901469","","LILLY & COMPANY","1005 CONGRESS AVE STE 400","","AUSTIN","TX","78701","2025-06-13","$10,941.30","FUNDRAISING CONSULTING","","","","","SB17.I11068",""
"C00502229","WEBER FOR CONGRESS","H2TX14149","WEBER, RANDY","2026","H","TX","14","17","http://docquery.fec.gov/cgi-bin/fecimg/?202507159762901469","","CAPITOL HILL CLUB","300 FIRST ST SE","","WASHINGTON","DC","20003","2025-06-15","$1,637.20","FOOD/BEVERAGES","","","","","SB17.I11119",""
"C00502229","WEBER FOR CONGRESS","H2TX14149","WEBER, RANDY","2026","H","TX","14","17","http://docquery.fec.gov/cgi-bin/fecimg/?202507159762901440","","LEX POLITICA PLLC","P.O. BOX 341016","","AUSTIN","TX","78734","2025-04-11","$450.00","LEGAL CONSULTING","","","","","SB17.I11150",""
"C00502229","WEBER FOR CONGRESS","H2TX14149","WEBER, RANDY","2026","H","TX","14","17","http://docquery.fec.gov/cgi-bin/fecimg/?202507159762901440","","RIGHTSIDE COMPLIANCE","P.O. BOX 341027","","AUSTIN","TX","78734","2025-04-11","$2,961.45","COMPLIANCE CONSULTING","","","","","SB17.I11069",""
"C00502229","WEBER FOR CONGRESS","H2TX14149","WEBER, RANDY","2026","H","TX","14","17","http://docquery.fec.gov/cgi-bin/fecimg/?202507159762901440","","APPLE","ONE APPLE PARKWAY","","CUPERTINO","CA","95014","2025-04-14","$21.54","SOFTWARE","","","","","SB17.I11210",""
"C00502229","WEBER FOR CONGRESS","H2TX14149","WEBER, RANDY","2026","H","TX","14","17","http://docquery.fec.gov/cgi-bin/fecimg/?202507159762901441","","WINRED TECHNICAL SERVICES","1776 WILSON BLVD STE 530","SUITE 530","ARLINGTON","VA","22219","2025-04-14","$.99","CREDIT CARD MERCHANT FEES","","","","","SB17.I11096",""
"C00502229","WEBER FOR CONGRESS","H2TX14149","WEBER, RANDY","2026","H","TX","14","17","http://docquery.fec.gov/cgi-bin/fecimg/?202507159762901441","","CAPITOL HILL CLUB","300 FIRST ST SE","","WASHINGTON","DC","20003","2025-04-15","$618.60","FOOD/BEVERAGES","","","","","SB17.I11117",""
"C00502229","WEBER FOR CONGRESS","H2TX14149","WEBER, RANDY","2026","H","TX","14","17","http://docquery.fec.gov/cgi-bin/fecimg/?202507159762901441","","CARDMEMBER SERVICE","P.O. BOX 1423","","CHARLOTTE","NC","282011423","2025-04-15","$8.52","CREDIT CARD PAYMENT (SEE BELOW IF ITEMIZED)","","","","","SB17.I11242",""
"C00502229","WEBER FOR CONGRESS","H2TX14149","WEBER, RANDY","2026","H","TX","14","17","http://docquery.fec.gov/cgi-bin/fecimg/?202507159762901442","","CARDMEMBER SERVICE","P.O. BOX 1423","","CHARLOTTE","NC","282011423","2025-04-15","$835.78","CREDIT CARD PAYMENT (SEE BELOW IF ITEMIZED)","","","","","SB17.I11243",""
"C00502229","WEBER FOR CONGRESS","H2TX14149","WEBER, RANDY","2026","H","TX","14","17","http://docquery.fec.gov/cgi-bin/fecimg/?202507159762901442","","CHICK-FIL-A","1401 MARYLAND AVENUE NE","","WASHINGTON","DC","20002","2025-04-15","$107.86","FOOD/BEVERAGES","X","","","","SB17.I11276","SB17.I11243"
"C00502229","WEBER FOR CONGRESS","H2TX14149","WEBER, RANDY","2026","H","TX","14","17","http://docquery.fec.gov/cgi-bin/fecimg/?202507159762901442","","COMPLIMENTS ONLY","2029 P ST NW FRONT 1","","WASHINGTON","DC","20036","2025-04-15","$214.50","FOOD/BEVERAGES","X","","","","SB17.I11281","SB17.I11243"
"C00502229","WEBER FOR CONGRESS","H2TX14149","WEBER, RANDY","2026","H","TX","14","17","http://docquery.fec.gov/cgi-bin/fecimg/?202507159762901443","","CONSTANT CONTACT","1601 TRAPELO ROAD","","WALTHAM","MA","02451","2025-04-15","$154.57","EMAIL MARKETING SERVICE","X","","","","SB17.I11278","SB17.I11243"
"C00502229","WEBER FOR CONGRESS","H2TX14149","WEBER, RANDY","2026","H","TX","14","17","http://docquery.fec.gov/cgi-bin/fecimg/?202507159762901443","","CMDI","1593 SPRING HILL RD STE 400","","TYSONS CORNER","VA","22182","2025-04-15","$900.00","DATABASE SUBSCRIPTION","","","","","SB17.I11108",""
"C00502229","WEBER FOR CONGRESS","H2TX14149","WEBER, RANDY","2026","H","TX","14","17","http://docquery.fec.gov/cgi-bin/fecimg/?202507159762901443","","THE ASPEN INSTITUTE","2300 N ST. NW STE. 700","","WASHINGTON","DC","20037","2025-04-15","$450.00","EVENT REGISTRATIONS","","","","","SB17.I11144",""
"C00502229","WEBER FOR CONGRESS","H2TX14149","WEBER, RANDY","2026","H","TX","14","17","http://docquery.fec.gov/cgi-bin/fecimg/?202507159762901461","","WINRED TECHNICAL SERVICES","1776 WILSON BLVD STE 530","SUITE 530","ARLINGTON","VA","22219","2025-05-26","$3.94","CREDIT CARD MERCHANT FEES","","","","","SB17.I11102",""
"C00502229","WEBER FOR CONGRESS","H2TX14149","WEBER, RANDY","2026","H","TX","14","17","http://docquery.fec.gov/cgi-bin/fecimg/?202507159762901461","","APPLE","ONE APPLE PARKWAY","","CUPERTINO","CA","95014","2025-05-27","$1.07","SOFTWARE","","","","","SB17.I11217",""
"C00502229","WEBER FOR CONGRESS","H2TX14149","WEBER, RANDY","2026","H","TX","14","17","http://docquery.fec.gov/cgi-bin/fecimg/?202507159762901461","","AT&T","P.O. BOX 6416","","CAROL STREAM","IL","601976416","2025-05-27","$306.71","TELEPHONE SERVICE","","","","","SB17.I11240",""
"C00502229","WEBER FOR CONGRESS","H2TX14149","WEBER, RANDY","2026","H","TX","14","17","http://docquery.fec.gov/cgi-bin/fecimg/?202507159762901462","","ANEDOT INC.","1340 POYDRAS ST. STE. 1770","","NEW ORLEANS","LA","70112","2025-05-28","$382.70","CREDIT CARD MERCHANT FEES","","","","","SB17.I11087",""
"C00502229","WEBER FOR CONGRESS","H2TX14149","WEBER, RANDY","2026","H","TX","14","17","http://docquery.fec.gov/cgi-bin/fecimg/?202507159762901462","","BARGAS, JARED","2302 CAMBRIDGE CT. N","","LEAGUE CITY","TX","77573","2025-05-30","$500.00","CONTRACT LABOR - ADMINISTRATIVE SUPPORT","","","","","SB17.I11074",""
"C00502229","WEBER FOR CONGRESS","H2TX14149","WEBER, RANDY","2026","H","TX","14","17","http://docquery.fec.gov/cgi-bin/fecimg/?202507159762901462","","AMAZON.COM","1200 12TH AVE","","SEATTLE","WA","98144","2025-06-02","$113.61","OFFICE SUPPLIES","","","","","SB17.I11203",""
"C00502229","WEBER FOR CONGRESS","H2TX14149","WEBER, RANDY","2026","H","TX","14","17","http://docquery.fec.gov/cgi-bin/fecimg/?202507159762901463","","ANEDOT INC.","1340 POYDRAS ST. STE. 1770","","NEW ORLEANS","LA","70112","2025-06-02","$160.60","CREDIT CARD MERCHANT FEES","","","","","SB17.I11088",""
"C00502229","WEBER FOR CONGRESS","H2TX14149","WEBER, RANDY","2026","H","TX","14","17","http://docquery.fec.gov/cgi-bin/fecimg/?202507159762901463","","APPLE","ONE APPLE PARKWAY","","CUPERTINO","CA","95014","2025-06-02","$32.46","SOFTWARE","","","","","SB17.I11218",""
"C00502229","WEBER FOR CONGRESS","H2TX14149","WEBER, RANDY","2026","H","TX","14","17","http://docquery.fec.gov/cgi-bin/fecimg/?202507159762901463","","MICROSOFT","ONE MICROSOFT WAY","","REDMOND","VA","98052","2025-06-02","$42.63","SOFTWARE SERVICE","","","","","SB17.I11229",""
"C00502229","WEBER FOR CONGRESS","H2TX14149","WEBER, RANDY","2026","H","TX","14","17","http://docquery.fec.gov/cgi-bin/fecimg/?202507159762901464","","WINRED TECHNICAL SERVICES","1776 WILSON BLVD STE 530","SUITE 530","ARLINGTON","VA","22219","2025-06-02","$2.96","CREDIT CARD MERCHANT FEES","","","","","SB17.I11103",""
"C00502229","WEBER FOR CONGRESS","H2TX14149","WEBER, RANDY","2026","H","TX","14","17","http://docquery.fec.gov/cgi-bin/fecimg/?202507159762901464","","LILLY & COMPANY","1005 CONGRESS AVE STE 400","","AUSTIN","TX","78701","2025-06-03","$10,983.94","FUNDRAISING CONSULTING","","","","","SB17.I11067",""
"C00502229","WEBER FOR CONGRESS","H2TX14149","WEBER, RANDY","2026","H","TX","14","17","http://docquery.fec.gov/cgi-bin/fecimg/?202507159762901464","","PUBLIC STORAGE","P.O. BOX 25050","","GLENDALE","CA","91221","2025-06-04","$344.00","STORAGE RENTAL","","","","","SB17.I11238",""
"C00502229","WEBER FOR CONGRESS","H2TX14149","WEBER, RANDY","2026","H","TX","14","17","http://docquery.fec.gov/cgi-bin/fecimg/?202507159762901465","","BARGAS, JARED","2302 CAMBRIDGE CT. N","","LEAGUE CITY","TX","77573","2025-06-05","$56.15","REIMBURSEMENT (SEE BELOW IF ITEMIZED)","","","","","SB17.I11233",""
"C00502229","WEBER FOR CONGRESS","H2TX14149","WEBER, RANDY","2026","H","TX","14","17","http://docquery.fec.gov/cgi-bin/fecimg/?202507159762901465","","DEMOCRACY ENGINE LLC","237 FLORIDA AVE NW","","WASHINGTON","DC","200011801","2025-06-05","$.05","PROCESING FEES","","","","","SB17.I11062",""
"C00502229","WEBER FOR CONGRESS","H2TX14149","WEBER, RANDY","2026","H","TX","14","17","http://docquery.fec.gov/cgi-bin/fecimg/?202507159762901465","","RIGHTSIDE COMPLIANCE","P.O. BOX 341027","","AUSTIN","TX","78734","2025-06-05","$2,958.75","COMPLIANCE CONSULTING","","","","","SB17.I11071",""
"C00502229","WEBER FOR CONGRESS","H2TX14149","WEBER, RANDY","2026","H","TX","14","17","http://docquery.fec.gov/cgi-bin/fecimg/?202507159762901466","","LUNA'S MEXICAN RESTAURANT","704 WEST PARKWOOD","","FRIENDSWOOD","TX","77546","2025-06-06","$91.00","FOOD/BEVERAGES","","","","","SB17.I11184",""
"C00502229","WEBER FOR CONGRESS","H2TX14149","WEBER, RANDY","2026","H","TX","14","17","http://docquery.fec.gov/cgi-bin/fecimg/?202507159762901466","","SANTA ROSA TAQUERIA","301 PENNSYLVANIA AVE. SE","","WASHINGTON","DC","20003","2025-06-09","$91.15","FOOD/BEVERAGES","","","","","SB17.I11191",""
"C00502229","WEBER FOR CONGRESS","H2TX14149","WEBER, RANDY","2026","H","TX","14","17","http://docquery.fec.gov/cgi-bin/fecimg/?202507159762901466","","WINRED TECHNICAL SERVICES","1776 WILSON BLVD STE 530","SUITE 530","ARLINGTON","VA","22219","2025-06-09","$.99","CREDIT CARD MERCHANT FEES","","","","","SB17.I11104",""
"C00502229","WEBER FOR CONGRESS","H2TX14149","WEBER, RANDY","2026","H","TX","14","17","http://docquery.fec.gov/cgi-bin/fecimg/?202507159762901467","","APPLE","ONE APPLE PARKWAY","","CUPERTINO","CA","95014","2025-06-10","$53.35","SOFTWARE","","","","","SB17.I11219",""
"C00502229","WEBER FOR CONGRESS","H2TX14149","WEBER, RANDY","2026","H","TX","14","17","http://docquery.fec.gov/cgi-bin/fecimg/?202507159762901467","","LEX POLITICA PLLC","P.O. BOX 341016","","AUSTIN","TX","78734","2025-06-10","$450.00","LEGAL CONSULTING","","","","","SB17.I11152",""
"C00502229","WEBER FOR CONGRESS","H2TX14149","WEBER, RANDY","2026","H","TX","14","17","http://docquery.fec.gov/cgi-bin/fecimg/?202507159762901467","","CLEARME.COM","730 5TH AVE STE 600","","NEW YORK","NY","10019","2025-06-11","$278.00","TRAVEL","","","","","SB17.I11250",""
"C00502229","WEBER FOR CONGRESS","H2TX14149","WEBER, RANDY","2026","H","TX","14","17","http://docquery.fec.gov/cgi-bin/fecimg/?202507159762901468","","LYFT","185 BERRY ST #5000","","SAN FRANCISCO","CA","94107","2025-06-12","$9.82","TRAVEL","","","","","SB17.I11256",""
"C00502229","WEBER FOR CONGRESS","H2TX14149","WEBER, RANDY","2026","H","TX","14","17","http://docquery.fec.gov/cgi-bin/fecimg/?202507159762901468","","LYFT","185 BERRY ST #5000","","SAN FRANCISCO","CA","94107","2025-06-12","$14.95","TRAVEL","","","","","SB17.I11257",""
"C00502229","WEBER FOR CONGRESS","H2TX14149","WEBER, RANDY","2026","H","TX","14","17","http://docquery.fec.gov/cgi-bin/fecimg/?202507159762901444","","MICROSOFT","ONE MICROSOFT WAY","","REDMOND","VA","98052","2025-04-16","$40.59","SOFTWARE SERVICE","","","","","SB17.I11227",""
"C00502229","WEBER FOR CONGRESS","H2TX14149","WEBER, RANDY","2026","H","TX","14","17","http://docquery.fec.gov/cgi-bin/fecimg/?202507159762901444","","WEBER, RANDY","1701 BENDING STREAM DR","","FRIENDSWOOD","TX","775467894","2025-04-17","$267.59","TRAVEL FOOD/BEVERAGES (SEE BELOW IF ITEMIZED)","","","","","SB17.I11060",""
"C00502229","WEBER FOR CONGRESS","H2TX14149","WEBER, RANDY","2026","H","TX","14","17","http://docquery.fec.gov/cgi-bin/fecimg/?202507159762901444","","DEMOCRACY ENGINE LLC","237 FLORIDA AVE NW","","WASHINGTON","DC","200011801","2025-04-17","$175.00","PROCESING FEES","","","","","SB17.I11061",""
"C00502229","WEBER FOR CONGRESS","H2TX14149","WEBER, RANDY","2026","H","TX","14","17","http://docquery.fec.gov/cgi-bin/fecimg/?202507159762901445","","LILLY & COMPANY","1005 CONGRESS AVE STE 400","","AUSTIN","TX","78701","2025-04-17","$236.67","FUNDRAISING CONSULTING","","","","","SB17.I11065",""
"C00502229","WEBER FOR CONGRESS","H2TX14149","WEBER, RANDY","2026","H","TX","14","17","http://docquery.fec.gov/cgi-bin/fecimg/?202507159762901445","","APPLE","ONE APPLE PARKWAY","","CUPERTINO","CA","95014","2025-04-21","$9.99","SOFTWARE","","","","","SB17.I11211",""
"C00502229","WEBER FOR CONGRESS","H2TX14149","WEBER, RANDY","2026","H","TX","14","17","http://docquery.fec.gov/cgi-bin/fecimg/?202507159762901445","","LILLY & COMPANY","1005 CONGRESS AVE STE 400","","AUSTIN","TX","78701","2025-04-21","$7,069.38","FUNDRAISING CONSULTING","","","","","SB17.I11066",""
"C00502229","WEBER FOR CONGRESS","H2TX14149","WEBER, RANDY","2026","H","TX","14","17","http://docquery.fec.gov/cgi-bin/fecimg/?202507159762901469","","CMDI","1593 SPRING HILL RD STE 400","","TYSONS CORNER","VA","22182","2025-06-15","$900.00","DATABASE SUBSCRIPTION","","","","","SB17.I11110",""
"C00502229","WEBER FOR CONGRESS","H2TX14149","WEBER, RANDY","2026","H","TX","14","17","http://docquery.fec.gov/cgi-bin/fecimg/?202507159762901470","","APPLE","ONE APPLE PARKWAY","","CUPERTINO","CA","95014","2025-06-16","$21.54","SOFTWARE","","","","","SB17.I11220",""
"C00502229","WEBER FOR CONGRESS","H2TX14149","WEBER, RANDY","2026","H","TX","14","17","http://docquery.fec.gov/cgi-bin/fecimg/?202507159762901470","","WINRED TECHNICAL SERVICES","1776 WILSON BLVD STE 530","SUITE 530","ARLINGTON","VA","22219","2025-06-16","$19.70","CREDIT CARD MERCHANT FEES","","","","","SB17.I11105",""
"C00502229","WEBER FOR CONGRESS","H2TX14149","WEBER, RANDY","2026","H","TX","14","17","http://docquery.fec.gov/cgi-bin/fecimg/?202507159762901470","","CARDMEMBER SERVICE","P.O. BOX 1423","","CHARLOTTE","NC","282011423","2025-06-17","$8.52","CREDIT CARD PAYMENT (SEE BELOW IF ITEMIZED)","","","","","SB17.I11246",""
"C00502229","WEBER FOR CONGRESS","H2TX14149","WEBER, RANDY","2026","H","TX","14","17","http://docquery.fec.gov/cgi-bin/fecimg/?202507159762901446","","WINRED TECHNICAL SERVICES","1776 WILSON BLVD STE 530","SUITE 530","ARLINGTON","VA","22219","2025-04-21","$4.33","CREDIT CARD MERCHANT FEES","","","","","SB17.I11097",""
"C00502229","WEBER FOR CONGRESS","H2TX14149","WEBER, RANDY","2026","H","TX","14","17","http://docquery.fec.gov/cgi-bin/fecimg/?202507159762901446","","WHITENER, JEANETTE","2209 CEDAR MILL COURT","","VIENNA","VA","22182","2025-04-23","$500.00","CAMPAIGN MANAGER CONSULTING","","","","","SB17.I11076",""
"C00502229","WEBER FOR CONGRESS","H2TX14149","WEBER, RANDY","2026","H","TX","14","17","http://docquery.fec.gov/cgi-bin/fecimg/?202507159762901446","","DEMOCRACY ENGINE LLC","237 FLORIDA AVE NW","","WASHINGTON","DC","200011801","2025-04-24","$150.00","EARMARK PROCESSING FEES","","","","","SB17.I11089",""
"C00502229","WEBER FOR CONGRESS","H2TX14149","WEBER, RANDY","2026","H","TX","14","17","http://docquery.fec.gov/cgi-bin/fecimg/?202507159762901447","","BARGAS, JARED","2302 CAMBRIDGE CT. N","","LEAGUE CITY","TX","77573","2025-04-25","$500.00","CONTRACT LABOR - ADMINISTRATIVE SUPPORT","","","","","SB17.I11072",""
"C00502229","WEBER FOR CONGRESS","H2TX14149","WEBER, RANDY","2026","H","TX","14","17","http://docquery.fec.gov/cgi-bin/fecimg/?202507159762901447","","BUCKELS, LAYNEE","1250 HALF ST SE APT 959","","WASHINGTON","DC","20003","2025-04-25","$500.00","CONTRACT LABOR - COMMUNICATIONS DIRECTOR","","","","","SB17.I11079",""
"C00502229","WEBER FOR CONGRESS","H2TX14149","WEBER, RANDY","2026","H","TX","14","17","http://docquery.fec.gov/cgi-bin/fecimg/?202507159762901447","","AMAZON.COM","1200 12TH AVE","","SEATTLE","WA","98144","2025-04-25","$35.23","OFFICE SUPPLIES","","","","","SB17.I11198",""
"C00502229","WEBER FOR CONGRESS","H2TX14149","WEBER, RANDY","2026","H","TX","14","17","http://docquery.fec.gov/cgi-bin/fecimg/?202507159762901448","","INTUIT INC","2800 EAST COMMERCE CENTER PLACE","","TUCSON","AZ","85706","2025-04-25","$69.29","SUBSCRIPTION","","","","","SB17.I11111",""
"C00502229","WEBER FOR CONGRESS","H2TX14149","WEBER, RANDY","2026","H","TX","14","17","http://docquery.fec.gov/cgi-bin/fecimg/?202507159762901448","","AT&T","P.O. BOX 6416","","CAROL STREAM","IL","601976416","2025-04-28","$279.44","TELEPHONE SERVICE","","","","","SB17.I11239",""
"C00502229","WEBER FOR CONGRESS","H2TX14149","WEBER, RANDY","2026","H","TX","14","17","http://docquery.fec.gov/cgi-bin/fecimg/?202507159762901448","","WINRED TECHNICAL SERVICES","1776 WILSON BLVD STE 530","SUITE 530","ARLINGTON","VA","22219","2025-04-28","$.99","CREDIT CARD MERCHANT FEES","","","","","SB17.I11098",""
"C00502229","WEBER FOR CONGRESS","H2TX14149","WEBER, RANDY","2026","H","TX","14","17","http://docquery.fec.gov/cgi-bin/fecimg/?202507159762901449","","AMAZON.COM","1200 12TH AVE","","SEATTLE","WA","98144","2025-04-29","$21.72","OFFICE SUPPLIES","","","","","SB17.I11199",""
"C00502229","WEBER FOR CONGRESS","H2TX14149","WEBER, RANDY","2026","H","TX","14","17","http://docquery.fec.gov/cgi-bin/fecimg/?202507159762901449","","ANEDOT INC.","1340 POYDRAS ST. STE. 1770","","NEW ORLEANS","LA","70112","2025-05-01","$10.30","CREDIT CARD MERCHANT FEES","","","","","SB17.I11086",""
"C00502229","WEBER FOR CONGRESS","H2TX14149","WEBER, RANDY","2026","H","TX","14","17","http://docquery.fec.gov/cgi-bin/fecimg/?202507159762901449","","DEMOCRACY ENGINE LLC","237 FLORIDA AVE NW","","WASHINGTON","DC","200011801","2025-05-01","$125.00","EARMARK PROCESSING FEES","","","","","SB17.I11090",""
"C00502229","WEBER FOR CONGRESS","H2TX14149","WEBER, RANDY","2026","H","TX","14","17","http://docquery.fec.gov/cgi-bin/fecimg/?202507159762901450","","APPLE","ONE APPLE PARKWAY","","CUPERTINO","CA","95014","2025-05-05","$32.46","SOFTWARE","","","","","SB17.I11212",""
"C00502229","WEBER FOR CONGRESS","H2TX14149","WEBER, RANDY","2026","H","TX","14","17","http://docquery.fec.gov/cgi-bin/fecimg/?202507159762901479","","NEW CONGRESSIONAL LIQUOR & DELI","404 1ST ST SE","","WASHINGTON","DC","20003","2025-06-26","$163.64","FOOD/BEVERAGES","","","","","SB17.I11131",""
"C00502229","WEBER FOR CONGRESS","H2TX14149","WEBER, RANDY","2026","H","TX","14","17","http://docquery.fec.gov/cgi-bin/fecimg/?202507159762901479","","LUNA'S MEXICAN RESTAURANT","704 WEST PARKWOOD","","FRIENDSWOOD","TX","77546","2025-06-27","$86.00","FOOD/BEVERAGES","","","","","SB17.I11185",""
"C00502229","WEBER FOR CONGRESS","H2TX14149","WEBER, RANDY","2026","H","TX","14","17","http://docquery.fec.gov/cgi-bin/fecimg/?202507159762901479","","LYFT","185 BERRY ST #5000","","SAN FRANCISCO","CA","94107","2025-06-27","$10.94","TRAVEL","","","","","SB17.I11261",""
"C00502229","WEBER FOR CONGRESS","H2TX14149","WEBER, RANDY","2026","H","TX","14","17","http://docquery.fec.gov/cgi-bin/fecimg/?202507159762901480","","LYFT","185 BERRY ST #5000","","SAN FRANCISCO","CA","94107","2025-06-27","$12.99","TRAVEL","","","","","SB17.I11262",""
"C00502229","WEBER FOR CONGRESS","H2TX14149","WEBER, RANDY","2026","H","TX","14","17","http://docquery.fec.gov/cgi-bin/fecimg/?202507159762901480","","GALVESTON COUNTY REPUBLICAN PARTY","P.O. BOX 135","","LEAGUE CITY","TX","77574","2025-06-28","$3,100.00","FLAG FOR DC OFFICE","","","","","SB17.I11124",""
"C00502229","WEBER FOR CONGRESS","H2TX14149","WEBER, RANDY","2026","H","TX","14","17","http://docquery.fec.gov/cgi-bin/fecimg/?202507159762901480","","AMAZON.COM","1200 12TH AVE","","SEATTLE","WA","98144","2025-06-30","$151.52","OFFICE SUPPLIES","","","","","SB17.I11208",""
"C00502229","WEBER FOR CONGRESS","H2TX14149","WEBER, RANDY","2026","H","TX","14","17","http://docquery.fec.gov/cgi-bin/fecimg/?202507159762901481","","APPLE","ONE APPLE PARKWAY","","CUPERTINO","CA","95014","2025-06-30","$71.40","SOFTWARE","","","","","SB17.I11225",""
"C00502229","WEBER FOR CONGRESS","H2TX14149","WEBER, RANDY","2026","H","TX","14","17","http://docquery.fec.gov/cgi-bin/fecimg/?202507159762901481","","WINRED TECHNICAL SERVICES","1776 WILSON BLVD STE 530","SUITE 530","ARLINGTON","VA","22219","2025-06-30","$32.51","CREDIT CARD MERCHANT FEES","","","","","SB17.I11107",""
"C00502229","WEBER FOR CONGRESS","H2TX14149","WEBER, RANDY","2026","H","TX","14","17","http://docquery.fec.gov/cgi-bin/fecimg/?202507159762901453","","APPLE","ONE APPLE PARKWAY","","CUPERTINO","CA","95014","2025-05-12","$1.40","SOFTWARE","","","","","SB17.I11213",""
"C00502229","WEBER FOR CONGRESS","H2TX14149","WEBER, RANDY","2026","H","TX","14","17","http://docquery.fec.gov/cgi-bin/fecimg/?202507159762901453","","WINRED TECHNICAL SERVICES","1776 WILSON BLVD STE 530","SUITE 530","ARLINGTON","VA","22219","2025-05-12","$.99","CREDIT CARD MERCHANT FEES","","","","","SB17.I11100",""
"C00502229","WEBER FOR CONGRESS","H2TX14149","WEBER, RANDY","2026","H","TX","14","17","http://docquery.fec.gov/cgi-bin/fecimg/?202507159762901454","","APPLE","ONE APPLE PARKWAY","","CUPERTINO","CA","95014","2025-05-13","$1.40","SOFTWARE","","","","","SB17.I11214",""
"C00502229","WEBER FOR CONGRESS","H2TX14149","WEBER, RANDY","2026","H","TX","14","17","http://docquery.fec.gov/cgi-bin/fecimg/?202507159762901454","","CARDMEMBER SERVICE","P.O. BOX 1423","","CHARLOTTE","NC","282011423","2025-05-13","$154.57","CREDIT CARD PAYMENT (SEE BELOW IF ITEMIZED)","","","","","SB17.I11245",""
"C00502229","WEBER FOR CONGRESS","H2TX14149","WEBER, RANDY","2026","H","TX","14","17","http://docquery.fec.gov/cgi-bin/fecimg/?202507159762901454","","CONSTANT CONTACT","1601 TRAPELO ROAD","","WALTHAM","MA","02451","2025-05-13","$154.57","EMAIL MARKETING SERVICE","X","","","","SB17.I11273","SB17.I11245"
"C00502229","WEBER FOR CONGRESS","H2TX14149","WEBER, RANDY","2026","H","TX","14","17","http://docquery.fec.gov/cgi-bin/fecimg/?202507159762901455","","AMAZON.COM","1200 12TH AVE","","SEATTLE","WA","98144","2025-05-14","$9.09","OFFICE SUPPLIES","","","","","SB17.I11200",""
"C00502229","WEBER FOR CONGRESS","H2TX14149","WEBER, RANDY","2026","H","TX","14","17","http://docquery.fec.gov/cgi-bin/fecimg/?202507159762901455","","APPLE","ONE APPLE PARKWAY","","CUPERTINO","CA","95014","2025-05-14","$21.54","SOFTWARE","","","","","SB17.I11215",""
"C00502229","WEBER FOR CONGRESS","H2TX14149","WEBER, RANDY","2026","H","TX","14","17","http://docquery.fec.gov/cgi-bin/fecimg/?202507159762901471","","CARDMEMBER SERVICE","P.O. BOX 1423","","CHARLOTTE","NC","282011423","2025-06-17","$509.17","CREDIT CARD PAYMENT (SEE BELOW IF ITEMIZED)","","","","","SB17.I11247",""
"C00502229","WEBER FOR CONGRESS","H2TX14149","WEBER, RANDY","2026","H","TX","14","17","http://docquery.fec.gov/cgi-bin/fecimg/?202507159762901471","","CONSTANT CONTACT","1601 TRAPELO ROAD","","WALTHAM","MA","02451","2025-06-17","$154.57","EMAIL MARKETING SERVICE","X","","","","SB17.I11271","SB17.I11247"
"C00502229","WEBER FOR CONGRESS","H2TX14149","WEBER, RANDY","2026","H","TX","14","17","http://docquery.fec.gov/cgi-bin/fecimg/?202507159762901471","","HOUSE GIFT SHOP","FIRST STREET NE","","WASHINGTON","DC","20515","2025-06-17","$27.35","GIFTS","X","","","","SB17.I11269","SB17.I11247"
"C00502229","WEBER FOR CONGRESS","H2TX14149","WEBER, RANDY","2026","H","TX","14","17","http://docquery.fec.gov/cgi-bin/fecimg/?202507159762901472","","WASHINGTON NATIONALS","1500 SOUTH CAPITOL STREET SOUTHEAS","","WASHINGTON","DC","20003","2025-06-17","$224.00","EVENT TICKETS","X","","","","SB17.I11272","SB17.I11247"
"C00502229","WEBER FOR CONGRESS","H2TX14149","WEBER, RANDY","2026","H","TX","14","17","http://docquery.fec.gov/cgi-bin/fecimg/?202507159762901472","","APPLE","ONE APPLE PARKWAY","","CUPERTINO","CA","95014","2025-06-18","$1.40","SOFTWARE","","","","","SB17.I11221",""
"C00502229","WEBER FOR CONGRESS","H2TX14149","WEBER, RANDY","2026","H","TX","14","17","http://docquery.fec.gov/cgi-bin/fecimg/?202507159762901472","","APPLE","ONE APPLE PARKWAY","","CUPERTINO","CA","95014","2025-06-20","$148.65","SOFTWARE","","","","","SB17.I11222",""
"C00502229","WEBER FOR CONGRESS","H2TX14149","WEBER, RANDY","2026","H","TX","14","17","http://docquery.fec.gov/cgi-bin/fecimg/?202507159762901473","","APPLE","ONE APPLE PARKWAY","","CUPERTINO","CA","95014","2025-06-20","$9.99","SOFTWARE","","","","","SB17.I11223",""
"C00502229","WEBER FOR CONGRESS","H2TX14149","WEBER, RANDY","2026","H","TX","14","17","http://docquery.fec.gov/cgi-bin/fecimg/?202507159762901473","","APPLE","ONE APPLE PARKWAY","","CUPERTINO","CA","95014","2025-06-20","$1,199.36","TELECOMMUNICATIONS EQUIPMENT","","","","","SB17.I11224",""
"C00502229","WEBER FOR CONGRESS","H2TX14149","WEBER, RANDY","2026","H","TX","14","17","http://docquery.fec.gov/cgi-bin/fecimg/?202507159762901473","","WHITENER, JEANETTE","2209 CEDAR MILL COURT","","VIENNA","VA","22182","2025-06-23","$500.00","CAMPAIGN MANAGER CONSULTING","","","","","SB17.I11078",""
"C00502229","WEBER FOR CONGRESS","H2TX14149","WEBER, RANDY","2026","H","TX","14","17","http://docquery.fec.gov/cgi-bin/fecimg/?202507159762901474","","AMAZON.COM","1200 12TH AVE","","SEATTLE","WA","98144","2025-06-23","$27.04","OFFICE SUPPLIES","","","","","SB17.I11204",""
"C00502229","WEBER FOR CONGRESS","H2TX14149","WEBER, RANDY","2026","H","TX","14","17","http://docquery.fec.gov/cgi-bin/fecimg/?202507159762901474","","WINRED TECHNICAL SERVICES","1776 WILSON BLVD STE 530","SUITE 530","ARLINGTON","VA","22219","2025-06-23","$4.33","CREDIT CARD MERCHANT FEES","","","","","SB17.I11106",""
"C00502229","WEBER FOR CONGRESS","H2TX14149","WEBER, RANDY","2026","H","TX","14","17","http://docquery.fec.gov/cgi-bin/fecimg/?202507159762901474","","AMAZON.COM","1200 12TH AVE","","SEATTLE","WA","98144","2025-06-24","$105.98","OFFICE SUPPLIES","","","","","SB17.I11205",""
"C00502229","WEBER FOR CONGRESS","H2TX14149","WEBER, RANDY","2026","H","TX","14","17","http://docquery.fec.gov/cgi-bin/fecimg/?202507159762901475","","BARGAS, JARED","2302 CAMBRIDGE CT. N","","LEAGUE CITY","TX","77573","2025-06-25","$500.00","CONTRACT LABOR - ADMINISTRATIVE SUPPORT","","","","","SB17.I11075",""
"C00502229","WEBER FOR CONGRESS","H2TX14149","WEBER, RANDY","2026","H","TX","14","17","http://docquery.fec.gov/cgi-bin/fecimg/?202507159762901475","","BUCKELS, LAYNEE","1250 HALF ST SE APT 959","","WASHINGTON","DC","20003","2025-06-25","$500.00","CONTRACT LABOR - COMMUNICATIONS DIRECTOR","","","","","SB17.I11081",""
"C00502229","WEBER FOR CONGRESS","H2TX14149","WEBER, RANDY","2026","H","TX","14","17","http://docquery.fec.gov/cgi-bin/fecimg/?202505299761728322","","CARDMEMBER SERVICE","P.O. BOX 1423","","CHARLOTTE","NC","282011423","2025-01-14","$1,742.23","CREDIT CARD PAYMENT (SEE BELOW IF ITEMIZED)","","","","","SB17.I10938",""
"C00502229","WEBER FOR CONGRESS","H2TX14149","WEBER, RANDY","2026","H","TX","14","17","http://docquery.fec.gov/cgi-bin/fecimg/?202505299761728322","","CONSTANT CONTACT","1601 TRAPELO ROAD","","WALTHAM","MA","02451","2025-01-14","$154.57","EMAIL MARKETING SERVICE","X","","","","SB17.I10975","SB17.I10938"
"C00502229","WEBER FOR CONGRESS","H2TX14149","WEBER, RANDY","2026","H","TX","14","17","http://docquery.fec.gov/cgi-bin/fecimg/?202505299761728322","","HOUSE GIFT SHOP","FIRST STREET NE","","WASHINGTON","DC","20515","2025-01-14","$475.00","ORNAMENTS","X","","","","SB17.I10973","SB17.I10938"
"C00502229","WEBER FOR CONGRESS","H2TX14149","WEBER, RANDY","2026","H","TX","14","17","http://docquery.fec.gov/cgi-bin/fecimg/?202505299761728323","","HOUSE GIFT SHOP","FIRST STREET NE","","WASHINGTON","DC","20515","2025-01-14","$279.00","ORNAMENTS","X","","","","SB17.I10981","SB17.I10938"
"C00502229","WEBER FOR CONGRESS","H2TX14149","WEBER, RANDY","2026","H","TX","14","17","http://docquery.fec.gov/cgi-bin/fecimg/?202505299761728323","","VIRTUE FEED AND GRAIN","106 S UNION ST","","ALEXANDRIA","VA","22314","2025-01-14","$355.01","FOOD/BEVERAGES","X","","","","SB17.I10979","SB17.I10938"
"C00502229","WEBER FOR CONGRESS","H2TX14149","WEBER, RANDY","2026","H","TX","14","17","http://docquery.fec.gov/cgi-bin/fecimg/?202505299761728329","","LILLY & COMPANY","1005 CONGRESS AVE STE 400","","AUSTIN","TX","78701","2025-02-11","$10,331.84","FUNDRAISING CONSULTING","","","","","SB17.I10779",""
"C00502229","WEBER FOR CONGRESS","H2TX14149","WEBER, RANDY","2026","H","TX","14","17","http://docquery.fec.gov/cgi-bin/fecimg/?202505299761728329","","LILLY & COMPANY","1005 CONGRESS AVE STE 400","","AUSTIN","TX","78701","2025-03-03","$6,500.00","FUNDRAISING CONSULTING","","","","","SB17.I10780",""
"C00502229","WEBER FOR CONGRESS","H2TX14149","WEBER, RANDY","2026","H","TX","14","17","http://docquery.fec.gov/cgi-bin/fecimg/?202505299761728330","","LILLY & COMPANY","1005 CONGRESS AVE STE 400","","AUSTIN","TX","78701","2025-03-03","$1,088.83","FUNDRAISING CONSULTING","","","","","SB17.I10781",""
"C00502229","WEBER FOR CONGRESS","H2TX14149","WEBER, RANDY","2026","H","TX","14","17","http://docquery.fec.gov/cgi-bin/fecimg/?202505299761728330","","LILLY & COMPANY","1005 CONGRESS AVE STE 400","","AUSTIN","TX","78701","2025-03-20","$6,738.74","FUNDRAISING CONSULTING","","","","","SB17.I10783",""
"C00502229","WEBER FOR CONGRESS","H2TX14149","WEBER, RANDY","2026","H","TX","14","17","http://docquery.fec.gov/cgi-bin/fecimg/?202505299761728330","","LILLY & COMPANY","1005 CONGRESS AVE STE 400","","AUSTIN","TX","78701","2025-01-15","$6,759.80","FUNDRAISING CONSULTING","","","","","SB17.I10923",""
"C00502229","WEBER FOR CONGRESS","H2TX14149","WEBER, RANDY","2026","H","TX","14","17","http://docquery.fec.gov/cgi-bin/fecimg/?202505299761728331","","LUNA'S MEXICAN RESTAURANT","704 WEST PARKWOOD","","FRIENDSWOOD","TX","77546","2025-01-24","$174.00","FOOD/BEVERAGES","","","","","SB17.I10834",""
"C00502229","WEBER FOR CONGRESS","H2TX14149","WEBER, RANDY","2026","H","TX","14","17","http://docquery.fec.gov/cgi-bin/fecimg/?202505299761728331","","LUNA'S MEXICAN RESTAURANT","704 WEST PARKWOOD","","FRIENDSWOOD","TX","77546","2025-02-03","$94.00","FOOD/BEVERAGES","","","","","SB17.I10880",""
"C00502229","WEBER FOR CONGRESS","H2TX14149","WEBER, RANDY","2026","H","TX","14","17","http://docquery.fec.gov/cgi-bin/fecimg/?202505299761728331","","LUNA'S MEXICAN RESTAURANT","704 WEST PARKWOOD","","FRIENDSWOOD","TX","77546","2025-02-21","$112.63","FOOD/BEVERAGES","","","","","SB17.I10888",""
"C00502229","WEBER FOR CONGRESS","H2TX14149","WEBER, RANDY","2026","H","TX","14","17","http://docquery.fec.gov/cgi-bin/fecimg/?202505299761728332","","LUNA'S MEXICAN RESTAURANT","704 WEST PARKWOOD","","FRIENDSWOOD","TX","77546","2025-03-21","$176.00","FOOD/BEVERAGES","","","","","SB17.I10894",""
"C00502229","WEBER FOR CONGRESS","H2TX14149","WEBER, RANDY","2026","H","TX","14","17","http://docquery.fec.gov/cgi-bin/fecimg/?202505299761728332","","LYFT","185 BERRY ST #5000","","SAN FRANCISCO","CA","94107","2025-01-17","$9.36","TRAVEL","","","","","SB17.I10940",""
"C00502229","WEBER FOR CONGRESS","H2TX14149","WEBER, RANDY","2026","H","TX","14","17","http://docquery.fec.gov/cgi-bin/fecimg/?202505299761728333","","LYFT","185 BERRY ST #5000","","SAN FRANCISCO","CA","94107","2025-01-17","$10.84","TRAVEL","","","","","SB17.I10941",""
"C00502229","WEBER FOR CONGRESS","H2TX14149","WEBER, RANDY","2026","H","TX","14","17","http://docquery.fec.gov/cgi-bin/fecimg/?202505299761728333","","LYFT","185 BERRY ST #5000","","SAN FRANCISCO","CA","94107","2025-01-21","$10.97","TRAVEL","","","","","SB17.I10942",""
"C00502229","WEBER FOR CONGRESS","H2TX14149","WEBER, RANDY","2026","H","TX","14","17","http://docquery.fec.gov/cgi-bin/fecimg/?202505299761728333","","LYFT","185 BERRY ST #5000","","SAN FRANCISCO","CA","94107","2025-01-21","$38.71","TRAVEL","","","","","SB17.I10943",""
"C00502229","WEBER FOR CONGRESS","H2TX14149","WEBER, RANDY","2026","H","TX","14","17","http://docquery.fec.gov/cgi-bin/fecimg/?202505299761728334","","LYFT","185 BERRY ST #5000","","SAN FRANCISCO","CA","94107","2025-01-21","$5.00","TRAVEL","","","","","SB17.I10944",""
"C00502229","WEBER FOR CONGRESS","H2TX14149","WEBER, RANDY","2026","H","TX","14","17","http://docquery.fec.gov/cgi-bin/fecimg/?202505299761728334","","LYFT","185 BERRY ST #5000","","SAN FRANCISCO","CA","94107","2025-01-21","$22.99","TRAVEL","","","","","SB17.I10945",""
"C00502229","WEBER FOR CONGRESS","H2TX14149","WEBER, RANDY","2026","H","TX","14","17","http://docquery.fec.gov/cgi-bin/fecimg/?202505299761728334","","LYFT","185 BERRY ST #5000","","SAN FRANCISCO","CA","94107","2025-01-21","$63.00","TRAVEL","","","","","SB17.I10946",""
"C00502229","WEBER FOR CONGRESS","H2TX14149","WEBER, RANDY","2026","H","TX","14","17","http://docquery.fec.gov/cgi-bin/fecimg/?202505299761728335","","LYFT","185 BERRY ST #5000","","SAN FRANCISCO","CA","94107","2025-01-22","$32.16","TRAVEL","","","","","SB17.I10947",""
"C00502229","WEBER FOR CONGRESS","H2TX14149","WEBER, RANDY","2026","H","TX","14","17","http://docquery.fec.gov/cgi-bin/fecimg/?202505299761728335","","LYFT","185 BERRY ST #5000","","SAN FRANCISCO","CA","94107","2025-01-30","$49.40","TRAVEL","","","","","SB17.I10950",""
"C00502229","WEBER FOR CONGRESS","H2TX14149","WEBER, RANDY","2026","H","TX","14","17","http://docquery.fec.gov/cgi-bin/fecimg/?202505299761728335","","NUMBER 13 PRIME STEAK AND SEAFOOD","7809 BROADWAY ST","","GALVESTON","TX","77554","2025-03-31","$391.87","FOOD/BEVERAGES","","","","","SB17.I10897",""
"C00502229","WEBER FOR CONGRESS","H2TX14149","WEBER, RANDY","2026","H","TX","14","17","http://docquery.fec.gov/cgi-bin/fecimg/?202505299761728336","","OLD EBBITT GRILL","675 15TH ST NW","","WASHINGTON","DC","20005","2025-01-18","$261.00","FOOD/BEVERAGE","","","","","SB17.I10877",""
"C00502229","WEBER FOR CONGRESS","H2TX14149","WEBER, RANDY","2026","H","TX","14","17","http://docquery.fec.gov/cgi-bin/fecimg/?202505299761728336","","PUBLIC STORAGE","P.O. BOX 25050","","GLENDALE","CA","91221","2025-01-03","$344.00","STORAGE RENTAL","","","","","SB17.I10926",""
"C00502229","WEBER FOR CONGRESS","H2TX14149","WEBER, RANDY","2026","H","TX","14","17","http://docquery.fec.gov/cgi-bin/fecimg/?202505299761728336","","PUBLIC STORAGE","P.O. BOX 25050","","GLENDALE","CA","91221","2025-02-03","$344.00","STORAGE RENTAL","","","","","SB17.I10927",""
"C00502229","WEBER FOR CONGRESS","H2TX14149","WEBER, RANDY","2026","H","TX","14","17","http://docquery.fec.gov/cgi-bin/fecimg/?202505299761728337","","PUBLIC STORAGE","P.O. BOX 25050","","GLENDALE","CA","91221","2025-03-04","$344.00","STORAGE RENTAL","","","","","SB17.I10928",""
"C00502229","WEBER FOR CONGRESS","H2TX14149","WEBER, RANDY","2026","H","TX","14","17","http://docquery.fec.gov/cgi-bin/fecimg/?202505299761728337","","RIGHTSIDE COMPLIANCE","P.O. BOX 341027","","AUSTIN","TX","78734","2025-01-09","$2,750.00","COMPLIANCE CONSULTING","","","","","SB17.I10776",""
"C00502229","WEBER FOR CONGRESS","H2TX14149","WEBER, RANDY","2026","H","TX","14","17","http://docquery.fec.gov/cgi-bin/fecimg/?202505299761728337","","RIGHTSIDE COMPLIANCE","P.O. BOX 341027","","AUSTIN","TX","78734","2025-02-07","$2,827.69","COMPLIANCE CONSULTING","","","","","SB17.I10778",""
"C00502229","WEBER FOR CONGRESS","H2TX14149","WEBER, RANDY","2026","H","TX","14","17","http://docquery.fec.gov/cgi-bin/fecimg/?202505299761728338","","RIGHTSIDE COMPLIANCE","P.O. BOX 341027","","AUSTIN","TX","78734","2025-03-20","$2,950.00","COMPLIANCE CONSULTING","","","","","SB17.I10782",""
"C00502229","WEBER FOR CONGRESS","H2TX14149","WEBER, RANDY","2026","H","TX","14","17","http://docquery.fec.gov/cgi-bin/fecimg/?202505299761728338","","TEXAS STATE SOCIETY OF WASHINGTON DC","P.O. BOX 1283","","ALEXANDRIA","VA","22313","2025-01-13","$1,200.00","SPONSORSHIP","","","","","SB17.I10827",""
"C00502229","WEBER FOR CONGRESS","H2TX14149","WEBER, RANDY","2026","H","TX","14","17","http://docquery.fec.gov/cgi-bin/fecimg/?202505299761728338","","THE CONGRESSIONAL CLUB MUSEUM & FOUNDATION","2001 NEW HAMPSHIRE AVE NW","","WASHINGTON","DC","20009","2025-02-03","$1,000.00","EVENT TICKETS","","","","","SB17.I10835",""
"C00502229","WEBER FOR CONGRESS","H2TX14149","WEBER, RANDY","2026","H","TX","14","17","http://docquery.fec.gov/cgi-bin/fecimg/?202505299761728339","","THE ROTARY CLUB OF TEXAS CITY","PO BOX 2699","","TEXAS CITY","TX","77592","2025-02-10","$500.00","MEMBERSHIP DUES","","","","","SB17.I10819",""
"C00502229","WEBER FOR CONGRESS","H2TX14149","WEBER, RANDY","2026","H","TX","14","17","http://docquery.fec.gov/cgi-bin/fecimg/?202505299761728339","","TOTAL WINE & MORE 221","3901 RICHMOND HWY","","ALEXANDRIA","VA","22305","2025-01-18","$646.92","FOOD/BEVERAGES","","","","","SB17.I10828",""
"C00502229","WEBER FOR CONGRESS","H2TX14149","WEBER, RANDY","2026","H","TX","14","17","http://docquery.fec.gov/cgi-bin/fecimg/?202505299761728339","","USPS","310 MORNINGSIDE DR.","","FRIENDSWOOD","TX","77546","2025-02-28","$229.99","POSTAGE/DELIVERY","","","","","SB17.I10924",""
"C00502229","WEBER FOR CONGRESS","H2TX14149","WEBER, RANDY","2026","H","TX","14","21","http://docquery.fec.gov/cgi-bin/fecimg/?202505299761728340","C00776120","KIGGANS FOR CONGRESS","P.O. BOX 5042","","VIRGINIA BEACH","VA","23471","2025-03-17","$1,000.00","CAMPAIGN CONTRIBUTION","","","","","SB21.I10870",""
"C00502229","WEBER FOR CONGRESS","H2TX14149","WEBER, RANDY","2026","H","TX","14","21","http://docquery.fec.gov/cgi-bin/fecimg/?202505299761728340","C00846501","MACKENZIE FOR CONGRESS COMMITTEE","PO BOX 747","","EMMAUS","PA","18049","2025-03-17","$1,000.00","CAMPAIGN CONTRIBUTION","","","","","SB21.I10867",""
"C00502229","WEBER FOR CONGRESS","H2TX14149","WEBER, RANDY","2026","H","TX","14","21","http://docquery.fec.gov/cgi-bin/fecimg/?202505299761728340","C00510164","PATRIOTS FOR PERRY","4075 LINGLESTOWN ROAD PMB 119","PMB 119","HARRISBURG","PA","17112","2025-03-17","$1,000.00","CAMPAIGN CONTRIBUTION","","","","","SB21.I10869",""
"C00502229","WEBER FOR CONGRESS","H2TX14149","WEBER, RANDY","2026","H","TX","14","17","http://docquery.fec.gov/cgi-bin/fecimg/?202505299761728332","","LUNA'S MEXICAN RESTAURANT","704 WEST PARKWOOD","","FRIENDSWOOD","TX","77546","2025-03-28","$97.00","FOOD/BEVERAGES","","","","","SB17.I10896",""
"C00502229","WEBER FOR CONGRESS","H2TX14149","WEBER, RANDY","2026","H","TX","14","21","http://docquery.fec.gov/cgi-bin/fecimg/?202505299761728341","C00852137","ROB FOR PA","11 DOCK ST BOX 971","","PITTSTON","PA","18640","2025-03-17","$1,000.00","CAMPAIGN CONTRIBUTION","","","","","SB21.I10868",""
"C00502229","WEBER FOR CONGRESS","H2TX14149","WEBER, RANDY","2026","H","TX","14","21","http://docquery.fec.gov/cgi-bin/fecimg/?202505299761728341","","RYAN CADE CAMPAIGN","PO BOX 1989","","ANGLETON","TX","77516","2025-01-16","$500.00","CAMPAIGN CONTRIBUTION","","","","","SB21.I10865",""
"C00502229","WEBER FOR CONGRESS","H2TX14149","WEBER, RANDY","2026","H","TX","14","21","http://docquery.fec.gov/cgi-bin/fecimg/?202505299761728341","","STACY ADAMS CAMPAIGN","PO BOX 4033","","ALVIN","TX","77581","2025-01-16","$500.00","CAMPAIGN CONTRIBUTION","","","","","SB21.I10866",""
"C00502229","WEBER FOR CONGRESS","H2TX14149","WEBER, RANDY","2026","H","TX","14","21","http://docquery.fec.gov/cgi-bin/fecimg/?202505299761728342","C00742007","VAN ORDEN FOR CONGRESS","PO BOX 1836","","LA CROSSE","WI","54602","2025-03-17","$1,000.00","CAMPAIGN CONTRIBUTION","","","","","SB21.I10871",""
"C00916049","THE FRIENDS OF RICHARD H DAVIS","H6TX14173","DAVIS, RICHARD HARVEY III","2026","H","TX","14","17","http://docquery.fec.gov/cgi-bin/fecimg/?202604129857123219","","DAVIS, RICHARD HARVEY III","3718 ROYLENE CT","","DICKINSON","TX","77539","2026-02-19","$55.00","IN-KIND -","","","001","Administrative/Salary/Overhead Expenses ","SB17.4194",""
"C00916049","THE FRIENDS OF RICHARD H DAVIS","H6TX14173","DAVIS, RICHARD HARVEY III","2026","H","TX","14","17","http://docquery.fec.gov/cgi-bin/fecimg/?202604129857123219","","DAVIS, RICHARD HARVEY III","3718 ROYLENE CT","","DICKINSON","TX","77539","2026-02-26","$472.50","IN-KIND -","","","001","Administrative/Salary/Overhead Expenses ","SB17.4192",""
"C00916049","THE FRIENDS OF RICHARD H DAVIS","H6TX14173","DAVIS, RICHARD HARVEY III","2026","H","TX","14","17","http://docquery.fec.gov/cgi-bin/fecimg/?202604129857123219","","DAVIS, RICHARD HARVEY III","3718 ROYLENE CT","","DICKINSON","TX","77539","2026-02-26","$1,601.25","IN-KIND -","","","003","Solicitation and Fundraising Expenses ","SB17.4193",""
"C00916049","THE FRIENDS OF RICHARD H DAVIS","H6TX14173","DAVIS, RICHARD HARVEY III","2026","H","TX","14","17","http://docquery.fec.gov/cgi-bin/fecimg/?202604129857123220","","DAVIS, RICHARD HARVEY III","3718 ROYLENE CT","","DICKINSON","TX","77539","2026-03-05","$384.57","IN-KIND -","","","001","Administrative/Salary/Overhead Expenses ","SB17.4191",""
"C00502229","WEBER FOR CONGRESS","H2TX14149","WEBER, RANDY","2026","H","TX","14","17","http://docquery.fec.gov/cgi-bin/fecimg/?202507159762901475","","AMAZON.COM","1200 12TH AVE","","SEATTLE","WA","98144","2025-06-25","$10.81","OFFICE SUPPLIES","","","","","SB17.I11206",""
"C00502229","WEBER FOR CONGRESS","H2TX14149","WEBER, RANDY","2026","H","TX","14","17","http://docquery.fec.gov/cgi-bin/fecimg/?202507159762901476","","AMAZON.COM","1200 12TH AVE","","SEATTLE","WA","98144","2025-06-25","$10.81","OFFICE SUPPLIES","","","","","SB17.I11207",""
"C00502229","WEBER FOR CONGRESS","H2TX14149","WEBER, RANDY","2026","H","TX","14","17","http://docquery.fec.gov/cgi-bin/fecimg/?202507159762901455","","CAPITOL HILL CLUB","300 FIRST ST SE","","WASHINGTON","DC","20003","2025-05-15","$192.90","FOOD/BEVERAGES","","","","","SB17.I11118",""
"C00502229","WEBER FOR CONGRESS","H2TX14149","WEBER, RANDY","2026","H","TX","14","17","http://docquery.fec.gov/cgi-bin/fecimg/?202507159762901456","","CMDI","1593 SPRING HILL RD STE 400","","TYSONS CORNER","VA","22182","2025-05-15","$900.00","DATABASE SUBSCRIPTION","","","","","SB17.I11109",""
"C00502229","WEBER FOR CONGRESS","H2TX14149","WEBER, RANDY","2026","H","TX","14","17","http://docquery.fec.gov/cgi-bin/fecimg/?202507159762901456","","DEMOCRACY ENGINE LLC","237 FLORIDA AVE NW","","WASHINGTON","DC","200011801","2025-05-15","$25.05","EARMARK PROCESSING FEES","","","","","SB17.I11092",""
"C00502229","WEBER FOR CONGRESS","H2TX14149","WEBER, RANDY","2026","H","TX","14","17","http://docquery.fec.gov/cgi-bin/fecimg/?202507159762901456","","GALVESTON REPUBLICAN WOMEN","908 LAYFAIR PLACEATTN: TINA KIRBI","","FRIENDSWOOD","TX","77546","2025-05-16","$1,200.00","SPONSORSHIP","","","","","SB17.I11125",""
"C00502229","WEBER FOR CONGRESS","H2TX14149","WEBER, RANDY","2026","H","TX","14","17","http://docquery.fec.gov/cgi-bin/fecimg/?202507159762901457","","LEX POLITICA PLLC","P.O. BOX 341016","","AUSTIN","TX","78734","2025-05-16","$450.00","LEGAL CONSULTING","","","","","SB17.I11151",""
"C00502229","WEBER FOR CONGRESS","H2TX14149","WEBER, RANDY","2026","H","TX","14","17","http://docquery.fec.gov/cgi-bin/fecimg/?202507159762901457","","MICROSOFT","ONE MICROSOFT WAY","","REDMOND","VA","98052","2025-05-16","$40.59","SOFTWARE SERVICE","","","","","SB17.I11228",""
"C00502229","WEBER FOR CONGRESS","H2TX14149","WEBER, RANDY","2026","H","TX","14","17","http://docquery.fec.gov/cgi-bin/fecimg/?202507159762901457","","APPLE","ONE APPLE PARKWAY","","CUPERTINO","CA","95014","2025-05-19","$9.99","SOFTWARE","","","","","SB17.I11216",""
"C00502229","WEBER FOR CONGRESS","H2TX14149","WEBER, RANDY","2026","H","TX","14","17","http://docquery.fec.gov/cgi-bin/fecimg/?202507159762901458","","ECONOMIC DEV ALLIANCE OF BRAZORIA COUNTY","4005 TECHNOLOGY DRIVE SUITE 1010 B","","ANGLETON","TX","77515","2025-05-19","$250.00","MEMBERSHIP DUES","","","","","SB17.I11121",""
"C00502229","WEBER FOR CONGRESS","H2TX14149","WEBER, RANDY","2026","H","TX","14","17","http://docquery.fec.gov/cgi-bin/fecimg/?202507159762901458","","WINRED TECHNICAL SERVICES","1776 WILSON BLVD STE 530","SUITE 530","ARLINGTON","VA","22219","2025-05-19","$1.38","CREDIT CARD MERCHANT FEES","","","","","SB17.I11101",""
"C00502229","WEBER FOR CONGRESS","H2TX14149","WEBER, RANDY","2026","H","TX","14","17","http://docquery.fec.gov/cgi-bin/fecimg/?202507159762901458","","AMAZON.COM","1200 12TH AVE","","SEATTLE","WA","98144","2025-05-20","$37.09","OFFICE SUPPLIES","","","","","SB17.I11201",""
"C00502229","WEBER FOR CONGRESS","H2TX14149","WEBER, RANDY","2026","H","TX","14","17","http://docquery.fec.gov/cgi-bin/fecimg/?202507159762901459","","DEMOCRACY ENGINE LLC","237 FLORIDA AVE NW","","WASHINGTON","DC","200011801","2025-05-21","$50.00","EARMARK PROCESSING FEES","","","","","SB17.I11093",""
"C00502229","WEBER FOR CONGRESS","H2TX14149","WEBER, RANDY","2026","H","TX","14","17","http://docquery.fec.gov/cgi-bin/fecimg/?202507159762901459","","WHITENER, JEANETTE","2209 CEDAR MILL COURT","","VIENNA","VA","22182","2025-05-23","$500.00","CAMPAIGN MANAGER CONSULTING","","","","","SB17.I11077",""
"C00502229","WEBER FOR CONGRESS","H2TX14149","WEBER, RANDY","2026","H","TX","14","17","http://docquery.fec.gov/cgi-bin/fecimg/?202507159762901459","","AMAZON.COM","1200 12TH AVE","","SEATTLE","WA","98144","2025-05-23","$36.78","OFFICE SUPPLIES","","","","","SB17.I11202",""
"C00502229","WEBER FOR CONGRESS","H2TX14149","WEBER, RANDY","2026","H","TX","14","17","http://docquery.fec.gov/cgi-bin/fecimg/?202507159762901460","","BARGAS, JARED","2302 CAMBRIDGE CT. N","","LEAGUE CITY","TX","77573","2025-05-25","$500.00","CONTRACT LABOR - ADMINISTRATIVE SUPPORT","","","","","SB17.I11073",""
"C00502229","WEBER FOR CONGRESS","H2TX14149","WEBER, RANDY","2026","H","TX","14","17","http://docquery.fec.gov/cgi-bin/fecimg/?202507159762901460","","BUCKELS, LAYNEE","1250 HALF ST SE APT 959","","WASHINGTON","DC","20003","2025-05-25","$500.00","CONTRACT LABOR - COMMUNICATIONS DIRECTOR","","","","","SB17.I11080",""
"C00502229","WEBER FOR CONGRESS","H2TX14149","WEBER, RANDY","2026","H","TX","14","17","http://docquery.fec.gov/cgi-bin/fecimg/?202507159762901434","","THE HAMILTON","600 14TH ST NW","","WASHINGTON","DC","20005","2025-04-01","$479.00","FOOD/BEVERAGES","","","","","SB17.I11148",""
"C00502229","WEBER FOR CONGRESS","H2TX14149","WEBER, RANDY","2026","H","TX","14","17","http://docquery.fec.gov/cgi-bin/fecimg/?202507159762901434","","APPLE","ONE APPLE PARKWAY","","CUPERTINO","CA","95014","2025-04-02","$33.53","SOFTWARE","","","","","SB17.I11209",""
"C00502229","WEBER FOR CONGRESS","H2TX14149","WEBER, RANDY","2026","H","TX","14","17","http://docquery.fec.gov/cgi-bin/fecimg/?202507159762901434","","LYFT","185 BERRY ST #5000","","SAN FRANCISCO","CA","94107","2025-04-02","$19.40","TRAVEL","","","","","SB17.I11251",""
"C00502229","WEBER FOR CONGRESS","H2TX14149","WEBER, RANDY","2026","H","TX","14","17","http://docquery.fec.gov/cgi-bin/fecimg/?202507159762901435","","LYFT","185 BERRY ST #5000","","SAN FRANCISCO","CA","94107","2025-04-02","$11.72","TRAVEL","","","","","SB17.I11252",""
"C00502229","WEBER FOR CONGRESS","H2TX14149","WEBER, RANDY","2026","H","TX","14","17","http://docquery.fec.gov/cgi-bin/fecimg/?202507159762901435","","ANEDOT INC.","1340 POYDRAS ST. STE. 1770","","NEW ORLEANS","LA","70112","2025-04-03","$40.30","CREDIT CARD MERCHANT FEES","","","","","SB17.I11084",""
"C00502229","WEBER FOR CONGRESS","H2TX14149","WEBER, RANDY","2026","H","TX","14","17","http://docquery.fec.gov/cgi-bin/fecimg/?202507159762901435","","CHICKEN + WHISKEY","70 N STREET SE","","WASHINGTON","DC","20003","2025-04-03","$146.68","FOOD/BEVERAGES","","","","","SB17.I11173",""
"C00502229","WEBER FOR CONGRESS","H2TX14149","WEBER, RANDY","2026","H","TX","14","17","http://docquery.fec.gov/cgi-bin/fecimg/?202507159762901436","","GALVESTON REPUBLICAN WOMEN","908 LAYFAIR PLACEATTN: TINA KIRBI","","FRIENDSWOOD","TX","77546","2025-04-03","$205.00","LUNCHEON TICKETS","","","","","SB17.I11057",""
"C00502229","WEBER FOR CONGRESS","H2TX14149","WEBER, RANDY","2026","H","TX","14","17","http://docquery.fec.gov/cgi-bin/fecimg/?202507159762901436","","LYFT","185 BERRY ST #5000","","SAN FRANCISCO","CA","94107","2025-04-03","$12.99","TRAVEL","","","","","SB17.I11253",""
"C00502229","WEBER FOR CONGRESS","H2TX14149","WEBER, RANDY","2026","H","TX","14","17","http://docquery.fec.gov/cgi-bin/fecimg/?202507159762901436","","LYFT","185 BERRY ST #5000","","SAN FRANCISCO","CA","94107","2025-04-03","$7.94","TRAVEL","","","","","SB17.I11254",""
"C00502229","WEBER FOR CONGRESS","H2TX14149","WEBER, RANDY","2026","H","TX","14","17","http://docquery.fec.gov/cgi-bin/fecimg/?202507159762901437","","SANTA ROSA TAQUERIA","301 PENNSYLVANIA AVE. SE","","WASHINGTON","DC","20003","2025-04-03","$71.77","FOOD/BEVERAGES","","","","","SB17.I11140",""
"C00502229","WEBER FOR CONGRESS","H2TX14149","WEBER, RANDY","2026","H","TX","14","17","http://docquery.fec.gov/cgi-bin/fecimg/?202507159762901437","","THE CONGRESSIONAL CLUB MUSEUM & FOUNDATION","2001 NEW HAMPSHIRE AVE NW","","WASHINGTON","DC","20009","2025-04-03","$116.60","EVENT TICKETS","","","","","SB17.I11145",""
"C00502229","WEBER FOR CONGRESS","H2TX14149","WEBER, RANDY","2026","H","TX","14","17","http://docquery.fec.gov/cgi-bin/fecimg/?202507159762901437","","VIRTUE FEED AND GRAIN","106 S UNION ST","","ALEXANDRIA","VA","22314","2025-04-03","$243.66","FOOD/BEVERAGES","","","","","SB17.I11195",""
"C00502229","WEBER FOR CONGRESS","H2TX14149","WEBER, RANDY","2026","H","TX","14","17","http://docquery.fec.gov/cgi-bin/fecimg/?202507159762901438","","HOUSE GIFT SHOP","FIRST STREET NE","","WASHINGTON","DC","20515","2025-04-04","$25.20","GIFT","","","","","SB17.I11064",""
"C00502229","WEBER FOR CONGRESS","H2TX14149","WEBER, RANDY","2026","H","TX","14","17","http://docquery.fec.gov/cgi-bin/fecimg/?202507159762901438","","PUBLIC STORAGE","P.O. BOX 25050","","GLENDALE","CA","91221","2025-04-04","$344.00","STORAGE RENTAL","","","","","SB17.I11236",""
"C00502229","WEBER FOR CONGRESS","H2TX14149","WEBER, RANDY","2026","H","TX","14","17","http://docquery.fec.gov/cgi-bin/fecimg/?202507159762901438","","LUNA'S MEXICAN RESTAURANT","704 WEST PARKWOOD","","FRIENDSWOOD","TX","77546","2025-04-06","$75.00","FOOD/BEVERAGES","","","","","SB17.I11182",""
"C00502229","WEBER FOR CONGRESS","H2TX14149","WEBER, RANDY","2026","H","TX","14","17","http://docquery.fec.gov/cgi-bin/fecimg/?202507159762901476","","INTUIT INC","2800 EAST COMMERCE CENTER PLACE","","TUCSON","AZ","85706","2025-06-25","$69.29","SUBSCRIPTION","","","","","SB17.I11113",""
"C00502229","WEBER FOR CONGRESS","H2TX14149","WEBER, RANDY","2026","H","TX","14","17","http://docquery.fec.gov/cgi-bin/fecimg/?202507159762901476","","LYFT","185 BERRY ST #5000","","SAN FRANCISCO","CA","94107","2025-06-25","$10.25","TRAVEL","","","","","SB17.I11258",""
"C00502229","WEBER FOR CONGRESS","H2TX14149","WEBER, RANDY","2026","H","TX","14","17","http://docquery.fec.gov/cgi-bin/fecimg/?202507159762901477","","LYFT","185 BERRY ST #5000","","SAN FRANCISCO","CA","94107","2025-06-25","$10.55","TRAVEL","","","","","SB17.I11259",""
"C00502229","WEBER FOR CONGRESS","H2TX14149","WEBER, RANDY","2026","H","TX","14","17","http://docquery.fec.gov/cgi-bin/fecimg/?202507159762901477","","LYFT","185 BERRY ST #5000","","SAN FRANCISCO","CA","94107","2025-06-25","$13.98","TRAVEL","","","","","SB17.I11260",""
"C00502229","WEBER FOR CONGRESS","H2TX14149","WEBER, RANDY","2026","H","TX","14","17","http://docquery.fec.gov/cgi-bin/fecimg/?202507159762901477","","AT&T","P.O. BOX 6416","","CAROL STREAM","IL","601976416","2025-06-26","$188.93","TELEPHONE SERVICE","","","","","SB17.I11241",""
"C00502229","WEBER FOR CONGRESS","H2TX14149","WEBER, RANDY","2026","H","TX","14","17","http://docquery.fec.gov/cgi-bin/fecimg/?202507159762901478","","BRAZORIA COUNTY HISPANIC CHAMBER OF COMMERCE","200 WEST 2ND ST. STE. 333","","FREEPORT","TX","77541","2025-06-26","$250.00","MEMBERSHIP DUES","","","","","SB17.I11115",""
"C00502229","WEBER FOR CONGRESS","H2TX14149","WEBER, RANDY","2026","H","TX","14","17","http://docquery.fec.gov/cgi-bin/fecimg/?202507159762901450","","PUBLIC STORAGE","P.O. BOX 25050","","GLENDALE","CA","91221","2025-05-05","$344.00","STORAGE RENTAL","","","","","SB17.I11237",""
"C00502229","WEBER FOR CONGRESS","H2TX14149","WEBER, RANDY","2026","H","TX","14","17","http://docquery.fec.gov/cgi-bin/fecimg/?202507159762901450","","WINRED TECHNICAL SERVICES","1776 WILSON BLVD STE 530","SUITE 530","ARLINGTON","VA","22219","2025-05-05","$131.99","CREDIT CARD MERCHANT FEES","","","","","SB17.I11099",""
"C00502229","WEBER FOR CONGRESS","H2TX14149","WEBER, RANDY","2026","H","TX","14","17","http://docquery.fec.gov/cgi-bin/fecimg/?202507159762901451","","LYFT","185 BERRY ST #5000","","SAN FRANCISCO","CA","94107","2025-05-07","$9.99","TRAVEL","","","","","SB17.I11255",""
"C00502229","WEBER FOR CONGRESS","H2TX14149","WEBER, RANDY","2026","H","TX","14","17","http://docquery.fec.gov/cgi-bin/fecimg/?202507159762901451","","RIGHTSIDE COMPLIANCE","P.O. BOX 341027","","AUSTIN","TX","78734","2025-05-07","$3,016.78","COMPLIANCE CONSULTING","","","","","SB17.I11070",""
"C00502229","WEBER FOR CONGRESS","H2TX14149","WEBER, RANDY","2026","H","TX","14","17","http://docquery.fec.gov/cgi-bin/fecimg/?202507159762901451","","SANTA ROSA TAQUERIA","301 PENNSYLVANIA AVE. SE","","WASHINGTON","DC","20003","2025-05-07","$65.12","FOOD/BEVERAGES","","","","","SB17.I11141",""
"C00502229","WEBER FOR CONGRESS","H2TX14149","WEBER, RANDY","2026","H","TX","14","17","http://docquery.fec.gov/cgi-bin/fecimg/?202507159762901452","","CARDMEMBER SERVICE","P.O. BOX 1423","","CHARLOTTE","NC","282011423","2025-05-08","$8.52","CREDIT CARD PAYMENT (SEE BELOW IF ITEMIZED)","","","","","SB17.I11244",""
"C00502229","WEBER FOR CONGRESS","H2TX14149","WEBER, RANDY","2026","H","TX","14","17","http://docquery.fec.gov/cgi-bin/fecimg/?202507159762901452","","DEMOCRACY ENGINE LLC","237 FLORIDA AVE NW","","WASHINGTON","DC","200011801","2025-05-08","$90.00","EARMARK PROCESSING FEES","","","","","SB17.I11091",""
"C00502229","WEBER FOR CONGRESS","H2TX14149","WEBER, RANDY","2026","H","TX","14","17","http://docquery.fec.gov/cgi-bin/fecimg/?202507159762901439","","WINRED TECHNICAL SERVICES","1776 WILSON BLVD STE 530","SUITE 530","ARLINGTON","VA","22219","2025-04-07","$.99","CREDIT CARD MERCHANT FEES","","","","","SB17.I11095",""
"C00502229","WEBER FOR CONGRESS","H2TX14149","WEBER, RANDY","2026","H","TX","14","17","http://docquery.fec.gov/cgi-bin/fecimg/?202507159762901439","","ANEDOT INC.","1340 POYDRAS ST. STE. 1770","","NEW ORLEANS","LA","70112","2025-04-09","$4.30","CREDIT CARD MERCHANT FEES","","","","","SB17.I11085",""
"C00502229","WEBER FOR CONGRESS","H2TX14149","WEBER, RANDY","2026","H","TX","14","17","http://docquery.fec.gov/cgi-bin/fecimg/?202507159762901439","","AMAZON.COM","1200 12TH AVE","","SEATTLE","WA","98144","2025-04-11","$21.62","OFFICE SUPPLIES","","","","","SB17.I11197",""
"C00916049","THE FRIENDS OF RICHARD H DAVIS","H6TX14173","DAVIS, RICHARD HARVEY III","2026","H","TX","14","17","http://docquery.fec.gov/cgi-bin/fecimg/?202602139834322432","","RICHARD, DAVIS III","3718 ROYLENE CT","","DICKINSON","TX","77539","2026-02-03","$1,157.08","IN-KIND -","","","003","Solicitation and Fundraising Expenses ","SB17.4103",""
"C00916049","THE FRIENDS OF RICHARD H DAVIS","H6TX14173","DAVIS, RICHARD HARVEY III","2026","H","TX","14","17","http://docquery.fec.gov/cgi-bin/fecimg/?202602139834322432","","RICHARD, DAVIS III","3718 ROYLENE CT","","DICKINSON","TX","77539","2026-02-07","$7.92","ACT BLUE","","","003","Solicitation and Fundraising Expenses ","SB17.4137",""
"C00916049","THE FRIENDS OF RICHARD H DAVIS","H6TX14173","DAVIS, RICHARD HARVEY III","2026","H","TX","14","17","http://docquery.fec.gov/cgi-bin/fecimg/?202602139834322432","","RICHARD, DAVIS III","3718 ROYLENE CT","","DICKINSON","TX","77539","2026-02-11","$.35","ACT BLUE","","","003","Solicitation and Fundraising Expenses ","SB17.4138",""
