com_id,com_nam,can_id,can_nam,ele_yea,can_off,can_off_sta,can_off_dis,lin_num,lin_ima,rec_com_id,rec_nam,rec_str1,rec_str2,rec_cit,rec_sta,rec_zip,dis_dat,dis_amo,dis_pur_des,mem_cod,mem_tex,cat_cod,cat_des,tra_id,bac_ref_id
"C00917658","MARK TEIXEIRA FOR CONGRESS","H6TX21301","TEIXEIRA, MARK CHARLES","2026","H","TX","21","17","http://docquery.fec.gov/cgi-bin/fecimg/?202604029856933257","","STRATEGIC MEDIA SERVICES","4601 N FAIRFAX DR","SUITE 730","ARLINGTON","VA","22203","2025-01-02","$197,330.20","MEDIA PLACEMENT/PRODUCTION","","","","","SB17.10000",""
"C00917658","MARK TEIXEIRA FOR CONGRESS","H6TX21301","TEIXEIRA, MARK CHARLES","2026","H","TX","21","17","http://docquery.fec.gov/cgi-bin/fecimg/?202604029856933257","","CHAIN BRIDGE BANK","1445A LAUGHLIN AVE","","MCLEAN","VA","22101","2026-01-02","$25.00","BANK FEE","","","","","SB17.10001",""
"C00917658","MARK TEIXEIRA FOR CONGRESS","H6TX21301","TEIXEIRA, MARK CHARLES","2026","H","TX","21","17","http://docquery.fec.gov/cgi-bin/fecimg/?202604029856933257","","KENDALL COUNTY REPUBLICAN PARTY","624 N MAIN ST","#102","BOERNE","TX","78006","2026-01-02","$30.00","REGISTRATION FEE","","","","","SB17.10004",""
"C00917658","MARK TEIXEIRA FOR CONGRESS","H6TX21301","TEIXEIRA, MARK CHARLES","2026","H","TX","21","17","http://docquery.fec.gov/cgi-bin/fecimg/?202604029856933258","","NUMINAR","1201 WILSON BLVD","","ARLINGTON","VA","22209","2026-01-02","$1,750.00","TEXTING SVC","","","","","SB17.10002",""
"C00917658","MARK TEIXEIRA FOR CONGRESS","H6TX21301","TEIXEIRA, MARK CHARLES","2026","H","TX","21","17","http://docquery.fec.gov/cgi-bin/fecimg/?202604029856933258","","ROTARY CLUB OF KERRVILLE","201 HOLDSWORTH DR","","KERRVILLE","TX","78028","2026-01-02","$250.00","REGISTRATION FEE","","","","","SB17.10005",""
"C00917658","MARK TEIXEIRA FOR CONGRESS","H6TX21301","TEIXEIRA, MARK CHARLES","2026","H","TX","21","17","http://docquery.fec.gov/cgi-bin/fecimg/?202604029856933258","","WEST HENLY STORAGE","114 HENLY MATERIALS WAY","","JOHNSON CITY","TX","78636","2026-01-02","$92.00","RENT","","","","","SB17.10003",""
"C00917658","MARK TEIXEIRA FOR CONGRESS","H6TX21301","TEIXEIRA, MARK CHARLES","2026","H","TX","21","17","http://docquery.fec.gov/cgi-bin/fecimg/?202604029856933259","","SALTER, HARRISON","PO BOX 1073","1450 W HWY 290","DRIPPING SPRINGS","TX","78620","2026-01-05","$163.72","MILEAGE","","","","","SB17.10010",""
"C00917658","MARK TEIXEIRA FOR CONGRESS","H6TX21301","TEIXEIRA, MARK CHARLES","2026","H","TX","21","17","http://docquery.fec.gov/cgi-bin/fecimg/?202604029856933259","","ACME STRATEGIES","PO BOX 335","","ROCKFORD","MI","49341","2026-01-05","$9,440.08","DIGITAL CONSULTING/ADS/TEXTING","","","","","SB17.10009",""
"C00917658","MARK TEIXEIRA FOR CONGRESS","H6TX21301","TEIXEIRA, MARK CHARLES","2026","H","TX","21","17","http://docquery.fec.gov/cgi-bin/fecimg/?202604029856933265","","CHAIN BRIDGE BANK","1445A LAUGHLIN AVE","","MCLEAN","VA","22101","2026-01-14","$50.00","BANK FEE","","","","","SB17.10025",""
"C00917658","MARK TEIXEIRA FOR CONGRESS","H6TX21301","TEIXEIRA, MARK CHARLES","2026","H","TX","21","17","http://docquery.fec.gov/cgi-bin/fecimg/?202604029856933265","","RUDYS","24152 I-10","","SAN ANTONIO","TX","78257","2026-01-14","$824.97","FOOD/BEVERAGE","","","","","SB17.10027",""
"C00917658","MARK TEIXEIRA FOR CONGRESS","H6TX21301","TEIXEIRA, MARK CHARLES","2026","H","TX","21","17","http://docquery.fec.gov/cgi-bin/fecimg/?202604029856933265","","TARGETED CREATIVE COMMUNICATIONS","106 SOUTH COLUMBUS ST","","ALEXANDRIA","VA","22314","2026-01-14","$38,740.68","PRINTING/POSTAGE","","","","","SB17.10022",""
"C00917658","MARK TEIXEIRA FOR CONGRESS","H6TX21301","TEIXEIRA, MARK CHARLES","2026","H","TX","21","17","http://docquery.fec.gov/cgi-bin/fecimg/?202604029856933266","","VERIZON WIRELESS","1095 6TH AVE","","NEW YORK","NY","10036","2026-01-14","$63.42","PHONE SVC","","","","","SB17.10026",""
"C00917658","MARK TEIXEIRA FOR CONGRESS","H6TX21301","TEIXEIRA, MARK CHARLES","2026","H","TX","21","17","http://docquery.fec.gov/cgi-bin/fecimg/?202604029856933266","","ANEDOT","PO BOX 84314","","BATON ROUGE","LA","70884","2026-01-16","$661.20","CREDIT CARD PROCESSING FEE","","","","","SB17.10029",""
"C00917658","MARK TEIXEIRA FOR CONGRESS","H6TX21301","TEIXEIRA, MARK CHARLES","2026","H","TX","21","17","http://docquery.fec.gov/cgi-bin/fecimg/?202604029856933266","","STRATEGIC MEDIA SERVICES","4601 N FAIRFAX DR","SUITE 730","ARLINGTON","VA","22203","2026-01-16","$544,068.86","MEDIA PLACEMENT/PRODUCTION","","","","","SB17.10028",""
"C00917658","MARK TEIXEIRA FOR CONGRESS","H6TX21301","TEIXEIRA, MARK CHARLES","2026","H","TX","21","17","http://docquery.fec.gov/cgi-bin/fecimg/?202604029856933267","","ANEDOT","PO BOX 84314","","BATON ROUGE","LA","70884","2026-01-18","$40.30","CREDIT CARD PROCESSING FEE","","","","","SB17.10036",""
"C00917658","MARK TEIXEIRA FOR CONGRESS","H6TX21301","TEIXEIRA, MARK CHARLES","2026","H","TX","21","17","http://docquery.fec.gov/cgi-bin/fecimg/?202604029856933259","","ANEDOT","PO BOX 84314","","BATON ROUGE","LA","70884","2026-01-05","$500.90","CREDIT CARD PROCESSING FEE","","","","","SB17.10012",""
"C00917658","MARK TEIXEIRA FOR CONGRESS","H6TX21301","TEIXEIRA, MARK CHARLES","2026","H","TX","21","17","http://docquery.fec.gov/cgi-bin/fecimg/?202604029856933260","","LEX POLITICA","7415 SW PKWY #129","BLDG 6 STE 500","AUSTIN","TX","78735","2026-01-05","$2,812.50","LEGAL CONSULTING","","","","","SB17.10007",""
"C00917658","MARK TEIXEIRA FOR CONGRESS","H6TX21301","TEIXEIRA, MARK CHARLES","2026","H","TX","21","17","http://docquery.fec.gov/cgi-bin/fecimg/?202604029856933260","","LILLY & COMPANY","1005 CONGRESS AVE","STE 400","AUSTIN","TX","78701","2026-01-05","$14,489.56","FINANCE CONSULTING","","","","","SB17.10006",""
"C00917658","MARK TEIXEIRA FOR CONGRESS","H6TX21301","TEIXEIRA, MARK CHARLES","2026","H","TX","21","17","http://docquery.fec.gov/cgi-bin/fecimg/?202604029856933260","","NORFLEET STRATEGIES","504 W 12TH ST","","AUSTIN","TX","78701","2026-01-05","$14,275.00","POLITICAL STRATEGY CONSULTING","","","","","SB17.10008",""
"C00917658","MARK TEIXEIRA FOR CONGRESS","H6TX21301","TEIXEIRA, MARK CHARLES","2026","H","TX","21","17","http://docquery.fec.gov/cgi-bin/fecimg/?202604029856933261","","CMDI","1593 SPRING HILL RD","SUITE 400","TYSONS CORNER","VA","22182","2026-01-06","$1,000.00","DATABASE MANAGEMENT/BATCHING & CAGING SVC","","","","","SB17.10011",""
"C00917658","MARK TEIXEIRA FOR CONGRESS","H6TX21301","TEIXEIRA, MARK CHARLES","2026","H","TX","21","17","http://docquery.fec.gov/cgi-bin/fecimg/?202604029856933261","","AMAZON","410 TERRY AVE N","","SEATTLE","WA","98109","2026-01-07","$128.49","OFFICE SUPPLIES","","","","","SB17.10014",""
"C00917658","MARK TEIXEIRA FOR CONGRESS","H6TX21301","TEIXEIRA, MARK CHARLES","2026","H","TX","21","17","http://docquery.fec.gov/cgi-bin/fecimg/?202604029856933261","","ANEDOT","PO BOX 84314","","BATON ROUGE","LA","70884","2026-01-07","$1,382.70","CREDIT CARD PROCESSING FEE","","","","","SB17.10013",""
"C00917658","MARK TEIXEIRA FOR CONGRESS","H6TX21301","TEIXEIRA, MARK CHARLES","2026","H","TX","21","17","http://docquery.fec.gov/cgi-bin/fecimg/?202604029856933262","","REPUBLICAN WOMEN OF KERR COUNTY","PO BOX 294492","","KERRVILLE","TX","78029","2026-01-08","$56.00","REGISTRATION FEE","","","","","SB17.10018",""
"C00917658","MARK TEIXEIRA FOR CONGRESS","H6TX21301","TEIXEIRA, MARK CHARLES","2026","H","TX","21","17","http://docquery.fec.gov/cgi-bin/fecimg/?202604029856933262","","ANEDOT","PO BOX 84314","","BATON ROUGE","LA","70884","2026-01-09","$200.30","CREDIT CARD PROCESSING FEE","","","","","SB17.10017",""
"C00917658","MARK TEIXEIRA FOR CONGRESS","H6TX21301","TEIXEIRA, MARK CHARLES","2026","H","TX","21","17","http://docquery.fec.gov/cgi-bin/fecimg/?202604029856933262","","CHAIN BRIDGE BANK","1445A LAUGHLIN AVE","","MCLEAN","VA","22101","2026-01-09","$25.00","BANK FEE","","","","","SB17.10019",""
"C00917658","MARK TEIXEIRA FOR CONGRESS","H6TX21301","TEIXEIRA, MARK CHARLES","2026","H","TX","21","17","http://docquery.fec.gov/cgi-bin/fecimg/?202604029856933263","","MUCK AND FUSS","295 E SAN ANTONIO ST","","NEW BRAUNFELS","TX","78130","2026-01-09","$109.83","FOOD/BEVERAGE","","","","","SB17.10020",""
"C00917658","MARK TEIXEIRA FOR CONGRESS","H6TX21301","TEIXEIRA, MARK CHARLES","2026","H","TX","21","17","http://docquery.fec.gov/cgi-bin/fecimg/?202604029856933267","","WINRED","PO BOX 9891","","ARLINGTON","VA","22219","2026-01-19","$172.29","CREDIT CARD PROCESSING FEE","","","","","SB17.10030",""
"C00917658","MARK TEIXEIRA FOR CONGRESS","H6TX21301","TEIXEIRA, MARK CHARLES","2026","H","TX","21","17","http://docquery.fec.gov/cgi-bin/fecimg/?202604029856933267","","SALTER, HARRISON","PO BOX 1073","1450 W HWY 290","DRIPPING SPRINGS","TX","78620","2026-01-20","$398.75","MILEAGE","","","","","SB17.10035",""
"C00917658","MARK TEIXEIRA FOR CONGRESS","H6TX21301","TEIXEIRA, MARK CHARLES","2026","H","TX","21","17","http://docquery.fec.gov/cgi-bin/fecimg/?202604029856933268","","ACME STRATEGIES","PO BOX 335","","ROCKFORD","MI","49341","2026-01-20","$9,257.56","DIGITAL CONSULTING/ADS/TEXTING","","","","","SB17.10032",""
"C00917658","MARK TEIXEIRA FOR CONGRESS","H6TX21301","TEIXEIRA, MARK CHARLES","2026","H","TX","21","17","http://docquery.fec.gov/cgi-bin/fecimg/?202604029856933268","","ACME STRATEGIES","PO BOX 335","","ROCKFORD","MI","49341","2026-01-20","$9,605.08","DIGITAL CONSULTING/ADS/TEXTING","","","","","SB17.10050",""
"C00917658","MARK TEIXEIRA FOR CONGRESS","H6TX21301","TEIXEIRA, MARK CHARLES","2026","H","TX","21","17","http://docquery.fec.gov/cgi-bin/fecimg/?202604029856933268","","ANEDOT","PO BOX 84314","","BATON ROUGE","LA","70884","2026-01-20","$251.50","CREDIT CARD PROCESSING FEE","","","","","SB17.10037",""
"C00917658","MARK TEIXEIRA FOR CONGRESS","H6TX21301","TEIXEIRA, MARK CHARLES","2026","H","TX","21","17","http://docquery.fec.gov/cgi-bin/fecimg/?202604029856933269","","DROGIN GROUP","6705 W HWY 290","SUITE 50281","AUSTIN","TX","78735","2026-01-20","$45,000.00","DIGITAL CONSULTING/ADS","","","","","SB17.10034",""
"C00917658","MARK TEIXEIRA FOR CONGRESS","H6TX21301","TEIXEIRA, MARK CHARLES","2026","H","TX","21","17","http://docquery.fec.gov/cgi-bin/fecimg/?202604029856933269","","RIGHTSIDE COMPLIANCE","PO BOX 341027","","AUSTIN","TX","78734","2026-01-20","$2,950.00","COMPLIANCE CONSULTING","","","","","SB17.10033",""
"C00917658","MARK TEIXEIRA FOR CONGRESS","H6TX21301","TEIXEIRA, MARK CHARLES","2026","H","TX","21","17","http://docquery.fec.gov/cgi-bin/fecimg/?202604029856933269","","THE ANGRY ELEPHANT","19314 US-281","#107","SAN ANTONIO","TX","78258","2026-01-20","$2,000.00","FACILITY RENTAL","","","","","SB17.10031",""
"C00917658","MARK TEIXEIRA FOR CONGRESS","H6TX21301","TEIXEIRA, MARK CHARLES","2026","H","TX","21","17","http://docquery.fec.gov/cgi-bin/fecimg/?202604029856933270","","ANEDOT","PO BOX 84314","","BATON ROUGE","LA","70884","2026-01-21","$380.60","CREDIT CARD PROCESSING FEE","","","","","SB17.10038",""
"C00917658","MARK TEIXEIRA FOR CONGRESS","H6TX21301","TEIXEIRA, MARK CHARLES","2026","H","TX","21","17","http://docquery.fec.gov/cgi-bin/fecimg/?202604029856933270","","HYATT","150 N RIVERSIDE PLAZA","","CHICAGO","IL","60606","2026-01-21","$412.93","TRAVEL","","","","","SB17.10040",""
"C00917658","MARK TEIXEIRA FOR CONGRESS","H6TX21301","TEIXEIRA, MARK CHARLES","2026","H","TX","21","17","http://docquery.fec.gov/cgi-bin/fecimg/?202604029856933270","","KENDALL COUNTY REPUBLICAN PARTY","624 N MAIN ST","#102","BOERNE","TX","78006","2026-01-21","$2,500.00","SPONSORSHIP","","","","","SB17.10039",""
"C00917658","MARK TEIXEIRA FOR CONGRESS","H6TX21301","TEIXEIRA, MARK CHARLES","2026","H","TX","21","17","http://docquery.fec.gov/cgi-bin/fecimg/?202604029856933271","","TARGETED CREATIVE COMMUNICATIONS","106 SOUTH COLUMBUS ST","","ALEXANDRIA","VA","22314","2026-01-22","$39,084.56","PRINTING/POSTAGE","","","","","SB17.10041",""
"C00917658","MARK TEIXEIRA FOR CONGRESS","H6TX21301","TEIXEIRA, MARK CHARLES","2026","H","TX","21","17","http://docquery.fec.gov/cgi-bin/fecimg/?202604029856933271","","CHAIN BRIDGE BANK","1445A LAUGHLIN AVE","","MCLEAN","VA","22101","2026-01-23","$50.00","BANK FEE","","","","","SB17.10046",""
"C00917658","MARK TEIXEIRA FOR CONGRESS","H6TX21301","TEIXEIRA, MARK CHARLES","2026","H","TX","21","17","http://docquery.fec.gov/cgi-bin/fecimg/?202604029856933271","","NEW BRAUNFELS YOUNG REPUBLICANS PAC","1661 INDEPENDENCE DR","BOX 1410","NEW BRAUNFELS","TX","78132","2026-01-23","$7,500.00","SPONSORSHIP","","","","","SB17.10042",""
"C00917658","MARK TEIXEIRA FOR CONGRESS","H6TX21301","TEIXEIRA, MARK CHARLES","2026","H","TX","21","17","http://docquery.fec.gov/cgi-bin/fecimg/?202604029856933272","","REPUBLICAN PARTY OF BEXAR COUNTY","909 NE IH-410 LOOP","#801","SAN ANTONIO","TX","78209","2026-01-23","$200.00","REGISTRATION FEE","","","","","SB17.10044",""
"C00917658","MARK TEIXEIRA FOR CONGRESS","H6TX21301","TEIXEIRA, MARK CHARLES","2026","H","TX","21","17","http://docquery.fec.gov/cgi-bin/fecimg/?202604029856933263","","RAGNAR RESEARCH","103 E ST SE","","WASHINGTON","DC","20003","2026-01-09","$38,200.00","SURVEY RESEARCH","","","","","SB17.10016",""
"C00917658","MARK TEIXEIRA FOR CONGRESS","H6TX21301","TEIXEIRA, MARK CHARLES","2026","H","TX","21","17","http://docquery.fec.gov/cgi-bin/fecimg/?202604029856933263","","TARGETED CREATIVE COMMUNICATIONS","106 SOUTH COLUMBUS ST","","ALEXANDRIA","VA","22314","2026-01-09","$39,039.67","PRINTING/POSTAGE","","","","","SB17.10015",""
"C00917658","MARK TEIXEIRA FOR CONGRESS","H6TX21301","TEIXEIRA, MARK CHARLES","2026","H","TX","21","17","http://docquery.fec.gov/cgi-bin/fecimg/?202604029856933264","","ANEDOT","PO BOX 84314","","BATON ROUGE","LA","70884","2026-01-12","$260.90","CREDIT CARD PROCESSING FEE","","","","","SB17.10023",""
"C00917658","MARK TEIXEIRA FOR CONGRESS","H6TX21301","TEIXEIRA, MARK CHARLES","2026","H","TX","21","17","http://docquery.fec.gov/cgi-bin/fecimg/?202604029856933264","","WINRED","PO BOX 9891","","ARLINGTON","VA","22219","2026-01-12","$422.56","CREDIT CARD PROCESSING FEE","","","","","SB17.10021",""
"C00917658","MARK TEIXEIRA FOR CONGRESS","H6TX21301","TEIXEIRA, MARK CHARLES","2026","H","TX","21","17","http://docquery.fec.gov/cgi-bin/fecimg/?202604029856933264","","ANEDOT","PO BOX 84314","","BATON ROUGE","LA","70884","2026-01-14","$451.50","CREDIT CARD PROCESSING FEE","","","","","SB17.10024",""
"C00839548","EZEKIEL ENRIQUEZ FOR US CONGRESS","H6TX23216","ENRIQUEZ, EZEKIEL","2026","H","TX","21","17","http://docquery.fec.gov/cgi-bin/fecimg/?202510159791602215","","RMC STRATEGIES","6950 O'BANNON DR","","LAS VEGAS","NV","89117","2025-07-01","$315.00","","","","003","Solicitation and Fundraising Expenses ","SB17.4149",""
"C00839548","EZEKIEL ENRIQUEZ FOR US CONGRESS","H6TX23216","ENRIQUEZ, EZEKIEL","2026","H","TX","21","17","http://docquery.fec.gov/cgi-bin/fecimg/?202510159791602215","","RMC STRATEGIES","6950 O'BANNON DR","","LAS VEGAS","NV","89117","2025-07-01","$2,000.00","","","","001","Administrative/Salary/Overhead Expenses ","SB17.4150",""
"C00839548","EZEKIEL ENRIQUEZ FOR US CONGRESS","H6TX23216","ENRIQUEZ, EZEKIEL","2026","H","TX","21","17","http://docquery.fec.gov/cgi-bin/fecimg/?202510159791602215","","RMC STRATEGIES","6950 O'BANNON DR","","LAS VEGAS","NV","89117","2025-07-02","$2,000.00","","","","001","Administrative/Salary/Overhead Expenses ","SB17.4159",""
"C00839548","EZEKIEL ENRIQUEZ FOR US CONGRESS","H6TX23216","ENRIQUEZ, EZEKIEL","2026","H","TX","21","17","http://docquery.fec.gov/cgi-bin/fecimg/?202510159791602216","","RMC STRATEGIES","6950 O'BANNON DR","","LAS VEGAS","NV","89117","2025-07-04","$2,180.00","","","","001","Administrative/Salary/Overhead Expenses ","SB17.4151",""
"C00839548","EZEKIEL ENRIQUEZ FOR US CONGRESS","H6TX23216","ENRIQUEZ, EZEKIEL","2026","H","TX","21","17","http://docquery.fec.gov/cgi-bin/fecimg/?202510159791602216","","RMC STRATEGIES","6950 O'BANNON DR","","LAS VEGAS","NV","89117","2025-07-09","$3,000.00","","","","001","Administrative/Salary/Overhead Expenses ","SB17.4160",""
"C00839548","EZEKIEL ENRIQUEZ FOR US CONGRESS","H6TX23216","ENRIQUEZ, EZEKIEL","2026","H","TX","21","17","http://docquery.fec.gov/cgi-bin/fecimg/?202510159791602216","","RMC STRATEGIES","6950 O'BANNON DR","","LAS VEGAS","NV","89117","2025-08-06","$3,329.00","","","","001","Administrative/Salary/Overhead Expenses ","SB17.4152",""
"C00839548","EZEKIEL ENRIQUEZ FOR US CONGRESS","H6TX23216","ENRIQUEZ, EZEKIEL","2026","H","TX","21","17","http://docquery.fec.gov/cgi-bin/fecimg/?202510159791602217","","RMC STRATEGIES","6950 O'BANNON DR","","LAS VEGAS","NV","89117","2025-08-06","$2,000.00","","","","001","Administrative/Salary/Overhead Expenses ","SB17.4161",""
"C00839548","EZEKIEL ENRIQUEZ FOR US CONGRESS","H6TX23216","ENRIQUEZ, EZEKIEL","2026","H","TX","21","17","http://docquery.fec.gov/cgi-bin/fecimg/?202510159791602217","","RMC STRATEGIES","6950 O'BANNON DR","","LAS VEGAS","NV","89117","2025-08-12","$341.81","","","","003","Solicitation and Fundraising Expenses ","SB17.4162",""
"C00839548","EZEKIEL ENRIQUEZ FOR US CONGRESS","H6TX23216","ENRIQUEZ, EZEKIEL","2026","H","TX","21","17","http://docquery.fec.gov/cgi-bin/fecimg/?202510159791602217","","RMC STRATEGIES","6950 O'BANNON DR","","LAS VEGAS","NV","89117","2025-09-04","$3,629.00","","","","001","Administrative/Salary/Overhead Expenses ","SB17.4153",""
"C00839548","EZEKIEL ENRIQUEZ FOR US CONGRESS","H6TX23216","ENRIQUEZ, EZEKIEL","2026","H","TX","21","17","http://docquery.fec.gov/cgi-bin/fecimg/?202510159791602218","","RMC STRATEGIES","6950 O'BANNON DR","","LAS VEGAS","NV","89117","2025-09-04","$1,700.00","","","","001","Administrative/Salary/Overhead Expenses ","SB17.4163",""
"C00839548","EZEKIEL ENRIQUEZ FOR US CONGRESS","H6TX23216","ENRIQUEZ, EZEKIEL","2026","H","TX","21","17","http://docquery.fec.gov/cgi-bin/fecimg/?202510159791602218","","RMC STRATEGIES","6950 O'BANNON DR","","LAS VEGAS","NV","89117","2025-09-15","$358.65","","","","003","Solicitation and Fundraising Expenses ","SB17.4164",""
"C00839548","EZEKIEL ENRIQUEZ FOR US CONGRESS","H6TX23216","ENRIQUEZ, EZEKIEL","2026","H","TX","21","17","http://docquery.fec.gov/cgi-bin/fecimg/?202510159791602218","","XPRESS SIGNS","7042 ALAMO DOWNS PKWY","#250","SAN ANTONIO","TX","78238","2025-07-28","$289.89","","","","004","Advertising Expenses ","SB17.4157",""
"C00917658","MARK TEIXEIRA FOR CONGRESS","H6TX21301","TEIXEIRA, MARK CHARLES","2026","H","TX","21","17","http://docquery.fec.gov/cgi-bin/fecimg/?202510159790858474","","WINRED","PO BOX 9891","","ARLINGTON","VA","22219","2025-09-01","$.04","CREDIT CARD PROCESSING FEE","","","","","SB17.10000",""
"C00917658","MARK TEIXEIRA FOR CONGRESS","H6TX21301","TEIXEIRA, MARK CHARLES","2026","H","TX","21","17","http://docquery.fec.gov/cgi-bin/fecimg/?202510159790858474","","WINRED","PO BOX 9891","","ARLINGTON","VA","22219","2025-09-08","$1,463.93","CREDIT CARD PROCESSING FEE","","","","","SB17.10001",""
"C00917658","MARK TEIXEIRA FOR CONGRESS","H6TX21301","TEIXEIRA, MARK CHARLES","2026","H","TX","21","17","http://docquery.fec.gov/cgi-bin/fecimg/?202510159790858474","","ANEDOT","PO BOX 84314","","BATON ROUGE","LA","70884","2025-09-09","$280.30","CREDIT CARD PROCESSING FEE","","","","","SB17.10002",""
"C00917658","MARK TEIXEIRA FOR CONGRESS","H6TX21301","TEIXEIRA, MARK CHARLES","2026","H","TX","21","17","http://docquery.fec.gov/cgi-bin/fecimg/?202510159790858475","","WINRED","PO BOX 9891","","ARLINGTON","VA","22219","2025-09-15","$1,043.09","CREDIT CARD PROCESSING FEE","","","","","SB17.10003",""
"C00917658","MARK TEIXEIRA FOR CONGRESS","H6TX21301","TEIXEIRA, MARK CHARLES","2026","H","TX","21","17","http://docquery.fec.gov/cgi-bin/fecimg/?202510159790858475","","CHICK FIL A","5200 BUFFINGTON RD","","ATLANTA","GA","30349","2025-09-19","$16.12","FOOD/BEVERAGE","","","","","SB17.10006",""
"C00917658","MARK TEIXEIRA FOR CONGRESS","H6TX21301","TEIXEIRA, MARK CHARLES","2026","H","TX","21","17","http://docquery.fec.gov/cgi-bin/fecimg/?202510159790858475","","HEB","646 S FLORES ST","","SAN ANTONIO","TX","78204","2025-09-19","$37.34","FOOD/BEVERAGE","","","","","SB17.10005",""
"C00917658","MARK TEIXEIRA FOR CONGRESS","H6TX21301","TEIXEIRA, MARK CHARLES","2026","H","TX","21","17","http://docquery.fec.gov/cgi-bin/fecimg/?202510159790858476","","RIO RANCH CAFE","2590 JUNCTION HWY","","KERRVILLE","TX","78028","2025-09-19","$51.93","FOOD/BEVERAGE","","","","","SB17.10007",""
"C00917658","MARK TEIXEIRA FOR CONGRESS","H6TX21301","TEIXEIRA, MARK CHARLES","2026","H","TX","21","17","http://docquery.fec.gov/cgi-bin/fecimg/?202510159790858476","","SUNOCO","8111 WESTCHESTER DR","SUITE 400","DALLAS","TX","75225","2025-09-19","$86.35","TRAVEL","","","","","SB17.10004",""
"C00917658","MARK TEIXEIRA FOR CONGRESS","H6TX21301","TEIXEIRA, MARK CHARLES","2026","H","TX","21","17","http://docquery.fec.gov/cgi-bin/fecimg/?202510159790858476","","WINRED","PO BOX 9891","","ARLINGTON","VA","22219","2025-09-22","$254.46","CREDIT CARD PROCESSING FEE","","","","","SB17.10008",""
"C00917658","MARK TEIXEIRA FOR CONGRESS","H6TX21301","TEIXEIRA, MARK CHARLES","2026","H","TX","21","17","http://docquery.fec.gov/cgi-bin/fecimg/?202510159790858477","","ANEDOT","PO BOX 84314","","BATON ROUGE","LA","70884","2025-09-23","$600.60","CREDIT CARD PROCESSING FEE","","","","","SB17.10009",""
"C00917658","MARK TEIXEIRA FOR CONGRESS","H6TX21301","TEIXEIRA, MARK CHARLES","2026","H","TX","21","17","http://docquery.fec.gov/cgi-bin/fecimg/?202510159790858477","","AUSTIN CONVENTION CENTER","500 E CESAR CHAVEZ ST","","AUSTIN","TX","78701","2025-09-24","$10.00","TRAVEL","","","","","SB17.10012",""
"C00917658","MARK TEIXEIRA FOR CONGRESS","H6TX21301","TEIXEIRA, MARK CHARLES","2026","H","TX","21","17","http://docquery.fec.gov/cgi-bin/fecimg/?202510159790858477","","CANYON GRILLE","103 YACHT CLUB COVE","","LAKEWAY","TX","78734","2025-09-24","$40.84","FOOD/BEVERAGE","","","","","SB17.10011",""
"C00917658","MARK TEIXEIRA FOR CONGRESS","H6TX21301","TEIXEIRA, MARK CHARLES","2026","H","TX","21","17","http://docquery.fec.gov/cgi-bin/fecimg/?202510159790858478","","MACS BBQ","1903 S BRIDGE ST","","BRADY","TX","76825","2025-09-24","$103.56","FOOD/BEVERAGE","","","","","SB17.10010",""
"C00917658","MARK TEIXEIRA FOR CONGRESS","H6TX21301","TEIXEIRA, MARK CHARLES","2026","H","TX","21","17","http://docquery.fec.gov/cgi-bin/fecimg/?202510159790858478","","7 ELEVEN","3200 HACKBERRY RD","","IRVING","TX","75063","2025-09-25","$96.09","TRAVEL","","","","","SB17.10013",""
"C00917658","MARK TEIXEIRA FOR CONGRESS","H6TX21301","TEIXEIRA, MARK CHARLES","2026","H","TX","21","17","http://docquery.fec.gov/cgi-bin/fecimg/?202510159790858478","","PIG PEN BBQ","301 US 290","","DRIPPING SPRINGS","TX","78620","2025-09-26","$23.80","FOOD/BEVERAGE","","","","","SB17.10014",""
"C00917658","MARK TEIXEIRA FOR CONGRESS","H6TX21301","TEIXEIRA, MARK CHARLES","2026","H","TX","21","17","http://docquery.fec.gov/cgi-bin/fecimg/?202510159790858479","","MORGAN, EMILY","PO BOX 1073","1450 W HWY 290","DRIPPING SPRINGS","TX","78620","2025-09-29","$902.60","EQUIPMENT PURCHASE","","","","","SB17.10016",""
"C00917658","MARK TEIXEIRA FOR CONGRESS","H6TX21301","TEIXEIRA, MARK CHARLES","2026","H","TX","21","17","http://docquery.fec.gov/cgi-bin/fecimg/?202510159790858479","","RUSSELL CELLULAR","151 EVANS DR","STE 107","KYLE","TX","78640","2025-09-29","$902.60","EQUIPMENT PURCHASE","X","","","","SB17.20001","SB17.10016"
"C00917658","MARK TEIXEIRA FOR CONGRESS","H6TX21301","TEIXEIRA, MARK CHARLES","2026","H","TX","21","17","http://docquery.fec.gov/cgi-bin/fecimg/?202510159790858479","","WINRED","PO BOX 9891","","ARLINGTON","VA","22219","2025-09-29","$1,268.12","CREDIT CARD PROCESSING FEE","","","","","SB17.10015",""
"C00917658","MARK TEIXEIRA FOR CONGRESS","H6TX21301","TEIXEIRA, MARK CHARLES","2026","H","TX","21","17","http://docquery.fec.gov/cgi-bin/fecimg/?202510159790858480","","ANEDOT","PO BOX 84314","","BATON ROUGE","LA","70884","2025-09-30","$520.90","CREDIT CARD PROCESSING FEE","","","","","SB17.10017",""
"C00917658","MARK TEIXEIRA FOR CONGRESS","H6TX21301","TEIXEIRA, MARK CHARLES","2026","H","TX","21","17","http://docquery.fec.gov/cgi-bin/fecimg/?202510159790858480","","WINRED","PO BOX 9891","","ARLINGTON","VA","22219","2025-09-30","$670.11","CREDIT CARD PROCESSING FEE","","","","","SB17.10018",""
"C00917658","MARK TEIXEIRA FOR CONGRESS","H6TX21301","TEIXEIRA, MARK CHARLES","2026","H","TX","21","21","http://docquery.fec.gov/cgi-bin/fecimg/?202510159790858481","","TFRW CONVENTION 2025 PAC","13740 N HWY 183","SUITE J4","AUSTIN","TX","78750","2025-09-29","$10,000.00","SPONSORSHIP-NON FEDERAL PAC","","","","","SB21.1000",""
"C00917294","BETTS FOR TEXAS","H6TX21285","BETTS, DANIEL","2026","H","TX","21","17","http://docquery.fec.gov/cgi-bin/fecimg/?202604159857261731","","NEEL & PARTNERS","8601 ICE HOUSE DRIVE","","NORTH RICHLAND","TX","76180","2026-02-16","$5,000.00","DIGITAL ADVERTISING","","","","","SB17.4515",""
"C00917294","BETTS FOR TEXAS","H6TX21285","BETTS, DANIEL","2026","H","TX","21","17","http://docquery.fec.gov/cgi-bin/fecimg/?202604159857261731","","NEEL & PARTNERS","8601 ICE HOUSE DRIVE","","NORTH RICHLAND","TX","76180","2026-02-16","$3,400.00","DIGITAL ADVERTISING","","","","","SB17.4516",""
"C00917294","BETTS FOR TEXAS","H6TX21285","BETTS, DANIEL","2026","H","TX","21","17","http://docquery.fec.gov/cgi-bin/fecimg/?202604159857261732","","NEEL & PARTNERS","8601 ICE HOUSE DRIVE","","NORTH RICHLAND","TX","76180","2026-02-17","$15,000.00","ADVERTISING","","","","","SB17.4517",""
"C00917294","BETTS FOR TEXAS","H6TX21285","BETTS, DANIEL","2026","H","TX","21","17","http://docquery.fec.gov/cgi-bin/fecimg/?202604159857261730","","CW PRINT","8222 N LAMAR BLVD STE E44","","AUSTIN","TX","78753","2026-03-17","$284.99","PRINTING","","","","","SB17.4513",""
"C00917294","BETTS FOR TEXAS","H6TX21285","BETTS, DANIEL","2026","H","TX","21","17","http://docquery.fec.gov/cgi-bin/fecimg/?202604159857261730","","CW PRINT","8222 N LAMAR BLVD STE E44","","AUSTIN","TX","78753","2026-03-17","$324.02","PRINTING","","","","","SB17.4514",""
"C00917294","BETTS FOR TEXAS","H6TX21285","BETTS, DANIEL","2026","H","TX","21","17","http://docquery.fec.gov/cgi-bin/fecimg/?202604159857261730","","JVC MEDIA","6856 ALAMO DOWNS PARKWAY","","SAN ANTONIO","TX","78247","2026-02-12","$2,002.63","DIGITAL PRODUCTION","","","","","SB17.4510",""
"C00917294","BETTS FOR TEXAS","H6TX21285","BETTS, DANIEL","2026","H","TX","21","17","http://docquery.fec.gov/cgi-bin/fecimg/?202604159857261731","","JVC MEDIA","6856 ALAMO DOWNS PARKWAY","","SAN ANTONIO","TX","78247","2026-02-13","$1,060.85","DIGITAL PRODUCTION","","","","","SB17.4511",""
"C00917658","MARK TEIXEIRA FOR CONGRESS","H6TX21301","TEIXEIRA, MARK CHARLES","2026","H","TX","21","17","http://docquery.fec.gov/cgi-bin/fecimg/?202601319795474210","","HYATT REGENCY","400 NEW JERSEY AVE NW","","WASHINGTON","DC","20001","2025-12-15","$2,955.34","TRAVEL","X","","","","SB17.20017","SB17.10120"
"C00917658","MARK TEIXEIRA FOR CONGRESS","H6TX21301","TEIXEIRA, MARK CHARLES","2026","H","TX","21","17","http://docquery.fec.gov/cgi-bin/fecimg/?202601319795474211","","SOUTH BLOCK","1 SAARINEN CIRCLE","","STERLING","VA","20166","2025-12-15","$20.47","TRAVEL","X","","","","SB17.20019","SB17.10120"
"C00917658","MARK TEIXEIRA FOR CONGRESS","H6TX21301","TEIXEIRA, MARK CHARLES","2026","H","TX","21","17","http://docquery.fec.gov/cgi-bin/fecimg/?202601319795474211","","UNITED AIRLINES, ADDISON","233 S. WACKER DRIVE","","CHICAGO","IL","60606","2025-12-15","$2,754.96","TRAVEL","X","","","","SB17.20016","SB17.10120"
"C00917658","MARK TEIXEIRA FOR CONGRESS","H6TX21301","TEIXEIRA, MARK CHARLES","2026","H","TX","21","17","http://docquery.fec.gov/cgi-bin/fecimg/?202601319795474211","","ACME STRATEGIES","PO BOX 335","","ROCKFORD","MI","49341","2025-12-15","$27,082.92","DIGITAL CONSULTING/ADS/TEXTING","","","","","SB17.10118",""
"C00917658","MARK TEIXEIRA FOR CONGRESS","H6TX21301","TEIXEIRA, MARK CHARLES","2026","H","TX","21","17","http://docquery.fec.gov/cgi-bin/fecimg/?202601319795474212","","ANEDOT","PO BOX 84314","","BATON ROUGE","LA","70884","2025-12-15","$20.30","CREDIT CARD PROCESSING FEE","","","","","SB17.10123",""
"C00917658","MARK TEIXEIRA FOR CONGRESS","H6TX21301","TEIXEIRA, MARK CHARLES","2026","H","TX","21","17","http://docquery.fec.gov/cgi-bin/fecimg/?202601319795474212","","DROGIN GROUP","6705 W HWY 290","SUITE 50281","AUSTIN","TX","78735","2025-12-15","$25,000.00","DIGITAL CONSULTING/ADS","","","","","SB17.10116",""
"C00917658","MARK TEIXEIRA FOR CONGRESS","H6TX21301","TEIXEIRA, MARK CHARLES","2026","H","TX","21","17","http://docquery.fec.gov/cgi-bin/fecimg/?202601319795474212","","LILLY & COMPANY","1005 CONGRESS AVE","STE 400","AUSTIN","TX","78701","2025-12-15","$8,128.16","FINANCE CONSULTING","","","","","SB17.10115",""
"C00917658","MARK TEIXEIRA FOR CONGRESS","H6TX21301","TEIXEIRA, MARK CHARLES","2026","H","TX","21","17","http://docquery.fec.gov/cgi-bin/fecimg/?202601319795474213","","NORFLEET STRATEGIES","504 W 12TH ST","","AUSTIN","TX","78701","2025-12-15","$12,682.50","POLITICAL STRATEGY CONSULTING","","","","","SB17.10117",""
"C00917658","MARK TEIXEIRA FOR CONGRESS","H6TX21301","TEIXEIRA, MARK CHARLES","2026","H","TX","21","17","http://docquery.fec.gov/cgi-bin/fecimg/?202601319795474213","","RIGHTSIDE COMPLIANCE","PO BOX 341027","","AUSTIN","TX","78734","2025-12-15","$3,042.04","COMPLIANCE CONSULTING","","","","","SB17.10114",""
"C00917658","MARK TEIXEIRA FOR CONGRESS","H6TX21301","TEIXEIRA, MARK CHARLES","2026","H","TX","21","17","http://docquery.fec.gov/cgi-bin/fecimg/?202601319795474200","","KERRVILLE AREA CHAMBER OF COMMERCE","1700 SIDNEY BAKER ST","STE 100","KERRVILLE","TX","78028","2025-11-25","$235.00","REGISTRATION FEE","","","","","SB17.10087",""
"C00917658","MARK TEIXEIRA FOR CONGRESS","H6TX21301","TEIXEIRA, MARK CHARLES","2026","H","TX","21","17","http://docquery.fec.gov/cgi-bin/fecimg/?202601319795474200","","NEW BRAUNFELS COFFEE","489 MAIN PLAZA","","NEW BRAUNFELS","TX","78130","2025-11-25","$4.10","FOOD/BEVERAGE","","","","","SB17.10090",""
"C00917658","MARK TEIXEIRA FOR CONGRESS","H6TX21301","TEIXEIRA, MARK CHARLES","2026","H","TX","21","17","http://docquery.fec.gov/cgi-bin/fecimg/?202601319795474200","","REPUBLICAN WOMEN OF KERR COUNTY","PO BOX 294492","","KERRVILLE","TX","78029","2025-11-25","$40.00","REGISTRATION FEE","","","","","SB17.10089",""
"C00917658","MARK TEIXEIRA FOR CONGRESS","H6TX21301","TEIXEIRA, MARK CHARLES","2026","H","TX","21","17","http://docquery.fec.gov/cgi-bin/fecimg/?202601319795474201","","EARLY, KELLY","PO BOX 1073","1450 W HWY 290","DRIPPING SPRINGS","TX","78620","2025-11-30","$7,000.00","POLITICAL STRATEGY CONSULTING","","","","","SB17.10093",""
"C00917658","MARK TEIXEIRA FOR CONGRESS","H6TX21301","TEIXEIRA, MARK CHARLES","2026","H","TX","21","17","http://docquery.fec.gov/cgi-bin/fecimg/?202601319795474201","","MORGAN, EMILY","PO BOX 1073","1450 W HWY 290","DRIPPING SPRINGS","TX","78620","2025-11-30","$5,750.00","POLITICAL STRATEGY CONSULTING","","","","","SB17.10091",""
"C00917658","MARK TEIXEIRA FOR CONGRESS","H6TX21301","TEIXEIRA, MARK CHARLES","2026","H","TX","21","17","http://docquery.fec.gov/cgi-bin/fecimg/?202601319795474201","","SALTER, HARRISON","PO BOX 1073","1450 W HWY 290","DRIPPING SPRINGS","TX","78620","2025-11-30","$11,000.00","POLITICAL STRATEGY CONSULTING","","","","","SB17.10092",""
"C00917658","MARK TEIXEIRA FOR CONGRESS","H6TX21301","TEIXEIRA, MARK CHARLES","2026","H","TX","21","17","http://docquery.fec.gov/cgi-bin/fecimg/?202601319795474167","","GRUENE HALL","1281 GRUENE RD","","NEW BRAUNFELS","TX","78130","2025-10-01","$636.00","FOOD/BEVERAGE","","","","","SB17.10005",""
"C00917658","MARK TEIXEIRA FOR CONGRESS","H6TX21301","TEIXEIRA, MARK CHARLES","2026","H","TX","21","17","http://docquery.fec.gov/cgi-bin/fecimg/?202601319795474167","","INTUIT","2700 COAST AVE","","MOUNTAIN VIEW","CA","94043","2025-10-01","$396.31","SUBSCRIPTION/PRINTING","","","","","SB17.10002",""
"C00917658","MARK TEIXEIRA FOR CONGRESS","H6TX21301","TEIXEIRA, MARK CHARLES","2026","H","TX","21","17","http://docquery.fec.gov/cgi-bin/fecimg/?202601319795474168","","NEW BRAUNFELS COFFEE","489 MAIN PLAZA","","NEW BRAUNFELS","TX","78130","2025-10-01","$75.90","FOOD/BEVERAGE","","","","","SB17.10003",""
"C00917658","MARK TEIXEIRA FOR CONGRESS","H6TX21301","TEIXEIRA, MARK CHARLES","2026","H","TX","21","17","http://docquery.fec.gov/cgi-bin/fecimg/?202601319795474168","","ALAMO CAFE","14250 SAN PEDRO AVE","","SAN ANTONIO","TX","78232","2025-10-03","$57.54","FOOD/BEVERAGE","","","","","SB17.10012",""
"C00917658","MARK TEIXEIRA FOR CONGRESS","H6TX21301","TEIXEIRA, MARK CHARLES","2026","H","TX","21","17","http://docquery.fec.gov/cgi-bin/fecimg/?202601319795474168","","BIRD BAKERY","5912 BROADWAY","","SAN ANTONIO","TX","78209","2025-10-03","$12.98","FOOD/BEVERAGE","","","","","SB17.10009",""
"C00917658","MARK TEIXEIRA FOR CONGRESS","H6TX21301","TEIXEIRA, MARK CHARLES","2026","H","TX","21","17","http://docquery.fec.gov/cgi-bin/fecimg/?202601319795474169","","BLACK RIFLE COFFEE CO","1144 S 500 W","","SALT LAKE CITY","UT","84101","2025-10-03","$10.26","FOOD/BEVERAGE","","","","","SB17.10010",""
"C00917658","MARK TEIXEIRA FOR CONGRESS","H6TX21301","TEIXEIRA, MARK CHARLES","2026","H","TX","21","17","http://docquery.fec.gov/cgi-bin/fecimg/?202601319795474169","","CIRCLE K","1130 W WARNER RD","","TEMPE","AZ","85284","2025-10-03","$82.38","TRAVEL","","","","","SB17.10008",""
"C00917658","MARK TEIXEIRA FOR CONGRESS","H6TX21301","TEIXEIRA, MARK CHARLES","2026","H","TX","21","17","http://docquery.fec.gov/cgi-bin/fecimg/?202601319795474169","","JIMS","7101 HWY 71 W","","AUSTIN","TX","78735","2025-10-03","$22.12","FOOD/BEVERAGE","","","","","SB17.10013",""
"C00917658","MARK TEIXEIRA FOR CONGRESS","H6TX21301","TEIXEIRA, MARK CHARLES","2026","H","TX","21","17","http://docquery.fec.gov/cgi-bin/fecimg/?202601319795474170","","VERIZON WIRELESS","1095 6TH AVE","","NEW YORK","NY","10036","2025-10-03","$115.64","PHONE SVC","","","","","SB17.10011",""
"C00917658","MARK TEIXEIRA FOR CONGRESS","H6TX21301","TEIXEIRA, MARK CHARLES","2026","H","TX","21","17","http://docquery.fec.gov/cgi-bin/fecimg/?202601319795474170","","WINRED","PO BOX 9891","","ARLINGTON","VA","22219","2025-10-03","$116.81","CREDIT CARD PROCESSING FEE","","","","","SB17.10007",""
"C00917658","MARK TEIXEIRA FOR CONGRESS","H6TX21301","TEIXEIRA, MARK CHARLES","2026","H","TX","21","17","http://docquery.fec.gov/cgi-bin/fecimg/?202601319795474170","","THOMAS GRAPHICS","PO BOX 142226","","AUSTING","TX","78714","2025-10-05","$390.79","PRINTING","","","","","SB17.10014",""
"C00917658","MARK TEIXEIRA FOR CONGRESS","H6TX21301","TEIXEIRA, MARK CHARLES","2026","H","TX","21","17","http://docquery.fec.gov/cgi-bin/fecimg/?202601319795474171","","WINRED","PO BOX 9891","","ARLINGTON","VA","22219","2025-10-06","$.79","CREDIT CARD PROCESSING FEE","","","","","SB17.10015",""
"C00917658","MARK TEIXEIRA FOR CONGRESS","H6TX21301","TEIXEIRA, MARK CHARLES","2026","H","TX","21","17","http://docquery.fec.gov/cgi-bin/fecimg/?202601319795474171","","ANEDOT","PO BOX 84314","","BATON ROUGE","LA","70884","2025-10-08","$80.30","CREDIT CARD PROCESSING FEE","","","","","SB17.10016",""
"C00917658","MARK TEIXEIRA FOR CONGRESS","H6TX21301","TEIXEIRA, MARK CHARLES","2026","H","TX","21","17","http://docquery.fec.gov/cgi-bin/fecimg/?202601319795474171","","IHOP","10 WEST WALNUT ST","4TH FLOOR","PASADENA","CA","91103","2025-10-10","$64.55","FOOD/BEVERAGE","","","","","SB17.10017",""
"C00917658","MARK TEIXEIRA FOR CONGRESS","H6TX21301","TEIXEIRA, MARK CHARLES","2026","H","TX","21","17","http://docquery.fec.gov/cgi-bin/fecimg/?202601319795474172","","IVARS RIVER PUB","701 CHEATHAM ST","","SAN MARCOS","TX","78666","2025-10-10","$34.51","FOOD/BEVERAGE","","","","","SB17.10020",""
"C00917658","MARK TEIXEIRA FOR CONGRESS","H6TX21301","TEIXEIRA, MARK CHARLES","2026","H","TX","21","17","http://docquery.fec.gov/cgi-bin/fecimg/?202601319795474172","","MOCHAS & JAVAS","641 E HOPKINS ST","","SAN MARCOS","TX","78666","2025-10-10","$8.77","FOOD/BEVERAGE","","","","","SB17.10018",""
"C00917658","MARK TEIXEIRA FOR CONGRESS","H6TX21301","TEIXEIRA, MARK CHARLES","2026","H","TX","21","17","http://docquery.fec.gov/cgi-bin/fecimg/?202601319795474172","","SAN MARCOS BLACKS BBQ","510 HULL ST","","SAN MARCOS","TX","78666","2025-10-10","$193.57","FOOD/BEVERAGE","","","","","SB17.10019",""
"C00917658","MARK TEIXEIRA FOR CONGRESS","H6TX21301","TEIXEIRA, MARK CHARLES","2026","H","TX","21","17","http://docquery.fec.gov/cgi-bin/fecimg/?202601319795474173","","WINRED","PO BOX 9891","","ARLINGTON","VA","22219","2025-10-13","$172.30","CREDIT CARD PROCESSING FEE","","","","","SB17.10021",""
"C00917658","MARK TEIXEIRA FOR CONGRESS","H6TX21301","TEIXEIRA, MARK CHARLES","2026","H","TX","21","17","http://docquery.fec.gov/cgi-bin/fecimg/?202601319795474173","","ACME STRATEGIES","PO BOX 335","","ROCKFORD","MI","49341","2025-10-14","$49,677.64","DIGITAL CONSULTING/ADS/TEXTING","","","","","SB17.10027",""
"C00917658","MARK TEIXEIRA FOR CONGRESS","H6TX21301","TEIXEIRA, MARK CHARLES","2026","H","TX","21","17","http://docquery.fec.gov/cgi-bin/fecimg/?202601319795474173","","DROGIN GROUP","6705 W HWY 290","SUITE 50281","AUSTIN","TX","78735","2025-10-14","$12,000.00","DIGITAL CONSULTING/ADS","","","","","SB17.10025",""
"C00917658","MARK TEIXEIRA FOR CONGRESS","H6TX21301","TEIXEIRA, MARK CHARLES","2026","H","TX","21","17","http://docquery.fec.gov/cgi-bin/fecimg/?202601319795474174","","LEX POLITICA","7415 SW PKWY #129","BLDG 6 STE 500","AUSTIN","TX","78735","2025-10-14","$3,900.00","LEGAL CONSULTING","","","","","SB17.10024",""
"C00917658","MARK TEIXEIRA FOR CONGRESS","H6TX21301","TEIXEIRA, MARK CHARLES","2026","H","TX","21","17","http://docquery.fec.gov/cgi-bin/fecimg/?202601319795474174","","LILLY & COMPANY","1005 CONGRESS AVE","STE 400","AUSTIN","TX","78701","2025-10-14","$7,428.64","FINANCE CONSULTING","","","","","SB17.10023",""
"C00917658","MARK TEIXEIRA FOR CONGRESS","H6TX21301","TEIXEIRA, MARK CHARLES","2026","H","TX","21","17","http://docquery.fec.gov/cgi-bin/fecimg/?202601319795474174","","NORFLEET STRATEGIES","504 W 12TH ST","","AUSTIN","TX","78701","2025-10-14","$18,750.00","POLITICAL STRATEGY CONSULTING","","","","","SB17.10026",""
"C00917658","MARK TEIXEIRA FOR CONGRESS","H6TX21301","TEIXEIRA, MARK CHARLES","2026","H","TX","21","17","http://docquery.fec.gov/cgi-bin/fecimg/?202601319795474175","","RIGHTSIDE COMPLIANCE","PO BOX 341027","","AUSTIN","TX","78734","2025-10-14","$4,450.00","COMPLIANCE CONSULTING","","","","","SB17.10022",""
"C00917658","MARK TEIXEIRA FOR CONGRESS","H6TX21301","TEIXEIRA, MARK CHARLES","2026","H","TX","21","17","http://docquery.fec.gov/cgi-bin/fecimg/?202601319795474175","","SAN MARCOS BLACKS BBQ","510 HULL ST","","SAN MARCOS","TX","78666","2025-10-14","$112.56","FOOD/BEVERAGE","","","","","SB17.10031",""
"C00917658","MARK TEIXEIRA FOR CONGRESS","H6TX21301","TEIXEIRA, MARK CHARLES","2026","H","TX","21","17","http://docquery.fec.gov/cgi-bin/fecimg/?202601319795474175","","ANEDOT","PO BOX 84314","","BATON ROUGE","LA","70884","2025-10-15","$40.30","CREDIT CARD PROCESSING FEE","","","","","SB17.10028",""
"C00917658","MARK TEIXEIRA FOR CONGRESS","H6TX21301","TEIXEIRA, MARK CHARLES","2026","H","TX","21","17","http://docquery.fec.gov/cgi-bin/fecimg/?202601319795474176","","BUC-EES","327 HWY 2004 RD","","LAKE JACKSON","TX","77450","2025-10-15","$105.34","TRAVEL","","","","","SB17.10029",""
"C00917658","MARK TEIXEIRA FOR CONGRESS","H6TX21301","TEIXEIRA, MARK CHARLES","2026","H","TX","21","17","http://docquery.fec.gov/cgi-bin/fecimg/?202601319795474176","","HILTON HOTELS","7930 JONES BRANCH DR","","MCLEAN","VA","22102","2025-10-15","$1,247.02","TRAVEL","","","","","SB17.10030",""
"C00917658","MARK TEIXEIRA FOR CONGRESS","H6TX21301","TEIXEIRA, MARK CHARLES","2026","H","TX","21","17","http://docquery.fec.gov/cgi-bin/fecimg/?202601319795474176","","SAN SABA CAP","1818 BROADWAY","","KERVILLE","TX","78028","2025-10-17","$2,769.60","COLLATERAL MATERIALS-CAPS","","","","","SB17.10032",""
"C00917658","MARK TEIXEIRA FOR CONGRESS","H6TX21301","TEIXEIRA, MARK CHARLES","2026","H","TX","21","17","http://docquery.fec.gov/cgi-bin/fecimg/?202601319795474177","","ANEDOT","PO BOX 84314","","BATON ROUGE","LA","70884","2025-10-20","$296.10","CREDIT CARD PROCESSING FEE","","","","","SB17.10035",""
"C00917658","MARK TEIXEIRA FOR CONGRESS","H6TX21301","TEIXEIRA, MARK CHARLES","2026","H","TX","21","17","http://docquery.fec.gov/cgi-bin/fecimg/?202601319795474177","","SAN SABA CAP","1818 BROADWAY","","KERVILLE","TX","78028","2025-10-20","$7,524.41","COLLATERAL MATERIALS-SIGNS","","","","","SB17.10034",""
"C00917658","MARK TEIXEIRA FOR CONGRESS","H6TX21301","TEIXEIRA, MARK CHARLES","2026","H","TX","21","17","http://docquery.fec.gov/cgi-bin/fecimg/?202601319795474177","","WINRED","PO BOX 9891","","ARLINGTON","VA","22219","2025-10-20","$196.97","CREDIT CARD PROCESSING FEE","","","","","SB17.10033",""
"C00917658","MARK TEIXEIRA FOR CONGRESS","H6TX21301","TEIXEIRA, MARK CHARLES","2026","H","TX","21","17","http://docquery.fec.gov/cgi-bin/fecimg/?202601319795474178","","ANEDOT","PO BOX 84314","","BATON ROUGE","LA","70884","2025-10-21","$441.20","CREDIT CARD PROCESSING FEE","","","","","SB17.10036",""
"C00917294","BETTS FOR TEXAS","H6TX21285","BETTS, DANIEL","2026","H","TX","21","17","http://docquery.fec.gov/cgi-bin/fecimg/?202604159857261732","","VICTORY INSIGHTS","5237 SUMMERLIN COMMONS BLVD","","FORT MYERS","FL","33907","2026-02-12","$300.00","POLLING","","","","","SB17.4509",""
"C00917294","BETTS FOR TEXAS","H6TX21285","BETTS, DANIEL","2026","H","TX","21","17","http://docquery.fec.gov/cgi-bin/fecimg/?202604159857261732","","WINRED","4250 FAIRFAX DR","","ARLINGTON","VA","22203","2026-02-23","$122.11","CONDUIT FEES","","","","","SB17.4518",""
"C00917294","BETTS FOR TEXAS","H6TX21285","BETTS, DANIEL","2026","H","TX","21","17","http://docquery.fec.gov/cgi-bin/fecimg/?202604159857261733","","WINRED","4250 FAIRFAX DR","","ARLINGTON","VA","22203","2026-03-02","$49.25","CONDUIT FEES","","","","","SB17.4508",""
"C00922344","TREY TRAINOR FOR TEXAS","H6TX21376","TRAINOR, JAMES E III","2026","H","TX","21","17","http://docquery.fec.gov/cgi-bin/fecimg/?202601319795326752","","WINRED TECHNICAL SERVICES LLC","1776 WILSON BLVD","","ARLINGTON","VA","22219","2025-10-08","$58.86","MERCHANT FEES","","","","","SB17.1089207",""
"C00922344","TREY TRAINOR FOR TEXAS","H6TX21376","TRAINOR, JAMES E III","2026","H","TX","21","17","http://docquery.fec.gov/cgi-bin/fecimg/?202601319795326752","","WINRED TECHNICAL SERVICES LLC","1776 WILSON BLVD","","ARLINGTON","VA","22219","2025-10-09","$11.98","MERCHANT FEES","","","","","SB17.1089546",""
"C00922344","TREY TRAINOR FOR TEXAS","H6TX21376","TRAINOR, JAMES E III","2026","H","TX","21","17","http://docquery.fec.gov/cgi-bin/fecimg/?202601319795326752","","WINRED TECHNICAL SERVICES LLC","1776 WILSON BLVD","","ARLINGTON","VA","22219","2025-10-10","$20.59","MERCHANT FEES","","","","","SB17.1089879",""
"C00922344","TREY TRAINOR FOR TEXAS","H6TX21376","TRAINOR, JAMES E III","2026","H","TX","21","17","http://docquery.fec.gov/cgi-bin/fecimg/?202601319795326753","","WINRED TECHNICAL SERVICES LLC","1776 WILSON BLVD","","ARLINGTON","VA","22219","2025-10-16","$14.27","MERCHANT FEES","","","","","SB17.1090900",""
"C00922344","TREY TRAINOR FOR TEXAS","H6TX21376","TRAINOR, JAMES E III","2026","H","TX","21","17","http://docquery.fec.gov/cgi-bin/fecimg/?202601319795326753","","WINRED TECHNICAL SERVICES LLC","1776 WILSON BLVD","","ARLINGTON","VA","22219","2025-10-17","$1.97","MERCHANT FEES","","","","","SB17.1091061",""
"C00922344","TREY TRAINOR FOR TEXAS","H6TX21376","TRAINOR, JAMES E III","2026","H","TX","21","17","http://docquery.fec.gov/cgi-bin/fecimg/?202601319795326753","","WINRED TECHNICAL SERVICES LLC","1776 WILSON BLVD","","ARLINGTON","VA","22219","2025-10-20","$5.13","MERCHANT FEES","","","","","SB17.1091647",""
"C00922344","TREY TRAINOR FOR TEXAS","H6TX21376","TRAINOR, JAMES E III","2026","H","TX","21","17","http://docquery.fec.gov/cgi-bin/fecimg/?202601319795326754","","WINRED TECHNICAL SERVICES LLC","1776 WILSON BLVD","","ARLINGTON","VA","22219","2025-10-22","$39.40","MERCHANT FEES","","","","","SB17.1092175",""
"C00922344","TREY TRAINOR FOR TEXAS","H6TX21376","TRAINOR, JAMES E III","2026","H","TX","21","17","http://docquery.fec.gov/cgi-bin/fecimg/?202601319795326754","","WINRED TECHNICAL SERVICES LLC","1776 WILSON BLVD","","ARLINGTON","VA","22219","2025-10-23","$295.15","MERCHANT FEES","","","","","SB17.1092370",""
"C00922344","TREY TRAINOR FOR TEXAS","H6TX21376","TRAINOR, JAMES E III","2026","H","TX","21","17","http://docquery.fec.gov/cgi-bin/fecimg/?202601319795326754","","WINRED TECHNICAL SERVICES LLC","1776 WILSON BLVD","","ARLINGTON","VA","22219","2025-10-27","$.82","MERCHANT FEES","","","","","SB17.1092702",""
"C00922344","TREY TRAINOR FOR TEXAS","H6TX21376","TRAINOR, JAMES E III","2026","H","TX","21","17","http://docquery.fec.gov/cgi-bin/fecimg/?202601319795326755","","WINRED TECHNICAL SERVICES LLC","1776 WILSON BLVD","","ARLINGTON","VA","22219","2025-10-28","$41.02","MERCHANT FEES","","","","","SB17.1093695",""
"C00922344","TREY TRAINOR FOR TEXAS","H6TX21376","TRAINOR, JAMES E III","2026","H","TX","21","17","http://docquery.fec.gov/cgi-bin/fecimg/?202601319795326755","","WINRED TECHNICAL SERVICES LLC","1776 WILSON BLVD","","ARLINGTON","VA","22219","2025-10-29","$59.50","MERCHANT FEES","","","","","SB17.1093996",""
"C00922344","TREY TRAINOR FOR TEXAS","H6TX21376","TRAINOR, JAMES E III","2026","H","TX","21","17","http://docquery.fec.gov/cgi-bin/fecimg/?202601319795326755","","WINRED TECHNICAL SERVICES LLC","1776 WILSON BLVD","","ARLINGTON","VA","22219","2025-10-30","$49.33","MERCHANT FEES","","","","","SB17.1094329",""
"C00922344","TREY TRAINOR FOR TEXAS","H6TX21376","TRAINOR, JAMES E III","2026","H","TX","21","17","http://docquery.fec.gov/cgi-bin/fecimg/?202601319795326756","","WINRED TECHNICAL SERVICES LLC","1776 WILSON BLVD","","ARLINGTON","VA","22219","2025-10-31","$8.20","MERCHANT FEES","","","","","SB17.1094717",""
"C00922344","TREY TRAINOR FOR TEXAS","H6TX21376","TRAINOR, JAMES E III","2026","H","TX","21","17","http://docquery.fec.gov/cgi-bin/fecimg/?202601319795326756","","WINRED TECHNICAL SERVICES LLC","1776 WILSON BLVD","","ARLINGTON","VA","22219","2025-11-03","$50.87","MERCHANT FEES","","","","","SB17.1095170",""
"C00922344","TREY TRAINOR FOR TEXAS","H6TX21376","TRAINOR, JAMES E III","2026","H","TX","21","17","http://docquery.fec.gov/cgi-bin/fecimg/?202601319795326756","","WINRED TECHNICAL SERVICES LLC","1776 WILSON BLVD","","ARLINGTON","VA","22219","2025-11-04","$10.25","MERCHANT FEES","","","","","SB17.1095534",""
"C00922344","TREY TRAINOR FOR TEXAS","H6TX21376","TRAINOR, JAMES E III","2026","H","TX","21","17","http://docquery.fec.gov/cgi-bin/fecimg/?202601319795326761","","WINRED TECHNICAL SERVICES LLC","1776 WILSON BLVD","","ARLINGTON","VA","22219","2025-12-05","$5.91","MERCHANT FEES","","","","","SB17.1102110",""
"C00922344","TREY TRAINOR FOR TEXAS","H6TX21376","TRAINOR, JAMES E III","2026","H","TX","21","17","http://docquery.fec.gov/cgi-bin/fecimg/?202601319795326761","","WINRED TECHNICAL SERVICES LLC","1776 WILSON BLVD","","ARLINGTON","VA","22219","2025-12-08","$20.51","MERCHANT FEES","","","","","SB17.1102543",""
"C00922344","TREY TRAINOR FOR TEXAS","H6TX21376","TRAINOR, JAMES E III","2026","H","TX","21","17","http://docquery.fec.gov/cgi-bin/fecimg/?202601319795326762","","WINRED TECHNICAL SERVICES LLC","1776 WILSON BLVD","","ARLINGTON","VA","22219","2025-12-10","$71.02","MERCHANT FEES","","","","","SB17.1103221",""
"C00922344","TREY TRAINOR FOR TEXAS","H6TX21376","TRAINOR, JAMES E III","2026","H","TX","21","17","http://docquery.fec.gov/cgi-bin/fecimg/?202601319795326762","","WINRED TECHNICAL SERVICES LLC","1776 WILSON BLVD","","ARLINGTON","VA","22219","2025-12-16","$11.82","MERCHANT FEES","","","","","SB17.1104432",""
"C00922344","TREY TRAINOR FOR TEXAS","H6TX21376","TRAINOR, JAMES E III","2026","H","TX","21","17","http://docquery.fec.gov/cgi-bin/fecimg/?202601319795326762","","WINRED TECHNICAL SERVICES LLC","1776 WILSON BLVD","","ARLINGTON","VA","22219","2025-12-17","$12.14","MERCHANT FEES","","","","","SB17.1104913",""
"C00922344","TREY TRAINOR FOR TEXAS","H6TX21376","TRAINOR, JAMES E III","2026","H","TX","21","17","http://docquery.fec.gov/cgi-bin/fecimg/?202601319795326763","","WINRED TECHNICAL SERVICES LLC","1776 WILSON BLVD","","ARLINGTON","VA","22219","2025-12-18","$4.10","MERCHANT FEES","","","","","SB17.1104917",""
"C00922344","TREY TRAINOR FOR TEXAS","H6TX21376","TRAINOR, JAMES E III","2026","H","TX","21","17","http://docquery.fec.gov/cgi-bin/fecimg/?202601319795326763","","WINRED TECHNICAL SERVICES LLC","1776 WILSON BLVD","","ARLINGTON","VA","22219","2025-12-22","$3.94","MERCHANT FEES","","","","","SB17.1105542",""
"C00922344","TREY TRAINOR FOR TEXAS","H6TX21376","TRAINOR, JAMES E III","2026","H","TX","21","17","http://docquery.fec.gov/cgi-bin/fecimg/?202601319795326763","","WINRED TECHNICAL SERVICES LLC","1776 WILSON BLVD","","ARLINGTON","VA","22219","2025-12-24","$2.26","MERCHANT FEES","","","","","SB17.1106635",""
"C00922344","TREY TRAINOR FOR TEXAS","H6TX21376","TRAINOR, JAMES E III","2026","H","TX","21","17","http://docquery.fec.gov/cgi-bin/fecimg/?202601319795326764","","WINRED TECHNICAL SERVICES LLC","1776 WILSON BLVD","","ARLINGTON","VA","22219","2025-12-26","$3.94","MERCHANT FEES","","","","","SB17.1106639",""
"C00922344","TREY TRAINOR FOR TEXAS","H6TX21376","TRAINOR, JAMES E III","2026","H","TX","21","17","http://docquery.fec.gov/cgi-bin/fecimg/?202601319795326764","","WINRED TECHNICAL SERVICES LLC","1776 WILSON BLVD","","ARLINGTON","VA","22219","2025-12-30","$8.61","MERCHANT FEES","","","","","SB17.1106845",""
"C00922344","TREY TRAINOR FOR TEXAS","H6TX21376","TRAINOR, JAMES E III","2026","H","TX","21","17","http://docquery.fec.gov/cgi-bin/fecimg/?202601319795326764","","WINRED TECHNICAL SERVICES LLC","1776 WILSON BLVD","","ARLINGTON","VA","22219","2025-12-31","$14.27","MERCHANT FEES","","","","","SB17.1107217",""
"C00922344","TREY TRAINOR FOR TEXAS","H6TX21376","TRAINOR, JAMES E III","2026","H","TX","21","17","http://docquery.fec.gov/cgi-bin/fecimg/?202601319795326747","","CHAIN BRIDGE BANK","1445A LAUGHLIN AVE","","MCLEAN","VA","22101","2025-12-11","$25.00","BANK FEES","","","","","SB17.1103551",""
"C00922344","TREY TRAINOR FOR TEXAS","H6TX21376","TRAINOR, JAMES E III","2026","H","TX","21","17","http://docquery.fec.gov/cgi-bin/fecimg/?202601319795326747","","ELLIS, JAMES W","5645 KATHRYN ST","","ALEXANDRIA","VA","22303","2025-12-11","$500.00","IN-KIND: WEBSITE DEVELOPMENT","","","","","SB17.1107240",""
"C00922344","TREY TRAINOR FOR TEXAS","H6TX21376","TRAINOR, JAMES E III","2026","H","TX","21","17","http://docquery.fec.gov/cgi-bin/fecimg/?202601319795326757","","WINRED TECHNICAL SERVICES LLC","1776 WILSON BLVD","","ARLINGTON","VA","22219","2025-11-05","$6.15","MERCHANT FEES","","","","","SB17.1095913",""
"C00922344","TREY TRAINOR FOR TEXAS","H6TX21376","TRAINOR, JAMES E III","2026","H","TX","21","17","http://docquery.fec.gov/cgi-bin/fecimg/?202601319795326757","","WINRED TECHNICAL SERVICES LLC","1776 WILSON BLVD","","ARLINGTON","VA","22219","2025-11-06","$126.08","MERCHANT FEES","","","","","SB17.1096255",""
"C00915397","TEXANS FOR REGIN VANBURG","H6TX21269","VANBURG, REGINA DR.","2026","H","TX","21","17","http://docquery.fec.gov/cgi-bin/fecimg/?202602209834822458","","ACT BLUE","PO BOX 441146","","SOMERVILLE","MA","02144","2026-01-28","$250.00","EVENT SPONSOR","","","","","SB17.4307",""
"C00915397","TEXANS FOR REGIN VANBURG","H6TX21269","VANBURG, REGINA DR.","2026","H","TX","21","17","http://docquery.fec.gov/cgi-bin/fecimg/?202602209834822458","","JC MEDIA","6856 ALAMO DOWNS PARKWAY","","SAN ANTONIO","TX","78247","2026-02-06","$1,353.13","SIGN PRINTING","","","","","SB17.4300",""
"C00915397","TEXANS FOR REGIN VANBURG","H6TX21269","VANBURG, REGINA DR.","2026","H","TX","21","17","http://docquery.fec.gov/cgi-bin/fecimg/?202602209834822458","","SIGNBUSTERS","330 BAETZ","","SAN ANTONIO","TX","78221","2026-01-29","$1,000.00","SIGN INSTALLATION","","","","","SB17.4304",""
"C00915397","TEXANS FOR REGIN VANBURG","H6TX21269","VANBURG, REGINA DR.","2026","H","TX","21","17","http://docquery.fec.gov/cgi-bin/fecimg/?202602209834822459","","SQUARESPACE","8 CLARKSON STREET","","NEW YORK","NY","10014","2026-02-09","$17.93","WEBSITE","","","","","SB17.4297",""
"C00915397","TEXANS FOR REGIN VANBURG","H6TX21269","VANBURG, REGINA DR.","2026","H","TX","21","17","http://docquery.fec.gov/cgi-bin/fecimg/?202602209834822459","","TEXAS DEMOCRATIC PARTY","314 E. HIGHLAND MALL BLVD.","STE 508","AUSTIN","TX","78752","2026-02-02","$2,200.00","CONTRIBUTION","","","","","SB17.4302",""
"C00839548","EZEKIEL ENRIQUEZ FOR US CONGRESS","H6TX23216","ENRIQUEZ, EZEKIEL","2026","H","TX","21","17","http://docquery.fec.gov/cgi-bin/fecimg/?202601309794690298","","MCSHANE LLC","6950 O'BANNON DR","STE 100","LAS VEGAS","NV","891172157","2025-10-06","$2,000.00","CAMPAIGN CONSULTING","","","001","Administrative/Salary/Overhead Expenses ","BB6FB12CD1BEF4E18810",""
"C00839548","EZEKIEL ENRIQUEZ FOR US CONGRESS","H6TX23216","ENRIQUEZ, EZEKIEL","2026","H","TX","21","17","http://docquery.fec.gov/cgi-bin/fecimg/?202601309794690299","","MCSHANE LLC","6950 O'BANNON DR","STE 100","LAS VEGAS","NV","891172157","2025-10-06","$250.00","CAMPAIGN CONSULTING","","","001","Administrative/Salary/Overhead Expenses ","BD58677F67A1E4383AAD",""
"C00839548","EZEKIEL ENRIQUEZ FOR US CONGRESS","H6TX23216","ENRIQUEZ, EZEKIEL","2026","H","TX","21","17","http://docquery.fec.gov/cgi-bin/fecimg/?202601309794690299","","WINRED TECHNICAL SERVICES","1776 WILSON BLVD","","ARLINGTON","VA","222092504","2025-10-06","$20.50","","","","","","B7E59BB4097DA4E88997",""
"C00839548","EZEKIEL ENRIQUEZ FOR US CONGRESS","H6TX23216","ENRIQUEZ, EZEKIEL","2026","H","TX","21","17","http://docquery.fec.gov/cgi-bin/fecimg/?202601309794690299","","WINRED TECHNICAL SERVICES","1776 WILSON BLVD","","ARLINGTON","VA","222092504","2025-10-07","$9.85","","","","","","B246F4D6B5E594474B7A",""
"C00839548","EZEKIEL ENRIQUEZ FOR US CONGRESS","H6TX23216","ENRIQUEZ, EZEKIEL","2026","H","TX","21","17","http://docquery.fec.gov/cgi-bin/fecimg/?202601309794690300","","WINRED TECHNICAL SERVICES","1776 WILSON BLVD","","ARLINGTON","VA","222092504","2025-10-09","$20.51","","","","","","B1C622F9720DA4D24A52",""
"C00839548","EZEKIEL ENRIQUEZ FOR US CONGRESS","H6TX23216","ENRIQUEZ, EZEKIEL","2026","H","TX","21","17","http://docquery.fec.gov/cgi-bin/fecimg/?202601309794690300","","WINRED TECHNICAL SERVICES","1776 WILSON BLVD","","ARLINGTON","VA","222092504","2025-10-10","$1.27","","","","","","B5C40CC26D9B04D64A0D",""
"C00839548","EZEKIEL ENRIQUEZ FOR US CONGRESS","H6TX23216","ENRIQUEZ, EZEKIEL","2026","H","TX","21","17","http://docquery.fec.gov/cgi-bin/fecimg/?202601309794690300","","WINRED TECHNICAL SERVICES","1776 WILSON BLVD","","ARLINGTON","VA","222092504","2025-10-14","$74.42","","","","","","B852A57690C764FE1A72",""
"C00839548","EZEKIEL ENRIQUEZ FOR US CONGRESS","H6TX23216","ENRIQUEZ, EZEKIEL","2026","H","TX","21","17","http://docquery.fec.gov/cgi-bin/fecimg/?202601309794690301","","ROGERS, BRETT","PO BOX 3108","","BANDERA","TX","780033108","2025-10-20","$1,150.00","WEBSITE","","","001","Administrative/Salary/Overhead Expenses ","BB1216C3284D24BD6B9D",""
"C00839548","EZEKIEL ENRIQUEZ FOR US CONGRESS","H6TX23216","ENRIQUEZ, EZEKIEL","2026","H","TX","21","17","http://docquery.fec.gov/cgi-bin/fecimg/?202601309794690301","","WINRED TECHNICAL SERVICES","1776 WILSON BLVD","","ARLINGTON","VA","222092504","2025-10-21","$58.87","","","","","","B92BF3CC09EF74AF99FA",""
"C00839548","EZEKIEL ENRIQUEZ FOR US CONGRESS","H6TX23216","ENRIQUEZ, EZEKIEL","2026","H","TX","21","17","http://docquery.fec.gov/cgi-bin/fecimg/?202601309794690301","","MCSHANE LLC","6950 O'BANNON DR","STE 100","LAS VEGAS","NV","891172157","2025-10-21","$351.34","CAMPAIGN CONSULTING","","","001","Administrative/Salary/Overhead Expenses ","B52A4D5BEA4F440B59BE",""
"C00839548","EZEKIEL ENRIQUEZ FOR US CONGRESS","H6TX23216","ENRIQUEZ, EZEKIEL","2026","H","TX","21","17","http://docquery.fec.gov/cgi-bin/fecimg/?202601309794690302","","WINRED TECHNICAL SERVICES","1776 WILSON BLVD","","ARLINGTON","VA","222092504","2025-10-22","$98.50","","","","","","B2D02CC524A2E4C4790D",""
"C00839548","EZEKIEL ENRIQUEZ FOR US CONGRESS","H6TX23216","ENRIQUEZ, EZEKIEL","2026","H","TX","21","17","http://docquery.fec.gov/cgi-bin/fecimg/?202601309794690302","","WINRED TECHNICAL SERVICES","1776 WILSON BLVD","","ARLINGTON","VA","222092504","2025-10-26","$137.90","","","","","","B49E78552A5C24EA7AA0",""
"C00839548","EZEKIEL ENRIQUEZ FOR US CONGRESS","H6TX23216","ENRIQUEZ, EZEKIEL","2026","H","TX","21","17","http://docquery.fec.gov/cgi-bin/fecimg/?202601309794690302","","WINRED TECHNICAL SERVICES","1776 WILSON BLVD","","ARLINGTON","VA","222092504","2025-10-29","$9.85","","","","","","B1263B76D1E76481CA45",""
"C00839548","EZEKIEL ENRIQUEZ FOR US CONGRESS","H6TX23216","ENRIQUEZ, EZEKIEL","2026","H","TX","21","17","http://docquery.fec.gov/cgi-bin/fecimg/?202601309794690303","","WINRED TECHNICAL SERVICES","1776 WILSON BLVD","","ARLINGTON","VA","222092504","2025-10-31","$9.85","","","","","","B3D1158608DF1458EABF",""
"C00839548","EZEKIEL ENRIQUEZ FOR US CONGRESS","H6TX23216","ENRIQUEZ, EZEKIEL","2026","H","TX","21","17","http://docquery.fec.gov/cgi-bin/fecimg/?202601309794690303","","MCSHANE LLC","6950 O'BANNON DR","STE 100","LAS VEGAS","NV","891172157","2025-11-03","$75.00","FUNDRAISING CONSULTING","","","001","Administrative/Salary/Overhead Expenses ","B0478630A3F6142FAA2D",""
"C00839548","EZEKIEL ENRIQUEZ FOR US CONGRESS","H6TX23216","ENRIQUEZ, EZEKIEL","2026","H","TX","21","17","http://docquery.fec.gov/cgi-bin/fecimg/?202601309794690303","","SUNDANCE PRINT CENTERS","14210 NORTHBROOK DR","","SAN ANTONIO","TX","78232","2025-11-03","$316.21","PRINTING","","","004","Advertising Expenses ","B980FAA1FDA3F465B911",""
"C00929703","DR. KRISTIN HOOK FOR CONGRESS","H4TX21108","HOOK, KRISTIN A DR.","2026","H","TX","21","17","http://docquery.fec.gov/cgi-bin/fecimg/?202601319795615523","","ACT BLUE TECHNICHAL SERVICES","366 SUMMER ST","","SOMMERVILLE","MA","02144","2025-12-14","$225.72","ACT BLUE FEES","","","","","SB17.4526",""
"C00929703","DR. KRISTIN HOOK FOR CONGRESS","H4TX21108","HOOK, KRISTIN A DR.","2026","H","TX","21","17","http://docquery.fec.gov/cgi-bin/fecimg/?202601319795615523","","ACT BLUE TECHNICHAL SERVICES","366 SUMMER ST","","SOMMERVILLE","MA","02144","2025-12-21","$307.64","ACT BLUE FEES","","","","","SB17.4528",""
"C00929703","DR. KRISTIN HOOK FOR CONGRESS","H4TX21108","HOOK, KRISTIN A DR.","2026","H","TX","21","17","http://docquery.fec.gov/cgi-bin/fecimg/?202601319795615523","","ACT BLUE TECHNICHAL SERVICES","366 SUMMER ST","","SOMMERVILLE","MA","02144","2025-12-21","$415.04","ACT BLUE FEES","","","","","SB17.4530",""
"C00839548","EZEKIEL ENRIQUEZ FOR US CONGRESS","H6TX23216","ENRIQUEZ, EZEKIEL","2026","H","TX","21","17","http://docquery.fec.gov/cgi-bin/fecimg/?202601309794690308","","WINRED TECHNICAL SERVICES","1776 WILSON BLVD","","ARLINGTON","VA","222092504","2025-12-10","$1.03","","","","","","BCCB9F49C11844759991",""
"C00839548","EZEKIEL ENRIQUEZ FOR US CONGRESS","H6TX23216","ENRIQUEZ, EZEKIEL","2026","H","TX","21","17","http://docquery.fec.gov/cgi-bin/fecimg/?202601309794690309","","WINRED TECHNICAL SERVICES","1776 WILSON BLVD","","ARLINGTON","VA","222092504","2025-12-31","$1.97","","","","","","BD731325F489F4FDBAF3",""
"C00839548","EZEKIEL ENRIQUEZ FOR US CONGRESS","H6TX23216","ENRIQUEZ, EZEKIEL","2026","H","TX","21","17","http://docquery.fec.gov/cgi-bin/fecimg/?202601309794690309","","WINRED TECHNICAL SERVICES","1776 WILSON BLVD","","ARLINGTON","VA","222092504","2025-12-31","$2.05","","","","","","B9BC4BA78988B4A47B7D",""
"C00839548","EZEKIEL ENRIQUEZ FOR US CONGRESS","H6TX23216","ENRIQUEZ, EZEKIEL","2026","H","TX","21","17","http://docquery.fec.gov/cgi-bin/fecimg/?202601309794690309","","ENRIQUEZ, EZEKIEL","PO BOX 3108","","BANDERA","TX","780033108","2025-12-05","$3,229.00","IN-KIND: CONSULTING FEE","","","","","B70247DD031E645BE89F",""
"C00839548","EZEKIEL ENRIQUEZ FOR US CONGRESS","H6TX23216","ENRIQUEZ, EZEKIEL","2026","H","TX","21","17","http://docquery.fec.gov/cgi-bin/fecimg/?202601309794690310","","ENRIQUEZ, EZEKIEL","PO BOX 3108","","BANDERA","TX","780033108","2025-11-10","$600.00","IN-KIND: FUNDRAISING COMMISSION","","","","","B9EC24046D6674D52A96",""
"C00839548","EZEKIEL ENRIQUEZ FOR US CONGRESS","H6TX23216","ENRIQUEZ, EZEKIEL","2026","H","TX","21","17","http://docquery.fec.gov/cgi-bin/fecimg/?202601309794690310","","ENRIQUEZ, EZEKIEL","PO BOX 3108","","BANDERA","TX","780033108","2025-11-03","$2,600.00","IN-KIND:CONSULTING FEE","","","","","B02648D9466794C1DB1E",""
"C00839548","EZEKIEL ENRIQUEZ FOR US CONGRESS","H6TX23216","ENRIQUEZ, EZEKIEL","2026","H","TX","21","17","http://docquery.fec.gov/cgi-bin/fecimg/?202601309794690310","","ENRIQUEZ, EZEKIEL","PO BOX 3108","","BANDERA","TX","780033108","2025-10-06","$3,329.00","IN-KIND:CONSULTING FEE","","","","","BD0F8740049824DBC8A3",""
"C00839548","EZEKIEL ENRIQUEZ FOR US CONGRESS","H6TX23216","ENRIQUEZ, EZEKIEL","2026","H","TX","21","21","http://docquery.fec.gov/cgi-bin/fecimg/?202601309794690311","C00143743","REPUBLICAN PARTY OF TEXAS","PO BOX 2206","","AUSTIN","TX","787682206","2025-11-13","$3,125.00","POLITICAL CONTRIBUTION","","","011","Political Contributions","B489B495EC31B46C493A",""
"C00917658","MARK TEIXEIRA FOR CONGRESS","H6TX21301","TEIXEIRA, MARK CHARLES","2026","H","TX","21","17","http://docquery.fec.gov/cgi-bin/fecimg/?202601319795474178","","HILL COUNTRY CUPBOARD","101 US-281 LOOP","","JOHNSON CITY","TX","78636","2025-10-22","$233.60","FOOD/BEVERAGE","","","","","SB17.10039",""
"C00917658","MARK TEIXEIRA FOR CONGRESS","H6TX21301","TEIXEIRA, MARK CHARLES","2026","H","TX","21","17","http://docquery.fec.gov/cgi-bin/fecimg/?202601319795474178","","HONDOS ON MAIN","312 W MAIN ST","","FREDRICKSBURG","TX","78624","2025-10-22","$111.33","FOOD/BEVERAGE","","","","","SB17.10037",""
"C00917658","MARK TEIXEIRA FOR CONGRESS","H6TX21301","TEIXEIRA, MARK CHARLES","2026","H","TX","21","17","http://docquery.fec.gov/cgi-bin/fecimg/?202601319795474179","","KAFFEE HAUS","109 N ADAMS ST","","FREDRICKSBURG","TX","78624","2025-10-22","$26.14","FOOD/BEVERAGE","","","","","SB17.10038",""
"C00917658","MARK TEIXEIRA FOR CONGRESS","H6TX21301","TEIXEIRA, MARK CHARLES","2026","H","TX","21","17","http://docquery.fec.gov/cgi-bin/fecimg/?202601319795474179","","BUC-EES","327 HWY 2004 RD","","LAKE JACKSON","TX","77450","2025-10-23","$105.82","TRAVEL","","","","","SB17.10040",""
"C00917658","MARK TEIXEIRA FOR CONGRESS","H6TX21301","TEIXEIRA, MARK CHARLES","2026","H","TX","21","17","http://docquery.fec.gov/cgi-bin/fecimg/?202601319795474179","","ANEDOT","PO BOX 84314","","BATON ROUGE","LA","70884","2025-10-27","$10.30","CREDIT CARD PROCESSING FEE","","","","","SB17.10043",""
"C00917658","MARK TEIXEIRA FOR CONGRESS","H6TX21301","TEIXEIRA, MARK CHARLES","2026","H","TX","21","17","http://docquery.fec.gov/cgi-bin/fecimg/?202601319795474180","","WINRED","PO BOX 9891","","ARLINGTON","VA","22219","2025-10-27","$548.26","CREDIT CARD PROCESSING FEE","","","","","SB17.10041",""
"C00917658","MARK TEIXEIRA FOR CONGRESS","H6TX21301","TEIXEIRA, MARK CHARLES","2026","H","TX","21","17","http://docquery.fec.gov/cgi-bin/fecimg/?202601319795474180","","FISH CITY GRILL","18130 SAN PEDRO AVE","SUITE 104","SAN ANTONIO","TX","78232","2025-10-28","$51.76","FOOD/BEVERAGE","","","","","SB17.10045",""
"C00917658","MARK TEIXEIRA FOR CONGRESS","H6TX21301","TEIXEIRA, MARK CHARLES","2026","H","TX","21","17","http://docquery.fec.gov/cgi-bin/fecimg/?202601319795474180","","SAN SABA CAP","1818 BROADWAY","","KERVILLE","TX","78028","2025-10-28","$2,446.14","COLLATERAL MATERIALS-T SHIRTS","","","","","SB17.10042",""
"C00917658","MARK TEIXEIRA FOR CONGRESS","H6TX21301","TEIXEIRA, MARK CHARLES","2026","H","TX","21","17","http://docquery.fec.gov/cgi-bin/fecimg/?202601319795474181","","INTUIT","2700 COAST AVE","","MOUNTAIN VIEW","CA","94043","2025-10-30","$122.59","SUBSCRIPTION","","","","","SB17.10044",""
"C00917658","MARK TEIXEIRA FOR CONGRESS","H6TX21301","TEIXEIRA, MARK CHARLES","2026","H","TX","21","17","http://docquery.fec.gov/cgi-bin/fecimg/?202601319795474181","","CHEVRON","1400 SMITH ST","","HOUSTON","TX","77002","2025-10-31","$116.00","TRAVEL","","","","","SB17.10046",""
"C00917658","MARK TEIXEIRA FOR CONGRESS","H6TX21301","TEIXEIRA, MARK CHARLES","2026","H","TX","21","17","http://docquery.fec.gov/cgi-bin/fecimg/?202601319795474181","","ANEDOT","PO BOX 84314","","BATON ROUGE","LA","70884","2025-11-01","$10.30","CREDIT CARD PROCESSING FEE","","","","","SB17.10049",""
"C00917658","MARK TEIXEIRA FOR CONGRESS","H6TX21301","TEIXEIRA, MARK CHARLES","2026","H","TX","21","17","http://docquery.fec.gov/cgi-bin/fecimg/?202601319795474182","","ANEDOT","PO BOX 84314","","BATON ROUGE","LA","70884","2025-11-02","$80.30","CREDIT CARD PROCESSING FEE","","","","","SB17.10050",""
"C00917658","MARK TEIXEIRA FOR CONGRESS","H6TX21301","TEIXEIRA, MARK CHARLES","2026","H","TX","21","17","http://docquery.fec.gov/cgi-bin/fecimg/?202601319795474182","","DROGIN GROUP","6705 W HWY 290","SUITE 50281","AUSTIN","TX","78735","2025-11-03","$35,000.00","DIGITAL CONSULTING/ADS","","","","","SB17.10048",""
"C00917658","MARK TEIXEIRA FOR CONGRESS","H6TX21301","TEIXEIRA, MARK CHARLES","2026","H","TX","21","17","http://docquery.fec.gov/cgi-bin/fecimg/?202601319795474182","","WINRED","PO BOX 9891","","ARLINGTON","VA","22219","2025-11-03","$120.35","CREDIT CARD PROCESSING FEE","","","","","SB17.10047",""
"C00917658","MARK TEIXEIRA FOR CONGRESS","H6TX21301","TEIXEIRA, MARK CHARLES","2026","H","TX","21","17","http://docquery.fec.gov/cgi-bin/fecimg/?202601319795474183","","CMDI","1593 SPRING HILL RD","SUITE 400","TYSONS CORNER","VA","22182","2025-11-04","$900.00","DATABASE MANAGEMENT/BATCHING & CAGING SVC","","","","","SB17.10051",""
"C00917658","MARK TEIXEIRA FOR CONGRESS","H6TX21301","TEIXEIRA, MARK CHARLES","2026","H","TX","21","17","http://docquery.fec.gov/cgi-bin/fecimg/?202601319795474183","","JUICELAND","1625 BARTON SPRINGS RD","","AUSTIN","TX","78704","2025-11-04","$94.27","FOOD/BEVERAGE","","","","","SB17.10054",""
"C00917658","MARK TEIXEIRA FOR CONGRESS","H6TX21301","TEIXEIRA, MARK CHARLES","2026","H","TX","21","17","http://docquery.fec.gov/cgi-bin/fecimg/?202601319795474183","","KERR COUNTY SHERRIFF FOUNDATION","PO BOX 294659","","KERRVILLE","TX","78029","2025-11-04","$1,000.00","SPONSORSHIP","","","","","SB17.10052",""
"C00917658","MARK TEIXEIRA FOR CONGRESS","H6TX21301","TEIXEIRA, MARK CHARLES","2026","H","TX","21","17","http://docquery.fec.gov/cgi-bin/fecimg/?202601319795474184","","REPUBLICAN PARTY OF BEXAR COUNTY","909 NE IH 410 LOOP","#801","SAN ANTONIO","TX","78209","2025-11-04","$70.00","REGISTRATION FEE","","","","","SB17.10053",""
"C00917658","MARK TEIXEIRA FOR CONGRESS","H6TX21301","TEIXEIRA, MARK CHARLES","2026","H","TX","21","17","http://docquery.fec.gov/cgi-bin/fecimg/?202601319795474184","","ANEDOT","PO BOX 84314","","BATON ROUGE","LA","70884","2025-11-05","$80.30","CREDIT CARD PROCESSING FEE","","","","","SB17.10055",""
"C00917658","MARK TEIXEIRA FOR CONGRESS","H6TX21301","TEIXEIRA, MARK CHARLES","2026","H","TX","21","17","http://docquery.fec.gov/cgi-bin/fecimg/?202601319795474184","","KERRVILLE AREA CHAMBER OF COMMERCE","1700 SIDNEY BAKER ST","STE 100","KERRVILLE","TX","78028","2025-11-05","$290.00","REGISTRATION FEE","","","","","SB17.10058",""
"C00917658","MARK TEIXEIRA FOR CONGRESS","H6TX21301","TEIXEIRA, MARK CHARLES","2026","H","TX","21","17","http://docquery.fec.gov/cgi-bin/fecimg/?202601319795474185","","REPUBLICAN WOMEN OF KERR COUNTY","PO BOX 294492","","KERRVILLE","TX","78029","2025-11-05","$78.00","REGISTRATION FEE","","","","","SB17.10059",""
"C00917658","MARK TEIXEIRA FOR CONGRESS","H6TX21301","TEIXEIRA, MARK CHARLES","2026","H","TX","21","17","http://docquery.fec.gov/cgi-bin/fecimg/?202601319795474185","","RUDYS","24152 I-10","","SAN ANTONIO","TX","78257","2025-11-05","$92.53","FOOD/BEVERAGE","","","","","SB17.10057",""
"C00917658","MARK TEIXEIRA FOR CONGRESS","H6TX21301","TEIXEIRA, MARK CHARLES","2026","H","TX","21","17","http://docquery.fec.gov/cgi-bin/fecimg/?202601319795474185","","UNITED AIRLINES","233 S WACKER DR","","CHICAGO","IL","60606","2025-11-05","$2,347.22","TRAVEL","","","","","SB17.10056",""
"C00917658","MARK TEIXEIRA FOR CONGRESS","H6TX21301","TEIXEIRA, MARK CHARLES","2026","H","TX","21","17","http://docquery.fec.gov/cgi-bin/fecimg/?202601319795474186","","LEX POLITICA","7415 SW PKWY #129","BLDG 6 STE 500","AUSTIN","TX","78735","2025-11-06","$375.00","LEGAL CONSULTING","","","","","SB17.10061",""
"C00839548","EZEKIEL ENRIQUEZ FOR US CONGRESS","H6TX23216","ENRIQUEZ, EZEKIEL","2026","H","TX","21","17","http://docquery.fec.gov/cgi-bin/fecimg/?202601309794690304","","WINRED TECHNICAL SERVICES","1776 WILSON BLVD","","ARLINGTON","VA","222092504","2025-11-03","$4.10","","","","","","B13F043E46F8D448584B",""
"C00839548","EZEKIEL ENRIQUEZ FOR US CONGRESS","H6TX23216","ENRIQUEZ, EZEKIEL","2026","H","TX","21","17","http://docquery.fec.gov/cgi-bin/fecimg/?202601309794690304","","MCSHANE LLC","6950 O'BANNON DR","STE 100","LAS VEGAS","NV","891172157","2025-11-04","$2,729.00","FUNDRAISING CONSULTING","","","001","Administrative/Salary/Overhead Expenses ","BC41A518141024FA29FD",""
"C00839548","EZEKIEL ENRIQUEZ FOR US CONGRESS","H6TX23216","ENRIQUEZ, EZEKIEL","2026","H","TX","21","17","http://docquery.fec.gov/cgi-bin/fecimg/?202601309794690304","","WINRED TECHNICAL SERVICES","1776 WILSON BLVD","","ARLINGTON","VA","222092504","2025-11-10","$20.73","","","","","","BD9D4B45A26A64AA8B4E",""
"C00839548","EZEKIEL ENRIQUEZ FOR US CONGRESS","H6TX23216","ENRIQUEZ, EZEKIEL","2026","H","TX","21","17","http://docquery.fec.gov/cgi-bin/fecimg/?202601309794690305","","MCSHANE LLC","6950 O'BANNON DR","STE 100","LAS VEGAS","NV","891172157","2025-11-12","$490.58","FUNDRAISING CONSULTING","","","001","Administrative/Salary/Overhead Expenses ","B5D6D4EF06F48474CB43",""
"C00839548","EZEKIEL ENRIQUEZ FOR US CONGRESS","H6TX23216","ENRIQUEZ, EZEKIEL","2026","H","TX","21","17","http://docquery.fec.gov/cgi-bin/fecimg/?202601309794690305","","WINRED TECHNICAL SERVICES","1776 WILSON BLVD","","ARLINGTON","VA","222092504","2025-11-12","$29.42","","","","","","B38035C2E04AF44B5B57",""
"C00839548","EZEKIEL ENRIQUEZ FOR US CONGRESS","H6TX23216","ENRIQUEZ, EZEKIEL","2026","H","TX","21","17","http://docquery.fec.gov/cgi-bin/fecimg/?202601309794690305","","WINRED TECHNICAL SERVICES","1776 WILSON BLVD","","ARLINGTON","VA","222092504","2025-11-13","$21.13","","","","","","B8DF0400ED4B14FAF860",""
"C00839548","EZEKIEL ENRIQUEZ FOR US CONGRESS","H6TX23216","ENRIQUEZ, EZEKIEL","2026","H","TX","21","17","http://docquery.fec.gov/cgi-bin/fecimg/?202601309794690306","","WINRED TECHNICAL SERVICES","1776 WILSON BLVD","","ARLINGTON","VA","222092504","2025-11-14","$41.02","","","","","","B5B5022A852634ADA859",""
"C00839548","EZEKIEL ENRIQUEZ FOR US CONGRESS","H6TX23216","ENRIQUEZ, EZEKIEL","2026","H","TX","21","17","http://docquery.fec.gov/cgi-bin/fecimg/?202601309794690306","","WINRED TECHNICAL SERVICES","1776 WILSON BLVD","","ARLINGTON","VA","222092504","2025-11-20","$4.10","","","","","","B648BE6A4DE8642A0981",""
"C00839548","EZEKIEL ENRIQUEZ FOR US CONGRESS","H6TX23216","ENRIQUEZ, EZEKIEL","2026","H","TX","21","17","http://docquery.fec.gov/cgi-bin/fecimg/?202601309794690306","","WINRED TECHNICAL SERVICES","1776 WILSON BLVD","","ARLINGTON","VA","222092504","2025-11-28","$7.88","","","","","","B5C05C8F14E414EDDBDF",""
"C00839548","EZEKIEL ENRIQUEZ FOR US CONGRESS","H6TX23216","ENRIQUEZ, EZEKIEL","2026","H","TX","21","17","http://docquery.fec.gov/cgi-bin/fecimg/?202601309794690307","","MCSHANE LLC","6950 O'BANNON DR","STE 100","LAS VEGAS","NV","891172157","2025-12-02","$805.77","FUNDRAISING CONSULTING","","","001","Administrative/Salary/Overhead Expenses ","B30AD2CC96D0C44FCA22",""
"C00839548","EZEKIEL ENRIQUEZ FOR US CONGRESS","H6TX23216","ENRIQUEZ, EZEKIEL","2026","H","TX","21","17","http://docquery.fec.gov/cgi-bin/fecimg/?202601309794690307","","WINRED TECHNICAL SERVICES","1776 WILSON BLVD","","ARLINGTON","VA","222092504","2025-12-02","$15.00","","","","","","B3359981DFB014C40838",""
"C00839548","EZEKIEL ENRIQUEZ FOR US CONGRESS","H6TX23216","ENRIQUEZ, EZEKIEL","2026","H","TX","21","17","http://docquery.fec.gov/cgi-bin/fecimg/?202601309794690307","","WINRED TECHNICAL SERVICES","1776 WILSON BLVD","","ARLINGTON","VA","222092504","2025-12-04","$2.05","","","","","","BFE5FF6C199FC4C43A82",""
"C00839548","EZEKIEL ENRIQUEZ FOR US CONGRESS","H6TX23216","ENRIQUEZ, EZEKIEL","2026","H","TX","21","17","http://docquery.fec.gov/cgi-bin/fecimg/?202601309794690308","","MCSHANE LLC","6950 O'BANNON DR","STE 100","LAS VEGAS","NV","891172157","2025-12-08","$2,100.00","FUNDRAISING CONSULTING","","","001","Administrative/Salary/Overhead Expenses ","B26C384E643B546A385E",""
"C00839548","EZEKIEL ENRIQUEZ FOR US CONGRESS","H6TX23216","ENRIQUEZ, EZEKIEL","2026","H","TX","21","17","http://docquery.fec.gov/cgi-bin/fecimg/?202601309794690308","","MCSHANE LLC","6950 O'BANNON DR","STE 100","LAS VEGAS","NV","891172157","2025-12-08","$384.84","FUNDRAISING CONSULTING","","","001","Administrative/Salary/Overhead Expenses ","BB802F5BF0C7148AAB05",""
"C00839548","EZEKIEL ENRIQUEZ FOR US CONGRESS","H6TX23216","ENRIQUEZ, EZEKIEL","2026","H","TX","21","17","http://docquery.fec.gov/cgi-bin/fecimg/?202601309794690298","","WINRED TECHNICAL SERVICES","1776 WILSON BLVD","","ARLINGTON","VA","222092504","2025-10-01","$8.20","","","","","","B939B222356FB4125A54",""
"C00839548","EZEKIEL ENRIQUEZ FOR US CONGRESS","H6TX23216","ENRIQUEZ, EZEKIEL","2026","H","TX","21","17","http://docquery.fec.gov/cgi-bin/fecimg/?202601309794690298","","SUNDANCE PRINT CENTERS","14210 NORTHBROOK DR","","SAN ANTONIO","TX","78232","2025-10-02","$168.32","PRINTING","","","004","Advertising Expenses ","B760ADFD10BFB46078A8",""
"C00917658","MARK TEIXEIRA FOR CONGRESS","H6TX21301","TEIXEIRA, MARK CHARLES","2026","H","TX","21","17","http://docquery.fec.gov/cgi-bin/fecimg/?202601319795474206","","AMAZON","410 TERRY AVE N","","SEATTLE","WA","98109","2025-12-09","$18.14","OFFICE SUPPLIES","","","","","SB17.10107",""
"C00917658","MARK TEIXEIRA FOR CONGRESS","H6TX21301","TEIXEIRA, MARK CHARLES","2026","H","TX","21","17","http://docquery.fec.gov/cgi-bin/fecimg/?202601319795474206","","ANEDOT","PO BOX 84314","","BATON ROUGE","LA","70884","2025-12-09","$261.20","CREDIT CARD PROCESSING FEE","","","","","SB17.10106",""
"C00917658","MARK TEIXEIRA FOR CONGRESS","H6TX21301","TEIXEIRA, MARK CHARLES","2026","H","TX","21","17","http://docquery.fec.gov/cgi-bin/fecimg/?202601319795474206","","FEDERAL EXPRESS","942 SOUTH SHADY GROVE RD","","MEMPHIS","TN","38120","2025-12-10","$69.17","DELIVERY","","","","","SB17.10108",""
"C00917658","MARK TEIXEIRA FOR CONGRESS","H6TX21301","TEIXEIRA, MARK CHARLES","2026","H","TX","21","17","http://docquery.fec.gov/cgi-bin/fecimg/?202601319795474207","","REPUBLICAN WOMEN OF KERR COUNTY","PO BOX 294492","","KERRVILLE","TX","78029","2025-12-10","$90.00","REGISTRATION FEE","","","","","SB17.10109",""
"C00917658","MARK TEIXEIRA FOR CONGRESS","H6TX21301","TEIXEIRA, MARK CHARLES","2026","H","TX","21","17","http://docquery.fec.gov/cgi-bin/fecimg/?202601319795474207","","ANEDOT","PO BOX 84314","","BATON ROUGE","LA","70884","2025-12-11","$191.50","CREDIT CARD PROCESSING FEE","","","","","SB17.10111",""
"C00917658","MARK TEIXEIRA FOR CONGRESS","H6TX21301","TEIXEIRA, MARK CHARLES","2026","H","TX","21","17","http://docquery.fec.gov/cgi-bin/fecimg/?202601319795474207","","HYATT","150 N RIVERSIDE PLAZA","","CHICAGO","IL","60606","2025-12-11","$352.67","TRAVEL","","","","","SB17.10110",""
"C00917658","MARK TEIXEIRA FOR CONGRESS","H6TX21301","TEIXEIRA, MARK CHARLES","2026","H","TX","21","17","http://docquery.fec.gov/cgi-bin/fecimg/?202601319795474208","","ANEDOT","PO BOX 84314","","BATON ROUGE","LA","70884","2025-12-12","$140.30","CREDIT CARD PROCESSING FEE","","","","","SB17.10112",""
"C00917658","MARK TEIXEIRA FOR CONGRESS","H6TX21301","TEIXEIRA, MARK CHARLES","2026","H","TX","21","17","http://docquery.fec.gov/cgi-bin/fecimg/?202601319795474208","","EARLY, KELLY","PO BOX 1073","1450 W HWY 290","DRIPPING SPRINGS","TX","78620","2025-12-15","$475.37","MILEAGE","","","","","SB17.10121",""
"C00917658","MARK TEIXEIRA FOR CONGRESS","H6TX21301","TEIXEIRA, MARK CHARLES","2026","H","TX","21","17","http://docquery.fec.gov/cgi-bin/fecimg/?202601319795474208","","MORGAN, EMILY","PO BOX 1073","1450 W HWY 290","DRIPPING SPRINGS","TX","78620","2025-12-15","$376.60","MILEAGE","","","","","SB17.10122",""
"C00917658","MARK TEIXEIRA FOR CONGRESS","H6TX21301","TEIXEIRA, MARK CHARLES","2026","H","TX","21","17","http://docquery.fec.gov/cgi-bin/fecimg/?202601319795474209","","SALTER, HARRISON","PO BOX 1073","1450 W HWY 290","DRIPPING SPRINGS","TX","78620","2025-12-15","$614.37","PHONE SVC/MILEAGE","","","","","SB17.10119",""
"C00917658","MARK TEIXEIRA FOR CONGRESS","H6TX21301","TEIXEIRA, MARK CHARLES","2026","H","TX","21","17","http://docquery.fec.gov/cgi-bin/fecimg/?202601319795474209","","SALTER, HARRISON","PO BOX 1073","1450 W HWY 290","DRIPPING SPRINGS","TX","78620","2025-12-15","$419.37","MILEAGE","X","","","","SB17.20014","SB17.10119"
"C00917658","MARK TEIXEIRA FOR CONGRESS","H6TX21301","TEIXEIRA, MARK CHARLES","2026","H","TX","21","17","http://docquery.fec.gov/cgi-bin/fecimg/?202601319795474189","","SALTER, HARRISON","PO BOX 1073","1450 W HWY 290","DRIPPING SPRINGS","TX","78620","2025-11-10","$965.20","TRAVEL/FOOD/BEVERAGE/MILEAGE","","","","","SB17.10070",""
"C00917658","MARK TEIXEIRA FOR CONGRESS","H6TX21301","TEIXEIRA, MARK CHARLES","2026","H","TX","21","17","http://docquery.fec.gov/cgi-bin/fecimg/?202601319795474189","","SALTER, HARRISON","PO BOX 1073","1450 W HWY 290","DRIPPING SPRINGS","TX","78620","2025-11-10","$706.09","MILEAGE","X","","","","SB17.20000","SB17.10070"
"C00915397","TEXANS FOR REGIN VANBURG","H6TX21269","VANBURG, REGINA DR.","2026","H","TX","21","17","http://docquery.fec.gov/cgi-bin/fecimg/?202602069825933525","","PRINTED UNION","8800 CHCELLOR ROW","","DALLAS","TX","75247","2025-11-21","$822.18","PRINTING","","","","","SB17.4195",""
"C00915397","TEXANS FOR REGIN VANBURG","H6TX21269","VANBURG, REGINA DR.","2026","H","TX","21","17","http://docquery.fec.gov/cgi-bin/fecimg/?202602069825933525","","TEXAS DEMOCRATIC PARTY","314 E. HIGHLAND MALL BLVD.","STE 508","AUSTIN","TX","78752","2025-12-09","$3,125.00","BALLOT REGISTRATION","","","","","SB17.4190",""
"C00917658","MARK TEIXEIRA FOR CONGRESS","H6TX21301","TEIXEIRA, MARK CHARLES","2026","H","TX","21","17","http://docquery.fec.gov/cgi-bin/fecimg/?202601319795474186","","THOMAS GRAPHICS","PO BOX 142226","","AUSTING","TX","78714","2025-11-06","$1,480.87","COLLATERAL MATERIALS-YARD SIGNS/PRINTING","","","","","SB17.10060",""
"C00917658","MARK TEIXEIRA FOR CONGRESS","H6TX21301","TEIXEIRA, MARK CHARLES","2026","H","TX","21","17","http://docquery.fec.gov/cgi-bin/fecimg/?202601319795474186","","BANDERA COUNTY CHAMBER OF COMMERCE","158 TX-16","SUITE F","BANDERA","TX","78003","2025-11-07","$150.00","REGISTRATION FEE","","","","","SB17.10062",""
"C00917658","MARK TEIXEIRA FOR CONGRESS","H6TX21301","TEIXEIRA, MARK CHARLES","2026","H","TX","21","17","http://docquery.fec.gov/cgi-bin/fecimg/?202601319795474187","","GREATER BOERNE CHAMBER OF COMMERCE","121 S MAIN ST","","BOERNE","TX","78006","2025-11-07","$165.00","REGISTRATION FEE","","","","","SB17.10063",""
"C00917658","MARK TEIXEIRA FOR CONGRESS","H6TX21301","TEIXEIRA, MARK CHARLES","2026","H","TX","21","17","http://docquery.fec.gov/cgi-bin/fecimg/?202601319795474187","","HYATT","150 N RIVERSIDE PLAZA","","CHICAGO","IL","60606","2025-11-07","$991.17","TRAVEL","","","","","SB17.10065",""
"C00917658","MARK TEIXEIRA FOR CONGRESS","H6TX21301","TEIXEIRA, MARK CHARLES","2026","H","TX","21","17","http://docquery.fec.gov/cgi-bin/fecimg/?202601319795474187","","REPUBLICAN PARTY OF BEXAR COUNTY","909 NE IH 410 LOOP","","SAN ANTONIO","TX","78209","2025-11-07","$500.00","REGISTRATION FEE","","","","","SB17.10064",""
"C00917658","MARK TEIXEIRA FOR CONGRESS","H6TX21301","TEIXEIRA, MARK CHARLES","2026","H","TX","21","17","http://docquery.fec.gov/cgi-bin/fecimg/?202601319795474188","","EARLY, KELLY","PO BOX 1073","1450 W HWY 290","DRIPPING SPRINGS","TX","78620","2025-11-10","$938.07","OFFICE SUPPLIES","","","","","SB17.10071",""
"C00917658","MARK TEIXEIRA FOR CONGRESS","H6TX21301","TEIXEIRA, MARK CHARLES","2026","H","TX","21","17","http://docquery.fec.gov/cgi-bin/fecimg/?202601319795474188","","WALMART","1216 JUNCTION HWY","","KERRVILLE","TX","78028","2025-11-10","$938.07","OFFICE SUPPLIES","X","","","","SB17.20013","SB17.10071"
"C00917658","MARK TEIXEIRA FOR CONGRESS","H6TX21301","TEIXEIRA, MARK CHARLES","2026","H","TX","21","17","http://docquery.fec.gov/cgi-bin/fecimg/?202601319795474188","","MORGAN, EMILY","PO BOX 1073","1450 W HWY 290","DRIPPING SPRINGS","TX","78620","2025-11-10","$229.60","MILEAGE","","","","","SB17.10072",""
"C00917658","MARK TEIXEIRA FOR CONGRESS","H6TX21301","TEIXEIRA, MARK CHARLES","2026","H","TX","21","17","http://docquery.fec.gov/cgi-bin/fecimg/?202601319795474199","","WINRED","PO BOX 9891","","ARLINGTON","VA","22219","2025-11-24","$285.98","CREDIT CARD PROCESSING FEE","","","","","SB17.10085",""
"C00917658","MARK TEIXEIRA FOR CONGRESS","H6TX21301","TEIXEIRA, MARK CHARLES","2026","H","TX","21","17","http://docquery.fec.gov/cgi-bin/fecimg/?202601319795474199","","FEDERAL EXPRESS","942 SOUTH SHADY GROVE RD","","MEMPHIS","TN","38120","2025-11-25","$26.90","DELIVERY","","","","","SB17.10088",""
"C00917658","MARK TEIXEIRA FOR CONGRESS","H6TX21301","TEIXEIRA, MARK CHARLES","2026","H","TX","21","17","http://docquery.fec.gov/cgi-bin/fecimg/?202601319795474189","","BAKERY LORRAINE","134 OAK PARK DR","","BOERNE","TX","78006","2025-11-10","$11.20","FOOD/BEVERAGE","X","","","","SB17.20006","SB17.10070"
"C00917658","MARK TEIXEIRA FOR CONGRESS","H6TX21301","TEIXEIRA, MARK CHARLES","2026","H","TX","21","17","http://docquery.fec.gov/cgi-bin/fecimg/?202601319795474190","","CORNER BAKERY","18720 STONE OAK PKWY STE 103","","SAN ANTONIO","TX","78258","2025-11-10","$3.18","FOOD/BEVERAGE","X","","","","SB17.20010","SB17.10070"
"C00917658","MARK TEIXEIRA FOR CONGRESS","H6TX21301","TEIXEIRA, MARK CHARLES","2026","H","TX","21","17","http://docquery.fec.gov/cgi-bin/fecimg/?202601319795474190","","CORNER BAKERY","18720 STONE OAK PWKY STE 103","","SAN ANTONIO","TX","78258","2025-11-10","$11.87","FOOD/BEVERAGE","X","","","","SB17.20011","SB17.10070"
"C00917658","MARK TEIXEIRA FOR CONGRESS","H6TX21301","TEIXEIRA, MARK CHARLES","2026","H","TX","21","17","http://docquery.fec.gov/cgi-bin/fecimg/?202601319795474190","","FIRST WATCH","16668 SAN PEDRO AVE.","","SAN ANTONIO","TX","78232","2025-11-10","$43.88","FOOD/BEVERAGE","X","","","","SB17.20001","SB17.10070"
"C00917658","MARK TEIXEIRA FOR CONGRESS","H6TX21301","TEIXEIRA, MARK CHARLES","2026","H","TX","21","17","http://docquery.fec.gov/cgi-bin/fecimg/?202601319795474191","","GAYLORD TEXAN","1501 GAYLORD TRAIL","","GRAPEVINE","TX","76021","2025-11-10","$48.71","TRAVEL","X","","","","SB17.20003","SB17.10070"
"C00917658","MARK TEIXEIRA FOR CONGRESS","H6TX21301","TEIXEIRA, MARK CHARLES","2026","H","TX","21","17","http://docquery.fec.gov/cgi-bin/fecimg/?202601319795474191","","HERBERT'S TACO HUT","1440 N. WALNUT","","NEW BRAUNFELS","TX","78130","2025-11-10","$57.48","FOOD/BEVERAGE","X","","","","SB17.20012","SB17.10070"
"C00917658","MARK TEIXEIRA FOR CONGRESS","H6TX21301","TEIXEIRA, MARK CHARLES","2026","H","TX","21","17","http://docquery.fec.gov/cgi-bin/fecimg/?202601319795474191","","KELANI YOGURT","463 S MAIN ST","","BOERNE","TX","78006","2025-11-10","$9.52","FOOD/BEVERAGE","X","","","","SB17.20005","SB17.10070"
"C00917658","MARK TEIXEIRA FOR CONGRESS","H6TX21301","TEIXEIRA, MARK CHARLES","2026","H","TX","21","17","http://docquery.fec.gov/cgi-bin/fecimg/?202601319795474192","","SILICON LABS","400 W CESAR CHAVEZ ST","","AUSTIN","TX","78701","2025-11-10","$15.43","FOOD/BEVERAGE","X","","","","SB17.20004","SB17.10070"
"C00917658","MARK TEIXEIRA FOR CONGRESS","H6TX21301","TEIXEIRA, MARK CHARLES","2026","H","TX","21","17","http://docquery.fec.gov/cgi-bin/fecimg/?202601319795474192","","SUMMER MOON COFFEE","3233 N ST MARY'S ST #102","","SAN ANTONIO","TX","78212","2025-11-10","$13.74","FOOD/BEVERAGE","X","","","","SB17.20007","SB17.10070"
"C00917658","MARK TEIXEIRA FOR CONGRESS","H6TX21301","TEIXEIRA, MARK CHARLES","2026","H","TX","21","17","http://docquery.fec.gov/cgi-bin/fecimg/?202601319795474192","","THE BEVY PROVISIONS","101 HERFF RD","","BORENE","TX","78006","2025-11-10","$10.55","FOOD/BEVERAGE","X","","","","SB17.20008","SB17.10070"
"C00917658","MARK TEIXEIRA FOR CONGRESS","H6TX21301","TEIXEIRA, MARK CHARLES","2026","H","TX","21","17","http://docquery.fec.gov/cgi-bin/fecimg/?202601319795474193","","WESTIN DOWNTOWN DALLAS","1201 MAIN ST","","DALLAS","TX","75202","2025-11-10","$22.00","TRAVEL","X","","","","SB17.20002","SB17.10070"
"C00917658","MARK TEIXEIRA FOR CONGRESS","H6TX21301","TEIXEIRA, MARK CHARLES","2026","H","TX","21","17","http://docquery.fec.gov/cgi-bin/fecimg/?202601319795474193","","WHATABURGER","621 W BANDERA RD","","BOERNE","TX","78006","2025-11-10","$11.55","FOOD/BEVERAGE","X","","","","SB17.20009","SB17.10070"
"C00917658","MARK TEIXEIRA FOR CONGRESS","H6TX21301","TEIXEIRA, MARK CHARLES","2026","H","TX","21","17","http://docquery.fec.gov/cgi-bin/fecimg/?202601319795474193","","ACME STRATEGIES","PO BOX 335","","ROCKFORD","MI","49341","2025-11-10","$10,873.80","DIGITAL CONSULTING/ADS/TEXTING","","","","","SB17.10073",""
"C00917658","MARK TEIXEIRA FOR CONGRESS","H6TX21301","TEIXEIRA, MARK CHARLES","2026","H","TX","21","17","http://docquery.fec.gov/cgi-bin/fecimg/?202601319795474194","","DROGIN GROUP","6705 W HWY 290","SUITE 50281","AUSTIN","TX","78735","2025-11-10","$5,000.00","DIGITAL CONSULTING/ADS","","","","","SB17.10069",""
"C00929703","DR. KRISTIN HOOK FOR CONGRESS","H4TX21108","HOOK, KRISTIN A DR.","2026","H","TX","21","17","http://docquery.fec.gov/cgi-bin/fecimg/?202601319795615524","","ACT BLUE TECHNICHAL SERVICES","366 SUMMER ST","","SOMMERVILLE","MA","02144","2025-12-28","$424.58","ACT BLUE FEES","","","","","SB17.4529",""
"C00917658","MARK TEIXEIRA FOR CONGRESS","H6TX21301","TEIXEIRA, MARK CHARLES","2026","H","TX","21","17","http://docquery.fec.gov/cgi-bin/fecimg/?202601319795474194","","LILLY & COMPANY","1005 CONGRESS AVE","STE 400","AUSTIN","TX","78701","2025-11-10","$7,928.77","FINANCE CONSULTING","","","","","SB17.10068",""
"C00917658","MARK TEIXEIRA FOR CONGRESS","H6TX21301","TEIXEIRA, MARK CHARLES","2026","H","TX","21","17","http://docquery.fec.gov/cgi-bin/fecimg/?202601319795474194","","NORFLEET STRATEGIES","504 W 12TH ST","","AUSTIN","TX","78701","2025-11-10","$7,500.00","POLITICAL STRATEGY CONSULTING","","","","","SB17.10067",""
"C00917658","MARK TEIXEIRA FOR CONGRESS","H6TX21301","TEIXEIRA, MARK CHARLES","2026","H","TX","21","17","http://docquery.fec.gov/cgi-bin/fecimg/?202601319795474195","","WINRED","PO BOX 9891","","ARLINGTON","VA","22219","2025-11-10","$533.18","CREDIT CARD PROCESSING FEE","","","","","SB17.10066",""
"C00917658","MARK TEIXEIRA FOR CONGRESS","H6TX21301","TEIXEIRA, MARK CHARLES","2026","H","TX","21","17","http://docquery.fec.gov/cgi-bin/fecimg/?202601319795474195","","DESIGNATED MARKET MEDIA","8588 RICHMOND HWY","STE 90546","ALEXANDRIA","VA","22309","2025-11-11","$41,638.19","MEDIA PLACEMENT/PRODUCTION","","","","","SB17.10074",""
"C00917658","MARK TEIXEIRA FOR CONGRESS","H6TX21301","TEIXEIRA, MARK CHARLES","2026","H","TX","21","17","http://docquery.fec.gov/cgi-bin/fecimg/?202601319795474195","","ANEDOT","PO BOX 84314","","BATON ROUGE","LA","70884","2025-11-12","$540.60","CREDIT CARD PROCESSING FEE","","","","","SB17.10075",""
"C00917658","MARK TEIXEIRA FOR CONGRESS","H6TX21301","TEIXEIRA, MARK CHARLES","2026","H","TX","21","17","http://docquery.fec.gov/cgi-bin/fecimg/?202601319795474196","","GRAZIN BAR B Q","660 W SAN ANTONIO ST","","NEW BRAUNFELS","TX","78130","2025-11-14","$235.71","FOOD/BEVERAGE","","","","","SB17.10076",""
"C00917658","MARK TEIXEIRA FOR CONGRESS","H6TX21301","TEIXEIRA, MARK CHARLES","2026","H","TX","21","17","http://docquery.fec.gov/cgi-bin/fecimg/?202601319795474196","","SHELL","PO BOX 2463","","HOUSTON","TX","77252","2025-11-14","$70.04","TRAVEL","","","","","SB17.10077",""
"C00917658","MARK TEIXEIRA FOR CONGRESS","H6TX21301","TEIXEIRA, MARK CHARLES","2026","H","TX","21","17","http://docquery.fec.gov/cgi-bin/fecimg/?202601319795474196","","WEST HENLY STORAGE","114 HENLY MATERIALS WAY","","JOHNSON CITY","TX","78636","2025-11-14","$134.87","RENT","","","","","SB17.10078",""
"C00917658","MARK TEIXEIRA FOR CONGRESS","H6TX21301","TEIXEIRA, MARK CHARLES","2026","H","TX","21","17","http://docquery.fec.gov/cgi-bin/fecimg/?202601319795474197","","WINRED","PO BOX 9891","","ARLINGTON","VA","22219","2025-11-17","$495.79","CREDIT CARD PROCESSING FEE","","","","","SB17.10079",""
"C00917658","MARK TEIXEIRA FOR CONGRESS","H6TX21301","TEIXEIRA, MARK CHARLES","2026","H","TX","21","17","http://docquery.fec.gov/cgi-bin/fecimg/?202601319795474197","","HAYS COUNTY REPUBLICAN PARTY","6000 RM 150","","KYLE","TX","78640","2025-11-19","$550.00","REGISTRATION FEE","","","","","SB17.10080",""
"C00917658","MARK TEIXEIRA FOR CONGRESS","H6TX21301","TEIXEIRA, MARK CHARLES","2026","H","TX","21","17","http://docquery.fec.gov/cgi-bin/fecimg/?202601319795474197","","NEW BRAUNFELS COFFEE","489 MAIN PLAZA","","NEW BRAUNFELS","TX","78130","2025-11-19","$40.44","FOOD/BEVERAGE","","","","","SB17.10082",""
"C00917658","MARK TEIXEIRA FOR CONGRESS","H6TX21301","TEIXEIRA, MARK CHARLES","2026","H","TX","21","17","http://docquery.fec.gov/cgi-bin/fecimg/?202601319795474198","","SHELL","PO BOX 2463","","HOUSTON","TX","77252","2025-11-19","$77.70","TRAVEL","","","","","SB17.10081",""
"C00917658","MARK TEIXEIRA FOR CONGRESS","H6TX21301","TEIXEIRA, MARK CHARLES","2026","H","TX","21","17","http://docquery.fec.gov/cgi-bin/fecimg/?202601319795474198","","EARLY, KELLY","PO BOX 1073","1450 W HWY 290","DRIPPING SPRINGS","TX","78620","2025-11-20","$406.00","MILEAGE","","","","","SB17.10083",""
"C00917658","MARK TEIXEIRA FOR CONGRESS","H6TX21301","TEIXEIRA, MARK CHARLES","2026","H","TX","21","17","http://docquery.fec.gov/cgi-bin/fecimg/?202601319795474198","","NEW BRAUNFELS COFFEE","489 MAIN PLAZA","","NEW BRAUNFELS","TX","78130","2025-11-21","$57.00","FOOD/BEVERAGE","","","","","SB17.10084",""
"C00917658","MARK TEIXEIRA FOR CONGRESS","H6TX21301","TEIXEIRA, MARK CHARLES","2026","H","TX","21","17","http://docquery.fec.gov/cgi-bin/fecimg/?202601319795474199","","ANEDOT","PO BOX 84314","","BATON ROUGE","LA","70884","2025-11-22","$20.30","CREDIT CARD PROCESSING FEE","","","","","SB17.10086",""
"C00917658","MARK TEIXEIRA FOR CONGRESS","H6TX21301","TEIXEIRA, MARK CHARLES","2026","H","TX","21","17","http://docquery.fec.gov/cgi-bin/fecimg/?202601319795474213","","VERIZON WIRELESS","1095 6TH AVE","","NEW YORK","NY","10036","2025-12-15","$63.42","PHONE SVC","","","","","SB17.10126",""
"C00917658","MARK TEIXEIRA FOR CONGRESS","H6TX21301","TEIXEIRA, MARK CHARLES","2026","H","TX","21","17","http://docquery.fec.gov/cgi-bin/fecimg/?202601319795474214","","WINRED","PO BOX 9891","","ARLINGTON","VA","22219","2025-12-15","$176.57","CREDIT CARD PROCESSING FEE","","","","","SB17.10113",""
"C00917658","MARK TEIXEIRA FOR CONGRESS","H6TX21301","TEIXEIRA, MARK CHARLES","2026","H","TX","21","17","http://docquery.fec.gov/cgi-bin/fecimg/?202601319795474214","","ALAMO CITY REPUBLICAN WOMEN","12000 STARCREST DR","","SAN ANTONIO","TX","78247","2025-12-16","$60.00","REGISTRATION FEE","","","","","SB17.10127",""
"C00917658","MARK TEIXEIRA FOR CONGRESS","H6TX21301","TEIXEIRA, MARK CHARLES","2026","H","TX","21","17","http://docquery.fec.gov/cgi-bin/fecimg/?202601319795474214","","KENDALL COUNTY REPUBLICAN PARTY","624 N MAIN ST","#102","BOERNE","TX","78006","2025-12-16","$2,020.00","SPONSORSHIP","","","","","SB17.10125",""
"C00917658","MARK TEIXEIRA FOR CONGRESS","H6TX21301","TEIXEIRA, MARK CHARLES","2026","H","TX","21","17","http://docquery.fec.gov/cgi-bin/fecimg/?202601319795474215","","ANEDOT","PO BOX 84314","","BATON ROUGE","LA","70884","2025-12-17","$30.60","CREDIT CARD PROCESSING FEE","","","","","SB17.10124",""
"C00917658","MARK TEIXEIRA FOR CONGRESS","H6TX21301","TEIXEIRA, MARK CHARLES","2026","H","TX","21","17","http://docquery.fec.gov/cgi-bin/fecimg/?202601319795474215","","HYATT","150 N RIVERSIDE PLAZA","","CHICAGO","IL","60606","2025-12-18","$485.98","TRAVEL","","","","","SB17.10128",""
"C00922344","TREY TRAINOR FOR TEXAS","H6TX21376","TRAINOR, JAMES E III","2026","H","TX","21","17","http://docquery.fec.gov/cgi-bin/fecimg/?202601319795326747","","I360","2300 CLARENDON BLVD","SUITE 800","ARLINGTON","VA","22201","2025-12-11","$1,332.50","SOFTWARE SUBSCRIPTION","","","","","SB17.1103104",""
"C00922344","TREY TRAINOR FOR TEXAS","H6TX21376","TRAINOR, JAMES E III","2026","H","TX","21","17","http://docquery.fec.gov/cgi-bin/fecimg/?202601319795326748","","LACOURSE, JEFF","8 EASTMAN RD","","CAPE ELIZABETH","ME","04107","2025-12-05","$2,500.00","MANAGEMENT CONSULTING","","","","","SB17.1101580",""
"C00922344","TREY TRAINOR FOR TEXAS","H6TX21376","TRAINOR, JAMES E III","2026","H","TX","21","17","http://docquery.fec.gov/cgi-bin/fecimg/?202601319795326748","","MCNUTT, WILL","13101 PRESTON RD","","DALLAS","TX","75240","2025-12-11","$2,000.00","IN-KIND: CATERING SERVICES","","","","","SB17.1109245",""
"C00922344","TREY TRAINOR FOR TEXAS","H6TX21376","TRAINOR, JAMES E III","2026","H","TX","21","17","http://docquery.fec.gov/cgi-bin/fecimg/?202601319795326748","","P3 IMAGING SOLUTIONS, LLC","1211 SAFARI ST.","","SAN ANTONIO","TX","78216","2025-11-17","$21.65","PRINTING EXPENSE: FLYERS","","","","","SB17.1097656",""
"C00922344","TREY TRAINOR FOR TEXAS","H6TX21376","TRAINOR, JAMES E III","2026","H","TX","21","17","http://docquery.fec.gov/cgi-bin/fecimg/?202601319795326749","","P3 IMAGING SOLUTIONS, LLC","1211 SAFARI ST.","","SAN ANTONIO","TX","78216","2025-11-17","$43.30","PRINTING EXPENSE: FLYERS","","","","","SB17.1097657",""
"C00922344","TREY TRAINOR FOR TEXAS","H6TX21376","TRAINOR, JAMES E III","2026","H","TX","21","17","http://docquery.fec.gov/cgi-bin/fecimg/?202601319795326749","","P3 IMAGING SOLUTIONS, LLC","1211 SAFARI ST.","","SAN ANTONIO","TX","78216","2025-12-02","$335.58","COLLATERAL: INFORMATION CARDS","","","","","SB17.1098323",""
"C00922344","TREY TRAINOR FOR TEXAS","H6TX21376","TRAINOR, JAMES E III","2026","H","TX","21","17","http://docquery.fec.gov/cgi-bin/fecimg/?202601319795326749","","RED CURVE SOLUTIONS LLC","138 CONANT ST","STE 401","BEVERLY","MA","01915","2025-11-18","$1,601.30","COMPLIANCE CONSULTING & DATA PROCESSING SERVICES","","","","","SB17.1097028",""
"C00922344","TREY TRAINOR FOR TEXAS","H6TX21376","TRAINOR, JAMES E III","2026","H","TX","21","17","http://docquery.fec.gov/cgi-bin/fecimg/?202601319795326757","","WINRED TECHNICAL SERVICES LLC","1776 WILSON BLVD","","ARLINGTON","VA","22219","2025-11-12","$3.94","MERCHANT FEES","","","","","SB17.1096949",""
"C00922344","TREY TRAINOR FOR TEXAS","H6TX21376","TRAINOR, JAMES E III","2026","H","TX","21","17","http://docquery.fec.gov/cgi-bin/fecimg/?202601319795326758","","WINRED TECHNICAL SERVICES LLC","1776 WILSON BLVD","","ARLINGTON","VA","22219","2025-11-13","$18.45","MERCHANT FEES","","","","","SB17.1097315",""
"C00922344","TREY TRAINOR FOR TEXAS","H6TX21376","TRAINOR, JAMES E III","2026","H","TX","21","17","http://docquery.fec.gov/cgi-bin/fecimg/?202601319795326758","","WINRED TECHNICAL SERVICES LLC","1776 WILSON BLVD","","ARLINGTON","VA","22219","2025-11-14","$226.46","MERCHANT FEES","","","","","SB17.1097677",""
"C00922344","TREY TRAINOR FOR TEXAS","H6TX21376","TRAINOR, JAMES E III","2026","H","TX","21","17","http://docquery.fec.gov/cgi-bin/fecimg/?202601319795326758","","WINRED TECHNICAL SERVICES LLC","1776 WILSON BLVD","","ARLINGTON","VA","22219","2025-11-17","$145.78","MERCHANT FEES","","","","","SB17.1097822",""
"C00922344","TREY TRAINOR FOR TEXAS","H6TX21376","TRAINOR, JAMES E III","2026","H","TX","21","17","http://docquery.fec.gov/cgi-bin/fecimg/?202601319795326759","","WINRED TECHNICAL SERVICES LLC","1776 WILSON BLVD","","ARLINGTON","VA","22219","2025-11-19","$20.51","MERCHANT FEES","","","","","SB17.1098468",""
"C00922344","TREY TRAINOR FOR TEXAS","H6TX21376","TRAINOR, JAMES E III","2026","H","TX","21","17","http://docquery.fec.gov/cgi-bin/fecimg/?202601319795326759","","WINRED TECHNICAL SERVICES LLC","1776 WILSON BLVD","","ARLINGTON","VA","22219","2025-11-20","$8.96","MERCHANT FEES","","","","","SB17.1098734",""
"C00922344","TREY TRAINOR FOR TEXAS","H6TX21376","TRAINOR, JAMES E III","2026","H","TX","21","17","http://docquery.fec.gov/cgi-bin/fecimg/?202601319795326759","","WINRED TECHNICAL SERVICES LLC","1776 WILSON BLVD","","ARLINGTON","VA","22219","2025-11-21","$104.22","MERCHANT FEES","","","","","SB17.1098950",""
"C00922344","TREY TRAINOR FOR TEXAS","H6TX21376","TRAINOR, JAMES E III","2026","H","TX","21","17","http://docquery.fec.gov/cgi-bin/fecimg/?202601319795326760","","WINRED TECHNICAL SERVICES LLC","1776 WILSON BLVD","","ARLINGTON","VA","22219","2025-11-25","$41.02","MERCHANT FEES","","","","","SB17.1099628",""
"C00922344","TREY TRAINOR FOR TEXAS","H6TX21376","TRAINOR, JAMES E III","2026","H","TX","21","17","http://docquery.fec.gov/cgi-bin/fecimg/?202601319795326760","","WINRED TECHNICAL SERVICES LLC","1776 WILSON BLVD","","ARLINGTON","VA","22219","2025-11-26","$4.10","MERCHANT FEES","","","","","SB17.1099997",""
"C00922344","TREY TRAINOR FOR TEXAS","H6TX21376","TRAINOR, JAMES E III","2026","H","TX","21","17","http://docquery.fec.gov/cgi-bin/fecimg/?202601319795326760","","WINRED TECHNICAL SERVICES LLC","1776 WILSON BLVD","","ARLINGTON","VA","22219","2025-12-02","$48.90","MERCHANT FEES","","","","","SB17.1101016",""
"C00922344","TREY TRAINOR FOR TEXAS","H6TX21376","TRAINOR, JAMES E III","2026","H","TX","21","17","http://docquery.fec.gov/cgi-bin/fecimg/?202601319795326761","","WINRED TECHNICAL SERVICES LLC","1776 WILSON BLVD","","ARLINGTON","VA","22219","2025-12-03","$381.69","MERCHANT FEES","","","","","SB17.1101577",""
"C00917658","MARK TEIXEIRA FOR CONGRESS","H6TX21301","TEIXEIRA, MARK CHARLES","2026","H","TX","21","17","http://docquery.fec.gov/cgi-bin/fecimg/?202601319795474215","","ANEDOT","PO BOX 84314","","BATON ROUGE","LA","70884","2025-12-19","$70.00","CREDIT CARD PROCESSING FEE","","","","","SB17.10130",""
"C00917658","MARK TEIXEIRA FOR CONGRESS","H6TX21301","TEIXEIRA, MARK CHARLES","2026","H","TX","21","17","http://docquery.fec.gov/cgi-bin/fecimg/?202601319795474216","","JVC MEDIA LLC","6856 ALAMO DOWNS PKWY","","SAN ANTONIO","TX","78247","2025-12-19","$5,683.13","COLLATERAL MATERIAL-SIGNAGE","","","","","SB17.10129",""
"C00917658","MARK TEIXEIRA FOR CONGRESS","H6TX21301","TEIXEIRA, MARK CHARLES","2026","H","TX","21","17","http://docquery.fec.gov/cgi-bin/fecimg/?202601319795474216","","ANEDOT","PO BOX 84314","","BATON ROUGE","LA","70884","2025-12-20","$441.20","CREDIT CARD PROCESSING FEE","","","","","SB17.10131",""
"C00917658","MARK TEIXEIRA FOR CONGRESS","H6TX21301","TEIXEIRA, MARK CHARLES","2026","H","TX","21","17","http://docquery.fec.gov/cgi-bin/fecimg/?202601319795474216","","WINRED","PO BOX 9891","","ARLINGTON","VA","22219","2025-12-22","$151.85","CREDIT CARD PROCESSING FEE","","","","","SB17.10132",""
"C00917658","MARK TEIXEIRA FOR CONGRESS","H6TX21301","TEIXEIRA, MARK CHARLES","2026","H","TX","21","17","http://docquery.fec.gov/cgi-bin/fecimg/?202601319795474217","","ANEDOT","PO BOX 84314","","BATON ROUGE","LA","70884","2025-12-23","$760.60","CREDIT CARD PROCESSING FEE","","","","","SB17.10133",""
"C00917658","MARK TEIXEIRA FOR CONGRESS","H6TX21301","TEIXEIRA, MARK CHARLES","2026","H","TX","21","17","http://docquery.fec.gov/cgi-bin/fecimg/?202601319795474217","","CHICK FIL A","5200 BUFFINGTON RD","","ATLANTA","GA","30349","2025-12-23","$32.10","FOOD/BEVERAGE","","","","","SB17.10135",""
"C00917658","MARK TEIXEIRA FOR CONGRESS","H6TX21301","TEIXEIRA, MARK CHARLES","2026","H","TX","21","17","http://docquery.fec.gov/cgi-bin/fecimg/?202601319795474217","","ANEDOT","PO BOX 84314","","BATON ROUGE","LA","70884","2025-12-24","$80.60","CREDIT CARD PROCESSING FEE","","","","","SB17.10134",""
"C00917658","MARK TEIXEIRA FOR CONGRESS","H6TX21301","TEIXEIRA, MARK CHARLES","2026","H","TX","21","17","http://docquery.fec.gov/cgi-bin/fecimg/?202601319795474218","","ANEDOT","PO BOX 84314","","BATON ROUGE","LA","70884","2025-12-26","$40.30","CREDIT CARD PROCESSING FEE","","","","","SB17.10136",""
"C00917658","MARK TEIXEIRA FOR CONGRESS","H6TX21301","TEIXEIRA, MARK CHARLES","2026","H","TX","21","17","http://docquery.fec.gov/cgi-bin/fecimg/?202601319795474218","","ANEDOT","PO BOX 84314","","BATON ROUGE","LA","70884","2025-12-29","$481.20","CREDIT CARD PROCESSING FEE","","","","","SB17.10138",""
"C00917658","MARK TEIXEIRA FOR CONGRESS","H6TX21301","TEIXEIRA, MARK CHARLES","2026","H","TX","21","17","http://docquery.fec.gov/cgi-bin/fecimg/?202601319795474220","","DEMOCRACY ENGINE","416 FLORIDA AVE NW","#26418","WASHINGTON","DC","20001","2025-12-31","$125.00","CREDIT CARD PROCESSING FEE","","","","","SB17.10143",""
"C00917658","MARK TEIXEIRA FOR CONGRESS","H6TX21301","TEIXEIRA, MARK CHARLES","2026","H","TX","21","17","http://docquery.fec.gov/cgi-bin/fecimg/?202601319795474220","","WINRED","PO BOX 9891","","ARLINGTON","VA","22219","2025-12-31","$433.42","CREDIT CARD PROCESSING FEE","","","","","SB17.10144",""
"C00917658","MARK TEIXEIRA FOR CONGRESS","H6TX21301","TEIXEIRA, MARK CHARLES","2026","H","TX","21","21","http://docquery.fec.gov/cgi-bin/fecimg/?202601319795474221","C00143743","REPUBLICAN PARTY OF TEXAS","PO BOX 2206","","AUSTIN","TX","78768","2025-11-03","$3,125.00","TRANSFER","","","","","SB21.4001",""
"C00917658","MARK TEIXEIRA FOR CONGRESS","H6TX21301","TEIXEIRA, MARK CHARLES","2026","H","TX","21","17","http://docquery.fec.gov/cgi-bin/fecimg/?202601319795474166","","MORGAN, EMILY","PO BOX 1073","1450 W HWY 290","DRIPPING SPRINGS","TX","78620","2025-10-01","$2,352.27","POLITICAL STRATEGY CONSULTING","","","","","SB17.10000",""
"C00917658","MARK TEIXEIRA FOR CONGRESS","H6TX21301","TEIXEIRA, MARK CHARLES","2026","H","TX","21","17","http://docquery.fec.gov/cgi-bin/fecimg/?202601319795474166","","SALTER, HARRISON","PO BOX 1073","1450 W HWY 290","DRIPPING SPRINGS","TX","78620","2025-10-01","$3,500.00","POLITICAL STRATEGY CONSULTING","","","","","SB17.10001",""
"C00922344","TREY TRAINOR FOR TEXAS","H6TX21376","TRAINOR, JAMES E III","2026","H","TX","21","17","http://docquery.fec.gov/cgi-bin/fecimg/?202601319795326750","","RED CURVE SOLUTIONS LLC","138 CONANT ST","STE 401","BEVERLY","MA","01915","2025-12-05","$1,539.02","COMPLIANCE CONSULTING & DATA PROCESSING SERVICES","","","","","SB17.1100892",""
"C00922344","TREY TRAINOR FOR TEXAS","H6TX21376","TRAINOR, JAMES E III","2026","H","TX","21","17","http://docquery.fec.gov/cgi-bin/fecimg/?202601319795326750","","REPUBLICAN PARTY OF TEXAS","PO BOX 2206","","AUSTIN","TX","78768","2025-11-18","$3,125.00","BALLOT ACCESS FEE","","","","","SB17.1096916",""
"C00922344","TREY TRAINOR FOR TEXAS","H6TX21376","TRAINOR, JAMES E III","2026","H","TX","21","17","http://docquery.fec.gov/cgi-bin/fecimg/?202601319795326750","","THE HERRIES GROUP, LLC","3 COTTONDALE ROAD","","THE HILLS","TX","78738","2025-11-18","$1,500.00","FUNDRAISING CONSULTING","","","","","SB17.1096974",""
"C00922344","TREY TRAINOR FOR TEXAS","H6TX21376","TRAINOR, JAMES E III","2026","H","TX","21","17","http://docquery.fec.gov/cgi-bin/fecimg/?202601319795326751","","THE HERRIES GROUP, LLC","3 COTTONDALE ROAD","","THE HILLS","TX","78738","2025-12-09","$1,500.00","FUNDRAISING CONSULTING","","","","","SB17.1102271",""
"C00922344","TREY TRAINOR FOR TEXAS","H6TX21376","TRAINOR, JAMES E III","2026","H","TX","21","17","http://docquery.fec.gov/cgi-bin/fecimg/?202601319795326751","","TRAINOR, JAMES","1091 HAWTHORNE LOOP","","DRIFTWOOD","TX","78619","2025-11-20","$280.00","IN-KIND: PO BOX RENEWAL","","","","","SB17.1099425",""
"C00922344","TREY TRAINOR FOR TEXAS","H6TX21376","TRAINOR, JAMES E III","2026","H","TX","21","17","http://docquery.fec.gov/cgi-bin/fecimg/?202601319795326751","","TRAINOR, JAMES","1091 HAWTHORNE LOOP","","DRIFTWOOD","TX","78619","2025-11-20","$15.80","IN-KIND: DELIVERY SERVICES","","","","","SB17.1099428",""
"C00917658","MARK TEIXEIRA FOR CONGRESS","H6TX21301","TEIXEIRA, MARK CHARLES","2026","H","TX","21","17","http://docquery.fec.gov/cgi-bin/fecimg/?202601319795474166","","2 RIVERS COFFEE","2351 TX-337 LOOP","","NEW BRAUNFELS","TX","78130","2025-10-01","$18.50","FOOD/BEVERAGE","","","","","SB17.10004",""
"C00917658","MARK TEIXEIRA FOR CONGRESS","H6TX21301","TEIXEIRA, MARK CHARLES","2026","H","TX","21","17","http://docquery.fec.gov/cgi-bin/fecimg/?202601319795474167","","CRAVINGS","712 W SAN ANTONIO ST","","NEW BRAUNFELS","TX","78130","2025-10-01","$36.09","FOOD/BEVERAGE","","","","","SB17.10006",""
"C00917658","MARK TEIXEIRA FOR CONGRESS","H6TX21301","TEIXEIRA, MARK CHARLES","2026","H","TX","21","17","http://docquery.fec.gov/cgi-bin/fecimg/?202601319795474209","","VERIZON WIRELESS","1095 6TH AVE","","NEW YORK","NY","10036","2025-12-15","$195.00","PHONE SVC","X","","","","SB17.20015","SB17.10119"
"C00917658","MARK TEIXEIRA FOR CONGRESS","H6TX21301","TEIXEIRA, MARK CHARLES","2026","H","TX","21","17","http://docquery.fec.gov/cgi-bin/fecimg/?202601319795474210","","TEIXEIRA, MARK","2205 WARWICK WAY","SUITE 200","MARRIOTTSVILLE","MD","21104","2025-12-15","$5,839.77","TRAVEL","","","","","SB17.10120",""
"C00917658","MARK TEIXEIRA FOR CONGRESS","H6TX21301","TEIXEIRA, MARK CHARLES","2026","H","TX","21","17","http://docquery.fec.gov/cgi-bin/fecimg/?202601319795474210","","AUSTIN-BERGSTROM AIRPORT","3600 PRESIDENTIAL BLVD","","AUSTIN","TX","78719","2025-12-15","$109.00","TRAVEL","X","","","","SB17.20018","SB17.10120"
"C00917658","MARK TEIXEIRA FOR CONGRESS","H6TX21301","TEIXEIRA, MARK CHARLES","2026","H","TX","21","17","http://docquery.fec.gov/cgi-bin/fecimg/?202601319795474218","","WINRED","PO BOX 9891","","ARLINGTON","VA","22219","2025-12-29","$413.82","CREDIT CARD PROCESSING FEE","","","","","SB17.10137",""
"C00917658","MARK TEIXEIRA FOR CONGRESS","H6TX21301","TEIXEIRA, MARK CHARLES","2026","H","TX","21","17","http://docquery.fec.gov/cgi-bin/fecimg/?202601319795474219","","INTUIT","2700 COAST AVE","","MOUNTAIN VIEW","CA","94043","2025-12-30","$122.59","SUBSCRIPTION","","","","","SB17.10139",""
"C00917658","MARK TEIXEIRA FOR CONGRESS","H6TX21301","TEIXEIRA, MARK CHARLES","2026","H","TX","21","17","http://docquery.fec.gov/cgi-bin/fecimg/?202601319795474219","","EARLY, KELLY","PO BOX 1073","1450 W HWY 290","DRIPPING SPRINGS","TX","78620","2025-12-31","$7,000.00","POLITICAL STRATEGY CONSULTING","","","","","SB17.10142",""
"C00917658","MARK TEIXEIRA FOR CONGRESS","H6TX21301","TEIXEIRA, MARK CHARLES","2026","H","TX","21","17","http://docquery.fec.gov/cgi-bin/fecimg/?202601319795474219","","MORGAN, EMILY","PO BOX 1073","1450 W HWY 290","DRIPPING SPRINGS","TX","78620","2025-12-31","$5,750.00","POLITICAL STRATEGY CONSULTING","","","","","SB17.10140",""
"C00917658","MARK TEIXEIRA FOR CONGRESS","H6TX21301","TEIXEIRA, MARK CHARLES","2026","H","TX","21","17","http://docquery.fec.gov/cgi-bin/fecimg/?202601319795474220","","SALTER, HARRISON","PO BOX 1073","1450 W HWY 290","DRIPPING SPRINGS","TX","78620","2025-12-31","$11,000.00","POLITICAL STRATEGY CONSULTING","","","","","SB17.10141",""
"C00917658","MARK TEIXEIRA FOR CONGRESS","H6TX21301","TEIXEIRA, MARK CHARLES","2026","H","TX","21","17","http://docquery.fec.gov/cgi-bin/fecimg/?202601319795474202","","ANEDOT","PO BOX 84314","","BATON ROUGE","LA","70884","2025-12-01","$40.30","CREDIT CARD PROCESSING FEE","","","","","SB17.10095",""
"C00917658","MARK TEIXEIRA FOR CONGRESS","H6TX21301","TEIXEIRA, MARK CHARLES","2026","H","TX","21","17","http://docquery.fec.gov/cgi-bin/fecimg/?202601319795474202","","INTUIT","2700 COAST AVE","","MOUNTAIN VIEW","CA","94043","2025-12-01","$122.59","SUBSCRIPTION","","","","","SB17.10097",""
"C00917658","MARK TEIXEIRA FOR CONGRESS","H6TX21301","TEIXEIRA, MARK CHARLES","2026","H","TX","21","17","http://docquery.fec.gov/cgi-bin/fecimg/?202601319795474202","","WINRED","PO BOX 9891","","ARLINGTON","VA","22219","2025-12-01","$754.74","CREDIT CARD PROCESSING FEE","","","","","SB17.10094",""
"C00917658","MARK TEIXEIRA FOR CONGRESS","H6TX21301","TEIXEIRA, MARK CHARLES","2026","H","TX","21","17","http://docquery.fec.gov/cgi-bin/fecimg/?202601319795474203","","CHEVRON","1400 SMITH ST","","HOUSTON","TX","77002","2025-12-02","$55.13","TRAVEL","","","","","SB17.10098",""
"C00917658","MARK TEIXEIRA FOR CONGRESS","H6TX21301","TEIXEIRA, MARK CHARLES","2026","H","TX","21","17","http://docquery.fec.gov/cgi-bin/fecimg/?202601319795474203","","MILL CREEK CAFE","849 US 83","","LEAKEY","TX","78873","2025-12-02","$126.16","FOOD/BEVERAGE","","","","","SB17.10100",""
"C00917658","MARK TEIXEIRA FOR CONGRESS","H6TX21301","TEIXEIRA, MARK CHARLES","2026","H","TX","21","17","http://docquery.fec.gov/cgi-bin/fecimg/?202601319795474203","","WEST HENLY STORAGE","114 HENLY MATERIALS WAY","","JOHNSON CITY","TX","78636","2025-12-02","$92.00","RENT","","","","","SB17.10099",""
"C00917658","MARK TEIXEIRA FOR CONGRESS","H6TX21301","TEIXEIRA, MARK CHARLES","2026","H","TX","21","17","http://docquery.fec.gov/cgi-bin/fecimg/?202601319795474204","","CMDI","1593 SPRING HILL RD","SUITE 400","TYSONS CORNER","VA","22182","2025-12-03","$900.00","DATABASE MANAGEMENT/BATCHING & CAGING SVC","","","","","SB17.10096",""
"C00917658","MARK TEIXEIRA FOR CONGRESS","H6TX21301","TEIXEIRA, MARK CHARLES","2026","H","TX","21","17","http://docquery.fec.gov/cgi-bin/fecimg/?202601319795474204","","CHAIN BRIDGE BANK","1445A LAUGHLIN AVE","","MCLEAN","VA","22101","2025-12-05","$25.00","BANK FEE","","","","","SB17.10102",""
"C00917658","MARK TEIXEIRA FOR CONGRESS","H6TX21301","TEIXEIRA, MARK CHARLES","2026","H","TX","21","17","http://docquery.fec.gov/cgi-bin/fecimg/?202601319795474204","","STRATEGIC MEDIA SERVICES","4601 N FAIRFAX DR","SUITE 730","ARLINGTON","VA","22203","2025-12-05","$69,401.00","MEDIA PLACEMENT/PRODUCTION","","","","","SB17.10101",""
"C00917658","MARK TEIXEIRA FOR CONGRESS","H6TX21301","TEIXEIRA, MARK CHARLES","2026","H","TX","21","17","http://docquery.fec.gov/cgi-bin/fecimg/?202601319795474205","","WALMART","702 SW 8TH ST","","BENTONVILLE","AR","72716","2025-12-05","$23.66","OFFICE SUPPLIES","","","","","SB17.10103",""
"C00917658","MARK TEIXEIRA FOR CONGRESS","H6TX21301","TEIXEIRA, MARK CHARLES","2026","H","TX","21","17","http://docquery.fec.gov/cgi-bin/fecimg/?202601319795474205","","ANEDOT","PO BOX 84314","","BATON ROUGE","LA","70884","2025-12-06","$560.30","CREDIT CARD PROCESSING FEE","","","","","SB17.10105",""
"C00917658","MARK TEIXEIRA FOR CONGRESS","H6TX21301","TEIXEIRA, MARK CHARLES","2026","H","TX","21","17","http://docquery.fec.gov/cgi-bin/fecimg/?202601319795474205","","WINRED","PO BOX 9891","","ARLINGTON","VA","22219","2025-12-08","$208.87","CREDIT CARD PROCESSING FEE","","","","","SB17.10104",""
"C00917823","WHEELER FOR CONGRESS","H6TX21319","WHEELER, MIKE","2026","H","TX","21","17","http://docquery.fec.gov/cgi-bin/fecimg/?202601319808511503","","CHAIN BRIDGE BANK","1445-A LAUGHLIN AVENUE","","MCLEAN","VA","22101","2025-10-23","$15.00","BANK FEE","","","","","SB17.1092539",""
"C00917823","WHEELER FOR CONGRESS","H6TX21319","WHEELER, MIKE","2026","H","TX","21","17","http://docquery.fec.gov/cgi-bin/fecimg/?202601319808511503","","CHAIN BRIDGE BANK","1445-A LAUGHLIN AVENUE","","MCLEAN","VA","22101","2025-11-26","$25.00","BANK FEES","","","","","SB17.1100214",""
"C00917823","WHEELER FOR CONGRESS","H6TX21319","WHEELER, MIKE","2026","H","TX","21","17","http://docquery.fec.gov/cgi-bin/fecimg/?202601319808511503","","DEMOCRACY ENGINE LLC","237 FLORIDA AVENUE NW","","WASHINGTON","DC","20001","2025-12-05","$5.00","MERCHANT FEES","","","","","SB17.1102131",""
"C00917823","WHEELER FOR CONGRESS","H6TX21319","WHEELER, MIKE","2026","H","TX","21","17","http://docquery.fec.gov/cgi-bin/fecimg/?202601319808511504","","ENGAGE RIGHT","1530 SUN CITY BLVD","STE 120 PMB 482","GEORGETOWN","TX","90326","2025-11-24","$12,903.26","GENERAL CAMPAIGN CONSULTING","","","","","SB17.1097847",""
"C00917823","WHEELER FOR CONGRESS","H6TX21319","WHEELER, MIKE","2026","H","TX","21","17","http://docquery.fec.gov/cgi-bin/fecimg/?202601319808511504","","ENGAGE RIGHT","1530 SUN CITY BLVD","STE 120 PMB 482","GEORGETOWN","TX","90326","2025-12-15","$4,000.00","GENERAL CAMPAIGN CONSULTING","","","","","SB17.1102431",""
"C00917823","WHEELER FOR CONGRESS","H6TX21319","WHEELER, MIKE","2026","H","TX","21","17","http://docquery.fec.gov/cgi-bin/fecimg/?202601319808511504","","JACKSON-ALVAREZ GROUP","7777 LEESBURG PIKE","SUITE 407N","FALLS CHURCH","VA","22043","2025-10-06","$7,000.00","RESEARCH SERVICES","","","","","SB17.1088664",""
"C00917823","WHEELER FOR CONGRESS","H6TX21319","WHEELER, MIKE","2026","H","TX","21","17","http://docquery.fec.gov/cgi-bin/fecimg/?202601319808511505","","KEMPF, MEGAN","226 CIBOLO BRANCH DR","","BOERNE","TX","78006","2025-11-13","$4,000.00","GENERAL CAMPAIGN CONSULTING","","","","","SB17.1097333",""
"C00917823","WHEELER FOR CONGRESS","H6TX21319","WHEELER, MIKE","2026","H","TX","21","17","http://docquery.fec.gov/cgi-bin/fecimg/?202601319808511505","","KEMPF, MEGAN","226 CIBOLO BRANCH DR","","BOERNE","TX","78006","2025-11-25","$2,000.00","GENERAL CAMPAIGN CONSULTING","","","","","SB17.1099524",""
"C00917823","WHEELER FOR CONGRESS","H6TX21319","WHEELER, MIKE","2026","H","TX","21","17","http://docquery.fec.gov/cgi-bin/fecimg/?202601319808511505","","KEMPF, MEGAN","226 CIBOLO BRANCH DR","","BOERNE","TX","78006","2025-12-23","$2,000.00","GENERAL CAMPAIGN CONSULTING","","","","","SB17.1104466",""
"C00917823","WHEELER FOR CONGRESS","H6TX21319","WHEELER, MIKE","2026","H","TX","21","17","http://docquery.fec.gov/cgi-bin/fecimg/?202601319808511506","","LOGAN BRITTANY REICHERT","106 TEHAMA PLACE","","MONTGOMERY","TX","77316","2025-12-15","$990.00","FUNDRAISING CONSULTING","","","","","SB17.1102703",""
"C00917823","WHEELER FOR CONGRESS","H6TX21319","WHEELER, MIKE","2026","H","TX","21","17","http://docquery.fec.gov/cgi-bin/fecimg/?202601319808511506","","LUSSIER, TIM F.","6027 VALPARAISO WAY","","SAN ANTONIO","TX","78249","2025-11-13","$6,000.00","GENERAL CAMPAIGN CONSULTING","","","","","SB17.1097331",""
"C00917823","WHEELER FOR CONGRESS","H6TX21319","WHEELER, MIKE","2026","H","TX","21","17","http://docquery.fec.gov/cgi-bin/fecimg/?202601319808511506","","LUSSIER, TIM F.","6027 VALPARAISO WAY","","SAN ANTONIO","TX","78249","2025-11-25","$6,000.00","GENERAL CAMPAIGN CONSULTING","","","","","SB17.1099523",""
"C00917823","WHEELER FOR CONGRESS","H6TX21319","WHEELER, MIKE","2026","H","TX","21","17","http://docquery.fec.gov/cgi-bin/fecimg/?202601319808511507","","LUSSIER, TIM F.","6027 VALPARAISO WAY","","SAN ANTONIO","TX","78249","2025-12-23","$6,000.00","GENERAL CAMPAIGN CONSULTING","","","","","SB17.1104467",""
"C00917823","WHEELER FOR CONGRESS","H6TX21319","WHEELER, MIKE","2026","H","TX","21","17","http://docquery.fec.gov/cgi-bin/fecimg/?202601319808511507","","LW GILLIS & CO","822 LEIGH MILL RD","","GREAT FALLS","VA","22066","2025-11-18","$12,628.34","FUNDRAISING CONSULTING","","","","","SB17.1094613",""
"C00917823","WHEELER FOR CONGRESS","H6TX21319","WHEELER, MIKE","2026","H","TX","21","17","http://docquery.fec.gov/cgi-bin/fecimg/?202601319808511507","","NUMINAR INC","1201 WILSON BLVD","","ARLINGTON","VA","22209","2025-12-10","$115.75","DATA SUBSCRIPTION","","","","","SB17.1104155",""
"C00917823","WHEELER FOR CONGRESS","H6TX21319","WHEELER, MIKE","2026","H","TX","21","17","http://docquery.fec.gov/cgi-bin/fecimg/?202601319808511508","","NUMINAR INC","1201 WILSON BLVD","","ARLINGTON","VA","22209","2025-12-17","$4,000.00","DATA SUBSCRIPTION","","","","","SB17.1104218",""
"C00917823","WHEELER FOR CONGRESS","H6TX21319","WHEELER, MIKE","2026","H","TX","21","17","http://docquery.fec.gov/cgi-bin/fecimg/?202601319808511508","","NUMINAR INC","1201 WILSON BLVD","","ARLINGTON","VA","22209","2025-12-17","$2,000.00","DATA SUBSCRIPTION","","","","","SB17.1104225",""
"C00917823","WHEELER FOR CONGRESS","H6TX21319","WHEELER, MIKE","2026","H","TX","21","17","http://docquery.fec.gov/cgi-bin/fecimg/?202601319808511508","","PRINT WORLEY LLC","8222 N LAMAR BLVD STE E44","","AUSTIN","TX","78753","2025-11-03","$1,884.63","COLLATERAL: SIGNS","","","","","SB17.1095045",""
"C00917823","WHEELER FOR CONGRESS","H6TX21319","WHEELER, MIKE","2026","H","TX","21","17","http://docquery.fec.gov/cgi-bin/fecimg/?202601319808511509","","PRINT WORLEY LLC","8222 N LAMAR BLVD STE E44","","AUSTIN","TX","78753","2025-11-03","$1,089.28","PRINTING EXPENSE: BUSINESS CARDS","","","","","SB17.1095047",""
"C00917823","WHEELER FOR CONGRESS","H6TX21319","WHEELER, MIKE","2026","H","TX","21","17","http://docquery.fec.gov/cgi-bin/fecimg/?202601319808511509","","PUSH DIGITAL, LLC","342 EAST BAY ST","","CHARLESTON","SC","29401","2025-12-10","$4,100.00","WEBSITE HOSTING","","","","","SB17.1103409",""
"C00917823","WHEELER FOR CONGRESS","H6TX21319","WHEELER, MIKE","2026","H","TX","21","17","http://docquery.fec.gov/cgi-bin/fecimg/?202601319808511509","","PUSH DIGITAL, LLC","342 EAST BAY ST","","CHARLESTON","SC","29401","2025-11-03","$3,386.75","GRAPHIC DESIGN SERVICES","","","","","SB17.1103410",""
"C00922922","WESTON MARTINEZ FOR CONGRESS","H6TX21426","MARTINEZ, WESTON CHARLES","2026","H","TX","21","17","http://docquery.fec.gov/cgi-bin/fecimg/?202601319808577892","","RED STATE SOLUTIONS","2303 MID LANE","#814","HOUSTON","TX","77027","2025-12-31","$2,500.00","IN-KIND: FINANCE CONSULTING","X","","","","SB17.4127",""
"C00922922","WESTON MARTINEZ FOR CONGRESS","H6TX21426","MARTINEZ, WESTON CHARLES","2026","H","TX","21","17","http://docquery.fec.gov/cgi-bin/fecimg/?202601319808577892","","REPUBLICAN PARTY OF TEXAS","PO BOX 2206","","AUSTIN","TX","78768","2025-12-31","$3,400.00","IN-KIND: REGISTRATION FEES","X","","","","SB17.4119",""
"C00922922","WESTON MARTINEZ FOR CONGRESS","H6TX21426","MARTINEZ, WESTON CHARLES","2026","H","TX","21","17","http://docquery.fec.gov/cgi-bin/fecimg/?202601319808577891","","3D SIGNS","7986 1ST ST","","SOMERSET","TX","78069","2025-12-31","$1,969.98","IN-KIND: COLLATERAL MATERIALS - SIGNAGE","X","","","","SB17.4125",""
"C00922922","WESTON MARTINEZ FOR CONGRESS","H6TX21426","MARTINEZ, WESTON CHARLES","2026","H","TX","21","17","http://docquery.fec.gov/cgi-bin/fecimg/?202601319808577891","","AGENTIC ACCOUNTING SOLUTIONS","30 N GOULD ST STE R","","SHERIDAN","WY","82801","2025-12-31","$1,500.00","IN-KIND: COMPLIANCE CONSULTING","X","","","","SB17.4117",""
"C00922922","WESTON MARTINEZ FOR CONGRESS","H6TX21426","MARTINEZ, WESTON CHARLES","2026","H","TX","21","17","http://docquery.fec.gov/cgi-bin/fecimg/?202601319808577891","","IREZ PRODUCTIONS","1239 ARIZONA ASH ST","","SAN ANTONIO","TX","78239","2025-12-31","$3,750.00","IN-KIND: MEDIA","X","","","","SB17.4121",""
"C00922922","WESTON MARTINEZ FOR CONGRESS","H6TX21426","MARTINEZ, WESTON CHARLES","2026","H","TX","21","17","http://docquery.fec.gov/cgi-bin/fecimg/?202601319808577892","","MARTINEZ, WESTON CHARLES","1390 CHAIN BRIDGE RD","STE 515","MCLEAN","VA","22101","2025-12-31","$13,119.98","IN-KIND CONTRIBUTION - SEE MEMO ITEMS","","","","","SB17.4115",""
"C00921247","CAHILL FOR CONGRESS","H6TX21350","CAHILL, JASON","2026","H","TX","21","17","http://docquery.fec.gov/cgi-bin/fecimg/?202601309795277282","","ALLEN, STEFAN","1604 GREENWOOD AVE #2","","AUSTIN","TX","78721","2025-11-04","$15,730.00","VIDEOGRAPHY AND PRODUCTION","","","","","SB17.4161",""
"C00921247","CAHILL FOR CONGRESS","H6TX21350","CAHILL, JASON","2026","H","TX","21","17","http://docquery.fec.gov/cgi-bin/fecimg/?202601309795277282","","ALLEN, STEFAN","1604 GREENWOOD AVE #2","","AUSTIN","TX","78721","2025-12-23","$6,400.00","AD PRODUCTION","","","","","SB17.4158",""
"C00921247","CAHILL FOR CONGRESS","H6TX21350","CAHILL, JASON","2026","H","TX","21","17","http://docquery.fec.gov/cgi-bin/fecimg/?202601309795277282","","ANEDOT","1340 POYDRAS ST","STE 1770","NEW ORLEANS","LA","70112","2025-12-11","$46.90","PAYMENT PROCESSING FEES","","","","","SB17.4170",""
"C00921247","CAHILL FOR CONGRESS","H6TX21350","CAHILL, JASON","2026","H","TX","21","17","http://docquery.fec.gov/cgi-bin/fecimg/?202601309795277283","","GRACE STAR MEDIA GROUP LLC","19147 KRISTEN WAY","","SAN ANTONIO","TX","78258","2025-11-17","$7,200.00","PRINT ADVERTISING","","","","","SB17.4152",""
"C00921247","CAHILL FOR CONGRESS","H6TX21350","CAHILL, JASON","2026","H","TX","21","17","http://docquery.fec.gov/cgi-bin/fecimg/?202601309795277283","","GRIFFIN COMMUNICATIONS","176 VENICE CV","","AUSTIN","TX","78737","2025-10-15","$1,939.45","STRATEGIC MANAGEMENT CONSULTING","","","","","SB17.4148",""
"C00921247","CAHILL FOR CONGRESS","H6TX21350","CAHILL, JASON","2026","H","TX","21","17","http://docquery.fec.gov/cgi-bin/fecimg/?202601309795277283","","GRIFFIN COMMUNICATIONS","176 VENICE CV","","AUSTIN","TX","78737","2025-10-30","$80,000.00","DIGITAL ADVERTISING","","","","","SB17.4160",""
"C00921247","CAHILL FOR CONGRESS","H6TX21350","CAHILL, JASON","2026","H","TX","21","17","http://docquery.fec.gov/cgi-bin/fecimg/?202601309795277284","","GRIFFIN COMMUNICATIONS","176 VENICE CV","","AUSTIN","TX","78737","2025-11-04","$24,947.82","STRATEGIC MANAGEMENT CONSULTING AND PRINTING","","","","","SB17.4162",""
"C00921247","CAHILL FOR CONGRESS","H6TX21350","CAHILL, JASON","2026","H","TX","21","17","http://docquery.fec.gov/cgi-bin/fecimg/?202601309795277284","","GRIFFIN COMMUNICATIONS","176 VENICE CV","","AUSTIN","TX","78737","2025-12-16","$17,772.36","STRATEGIC MANAGEMENT CONSULTING & TEXT MESSAGING","","","","","SB17.4157",""
"C00921247","CAHILL FOR CONGRESS","H6TX21350","CAHILL, JASON","2026","H","TX","21","17","http://docquery.fec.gov/cgi-bin/fecimg/?202601309795277284","","PAC MANAGEMENT SERVICES, LLC","10521 JUDICIAL DR","STE 200-A","FAIRFAX","VA","22030","2025-11-12","$750.00","COMPLIANCE SERVICES","","","","","SB17.4150",""
"C00921247","CAHILL FOR CONGRESS","H6TX21350","CAHILL, JASON","2026","H","TX","21","17","http://docquery.fec.gov/cgi-bin/fecimg/?202601309795277285","","PAC MANAGEMENT SERVICES, LLC","10521 JUDICIAL DR","STE 200-A","FAIRFAX","VA","22030","2025-12-02","$1,000.00","COMPLIANCE SERVICES","","","","","SB17.4154",""
"C00921247","CAHILL FOR CONGRESS","H6TX21350","CAHILL, JASON","2026","H","TX","21","17","http://docquery.fec.gov/cgi-bin/fecimg/?202601309795277285","","PERCIPIENT STRATEGIES LLC","1032 15TH ST NW","PMB 424","WASHINGTON","DC","20005","2025-12-04","$10,000.00","OPPOSITION RESEARCH","","","","","SB17.4155",""
"C00917823","WHEELER FOR CONGRESS","H6TX21319","WHEELER, MIKE","2026","H","TX","21","17","http://docquery.fec.gov/cgi-bin/fecimg/?202601319808511510","","RED CURVE SOLUTIONS","138 CONANT ST","STE 401","BEVERLY","MA","01915","2025-11-17","$89.42","DATA PROCESSING SERVICES","","","","","SB17.1095162",""
"C00917823","WHEELER FOR CONGRESS","H6TX21319","WHEELER, MIKE","2026","H","TX","21","17","http://docquery.fec.gov/cgi-bin/fecimg/?202601319808511510","","RED CURVE SOLUTIONS","138 CONANT ST","STE 401","BEVERLY","MA","01915","2025-11-24","$4,500.00","COMPLIANCE CONSULTING","","","","","SB17.1098450",""
"C00917823","WHEELER FOR CONGRESS","H6TX21319","WHEELER, MIKE","2026","H","TX","21","17","http://docquery.fec.gov/cgi-bin/fecimg/?202601319808511510","","RED CURVE SOLUTIONS","138 CONANT ST","STE 401","BEVERLY","MA","01915","2025-12-15","$1,548.69","COMPLIANCE CONSULTING","","","","","SB17.1102946",""
"C00917823","WHEELER FOR CONGRESS","H6TX21319","WHEELER, MIKE","2026","H","TX","21","17","http://docquery.fec.gov/cgi-bin/fecimg/?202601319808511511","","SMART MEDIA GROUP, LLC","PO BOX 26067","","ALEXANDRIA","VA","22313","2025-11-26","$23,965.00","MEDIA PLACEMENT","","","","","SB17.1099870",""
"C00917823","WHEELER FOR CONGRESS","H6TX21319","WHEELER, MIKE","2026","H","TX","21","17","http://docquery.fec.gov/cgi-bin/fecimg/?202601319808511511","","STRATEGIC PERCEPTION INC","1735 PEARL WAY","","OXNARD","CA","93035","2025-11-24","$12,000.00","STRATEGY CONSULTING","","","","","SB17.1098669",""
"C00917823","WHEELER FOR CONGRESS","H6TX21319","WHEELER, MIKE","2026","H","TX","21","17","http://docquery.fec.gov/cgi-bin/fecimg/?202601319808511511","","STRATEGIC PERCEPTION INC","1735 PEARL WAY","","OXNARD","CA","93035","2025-12-15","$4,000.00","STRATEGY CONSULTING","","","","","SB17.1101359",""
"C00917823","WHEELER FOR CONGRESS","H6TX21319","WHEELER, MIKE","2026","H","TX","21","17","http://docquery.fec.gov/cgi-bin/fecimg/?202601319808511512","","WHEELER, MIKE","PO BOX 1046","","BOERNE","TX","78006","2025-12-08","$3,125.00","IN-KIND: FILING FEE","","","","","SB17.1109415",""
"C00917823","WHEELER FOR CONGRESS","H6TX21319","WHEELER, MIKE","2026","H","TX","21","17","http://docquery.fec.gov/cgi-bin/fecimg/?202601319808511512","","REPUBLICAN PARTY OF TEXAS","PO BOX 2206","","AUSTIN","TX","78768","2025-12-08","$3,125.00","FILING FEE","X","","","","SB17.1109415.2","SB17.1109415"
"C00917823","WHEELER FOR CONGRESS","H6TX21319","WHEELER, MIKE","2026","H","TX","21","17","http://docquery.fec.gov/cgi-bin/fecimg/?202601319808511512","","WHEELER, MIKE","PO BOX 1046","","BOERNE","TX","78006","2025-10-01","$735.15","IN-KIND: APPAREL","","","","","SB17.1109416",""
"C00917823","WHEELER FOR CONGRESS","H6TX21319","WHEELER, MIKE","2026","H","TX","21","17","http://docquery.fec.gov/cgi-bin/fecimg/?202601319808511513","","PMA PRINT CO","8204 N LAMAR BLVD","SUITE C17","AUSTIN","TX","78753","2025-10-01","$735.15","APPAREL","X","","","","SB17.1109416.2","SB17.1109416"
"C00917823","WHEELER FOR CONGRESS","H6TX21319","WHEELER, MIKE","2026","H","TX","21","17","http://docquery.fec.gov/cgi-bin/fecimg/?202601319808511513","","WHEELER, MIKE","PO BOX 1046","","BOERNE","TX","78006","2025-11-25","$3,031.00","IN-KIND: COLLATERAL: SIGNS","","","","","SB17.1109417",""
"C00917823","WHEELER FOR CONGRESS","H6TX21319","WHEELER, MIKE","2026","H","TX","21","17","http://docquery.fec.gov/cgi-bin/fecimg/?202601319808511513","","3D SIGNS","7986 1ST ST","","SOMERSET","TX","78069","2025-11-25","$3,031.00","COLLATERAL: SIGNS","X","","","","SB17.1109417.1","SB17.1109417"
"C00917823","WHEELER FOR CONGRESS","H6TX21319","WHEELER, MIKE","2026","H","TX","21","17","http://docquery.fec.gov/cgi-bin/fecimg/?202601319808511514","","WINRED TECHNICAL SERVICES LLC","1776 WILSON BLVD","SUITE 530","ARLINGTON","VA","22219","2025-10-01","$341.88","MERCHANT FEES","","","","","SB17.1088262",""
"C00917823","WHEELER FOR CONGRESS","H6TX21319","WHEELER, MIKE","2026","H","TX","21","17","http://docquery.fec.gov/cgi-bin/fecimg/?202601319808511514","","WINRED TECHNICAL SERVICES LLC","1776 WILSON BLVD","SUITE 530","ARLINGTON","VA","22219","2025-10-02","$158.75","MERCHANT FEES","","","","","SB17.1088263",""
"C00917823","WHEELER FOR CONGRESS","H6TX21319","WHEELER, MIKE","2026","H","TX","21","17","http://docquery.fec.gov/cgi-bin/fecimg/?202601319808511514","","WINRED TECHNICAL SERVICES LLC","1776 WILSON BLVD","SUITE 530","ARLINGTON","VA","22219","2025-10-03","$55.34","MERCHANT FEES","","","","","SB17.1088593",""
"C00917823","WHEELER FOR CONGRESS","H6TX21319","WHEELER, MIKE","2026","H","TX","21","17","http://docquery.fec.gov/cgi-bin/fecimg/?202601319808511515","","WINRED TECHNICAL SERVICES LLC","1776 WILSON BLVD","SUITE 530","ARLINGTON","VA","22219","2025-10-07","$4.10","MERCHANT FEES","","","","","SB17.1090276",""
"C00917823","WHEELER FOR CONGRESS","H6TX21319","WHEELER, MIKE","2026","H","TX","21","17","http://docquery.fec.gov/cgi-bin/fecimg/?202601319808511515","","WINRED TECHNICAL SERVICES LLC","1776 WILSON BLVD","SUITE 530","ARLINGTON","VA","22219","2025-10-08","$112.79","MERCHANT FEES","","","","","SB17.1090306",""
"C00917823","WHEELER FOR CONGRESS","H6TX21319","WHEELER, MIKE","2026","H","TX","21","17","http://docquery.fec.gov/cgi-bin/fecimg/?202601319808511515","","WINRED TECHNICAL SERVICES LLC","1776 WILSON BLVD","SUITE 530","ARLINGTON","VA","22219","2025-10-09","$7.88","MERCHANT FEES","","","","","SB17.1090312",""
"C00917823","WHEELER FOR CONGRESS","H6TX21319","WHEELER, MIKE","2026","H","TX","21","17","http://docquery.fec.gov/cgi-bin/fecimg/?202601319808511516","","WINRED TECHNICAL SERVICES LLC","1776 WILSON BLVD","SUITE 530","ARLINGTON","VA","22219","2025-10-16","$49.59","MERCHANT FEES","","","","","SB17.1091568",""
"C00917823","WHEELER FOR CONGRESS","H6TX21319","WHEELER, MIKE","2026","H","TX","21","17","http://docquery.fec.gov/cgi-bin/fecimg/?202601319808511516","","WINRED TECHNICAL SERVICES LLC","1776 WILSON BLVD","SUITE 530","ARLINGTON","VA","22219","2025-10-21","$4.10","MERCHANT FEES","","","","","SB17.1091813",""
"C00917823","WHEELER FOR CONGRESS","H6TX21319","WHEELER, MIKE","2026","H","TX","21","17","http://docquery.fec.gov/cgi-bin/fecimg/?202601319808511516","","WINRED TECHNICAL SERVICES LLC","1776 WILSON BLVD","SUITE 530","ARLINGTON","VA","22219","2025-10-24","$4.10","MERCHANT FEES","","","","","SB17.1092542",""
"C00917823","WHEELER FOR CONGRESS","H6TX21319","WHEELER, MIKE","2026","H","TX","21","17","http://docquery.fec.gov/cgi-bin/fecimg/?202601319808511517","","WINRED TECHNICAL SERVICES LLC","1776 WILSON BLVD","SUITE 530","ARLINGTON","VA","22219","2025-11-05","$4.10","MERCHANT FEES","","","","","SB17.1096537",""
"C00917823","WHEELER FOR CONGRESS","H6TX21319","WHEELER, MIKE","2026","H","TX","21","17","http://docquery.fec.gov/cgi-bin/fecimg/?202601319808511517","","WINRED TECHNICAL SERVICES LLC","1776 WILSON BLVD","SUITE 530","ARLINGTON","VA","22219","2025-11-06","$6.07","MERCHANT FEES","","","","","SB17.1096585",""
"C00917823","WHEELER FOR CONGRESS","H6TX21319","WHEELER, MIKE","2026","H","TX","21","17","http://docquery.fec.gov/cgi-bin/fecimg/?202601319808511517","","WINRED TECHNICAL SERVICES LLC","1776 WILSON BLVD","SUITE 530","ARLINGTON","VA","22219","2025-11-07","$10.25","MERCHANT FEES","","","","","SB17.1096611",""
"C00917823","WHEELER FOR CONGRESS","H6TX21319","WHEELER, MIKE","2026","H","TX","21","17","http://docquery.fec.gov/cgi-bin/fecimg/?202601319808511518","","WINRED TECHNICAL SERVICES LLC","1776 WILSON BLVD","SUITE 530","ARLINGTON","VA","22219","2025-11-25","$82.04","MERCHANT FEES","","","","","SB17.1100215",""
"C00917823","WHEELER FOR CONGRESS","H6TX21319","WHEELER, MIKE","2026","H","TX","21","17","http://docquery.fec.gov/cgi-bin/fecimg/?202601319808511518","","WINRED TECHNICAL SERVICES LLC","1776 WILSON BLVD","SUITE 530","ARLINGTON","VA","22219","2025-12-02","$8.20","MERCHANT FEES","","","","","SB17.1101152",""
"C00917823","WHEELER FOR CONGRESS","H6TX21319","WHEELER, MIKE","2026","H","TX","21","17","http://docquery.fec.gov/cgi-bin/fecimg/?202601319808511518","","WINRED TECHNICAL SERVICES LLC","1776 WILSON BLVD","SUITE 530","ARLINGTON","VA","22219","2025-12-03","$1.03","MERCHANT FEES","","","","","SB17.1102616",""
"C00917823","WHEELER FOR CONGRESS","H6TX21319","WHEELER, MIKE","2026","H","TX","21","17","http://docquery.fec.gov/cgi-bin/fecimg/?202601319808511519","","WINRED TECHNICAL SERVICES LLC","1776 WILSON BLVD","SUITE 530","ARLINGTON","VA","22219","2025-12-10","$31.84","MERCHANT FEES","","","","","SB17.1104802",""
"C00917823","WHEELER FOR CONGRESS","H6TX21319","WHEELER, MIKE","2026","H","TX","21","17","http://docquery.fec.gov/cgi-bin/fecimg/?202601319808511519","","WINRED TECHNICAL SERVICES LLC","1776 WILSON BLVD","SUITE 530","ARLINGTON","VA","22219","2025-12-12","$1.03","MERCHANT FEES","","","","","SB17.1104804",""
"C00917823","WHEELER FOR CONGRESS","H6TX21319","WHEELER, MIKE","2026","H","TX","21","17","http://docquery.fec.gov/cgi-bin/fecimg/?202601319808511519","","WINRED TECHNICAL SERVICES LLC","1776 WILSON BLVD","SUITE 530","ARLINGTON","VA","22219","2025-12-16","$336.00","MERCHANT FEES","","","","","SB17.1104805",""
"C00917823","WHEELER FOR CONGRESS","H6TX21319","WHEELER, MIKE","2026","H","TX","21","17","http://docquery.fec.gov/cgi-bin/fecimg/?202601319808511520","","WINRED TECHNICAL SERVICES LLC","1776 WILSON BLVD","SUITE 530","ARLINGTON","VA","22219","2025-12-18","$41.02","MERCHANT FEES","","","","","SB17.1104806",""
"C00917823","WHEELER FOR CONGRESS","H6TX21319","WHEELER, MIKE","2026","H","TX","21","17","http://docquery.fec.gov/cgi-bin/fecimg/?202601319808511520","","WINRED TECHNICAL SERVICES LLC","1776 WILSON BLVD","SUITE 530","ARLINGTON","VA","22219","2025-12-19","$10.25","MERCHANT FEES","","","","","SB17.1105260",""
"C00917823","WHEELER FOR CONGRESS","H6TX21319","WHEELER, MIKE","2026","H","TX","21","17","http://docquery.fec.gov/cgi-bin/fecimg/?202601319808511520","","WINRED TECHNICAL SERVICES LLC","1776 WILSON BLVD","SUITE 530","ARLINGTON","VA","22219","2025-12-22","$20.51","MERCHANT FEES","","","","","SB17.1105539",""
"C00917823","WHEELER FOR CONGRESS","H6TX21319","WHEELER, MIKE","2026","H","TX","21","17","http://docquery.fec.gov/cgi-bin/fecimg/?202601319808511521","","WINRED TECHNICAL SERVICES LLC","1776 WILSON BLVD","SUITE 530","ARLINGTON","VA","22219","2025-12-31","$43.93","MERCHANT FEES","","","","","SB17.1107237",""
"C00917823","WHEELER FOR CONGRESS","H6TX21319","WHEELER, MIKE","2026","H","TX","21","17","http://docquery.fec.gov/cgi-bin/fecimg/?202601319808511502","","3D SIGNS","7986 1ST ST","","SOMERSET","TX","78069","2025-11-30","$2,165.00","COLLATERAL: SIGNS","","","","","SB17.1101812",""
"C00917823","WHEELER FOR CONGRESS","H6TX21319","WHEELER, MIKE","2026","H","TX","21","17","http://docquery.fec.gov/cgi-bin/fecimg/?202601319808511502","","CHAIN BRIDGE BANK","1445-A LAUGHLIN AVENUE","","MCLEAN","VA","22101","2025-10-06","$25.00","BANK FEE","","","","","SB17.1090827",""
"C00917823","WHEELER FOR CONGRESS","H6TX21319","WHEELER, MIKE","2026","H","TX","21","17","http://docquery.fec.gov/cgi-bin/fecimg/?202601319808511502","","CHAIN BRIDGE BANK","1445-A LAUGHLIN AVENUE","","MCLEAN","VA","22101","2025-10-09","$25.00","BANK FEE","","","","","SB17.1090829",""
"C00917294","BETTS FOR TEXAS","H6TX21285","BETTS, DANIEL","2026","H","TX","21","17","http://docquery.fec.gov/cgi-bin/fecimg/?202601299794393422","","PRICELINE","800 CONNECTICUT AVENUE","","NORWALK","CT","06854","2025-12-01","$209.97","AIR TRAVEL","","","","","SB17.4390",""
"C00917294","BETTS FOR TEXAS","H6TX21285","BETTS, DANIEL","2026","H","TX","21","17","http://docquery.fec.gov/cgi-bin/fecimg/?202601299794393422","","ROBINSON FAMILY DEVELOPMENT","9205 EAGLE DR","","MONT BELVIEU","TX","77523","2025-10-20","$10,000.00","FUNDRAISING CONSULTING","","","","","SB17.4354",""
"C00917294","BETTS FOR TEXAS","H6TX21285","BETTS, DANIEL","2026","H","TX","21","17","http://docquery.fec.gov/cgi-bin/fecimg/?202601299794393422","","ROBINSON FAMILY DEVELOPMENT","9205 EAGLE DR","","MONT BELVIEU","TX","77523","2025-11-21","$10,000.00","FUNDRAISING CONSULTING","","","","","SB17.4355",""
"C00917294","BETTS FOR TEXAS","H6TX21285","BETTS, DANIEL","2026","H","TX","21","17","http://docquery.fec.gov/cgi-bin/fecimg/?202601299794393423","","SALIGRAM & ASSOC.","4020 AMYINGTON DR","","CHARLOTTE","NC","28226","2025-11-04","$5,887.50","FUNDRAISING COMMISSION","","","","","SB17.4383",""
"C00917294","BETTS FOR TEXAS","H6TX21285","BETTS, DANIEL","2026","H","TX","21","17","http://docquery.fec.gov/cgi-bin/fecimg/?202601299794393423","","SOUTHWEST AIRLINES","2702 LOVE FIELD DRIVE","","DALLAS","TX","75235","2025-12-01","$350.49","AIR TRAVEL","","","","","SB17.4371",""
"C00917294","BETTS FOR TEXAS","H6TX21285","BETTS, DANIEL","2026","H","TX","21","17","http://docquery.fec.gov/cgi-bin/fecimg/?202601299794393423","","SOUTHWEST AIRLINES","2702 LOVE FIELD DRIVE","","DALLAS","TX","75235","2025-12-01","$350.49","AIR TRAVEL","","","","","SB17.4372",""
"C00917294","BETTS FOR TEXAS","H6TX21285","BETTS, DANIEL","2026","H","TX","21","17","http://docquery.fec.gov/cgi-bin/fecimg/?202601299794393424","","SOUTHWEST AIRLINES","2702 LOVE FIELD DRIVE","","DALLAS","TX","75235","2025-12-01","$11.22","AIR TRAVEL","","","","","SB17.4373",""
"C00917294","BETTS FOR TEXAS","H6TX21285","BETTS, DANIEL","2026","H","TX","21","17","http://docquery.fec.gov/cgi-bin/fecimg/?202601299794393424","","VICTORY INSIGHTS","5237 SUMMERLIN COMMONS BLVD","","FORT MYERS","FL","33907","2025-10-14","$300.00","DATA PURCHASE","","","","","SB17.4377",""
"C00917294","BETTS FOR TEXAS","H6TX21285","BETTS, DANIEL","2026","H","TX","21","17","http://docquery.fec.gov/cgi-bin/fecimg/?202601299794393424","","VICTORY INSIGHTS","5237 SUMMERLIN COMMONS BLVD","","FORT MYERS","FL","33907","2025-11-12","$300.00","DATA PURCHASE","","","","","SB17.4378",""
"C00917294","BETTS FOR TEXAS","H6TX21285","BETTS, DANIEL","2026","H","TX","21","17","http://docquery.fec.gov/cgi-bin/fecimg/?202601299794393425","","VICTORY INSIGHTS","5237 SUMMERLIN COMMONS BLVD","","FORT MYERS","FL","33907","2025-12-08","$300.00","DATA PURCHASE","","","","","SB17.4379",""
"C00917294","BETTS FOR TEXAS","H6TX21285","BETTS, DANIEL","2026","H","TX","21","17","http://docquery.fec.gov/cgi-bin/fecimg/?202601299794393425","","VICTORY INSIGHTS","5237 SUMMERLIN COMMONS BLVD","","FORT MYERS","FL","33907","2025-12-12","$300.00","DATA PURCHASE","","","","","SB17.4380",""
"C00917294","BETTS FOR TEXAS","H6TX21285","BETTS, DANIEL","2026","H","TX","21","17","http://docquery.fec.gov/cgi-bin/fecimg/?202601299794393425","","WINRED","4250 FAIRFAX DR","","ARLINGTON","VA","22203","2025-12-08","$537.48","CONDUIT FEES","","","","","SB17.4384",""
"C00917294","BETTS FOR TEXAS","H6TX21285","BETTS, DANIEL","2026","H","TX","21","17","http://docquery.fec.gov/cgi-bin/fecimg/?202601299794393363","","DELTA","1030 DELTA BLVD","","ATLANTA","GA","30354","2025-09-30","$296.37","AIR TRAVEL","","","","","SB17.4103",""
"C00917294","BETTS FOR TEXAS","H6TX21285","BETTS, DANIEL","2026","H","TX","21","17","http://docquery.fec.gov/cgi-bin/fecimg/?202601299794393363","","GOOGLE","1600 AMPHITHEATRE PARKWAY","","MOUNTAIN VIEW","CA","94043","2025-09-08","$530.42","SOCIAL MEDIA","","","","","SB17.4107",""
"C00917294","BETTS FOR TEXAS","H6TX21285","BETTS, DANIEL","2026","H","TX","21","17","http://docquery.fec.gov/cgi-bin/fecimg/?202601299794393364","","NEEL & PARTNERS","8601 ICE HOUSE DRIVE","","NORTH RICHLAND","TX","76180","2025-09-08","$2,750.00","GENERAL CONSULTING","","","","","SB17.4120",""
"C00917294","BETTS FOR TEXAS","H6TX21285","BETTS, DANIEL","2026","H","TX","21","17","http://docquery.fec.gov/cgi-bin/fecimg/?202601299794393364","","SALIGRAM & ASSOC.","4020 AMYINGTON DR","","CHARLOTTE","NC","28226","2025-09-19","$1,500.00","FUNDRAISING CONSULTING","","","","","SB17.4111",""
"C00917294","BETTS FOR TEXAS","H6TX21285","BETTS, DANIEL","2026","H","TX","21","17","http://docquery.fec.gov/cgi-bin/fecimg/?202601299794393364","","VICTORY INSIGHTS","5237 SUMMERLIN COMMONS BLVD","","FORT MYERS","FL","33907","2025-09-15","$300.00","SOCIAL MEDIA","","","","","SB17.4118",""
"C00917294","BETTS FOR TEXAS","H6TX21285","BETTS, DANIEL","2026","H","TX","21","17","http://docquery.fec.gov/cgi-bin/fecimg/?202601299794393365","","WINRED","4250 FAIRFAX DR","","ARLINGTON","VA","22203","2025-09-30","$993.06","BANK FEES","","","","","SB17.4116",""
"C00917294","BETTS FOR TEXAS","H6TX21285","BETTS, DANIEL","2026","H","TX","21","17","http://docquery.fec.gov/cgi-bin/fecimg/?202601299794393415","","DELANOYNE STRATEGIES","1415 SOUTH VOSS #110-329","","HOUSTON","TX","77057","2025-10-28","$500.00","DIGITAL PRODUCTION","","","","","SB17.4357",""
"C00917294","BETTS FOR TEXAS","H6TX21285","BETTS, DANIEL","2026","H","TX","21","17","http://docquery.fec.gov/cgi-bin/fecimg/?202601299794393415","","DELANOYNE STRATEGIES","1415 SOUTH VOSS #110-329","","HOUSTON","TX","77057","2025-11-06","$150.00","DIGITAL PRODUCTION","","","","","SB17.4358",""
"C00917294","BETTS FOR TEXAS","H6TX21285","BETTS, DANIEL","2026","H","TX","21","17","http://docquery.fec.gov/cgi-bin/fecimg/?202601299794393415","","DELANOYNE STRATEGIES","1415 SOUTH VOSS #110-329","","HOUSTON","TX","77057","2025-11-12","$150.00","DIGITAL PRODUCTION","","","","","SB17.4359",""
"C00917294","BETTS FOR TEXAS","H6TX21285","BETTS, DANIEL","2026","H","TX","21","17","http://docquery.fec.gov/cgi-bin/fecimg/?202601299794393416","","DELANOYNE STRATEGIES","1415 SOUTH VOSS #110-329","","HOUSTON","TX","77057","2025-11-14","$370.00","DIGITAL PRODUCTION","","","","","SB17.4360",""
"C00917294","BETTS FOR TEXAS","H6TX21285","BETTS, DANIEL","2026","H","TX","21","17","http://docquery.fec.gov/cgi-bin/fecimg/?202601299794393416","","DELANOYNE STRATEGIES","1415 SOUTH VOSS #110-329","","HOUSTON","TX","77057","2025-11-19","$150.00","DIGITAL PRODUCTION","","","","","SB17.4361",""
"C00917294","BETTS FOR TEXAS","H6TX21285","BETTS, DANIEL","2026","H","TX","21","17","http://docquery.fec.gov/cgi-bin/fecimg/?202601299794393416","","DELANOYNE STRATEGIES","1415 SOUTH VOSS #110-329","","HOUSTON","TX","77057","2025-12-02","$170.00","DIGITAL PRODUCTION","","","","","SB17.4362",""
"C00917294","BETTS FOR TEXAS","H6TX21285","BETTS, DANIEL","2026","H","TX","21","17","http://docquery.fec.gov/cgi-bin/fecimg/?202601299794393417","","DELANOYNE STRATEGIES","1415 SOUTH VOSS #110-329","","HOUSTON","TX","77057","2025-12-08","$370.00","DIGITAL PRODUCTION","","","","","SB17.4363",""
"C00917294","BETTS FOR TEXAS","H6TX21285","BETTS, DANIEL","2026","H","TX","21","17","http://docquery.fec.gov/cgi-bin/fecimg/?202601299794393417","","DELANOYNE STRATEGIES","1415 SOUTH VOSS #110-329","","HOUSTON","TX","77057","2025-12-17","$460.00","DIGITAL PRODUCTION","","","","","SB17.4364",""
"C00917294","BETTS FOR TEXAS","H6TX21285","BETTS, DANIEL","2026","H","TX","21","17","http://docquery.fec.gov/cgi-bin/fecimg/?202601299794393417","","DELTA","1030 DELTA BLVD","","ATLANTA","GA","30354","2025-12-01","$4.79","AIR TRAVEL","","","","","SB17.4381",""
"C00917294","BETTS FOR TEXAS","H6TX21285","BETTS, DANIEL","2026","H","TX","21","17","http://docquery.fec.gov/cgi-bin/fecimg/?202601299794393418","","DELTA","1030 DELTA BLVD","","ATLANTA","GA","30354","2025-12-01","$168.18","AIR TRAVEL","","","","","SB17.4382",""
"C00917294","BETTS FOR TEXAS","H6TX21285","BETTS, DANIEL","2026","H","TX","21","17","http://docquery.fec.gov/cgi-bin/fecimg/?202601299794393418","","GARRISON MANAGMENT","1001 CONGRESS AVE","","AUSTIN","TX","78701","2025-10-07","$1,000.00","GENERAL CONSULTING","","","","","SB17.4344",""
"C00917294","BETTS FOR TEXAS","H6TX21285","BETTS, DANIEL","2026","H","TX","21","17","http://docquery.fec.gov/cgi-bin/fecimg/?202601299794393418","","GOOGLE","1600 AMPHITHEATRE PARKWAY","","MOUNTAIN VIEW","CA","94043","2025-12-03","$31.97","SOCIAL MEDIA","","","","","SB17.4334",""
"C00917294","BETTS FOR TEXAS","H6TX21285","BETTS, DANIEL","2026","H","TX","21","17","http://docquery.fec.gov/cgi-bin/fecimg/?202601299794393419","","GOP COMPLIANCE","1012 S. CREEK VIEW CT","","CHURCH","MD","20773","2025-10-01","$1,000.00","COMPLIANCE CONSULTING","","","","","SB17.4386",""
"C00917294","BETTS FOR TEXAS","H6TX21285","BETTS, DANIEL","2026","H","TX","21","17","http://docquery.fec.gov/cgi-bin/fecimg/?202601299794393419","","LEGISLATIVE SOLUTIONS","1501 N. CONGRESS AVE.","","AUSTIN","TX","78701","2025-12-17","$325.00","VOTER DATA PURCHASE","","","","","SB17.4346",""
"C00917294","BETTS FOR TEXAS","H6TX21285","BETTS, DANIEL","2026","H","TX","21","17","http://docquery.fec.gov/cgi-bin/fecimg/?202601299794393419","","LEGISLATIVE SOLUTIONS","1501 N. CONGRESS AVE.","","AUSTIN","TX","78701","2025-12-23","$325.00","VOTER DATA PURCHASE","","","","","SB17.4347",""
"C00917294","BETTS FOR TEXAS","H6TX21285","BETTS, DANIEL","2026","H","TX","21","17","http://docquery.fec.gov/cgi-bin/fecimg/?202601299794393420","","MACKENZIE KELLY","8800 HAZELHURST DRIVE","","AUSINT","TX","78729","2025-12-23","$1,500.00","FUNDRAISING COMMISSION","","","","","SB17.4338",""
"C00917294","BETTS FOR TEXAS","H6TX21285","BETTS, DANIEL","2026","H","TX","21","17","http://docquery.fec.gov/cgi-bin/fecimg/?202601299794393420","","NEEL & PARTNERS","8601 ICE HOUSE DRIVE","","NORTH RICHLAND","TX","76180","2025-10-03","$3,000.00","GENERAL CONSULTING","","","","","SB17.4365",""
"C00917294","BETTS FOR TEXAS","H6TX21285","BETTS, DANIEL","2026","H","TX","21","17","http://docquery.fec.gov/cgi-bin/fecimg/?202601299794393420","","NEEL & PARTNERS","8601 ICE HOUSE DRIVE","","NORTH RICHLAND","TX","76180","2025-11-07","$3,000.00","GENERAL CONSULTING","","","","","SB17.4366",""
"C00917294","BETTS FOR TEXAS","H6TX21285","BETTS, DANIEL","2026","H","TX","21","17","http://docquery.fec.gov/cgi-bin/fecimg/?202601299794393421","","NEEL & PARTNERS","8601 ICE HOUSE DRIVE","","NORTH RICHLAND","TX","76180","2025-12-03","$8,049.75","TEXTING","","","","","SB17.4367",""
"C00917294","BETTS FOR TEXAS","H6TX21285","BETTS, DANIEL","2026","H","TX","21","17","http://docquery.fec.gov/cgi-bin/fecimg/?202601299794393421","","NEEL & PARTNERS","8601 ICE HOUSE DRIVE","","NORTH RICHLAND","TX","76180","2025-12-04","$3,000.00","GENERAL CONSULTING","","","","","SB17.4368",""
"C00917294","BETTS FOR TEXAS","H6TX21285","BETTS, DANIEL","2026","H","TX","21","17","http://docquery.fec.gov/cgi-bin/fecimg/?202601299794393421","","NEEL & PARTNERS","8601 ICE HOUSE DRIVE","","NORTH RICHLAND","TX","76180","2025-12-08","$1,000.00","DIGITAL PRODUCTION","","","","","SB17.4369",""
"C00908921","GARY TAYLOR FOR CONGRESS","H6TX21251","TAYLOR, GARY FRANK","2026","H","TX","21","17","http://docquery.fec.gov/cgi-bin/fecimg/?202604069856987811","","GUNN, EMILY","","","AUSTIN","","","2026-02-24","$100.00","WEBSITE","","","","","SB17.4163",""
"C00908921","GARY TAYLOR FOR CONGRESS","H6TX21251","TAYLOR, GARY FRANK","2026","H","TX","21","17","http://docquery.fec.gov/cgi-bin/fecimg/?202604069856987811","","SIR SPEEDY","3818 FAR WEST","","AUSTIN","TX","78731","2026-02-23","$907.68","SIGNS","","","","","SB17.4160",""
"C00908921","GARY TAYLOR FOR CONGRESS","H6TX21251","TAYLOR, GARY FRANK","2026","H","TX","21","20A","http://docquery.fec.gov/cgi-bin/fecimg/?202604069856987812","","BAUDOUIN, VONCIEL","17 MCPETERS RD","","LEICESTER","NC","28748","2026-04-03","-$745.94","REFUND","","","","","SB20A.4176",""
"C00908921","GARY TAYLOR FOR CONGRESS","H6TX21251","TAYLOR, GARY FRANK","2026","H","TX","21","20A","http://docquery.fec.gov/cgi-bin/fecimg/?202604069856987812","","BROWN, ROLAND","180 JOE WIMBERLEY BLV","","WIMBERLEY","TX","78676","2026-04-03","-$745.94","REFUND","","","","","SB20A.4174",""
"C00908921","GARY TAYLOR FOR CONGRESS","H6TX21251","TAYLOR, GARY FRANK","2026","H","TX","21","20A","http://docquery.fec.gov/cgi-bin/fecimg/?202604069856987812","","BUCHANAN, PATIENCE","616 CANYON RIM DR","","DRIPPING SPRINGS","TX","78620","2026-04-03","-$745.94","REFUND","","","","","SB20A.4177",""
"C00908921","GARY TAYLOR FOR CONGRESS","H6TX21251","TAYLOR, GARY FRANK","2026","H","TX","21","20A","http://docquery.fec.gov/cgi-bin/fecimg/?202604069856987813","","MCROBERTS, HUNT","7304 CROWNRICH LN","","DALLAS","TX","75214","2026-04-03","-$745.94","REFUND","","","","","SB20A.4172",""
"C00917294","BETTS FOR TEXAS","H6TX21285","BETTS, DANIEL","2026","H","TX","21","17","http://docquery.fec.gov/cgi-bin/fecimg/?202601299794393363","","AMAZON","410 TERRY AVE N","","SEATTLE","WA","98109","2025-09-08","$295.52","OFFICE SUPPLIES","","","","","SB17.4113",""
"C00922682","ROJAS4TEXAS","H6TX21384","ROJAS, PAUL","2026","H","TX","21","17","http://docquery.fec.gov/cgi-bin/fecimg/?202602019825891517","","GO DADDY","100 S. MILL AVE","SUITE 1600","TEMPE","AZ","85281","2025-10-15","$1,500.00","WEBSITE AND EMAIL","","","004","Advertising Expenses ","SB17.4168",""
"C00922682","ROJAS4TEXAS","H6TX21384","ROJAS, PAUL","2026","H","TX","21","17","http://docquery.fec.gov/cgi-bin/fecimg/?202602019825891517","","PRESTIGE PRINTING, LLC","8 BURWOOD LN","","SAN ANTONIO","TX","78216","2025-12-15","$2,164.50","SIGNS","","","004","Advertising Expenses ","SB17.4170",""
"C00922682","ROJAS4TEXAS","H6TX21384","ROJAS, PAUL","2026","H","TX","21","17","http://docquery.fec.gov/cgi-bin/fecimg/?202602019825891517","","TWILIO INC.","101 SPEAR STREET","FIFTH FLOOR","SAN FRANCISCO","CA","94105","2025-10-15","$2,500.00","SMS TEXTING","","","004","Advertising Expenses ","SB17.4164",""
"C00922682","ROJAS4TEXAS","H6TX21384","ROJAS, PAUL","2026","H","TX","21","17","http://docquery.fec.gov/cgi-bin/fecimg/?202602019825891518","","TWILIO INC.","101 SPEAR STREET","FIFTH FLOOR","SAN FRANCISCO","CA","94105","2025-12-15","$2,000.00","SMS TEXTING","","","004","Advertising Expenses ","SB17.4166",""
"C00855742","DR. KRISTIN HOOK FOR CONGRESS","H4TX21108","HOOK, KRISTIN A DR.","2026","H","TX","21","17","http://docquery.fec.gov/cgi-bin/fecimg/?202507159763427419","","BEE COMPLIANCE LLC","611 PENNSYLVANIA AVE SE","#192","WASHINGTON","DC","20003","2025-06-05","$1,000.00","COMPLIANCE CONSULTING","","","","","SB17.4143",""
"C00855742","DR. KRISTIN HOOK FOR CONGRESS","H4TX21108","HOOK, KRISTIN A DR.","2026","H","TX","21","17","http://docquery.fec.gov/cgi-bin/fecimg/?202507159763427419","","GUSTO","525 20TH STREET","","SAN FRANCISCO","CA","94107","2025-04-02","$265.44","PAYROLL PROCESSING FEE","","","","","SB17.4135",""
"C00855742","DR. KRISTIN HOOK FOR CONGRESS","H4TX21108","HOOK, KRISTIN A DR.","2026","H","TX","21","17","http://docquery.fec.gov/cgi-bin/fecimg/?202507159763427419","","LA FONDA ON MAIN","2415 N MAIN AVE","","SAN ANTONIO","TX","78212","2025-06-23","$127.92","MEALS","","","","","SB17.4155",""
"C00855742","DR. KRISTIN HOOK FOR CONGRESS","H4TX21108","HOOK, KRISTIN A DR.","2026","H","TX","21","17","http://docquery.fec.gov/cgi-bin/fecimg/?202507159763427420","","WIX.COM, INC.","500 TERRY A FRANCOIS BLVD","FL 6","SAN FRANCISCO","CA","94158","2025-04-04","$9.09","WEB HOSTING","","","","","SB17.4136",""
"C00855742","DR. KRISTIN HOOK FOR CONGRESS","H4TX21108","HOOK, KRISTIN A DR.","2026","H","TX","21","17","http://docquery.fec.gov/cgi-bin/fecimg/?202507159763427420","","WIX.COM, INC.","500 TERRY A FRANCOIS BLVD","FL 6","SAN FRANCISCO","CA","94158","2025-05-05","$9.09","WEB HOSTING","","","","","SB17.4140",""
"C00855742","DR. KRISTIN HOOK FOR CONGRESS","H4TX21108","HOOK, KRISTIN A DR.","2026","H","TX","21","17","http://docquery.fec.gov/cgi-bin/fecimg/?202507159763427420","","WIX.COM, INC.","500 TERRY A FRANCOIS BLVD","FL 6","SAN FRANCISCO","CA","94158","2025-06-04","$9.09","WEB HOSTING","","","","","SB17.4144",""
"C00855742","DR. KRISTIN HOOK FOR CONGRESS","H4TX21108","HOOK, KRISTIN A DR.","2026","H","TX","21","21","http://docquery.fec.gov/cgi-bin/fecimg/?202507159763427421","","BEXAR COUNTY DEMOCRATIC PARTY","1844 FREDERICKSBURG RD","","SAN ANTONIO","TX","78201","2025-06-30","$325.00","POLITICAL CONTRIBUTION","","","","","SB21.4157",""
"C00855742","DR. KRISTIN HOOK FOR CONGRESS","H4TX21108","HOOK, KRISTIN A DR.","2026","H","TX","21","21","http://docquery.fec.gov/cgi-bin/fecimg/?202507159763427421","","CHRYSALISQ","8601 S 1ST ST","","AUSTIN","TX","78748","2025-05-06","$255.93","CHARITABLE CONTRIBUTIONS","","","","","SB21.4152",""
"C00855742","DR. KRISTIN HOOK FOR CONGRESS","H4TX21108","HOOK, KRISTIN A DR.","2026","H","TX","21","21","http://docquery.fec.gov/cgi-bin/fecimg/?202507159763427421","","UNIVERSITY OF TEXAS LAW SCHOOL FOUNDATION","727 EAST DEAN KEETON ST.","","AUSTIN","TX","78705","2025-04-16","$515.24","CHARITABLE CONTRIBUTION","","","","","SB21.4139",""
"C00855742","DR. KRISTIN HOOK FOR CONGRESS","H4TX21108","HOOK, KRISTIN A DR.","2026","H","TX","21","17","http://docquery.fec.gov/cgi-bin/fecimg/?202504159756048153","","ALAMO CAFE","14250 SAN PEDRO AVE","","SAN ANTONIO","TX","78232","2025-01-13","$224.10","CATERING","","","","","SB17.4112",""
"C00855742","DR. KRISTIN HOOK FOR CONGRESS","H4TX21108","HOOK, KRISTIN A DR.","2026","H","TX","21","17","http://docquery.fec.gov/cgi-bin/fecimg/?202504159756048153","","GUSTO","525 20TH STREET","","SAN FRANCISCO","CA","94107","2025-01-03","$74.62","PAYROLL PROCESSING FEE","","","","","SB17.4108",""
"C00855742","DR. KRISTIN HOOK FOR CONGRESS","H4TX21108","HOOK, KRISTIN A DR.","2026","H","TX","21","17","http://docquery.fec.gov/cgi-bin/fecimg/?202504159756048153","","GUSTO","525 20TH STREET","","SAN FRANCISCO","CA","94107","2025-02-04","$42.64","PAYROLL PROCESSING FEE","","","","","SB17.4116",""
"C00855742","DR. KRISTIN HOOK FOR CONGRESS","H4TX21108","HOOK, KRISTIN A DR.","2026","H","TX","21","17","http://docquery.fec.gov/cgi-bin/fecimg/?202504159756048154","","GUSTO","525 20TH STREET","","SAN FRANCISCO","CA","94107","2025-03-04","$42.64","PAYROLL PROCESSING FEE","","","","","SB17.4119",""
"C00855742","DR. KRISTIN HOOK FOR CONGRESS","H4TX21108","HOOK, KRISTIN A DR.","2026","H","TX","21","17","http://docquery.fec.gov/cgi-bin/fecimg/?202504159756048154","","NGP VAN, INC.","655 15TH ST NW STE 650","","WASHINGRTON","DC","20005","2025-01-13","$2,574.42","SOFTRWARE","","","","","SB17.4113",""
"C00855742","DR. KRISTIN HOOK FOR CONGRESS","H4TX21108","HOOK, KRISTIN A DR.","2026","H","TX","21","17","http://docquery.fec.gov/cgi-bin/fecimg/?202504159756048154","","NGP VAN, INC.","655 15TH ST NW STE 650","","WASHINGRTON","DC","20005","2025-01-28","$319.80","SOFTWARE","","","","","SB17.4115",""
"C00855742","DR. KRISTIN HOOK FOR CONGRESS","H4TX21108","HOOK, KRISTIN A DR.","2026","H","TX","21","17","http://docquery.fec.gov/cgi-bin/fecimg/?202504159756048155","","SHELL OIL","5403 S INTERSTATE 35","","SAN MARCOS","TX","78216","2025-01-09","$34.01","AUTO TRAVEL","","","","","SB17.4111",""
"C00855742","DR. KRISTIN HOOK FOR CONGRESS","H4TX21108","HOOK, KRISTIN A DR.","2026","H","TX","21","17","http://docquery.fec.gov/cgi-bin/fecimg/?202504159756048155","","WIX.COM, INC.","500 TERRY A FRANCOIS BLVD","FL 6","SAN FRANCISCO","CA","94158","2025-01-06","$44.59","WEB HOSTING","","","","","SB17.4110",""
"C00855742","DR. KRISTIN HOOK FOR CONGRESS","H4TX21108","HOOK, KRISTIN A DR.","2026","H","TX","21","17","http://docquery.fec.gov/cgi-bin/fecimg/?202504159756048155","","WIX.COM, INC.","500 TERRY A FRANCOIS BLVD","FL 6","SAN FRANCISCO","CA","94158","2025-02-06","$9.09","WEB HOSTING","","","","","SB17.4117",""
"C00855742","DR. KRISTIN HOOK FOR CONGRESS","H4TX21108","HOOK, KRISTIN A DR.","2026","H","TX","21","17","http://docquery.fec.gov/cgi-bin/fecimg/?202504159756048156","","WIX.COM, INC.","500 TERRY A FRANCOIS BLVD","FL 6","SAN FRANCISCO","CA","94158","2025-03-13","$9.09","WEB HOSTING","","","","","SB17.4118",""
"C00921247","CAHILL FOR CONGRESS","H6TX21350","CAHILL, JASON","2026","H","TX","21","17","http://docquery.fec.gov/cgi-bin/fecimg/?202510159790861321","","ANEDOT","1340 POYDRAS ST","STE 1770","NEW ORLEANS","LA","70112","2025-09-30","$1,336.70","PAYMENT PROCESSING FEES","","","","","SB17.4144",""
"C00908921","GARY TAYLOR FOR CONGRESS","H6TX21251","TAYLOR, GARY FRANK","2026","H","TX","21","17","http://docquery.fec.gov/cgi-bin/fecimg/?202510159790877569","","BEHRENS, SEAN","3537 NORTH HILLS DR","UNIT B","AUSTIN","TX","78731","2025-09-28","$300.00","","","","","","SB17.4179",""
"C00908921","GARY TAYLOR FOR CONGRESS","H6TX21251","TAYLOR, GARY FRANK","2026","H","TX","21","17","http://docquery.fec.gov/cgi-bin/fecimg/?202510159790877569","","BIG FROG T-SHRTS","5207 BRODIE LANE","STE. 145","AUSTIN","TX","78745","2025-09-17","$1,558.80","CAMPAIGN T-SHRTS","","","006","Campaign Materials","SB17.4158",""
"C00908921","GARY TAYLOR FOR CONGRESS","H6TX21251","TAYLOR, GARY FRANK","2026","H","TX","21","17","http://docquery.fec.gov/cgi-bin/fecimg/?202510159790877569","","CENTRAL MARKET #420","4477 S. LAMAR BLVD.","","AUSTIN","TX","78745","2025-09-27","$679.90","CATERING","","","007","Campaign Event Expenses","SB17.4160",""
"C00908921","GARY TAYLOR FOR CONGRESS","H6TX21251","TAYLOR, GARY FRANK","2026","H","TX","21","17","http://docquery.fec.gov/cgi-bin/fecimg/?202510159790877570","","CENTRAL MARKET CUBSIDE","4821 BROADWAY ST.","","SAN ANTONIO","TX","78209","2025-09-29","$1,019.71","CATERING","","","007","Campaign Event Expenses","SB17.4163",""
"C00908921","GARY TAYLOR FOR CONGRESS","H6TX21251","TAYLOR, GARY FRANK","2026","H","TX","21","17","http://docquery.fec.gov/cgi-bin/fecimg/?202510159790877570","","GILES, MATT","","","","","","2025-09-28","$300.00","","","","007","Campaign Event Expenses","SB17.4181",""
"C00908921","GARY TAYLOR FOR CONGRESS","H6TX21251","TAYLOR, GARY FRANK","2026","H","TX","21","17","http://docquery.fec.gov/cgi-bin/fecimg/?202510159790877570","","GUNN, EMILY","11310 STORMY RIDGE RD","","AUSTIN","TX","78739","2025-08-01","$300.00","WEBSITE DESIGN","","","004","Advertising Expenses ","SB17.4169",""
"C00908921","GARY TAYLOR FOR CONGRESS","H6TX21251","TAYLOR, GARY FRANK","2026","H","TX","21","17","http://docquery.fec.gov/cgi-bin/fecimg/?202510159790877571","","GUNN, EMILY","11310 STORMY RIDGE RD","","AUSTIN","TX","78739","2025-08-04","$50.00","WEBSITE WORK","","","004","Advertising Expenses ","SB17.4173",""
"C00908921","GARY TAYLOR FOR CONGRESS","H6TX21251","TAYLOR, GARY FRANK","2026","H","TX","21","17","http://docquery.fec.gov/cgi-bin/fecimg/?202510159790877571","","GUNN, EMILY","11310 STORMY RIDGE RD","","AUSTIN","TX","78739","2025-09-04","$50.00","WEBSITE HELP","","","004","Advertising Expenses ","SB17.4174",""
"C00908921","GARY TAYLOR FOR CONGRESS","H6TX21251","TAYLOR, GARY FRANK","2026","H","TX","21","17","http://docquery.fec.gov/cgi-bin/fecimg/?202510159790877571","","NGP VAN","1420 NEW YORK AVE NW","#650","WASHINGTON","DC","20005","2025-06-26","$2,200.00","","","","003","Solicitation and Fundraising Expenses ","SB17.4150",""
"C00908921","GARY TAYLOR FOR CONGRESS","H6TX21251","TAYLOR, GARY FRANK","2026","H","TX","21","17","http://docquery.fec.gov/cgi-bin/fecimg/?202510159790877572","","PRICE CENTER","222 W. SAN ANTONIO ST.","","SAN MARCOS","TX","78666","2025-09-29","$1,418.00","VENUE RENTAL","","","007","Campaign Event Expenses","SB17.4156",""
"C00908921","GARY TAYLOR FOR CONGRESS","H6TX21251","TAYLOR, GARY FRANK","2026","H","TX","21","17","http://docquery.fec.gov/cgi-bin/fecimg/?202510159790877572","","SIR SPEEDY PRINTING","3818 FAR WEST BLVD.","STE. 105","AUSTIN","TX","78731","2025-08-25","$637.56","POSTCARDS AND SIGN","","","006","Campaign Materials","SB17.4152",""
"C00908921","GARY TAYLOR FOR CONGRESS","H6TX21251","TAYLOR, GARY FRANK","2026","H","TX","21","17","http://docquery.fec.gov/cgi-bin/fecimg/?202510159790877572","","SIR SPEEDY PRINTING","3818 FAR WEST BLVD.","STE. 105","AUSTIN","TX","78731","2025-09-26","$102.30","CAMPAIN BANNER","","","006","Campaign Materials","SB17.4154",""
"C00908921","GARY TAYLOR FOR CONGRESS","H6TX21251","TAYLOR, GARY FRANK","2026","H","TX","21","17","http://docquery.fec.gov/cgi-bin/fecimg/?202510159790877573","","WIX","100 GANSEVOORT STREET","","NEW YORK","NY","10014","2025-08-04","$220.83","","","","004","Advertising Expenses ","SB17.4175",""
"C00917658","MARK TEIXEIRA FOR CONGRESS","H6TX21301","TEIXEIRA, MARK CHARLES","2026","H","TX","21","17","http://docquery.fec.gov/cgi-bin/fecimg/?202604029856933276","","SALTER, HARRISON","PO BOX 1073","1450 W HWY 290","DRIPPING SPRINGS","TX","78620","2026-01-30","$11,000.00","POLITICAL STRATEGY CONSULTING","","","","","SB17.10058",""
"C00917658","MARK TEIXEIRA FOR CONGRESS","H6TX21301","TEIXEIRA, MARK CHARLES","2026","H","TX","21","17","http://docquery.fec.gov/cgi-bin/fecimg/?202604029856933277","","INTUIT","2700 COAST AVE","","MOUNTAIN VIEW","CA","94043","2026-01-30","$122.59","SUBSCRIPTION","","","","","SB17.10060",""
"C00917658","MARK TEIXEIRA FOR CONGRESS","H6TX21301","TEIXEIRA, MARK CHARLES","2026","H","TX","21","17","http://docquery.fec.gov/cgi-bin/fecimg/?202604029856933277","","MORGAN, EMILY","PO BOX 1073","1450 W HWY 290","DRIPPING SPRINGS","TX","78620","2026-02-02","$489.81","MILEAGE","","","","","SB17.10068",""
"C00917658","MARK TEIXEIRA FOR CONGRESS","H6TX21301","TEIXEIRA, MARK CHARLES","2026","H","TX","21","17","http://docquery.fec.gov/cgi-bin/fecimg/?202604029856933277","","ACME STRATEGIES","PO BOX 335","","ROCKFORD","MI","49341","2026-02-02","$8,911.36","DIGITAL CONSULTING/ADS/TEXTING","","","","","SB17.10065",""
"C00917658","MARK TEIXEIRA FOR CONGRESS","H6TX21301","TEIXEIRA, MARK CHARLES","2026","H","TX","21","17","http://docquery.fec.gov/cgi-bin/fecimg/?202604029856933278","","DROGIN GROUP","6705 W HWY 290","SUITE 50281","AUSTIN","TX","78735","2026-02-02","$125,000.00","DIGITAL CONSULTING/ADS","","","","","SB17.10066",""
"C00917658","MARK TEIXEIRA FOR CONGRESS","H6TX21301","TEIXEIRA, MARK CHARLES","2026","H","TX","21","17","http://docquery.fec.gov/cgi-bin/fecimg/?202604029856933278","","LILLY & COMPANY","1005 CONGRESS AVE","STE 400","AUSTIN","TX","78701","2026-02-02","$10,208.02","FINANCE CONSULTING","","","","","SB17.10063",""
"C00917658","MARK TEIXEIRA FOR CONGRESS","H6TX21301","TEIXEIRA, MARK CHARLES","2026","H","TX","21","17","http://docquery.fec.gov/cgi-bin/fecimg/?202604029856933278","","NARWHAL RESEARCH","1613 CRIPPLE CREEK DR","","IRVING","TX","75061","2026-02-02","$750.00","SURVEY RESEARCH","","","","","SB17.10069",""
"C00917658","MARK TEIXEIRA FOR CONGRESS","H6TX21301","TEIXEIRA, MARK CHARLES","2026","H","TX","21","17","http://docquery.fec.gov/cgi-bin/fecimg/?202604029856933279","","NORFLEET STRATEGIES","504 W 12TH ST","","AUSTIN","TX","78701","2026-02-02","$7,500.00","POLITICAL STRATEGY CONSULTING","","","","","SB17.10064",""
"C00917658","MARK TEIXEIRA FOR CONGRESS","H6TX21301","TEIXEIRA, MARK CHARLES","2026","H","TX","21","17","http://docquery.fec.gov/cgi-bin/fecimg/?202604029856933272","","SAN SABA CAP","1818 BROADWAY","","KERVILLE","TX","78028","2026-01-23","$815.63","COLLATERAL MATERIALS-CAPS","","","","","SB17.10045",""
"C00917658","MARK TEIXEIRA FOR CONGRESS","H6TX21301","TEIXEIRA, MARK CHARLES","2026","H","TX","21","17","http://docquery.fec.gov/cgi-bin/fecimg/?202604029856933272","","STRATEGIC MEDIA SERVICES","4601 N FAIRFAX DR","SUITE 730","ARLINGTON","VA","22203","2026-01-23","$26,800.00","MEDIA PLACEMENT/PRODUCTION","","","","","SB17.10043",""
"C00917658","MARK TEIXEIRA FOR CONGRESS","H6TX21301","TEIXEIRA, MARK CHARLES","2026","H","TX","21","17","http://docquery.fec.gov/cgi-bin/fecimg/?202604029856933273","","LEX POLITICA","7415 SW PKWY #129","BLDG 6 STE 500","AUSTIN","TX","78735","2026-01-26","$17,437.50","LEGAL CONSULTING","","","","","SB17.10048",""
"C00917658","MARK TEIXEIRA FOR CONGRESS","H6TX21301","TEIXEIRA, MARK CHARLES","2026","H","TX","21","17","http://docquery.fec.gov/cgi-bin/fecimg/?202604029856933273","","TOP TIER SECURITY CONSULTING","24006 ALPINE LODGE","","SAN ANTONIO","TX","78258","2026-01-26","$730.00","SECURITY SVC","","","","","SB17.10049",""
"C00917658","MARK TEIXEIRA FOR CONGRESS","H6TX21301","TEIXEIRA, MARK CHARLES","2026","H","TX","21","17","http://docquery.fec.gov/cgi-bin/fecimg/?202604029856933273","","TOP TIER SECURITY CONSULTING","24006 ALPINE LODGE","","SAN ANTONIO","TX","78258","2026-01-26","$835.00","SECURITY SVC","","","","","SB17.10052",""
"C00917658","MARK TEIXEIRA FOR CONGRESS","H6TX21301","TEIXEIRA, MARK CHARLES","2026","H","TX","21","17","http://docquery.fec.gov/cgi-bin/fecimg/?202604029856933274","","WINRED","PO BOX 9891","","ARLINGTON","VA","22219","2026-01-26","$122.68","CREDIT CARD PROCESSING FEE","","","","","SB17.10047",""
"C00917658","MARK TEIXEIRA FOR CONGRESS","H6TX21301","TEIXEIRA, MARK CHARLES","2026","H","TX","21","17","http://docquery.fec.gov/cgi-bin/fecimg/?202604029856933274","","ANEDOT","PO BOX 84314","","BATON ROUGE","LA","70884","2026-01-27","$380.60","CREDIT CARD PROCESSING FEE","","","","","SB17.10051",""
"C00839548","EZEKIEL ENRIQUEZ FOR US CONGRESS","H6TX23216","ENRIQUEZ, EZEKIEL","2026","H","TX","21","17","http://docquery.fec.gov/cgi-bin/fecimg/?202507169763563033","","RMC","6950 O'BANNON DRIVE","#100","LAS VEGAS","NV","89117","2025-04-01","$5,180.00","CAMPAIGN SERVICES","","","003","Solicitation and Fundraising Expenses ","SB17.4210",""
"C00839548","EZEKIEL ENRIQUEZ FOR US CONGRESS","H6TX23216","ENRIQUEZ, EZEKIEL","2026","H","TX","21","17","http://docquery.fec.gov/cgi-bin/fecimg/?202507169763563033","","RMC","6950 O'BANNON DRIVE","#100","LAS VEGAS","NV","89117","2025-04-01","$225.00","FUNDRAISING COMM.","","","003","Solicitation and Fundraising Expenses ","SB17.4211",""
"C00917658","MARK TEIXEIRA FOR CONGRESS","H6TX21301","TEIXEIRA, MARK CHARLES","2026","H","TX","21","17","http://docquery.fec.gov/cgi-bin/fecimg/?202604029856933285","","SALTER, HARRISON","PO BOX 1073","1450 W HWY 290","DRIPPING SPRINGS","TX","78620","2026-02-09","$560.62","MILEAGE","","","","","SB17.10084",""
"C00917658","MARK TEIXEIRA FOR CONGRESS","H6TX21301","TEIXEIRA, MARK CHARLES","2026","H","TX","21","17","http://docquery.fec.gov/cgi-bin/fecimg/?202604029856933285","","ANEDOT","PO BOX 84314","","BATON ROUGE","LA","70884","2026-02-09","$320.60","CREDIT CARD PROCESSING FEE","","","","","SB17.10087",""
"C00917658","MARK TEIXEIRA FOR CONGRESS","H6TX21301","TEIXEIRA, MARK CHARLES","2026","H","TX","21","17","http://docquery.fec.gov/cgi-bin/fecimg/?202604029856933285","","JVC MEDIA LLC","6856 ALAMO DOWNS PKWY","","SAN ANTONIO","TX","78247","2026-02-09","$2,368.51","COLLATERAL MATERIAL-SIGNAGE","","","","","SB17.10128",""
"C00917658","MARK TEIXEIRA FOR CONGRESS","H6TX21301","TEIXEIRA, MARK CHARLES","2026","H","TX","21","17","http://docquery.fec.gov/cgi-bin/fecimg/?202604029856933286","","RIGHTSIDE COMPLIANCE","PO BOX 341027","","AUSTIN","TX","78734","2026-02-09","$2,988.40","COMPLIANCE CONSULTING","","","","","SB17.10085",""
"C00917658","MARK TEIXEIRA FOR CONGRESS","H6TX21301","TEIXEIRA, MARK CHARLES","2026","H","TX","21","17","http://docquery.fec.gov/cgi-bin/fecimg/?202604029856933286","","WINRED","PO BOX 9891","","ARLINGTON","VA","22219","2026-02-09","$56.61","CREDIT CARD PROCESSING FEE","","","","","SB17.10083",""
"C00917658","MARK TEIXEIRA FOR CONGRESS","H6TX21301","TEIXEIRA, MARK CHARLES","2026","H","TX","21","17","http://docquery.fec.gov/cgi-bin/fecimg/?202604029856933286","","CHAIN BRIDGE BANK","1445A LAUGHLIN AVE","","MCLEAN","VA","22101","2026-02-10","$25.00","BANK FEE","","","","","SB17.10129",""
"C00917658","MARK TEIXEIRA FOR CONGRESS","H6TX21301","TEIXEIRA, MARK CHARLES","2026","H","TX","21","17","http://docquery.fec.gov/cgi-bin/fecimg/?202604029856933287","","HYATT","150 N RIVERSIDE PLAZA","","CHICAGO","IL","60606","2026-02-10","$2,556.42","TRAVEL","","","","","SB17.10131",""
"C00917658","MARK TEIXEIRA FOR CONGRESS","H6TX21301","TEIXEIRA, MARK CHARLES","2026","H","TX","21","17","http://docquery.fec.gov/cgi-bin/fecimg/?202604029856933274","","SAN SABA CAP","1818 BROADWAY","","KERVILLE","TX","78028","2026-01-27","$1,468.64","COLLATERAL MATERIALS-CAPS","","","","","SB17.10053",""
"C00917658","MARK TEIXEIRA FOR CONGRESS","H6TX21301","TEIXEIRA, MARK CHARLES","2026","H","TX","21","17","http://docquery.fec.gov/cgi-bin/fecimg/?202604029856933275","","THE ANGRY ELEPHANT","19314 US-281","#107","SAN ANTONIO","TX","78258","2026-01-27","$1,277.02","FACILITY RENTAL","","","","","SB17.10054",""
"C00917658","MARK TEIXEIRA FOR CONGRESS","H6TX21301","TEIXEIRA, MARK CHARLES","2026","H","TX","21","17","http://docquery.fec.gov/cgi-bin/fecimg/?202604029856933275","","HEB","646 S FLORES ST","","SAN ANTONIO","TX","78204","2026-01-28","$188.56","FOOD/BEVERAGE","","","","","SB17.10055",""
"C00917658","MARK TEIXEIRA FOR CONGRESS","H6TX21301","TEIXEIRA, MARK CHARLES","2026","H","TX","21","17","http://docquery.fec.gov/cgi-bin/fecimg/?202604029856933275","","ANEDOT","PO BOX 84314","","BATON ROUGE","LA","70884","2026-01-29","$40.30","CREDIT CARD PROCESSING FEE","","","","","SB17.10056",""
"C00917658","MARK TEIXEIRA FOR CONGRESS","H6TX21301","TEIXEIRA, MARK CHARLES","2026","H","TX","21","17","http://docquery.fec.gov/cgi-bin/fecimg/?202604029856933276","","EARLY, KELLY","PO BOX 1073","1450 W HWY 290","DRIPPING SPRINGS","TX","78620","2026-01-30","$7,000.00","POLITICAL STRATEGY CONSULTING","","","","","SB17.10059",""
"C00917658","MARK TEIXEIRA FOR CONGRESS","H6TX21301","TEIXEIRA, MARK CHARLES","2026","H","TX","21","17","http://docquery.fec.gov/cgi-bin/fecimg/?202604029856933276","","MORGAN, EMILY","PO BOX 1073","1450 W HWY 290","DRIPPING SPRINGS","TX","78620","2026-01-30","$5,750.00","POLITICAL STRATEGY CONSULTING","","","","","SB17.10057",""
"C00917658","MARK TEIXEIRA FOR CONGRESS","H6TX21301","TEIXEIRA, MARK CHARLES","2026","H","TX","21","17","http://docquery.fec.gov/cgi-bin/fecimg/?202604029856933287","","KERRVILLE TIMES","301 JUNCTION HWY","SUITE 101","KERRVILLE","TX","78028","2026-02-10","$414.00","SUBSCRIPTION","","","","","SB17.10130",""
"C00917658","MARK TEIXEIRA FOR CONGRESS","H6TX21301","TEIXEIRA, MARK CHARLES","2026","H","TX","21","17","http://docquery.fec.gov/cgi-bin/fecimg/?202604029856933287","","ANEDOT","PO BOX 84314","","BATON ROUGE","LA","70884","2026-02-11","$192.87","CREDIT CARD PROCESSING FEE","","","","","SB17.10088",""
"C00917658","MARK TEIXEIRA FOR CONGRESS","H6TX21301","TEIXEIRA, MARK CHARLES","2026","H","TX","21","17","http://docquery.fec.gov/cgi-bin/fecimg/?202604029856933288","","RAGNAR RESEARCH","103 E ST SE","","WASHINGTON","DC","20003","2026-02-11","$33,500.00","SURVEY RESEARCH","","","","","SB17.10132",""
"C00839548","EZEKIEL ENRIQUEZ FOR US CONGRESS","H6TX23216","ENRIQUEZ, EZEKIEL","2026","H","TX","21","17","http://docquery.fec.gov/cgi-bin/fecimg/?202507169763563033","","RMC","6950 O'BANNON DRIVE","#100","LAS VEGAS","NV","89117","2025-05-02","$5,180.00","CAMPAIGN SERVICES","","","003","Solicitation and Fundraising Expenses ","SB17.4212",""
"C00839548","EZEKIEL ENRIQUEZ FOR US CONGRESS","H6TX23216","ENRIQUEZ, EZEKIEL","2026","H","TX","21","17","http://docquery.fec.gov/cgi-bin/fecimg/?202507169763563034","","RMC","6950 O'BANNON DRIVE","#100","LAS VEGAS","NV","89117","2025-05-04","$277.50","FUNDRAISING COMM.","","","003","Solicitation and Fundraising Expenses ","SB17.4213",""
"C00839548","EZEKIEL ENRIQUEZ FOR US CONGRESS","H6TX23216","ENRIQUEZ, EZEKIEL","2026","H","TX","21","17","http://docquery.fec.gov/cgi-bin/fecimg/?202507169763563034","","RMC","6950 O'BANNON DRIVE","#100","LAS VEGAS","NV","89117","2025-06-01","$5,180.00","CAMPAIGN SERVICES","","","003","Solicitation and Fundraising Expenses ","SB17.4214",""
"C00839548","EZEKIEL ENRIQUEZ FOR US CONGRESS","H6TX23216","ENRIQUEZ, EZEKIEL","2026","H","TX","21","17","http://docquery.fec.gov/cgi-bin/fecimg/?202507169763563034","","RMC","6950 O'BANNON DRIVE","#100","LAS VEGAS","NV","89117","2025-06-02","$4,000.00","CAMPAIGN VIDEO","","","004","Advertising Expenses ","SB17.4215",""
"C00839548","EZEKIEL ENRIQUEZ FOR US CONGRESS","H6TX23216","ENRIQUEZ, EZEKIEL","2026","H","TX","21","17","http://docquery.fec.gov/cgi-bin/fecimg/?202507169763563035","","RMC","6950 O'BANNON DRIVE","#100","LAS VEGAS","NV","89117","2025-06-10","$412.50","FUNDRAISING COMM.","","","003","Solicitation and Fundraising Expenses ","SB17.4216",""
"C00839548","EZEKIEL ENRIQUEZ FOR US CONGRESS","H6TX23216","ENRIQUEZ, EZEKIEL","2026","H","TX","21","17","http://docquery.fec.gov/cgi-bin/fecimg/?202507169763563035","","RMC","6950 O'BANNON DRIVE","#100","LAS VEGAS","NV","89117","2025-06-16","$1,887.04","CAMPAIGN VIDEO","","","004","Advertising Expenses ","SB17.4217",""
"C00839548","EZEKIEL ENRIQUEZ FOR US CONGRESS","H6TX23216","ENRIQUEZ, EZEKIEL","2026","H","TX","21","17","http://docquery.fec.gov/cgi-bin/fecimg/?202507169763563035","","RMC","6950 O'BANNON DRIVE","#100","LAS VEGAS","NV","89117","2025-06-30","$438.69","WINRED FEES","","","003","Solicitation and Fundraising Expenses ","SB17.4220",""
"C00917658","MARK TEIXEIRA FOR CONGRESS","H6TX21301","TEIXEIRA, MARK CHARLES","2026","H","TX","21","17","http://docquery.fec.gov/cgi-bin/fecimg/?202604029856933279","","STRATEGIC MEDIA SERVICES","4601 N FAIRFAX DR","SUITE 730","ARLINGTON","VA","22203","2026-02-02","$532,906.36","MEDIA PLACEMENT/PRODUCTION","","","","","SB17.10062",""
"C00917658","MARK TEIXEIRA FOR CONGRESS","H6TX21301","TEIXEIRA, MARK CHARLES","2026","H","TX","21","17","http://docquery.fec.gov/cgi-bin/fecimg/?202604029856933279","","THE HAMMOND GROUP","1938 W RUGER PL","","FARMINGTON","UT","84025","2026-02-02","$6,500.00","FINANCE CONSULTING","","","","","SB17.10067",""
"C00917658","MARK TEIXEIRA FOR CONGRESS","H6TX21301","TEIXEIRA, MARK CHARLES","2026","H","TX","21","17","http://docquery.fec.gov/cgi-bin/fecimg/?202604029856933280","","WINRED","PO BOX 9891","","ARLINGTON","VA","22219","2026-02-02","$203.25","CREDIT CARD PROCESSING FEE","","","","","SB17.10061",""
"C00917658","MARK TEIXEIRA FOR CONGRESS","H6TX21301","TEIXEIRA, MARK CHARLES","2026","H","TX","21","17","http://docquery.fec.gov/cgi-bin/fecimg/?202604029856933280","","BUC-EES","327 HWY 2004 RD","","LAKE JACKSON","TX","77450","2026-02-03","$205.33","TRAVEL","","","","","SB17.10077",""
"C00917658","MARK TEIXEIRA FOR CONGRESS","H6TX21301","TEIXEIRA, MARK CHARLES","2026","H","TX","21","17","http://docquery.fec.gov/cgi-bin/fecimg/?202604029856933280","","CHAIN BRIDGE BANK","1445A LAUGHLIN AVE","","MCLEAN","VA","22101","2026-02-03","$50.00","BANK FEE","","","","","SB17.10073",""
"C00917658","MARK TEIXEIRA FOR CONGRESS","H6TX21301","TEIXEIRA, MARK CHARLES","2026","H","TX","21","17","http://docquery.fec.gov/cgi-bin/fecimg/?202604029856933281","","HAYS COUNTY REPUBLICAN PARTY","6000 RM 150","","KYLE","TX","78640","2026-02-03","$1,041.02","REGISTRATION FEE","","","","","SB17.10076",""
"C00917658","MARK TEIXEIRA FOR CONGRESS","H6TX21301","TEIXEIRA, MARK CHARLES","2026","H","TX","21","17","http://docquery.fec.gov/cgi-bin/fecimg/?202604029856933281","","NUMINAR","1201 WILSON BLVD","","ARLINGTON","VA","22209","2026-02-03","$1,750.00","TEXTING SVC","","","","","SB17.10074",""
"C00917658","MARK TEIXEIRA FOR CONGRESS","H6TX21301","TEIXEIRA, MARK CHARLES","2026","H","TX","21","17","http://docquery.fec.gov/cgi-bin/fecimg/?202604029856933281","","TARGETED CREATIVE COMMUNICATIONS","106 SOUTH COLUMBUS ST","","ALEXANDRIA","VA","22314","2026-02-03","$39,084.56","PRINTING/POSTAGE","","","","","SB17.10070",""
"C00917658","MARK TEIXEIRA FOR CONGRESS","H6TX21301","TEIXEIRA, MARK CHARLES","2026","H","TX","21","17","http://docquery.fec.gov/cgi-bin/fecimg/?202604029856933282","","TARGETED CREATIVE COMMUNICATIONS","106 SOUTH COLUMBUS ST","","ALEXANDRIA","VA","22314","2026-02-03","$78,169.12","PRINTING/POSTAGE","","","","","SB17.10086",""
"C00917658","MARK TEIXEIRA FOR CONGRESS","H6TX21301","TEIXEIRA, MARK CHARLES","2026","H","TX","21","17","http://docquery.fec.gov/cgi-bin/fecimg/?202604029856933282","","USPS","3800 HIGHWAY 151","","MARION","IA","52302","2026-02-03","$156.00","POSTAGE","","","","","SB17.10071",""
"C00917658","MARK TEIXEIRA FOR CONGRESS","H6TX21301","TEIXEIRA, MARK CHARLES","2026","H","TX","21","17","http://docquery.fec.gov/cgi-bin/fecimg/?202604029856933282","","WEST HENLY STORAGE","114 HENLY MATERIALS WAY","","JOHNSON CITY","TX","78636","2026-02-03","$92.00","RENT","","","","","SB17.10072",""
"C00917658","MARK TEIXEIRA FOR CONGRESS","H6TX21301","TEIXEIRA, MARK CHARLES","2026","H","TX","21","17","http://docquery.fec.gov/cgi-bin/fecimg/?202604029856933283","","CMDI","1593 SPRING HILL RD","SUITE 400","TYSONS CORNER","VA","22182","2026-02-04","$1,000.00","DATABASE MANAGEMENT/BATCHING & CAGING SVC","","","","","SB17.10075",""
"C00917658","MARK TEIXEIRA FOR CONGRESS","H6TX21301","TEIXEIRA, MARK CHARLES","2026","H","TX","21","17","http://docquery.fec.gov/cgi-bin/fecimg/?202604029856933283","","OFFICE MAX","263 SHUMAN BLVD","","NAPERVILLE","IL","60563","2026-02-04","$102.37","OFFICE SUPPLIES","","","","","SB17.10078",""
"C00917658","MARK TEIXEIRA FOR CONGRESS","H6TX21301","TEIXEIRA, MARK CHARLES","2026","H","TX","21","17","http://docquery.fec.gov/cgi-bin/fecimg/?202604029856933283","","REPUBLIC GRAPHICS","4251 CENTERAGTE ST","","SAN ANTONIO","TX","78217","2026-02-05","$256.38","PRINTING/SIGNAGE","","","","","SB17.10079",""
"C00917658","MARK TEIXEIRA FOR CONGRESS","H6TX21301","TEIXEIRA, MARK CHARLES","2026","H","TX","21","17","http://docquery.fec.gov/cgi-bin/fecimg/?202604029856933284","","ANEDOT","PO BOX 84314","","BATON ROUGE","LA","70884","2026-02-06","$175.30","CREDIT CARD PROCESSING FEE","","","","","SB17.10081",""
"C00917658","MARK TEIXEIRA FOR CONGRESS","H6TX21301","TEIXEIRA, MARK CHARLES","2026","H","TX","21","17","http://docquery.fec.gov/cgi-bin/fecimg/?202604029856933284","","SR3 CREATIVE","3964 WATERCOURSE DR","#1173","FT WORTH","TX","76109","2026-02-06","$2,706.25","MEDIA PRODUCTION","","","","","SB17.10080",""
"C00917658","MARK TEIXEIRA FOR CONGRESS","H6TX21301","TEIXEIRA, MARK CHARLES","2026","H","TX","21","17","http://docquery.fec.gov/cgi-bin/fecimg/?202604029856933284","","ACME STRATEGIES","PO BOX 335","","ROCKFORD","MI","49341","2026-02-08","$18,230.64","DIGITAL CONSULTING/ADS/TEXTING","","","","","SB17.10082",""
"C00839548","EZEKIEL ENRIQUEZ FOR US CONGRESS","H6TX23216","ENRIQUEZ, EZEKIEL","2026","H","TX","21","17","http://docquery.fec.gov/cgi-bin/fecimg/?202507169763563036","","STELLA VISTA VERDE RANCH","5079 CO RD 251","","HONDO","TX","78861","2025-06-18","$375.00","VIDEO - LOCATION","","","004","Advertising Expenses ","SB17.4218",""
"C00839548","EZEKIEL ENRIQUEZ FOR US CONGRESS","H6TX23216","ENRIQUEZ, EZEKIEL","2026","H","TX","21","17","http://docquery.fec.gov/cgi-bin/fecimg/?202507169763563036","","STELLA VISTA VERDE RANCH","5079 CO RD 251","","HONDO","TX","78861","2025-06-18","$375.00","VIDEO - LOCATION","","","004","Advertising Expenses ","SB17.4219",""
"C00922922","WESTON MARTINEZ FOR CONGRESS","H6TX21426","MARTINEZ, WESTON CHARLES","2026","H","TX","21","17","http://docquery.fec.gov/cgi-bin/fecimg/?202602199834803167","","MARTINEZ, WESTON CHARLES","1390 CHAIN BRIDGE RD","STE 515","MCLEAN","VA","22101","2026-02-11","$974.25","IN-KIND CONTRIBUTION - SEE MEMO ITEMS","","","","","SB17.4130",""
"C00922922","WESTON MARTINEZ FOR CONGRESS","H6TX21426","MARTINEZ, WESTON CHARLES","2026","H","TX","21","17","http://docquery.fec.gov/cgi-bin/fecimg/?202602199834803167","","3D SIGNS","7986 1ST ST","","SOMERSET","TX","78069","2026-02-11","$974.25","IN-KIND: COLLATERAL MATERIALS - SIGNAGE","X","","","","SB17.4131",""
"C00917294","BETTS FOR TEXAS","H6TX21285","BETTS, DANIEL","2026","H","TX","21","17","http://docquery.fec.gov/cgi-bin/fecimg/?202602209837817534","","WINRED","4250 FAIRFAX DR","","ARLINGTON","VA","22203","2026-01-20","$9.19","CONDUIT FEES","","","","","SB17.4467",""
"C00917294","BETTS FOR TEXAS","H6TX21285","BETTS, DANIEL","2026","H","TX","21","17","http://docquery.fec.gov/cgi-bin/fecimg/?202602209837817535","","WINRED","4250 FAIRFAX DR","","ARLINGTON","VA","22203","2026-01-26","$107.50","CONDUIT FEES","","","","","SB17.4466",""
"C00917823","WHEELER FOR CONGRESS","H6TX21319","WHEELER, MIKE","2026","H","TX","21","17","http://docquery.fec.gov/cgi-bin/fecimg/?202602199834791651","","3D SIGNS","7986 1ST ST","","SOMERSET","TX","78069","2026-01-29","$1,862.98","COLLATERAL: SIGNS","","","","","SB17.1106080",""
"C00917823","WHEELER FOR CONGRESS","H6TX21319","WHEELER, MIKE","2026","H","TX","21","17","http://docquery.fec.gov/cgi-bin/fecimg/?202602199834791651","","BRITTANY REICHERT, LOGAN","106 TEHAMA PLACE","","MONTGOMERY","TX","77316","2026-01-20","$3,240.00","FUNDRAISING CONSULTING","","","","","SB17.1108225",""
"C00917823","WHEELER FOR CONGRESS","H6TX21319","WHEELER, MIKE","2026","H","TX","21","17","http://docquery.fec.gov/cgi-bin/fecimg/?202602199834791651","","CHAIN BRIDGE BANK","1445-A LAUGHLIN AVENUE","","MCLEAN","VA","22101","2026-01-29","$25.00","BANK FEES","","","","","SB17.1114735",""
"C00917823","WHEELER FOR CONGRESS","H6TX21319","WHEELER, MIKE","2026","H","TX","21","17","http://docquery.fec.gov/cgi-bin/fecimg/?202602199834791652","","CHAIN BRIDGE BANK","1445-A LAUGHLIN AVENUE","","MCLEAN","VA","22101","2026-02-03","$25.00","BANK FEES","","","","","SB17.1115926",""
"C00917823","WHEELER FOR CONGRESS","H6TX21319","WHEELER, MIKE","2026","H","TX","21","17","http://docquery.fec.gov/cgi-bin/fecimg/?202602199834791652","","CHAIN BRIDGE BANK","1445-A LAUGHLIN AVENUE","","MCLEAN","VA","22101","2026-02-10","$25.00","BANK FEES","","","","","SB17.1117644",""
"C00917823","WHEELER FOR CONGRESS","H6TX21319","WHEELER, MIKE","2026","H","TX","21","17","http://docquery.fec.gov/cgi-bin/fecimg/?202602199834791652","","CONNECTOR INC","513 CAPITOL CT NE","#300","WASHINGTON","DC","20002","2026-02-03","$3,668.00","MEDIA PLACEMENT","","","","","SB17.1115807",""
"C00917823","WHEELER FOR CONGRESS","H6TX21319","WHEELER, MIKE","2026","H","TX","21","17","http://docquery.fec.gov/cgi-bin/fecimg/?202602199834791653","","ENGAGE RIGHT","1530 SUN CITY BLVD","STE 120 PMB 482","GEORGETOWN","TX","90326","2026-01-20","$5,316.92","CAMPAIGN CONSULTING","","","","","SB17.1111707",""
"C00917823","WHEELER FOR CONGRESS","H6TX21319","WHEELER, MIKE","2026","H","TX","21","17","http://docquery.fec.gov/cgi-bin/fecimg/?202602199834791653","","ENGAGE RIGHT","1530 SUN CITY BLVD","STE 120 PMB 482","GEORGETOWN","TX","90326","2026-01-29","$256.59","TRAVEL EXPENSES","","","","","SB17.1105880",""
"C00917823","WHEELER FOR CONGRESS","H6TX21319","WHEELER, MIKE","2026","H","TX","21","17","http://docquery.fec.gov/cgi-bin/fecimg/?202602199834791653","","LUSSIER, TIM F","6027 VALPARAISO WAY","","SAN ANTONIO","TX","78249","2026-02-02","$6,580.65","CAMPAIGN MANAGER","","","","","SB17.1114255",""
"C00917823","WHEELER FOR CONGRESS","H6TX21319","WHEELER, MIKE","2026","H","TX","21","17","http://docquery.fec.gov/cgi-bin/fecimg/?202602199834791658","","WINRED TECHNICAL SERVICES LLC","1776 WILSON BLVD","SUITE 530","ARLINGTON","VA","22219","2026-01-13","$10.25","MERCHANT FEES","","","","","SB17.1110255",""
"C00917823","WHEELER FOR CONGRESS","H6TX21319","WHEELER, MIKE","2026","H","TX","21","17","http://docquery.fec.gov/cgi-bin/fecimg/?202602199834791659","","WINRED TECHNICAL SERVICES LLC","1776 WILSON BLVD","SUITE 530","ARLINGTON","VA","22219","2026-01-14","$10.25","MERCHANT FEES","","","","","SB17.1110846",""
"C00839548","EZEKIEL ENRIQUEZ FOR US CONGRESS","H6TX23216","ENRIQUEZ, EZEKIEL","2026","H","TX","21","17","http://docquery.fec.gov/cgi-bin/fecimg/?202602199834785577","","ENRIQUEZ, EZEKIEL","PO BOX 3108","","BANDERA","TX","780033108","2026-02-03","$3,500.00","IN-KIND:INKIND FROM CANDIDATE","","","","","B855189C1757C4E4BA35",""
"C00839548","EZEKIEL ENRIQUEZ FOR US CONGRESS","H6TX23216","ENRIQUEZ, EZEKIEL","2026","H","TX","21","17","http://docquery.fec.gov/cgi-bin/fecimg/?202602199834785575","","MCSHANE LLC","6950 O'BANNON DR","STE 100","LAS VEGAS","NV","891172157","2026-01-26","$3,420.00","CAMPAIGN CONSULTING","","","001","Administrative/Salary/Overhead Expenses ","BB94E0D3EE28D4336848",""
"C00839548","EZEKIEL ENRIQUEZ FOR US CONGRESS","H6TX23216","ENRIQUEZ, EZEKIEL","2026","H","TX","21","17","http://docquery.fec.gov/cgi-bin/fecimg/?202602199834785575","","MCSHANE LLC","6950 O'BANNON DR","STE 100","LAS VEGAS","NV","891172157","2026-02-03","$1,500.70","CAMPAIGN CONSULTING","","","001","Administrative/Salary/Overhead Expenses ","BCC4BB6C5948F4B1E903",""
"C00839548","EZEKIEL ENRIQUEZ FOR US CONGRESS","H6TX23216","ENRIQUEZ, EZEKIEL","2026","H","TX","21","17","http://docquery.fec.gov/cgi-bin/fecimg/?202602199834785575","","MCSHANE LLC","6950 O'BANNON DR","STE 100","LAS VEGAS","NV","891172157","2026-02-03","$5,134.62","CAMPAIGN CONSULTING","","","001","Administrative/Salary/Overhead Expenses ","BF31964B9B5564CA3888",""
"C00839548","EZEKIEL ENRIQUEZ FOR US CONGRESS","H6TX23216","ENRIQUEZ, EZEKIEL","2026","H","TX","21","17","http://docquery.fec.gov/cgi-bin/fecimg/?202602199834785576","","MCSHANE LLC","6950 O'BANNON DR","STE 100","LAS VEGAS","NV","891172157","2026-02-03","$1,328.30","CAMPAIGN CONSULTING","","","001","Administrative/Salary/Overhead Expenses ","BC4E126F0323F4A55845",""
"C00839548","EZEKIEL ENRIQUEZ FOR US CONGRESS","H6TX23216","ENRIQUEZ, EZEKIEL","2026","H","TX","21","17","http://docquery.fec.gov/cgi-bin/fecimg/?202602199834785576","","SALIGRAM AND ASSOCIATES","4020 AMYINGTON DR","","CHARLOTTE","NC","282264977","2026-02-03","$2,900.00","CAMPAIGN CONSULTING","","","001","Administrative/Salary/Overhead Expenses ","BF5B6381C3F6341FE8F6",""
"C00839548","EZEKIEL ENRIQUEZ FOR US CONGRESS","H6TX23216","ENRIQUEZ, EZEKIEL","2026","H","TX","21","17","http://docquery.fec.gov/cgi-bin/fecimg/?202602199834785576","","WINRED TECHNICAL SERVICES","1776 WILSON BLVD","","ARLINGTON","VA","222092504","2026-02-10","$1.03","","","","","","BC70F6EFC1E68477EAB3",""
"C00839548","EZEKIEL ENRIQUEZ FOR US CONGRESS","H6TX23216","ENRIQUEZ, EZEKIEL","2026","H","TX","21","17","http://docquery.fec.gov/cgi-bin/fecimg/?202602199834785577","","MCSHANE LLC","6950 O'BANNON DR","STE 100","LAS VEGAS","NV","891172157","2026-02-10","$130.12","CAMPAIGN CONSULTING","","","001","Administrative/Salary/Overhead Expenses ","B0A4DF19672AB40718AB",""
"C00917823","WHEELER FOR CONGRESS","H6TX21319","WHEELER, MIKE","2026","H","TX","21","17","http://docquery.fec.gov/cgi-bin/fecimg/?202602199834791659","","WINRED TECHNICAL SERVICES LLC","1776 WILSON BLVD","SUITE 530","ARLINGTON","VA","22219","2026-01-16","$9.85","MERCHANT FEES","","","","","SB17.1111543",""
"C00917823","WHEELER FOR CONGRESS","H6TX21319","WHEELER, MIKE","2026","H","TX","21","17","http://docquery.fec.gov/cgi-bin/fecimg/?202602199834791659","","WINRED TECHNICAL SERVICES LLC","1776 WILSON BLVD","SUITE 530","ARLINGTON","VA","22219","2026-01-20","$20.51","MERCHANT FEES","","","","","SB17.1112673",""
"C00917823","WHEELER FOR CONGRESS","H6TX21319","WHEELER, MIKE","2026","H","TX","21","17","http://docquery.fec.gov/cgi-bin/fecimg/?202602199834791660","","WINRED TECHNICAL SERVICES LLC","1776 WILSON BLVD","SUITE 530","ARLINGTON","VA","22219","2026-01-29","$4.10","MERCHANT FEES","","","","","SB17.1114224",""
"C00917823","WHEELER FOR CONGRESS","H6TX21319","WHEELER, MIKE","2026","H","TX","21","17","http://docquery.fec.gov/cgi-bin/fecimg/?202602199834791660","","WINRED TECHNICAL SERVICES LLC","1776 WILSON BLVD","SUITE 530","ARLINGTON","VA","22219","2026-01-30","$2.05","MERCHANT FEES","","","","","SB17.1114554",""
"C00917823","WHEELER FOR CONGRESS","H6TX21319","WHEELER, MIKE","2026","H","TX","21","17","http://docquery.fec.gov/cgi-bin/fecimg/?202602199834791660","","WINRED TECHNICAL SERVICES LLC","1776 WILSON BLVD","SUITE 530","ARLINGTON","VA","22219","2026-02-02","$4.10","MERCHANT FEES","","","","","SB17.1114960",""
"C00921247","CAHILL FOR CONGRESS","H6TX21350","CAHILL, JASON","2026","H","TX","21","17","http://docquery.fec.gov/cgi-bin/fecimg/?202602199834783375","","AKEROYD, DANIEL","135 SILVER CREEK DR","","KERRVILLE","TX","78028","2026-01-02","$7,500.00","CAMPAIGN MANAGER SERVICES","","","","","SB17.4177",""
"C00921247","CAHILL FOR CONGRESS","H6TX21350","CAHILL, JASON","2026","H","TX","21","17","http://docquery.fec.gov/cgi-bin/fecimg/?202602199834783375","","GRIFFIN COMMUNICATIONS","176 VENICE CV","","AUSTIN","TX","78737","2026-01-02","$34,991.14","DIRECT MAIL","","","","","SB17.4179",""
"C00921247","CAHILL FOR CONGRESS","H6TX21350","CAHILL, JASON","2026","H","TX","21","17","http://docquery.fec.gov/cgi-bin/fecimg/?202602199834783375","","GRIFFIN COMMUNICATIONS","176 VENICE CV","","AUSTIN","TX","78737","2026-01-05","$40,000.00","DIGITAL ADVERTISING","","","","","SB17.4180",""
"C00921247","CAHILL FOR CONGRESS","H6TX21350","CAHILL, JASON","2026","H","TX","21","17","http://docquery.fec.gov/cgi-bin/fecimg/?202602199834783376","","GRIFFIN COMMUNICATIONS","176 VENICE CV","","AUSTIN","TX","78737","2026-01-05","$17,362.95","DIRECT MAIL","","","","","SB17.4181",""
"C00921247","CAHILL FOR CONGRESS","H6TX21350","CAHILL, JASON","2026","H","TX","21","17","http://docquery.fec.gov/cgi-bin/fecimg/?202602199834783376","","TEXAS CONSERVATIVE REVIEW","1533 W ALABAMA","","HOUSTON","TX","77006","2026-02-03","$5,000.00","PRINT ADVERTISING","","","","","SB17.4184",""
"C00921247","CAHILL FOR CONGRESS","H6TX21350","CAHILL, JASON","2026","H","TX","21","17","http://docquery.fec.gov/cgi-bin/fecimg/?202602199834783376","","THE WHAT'S UP RADIO PROGRAM","10924 GRANT RD","STE 133","HOUSTON","TX","77070","2026-01-22","$20,000.00","RADIO ADVERTISING","","","","","SB17.4182",""
"C00917294","BETTS FOR TEXAS","H6TX21285","BETTS, DANIEL","2026","H","TX","21","17","http://docquery.fec.gov/cgi-bin/fecimg/?202602209837817531","","ANEDOT","340 POYDRAS ST","","NEW ORLEANS","LA","70112","2026-02-04","$76.30","CC FEES","","","","","SB17.4440",""
"C00917294","BETTS FOR TEXAS","H6TX21285","BETTS, DANIEL","2026","H","TX","21","17","http://docquery.fec.gov/cgi-bin/fecimg/?202602209837817531","","DAN BETTS","605 W 14TH ST","","AUSTIN","TX","78701","2026-01-28","$3,125.00","FILING FEE","","","","","SB17.4442",""
"C00917294","BETTS FOR TEXAS","H6TX21285","BETTS, DANIEL","2026","H","TX","21","17","http://docquery.fec.gov/cgi-bin/fecimg/?202602209837817531","","DELANOYNE STRATEGIES","1415 SOUTH VOSS #110-329","","HOUSTON","TX","77057","2026-02-02","$370.00","SOCIAL MEDIA","","","","","SB17.4443",""
"C00917294","BETTS FOR TEXAS","H6TX21285","BETTS, DANIEL","2026","H","TX","21","17","http://docquery.fec.gov/cgi-bin/fecimg/?202602209837817532","","GOP COMPLIANCE","1012 S. CREEK VIEW CT","","CHURCH","MD","20773","2026-01-21","$2,250.00","COMPLIANCE CONSULTING","","","","","SB17.4444",""
"C00917294","BETTS FOR TEXAS","H6TX21285","BETTS, DANIEL","2026","H","TX","21","17","http://docquery.fec.gov/cgi-bin/fecimg/?202602209837817532","","NEEL & PARTNERS","8601 ICE HOUSE DRIVE","","NORTH RICHLAND","TX","76180","2026-01-05","$3,000.00","MONTHLY RETAINER FOR CONSULTING","","","","","SB17.4452",""
"C00917294","BETTS FOR TEXAS","H6TX21285","BETTS, DANIEL","2026","H","TX","21","17","http://docquery.fec.gov/cgi-bin/fecimg/?202602209837817532","","NEEL & PARTNERS","8601 ICE HOUSE DRIVE","","NORTH RICHLAND","TX","76180","2026-02-02","$3,000.00","MONTHLY RETAINER FOR CONSULTING","","","","","SB17.4453",""
"C00917294","BETTS FOR TEXAS","H6TX21285","BETTS, DANIEL","2026","H","TX","21","17","http://docquery.fec.gov/cgi-bin/fecimg/?202602209837817533","","NEEL & PARTNERS","8601 ICE HOUSE DRIVE","","NORTH RICHLAND","TX","76180","2026-02-09","$3,260.00","DATA PURCHASE","","","","","SB17.4454",""
"C00917294","BETTS FOR TEXAS","H6TX21285","BETTS, DANIEL","2026","H","TX","21","17","http://docquery.fec.gov/cgi-bin/fecimg/?202602209837817533","","R&M","5100 ELDORADO PKWY","","MCKINNEY","TX","75070","2026-02-10","$3,000.00","DIGITAL PRODUCTION","","","","","SB17.4458",""
"C00917294","BETTS FOR TEXAS","H6TX21285","BETTS, DANIEL","2026","H","TX","21","17","http://docquery.fec.gov/cgi-bin/fecimg/?202602209837817533","","SALIGRAM & ASSOC.","4020 AMYINGTON DR","","CHARLOTTE","NC","28226","2026-01-30","$1,100.00","FUNDRAISING COMMISSION","","","","","SB17.4461",""
"C00917294","BETTS FOR TEXAS","H6TX21285","BETTS, DANIEL","2026","H","TX","21","17","http://docquery.fec.gov/cgi-bin/fecimg/?202602209837817534","","SIGN BUSTER","PO BOX 241018","","SAN ANTONIO","TX","78224","2026-02-11","$3,700.00","YARD SIGNS","","","","","SB17.4463",""
"C00917294","BETTS FOR TEXAS","H6TX21285","BETTS, DANIEL","2026","H","TX","21","17","http://docquery.fec.gov/cgi-bin/fecimg/?202602209837817534","","WINRED","4250 FAIRFAX DR","","ARLINGTON","VA","22203","2026-01-12","$43.11","CONDUIT FEES","","","","","SB17.4468",""
"C00917823","WHEELER FOR CONGRESS","H6TX21319","WHEELER, MIKE","2026","H","TX","21","17","http://docquery.fec.gov/cgi-bin/fecimg/?202602199834791654","","GARCIA, CESARIO","6906 N LOOP","604 W BOX 320","SAN ANTONIO","TX","78249","2026-02-11","$680.00","FIELD DIRECTOR","","","","","SB17.1115336",""
"C00839548","EZEKIEL ENRIQUEZ FOR US CONGRESS","H6TX23216","ENRIQUEZ, EZEKIEL","2026","H","TX","21","17","http://docquery.fec.gov/cgi-bin/fecimg/?202602199834785572","","WINRED TECHNICAL SERVICES","1776 WILSON BLVD","","ARLINGTON","VA","222092504","2026-01-01","$9.47","","","","","","B26C2194352004B45B8A",""
"C00839548","EZEKIEL ENRIQUEZ FOR US CONGRESS","H6TX23216","ENRIQUEZ, EZEKIEL","2026","H","TX","21","17","http://docquery.fec.gov/cgi-bin/fecimg/?202602199834785572","","MCSHANE LLC","6950 O'BANNON DR","STE 100","LAS VEGAS","NV","891172157","2026-01-02","$6,329.00","CAMPAIGN CONSULTING","","","001","Administrative/Salary/Overhead Expenses ","BA13EE0F5B2DB41698CF",""
"C00839548","EZEKIEL ENRIQUEZ FOR US CONGRESS","H6TX23216","ENRIQUEZ, EZEKIEL","2026","H","TX","21","17","http://docquery.fec.gov/cgi-bin/fecimg/?202602199834785572","","MCSHANE LLC","6950 O'BANNON DR","STE 100","LAS VEGAS","NV","891172157","2026-01-02","$4,811.27","CAMPAIGN CONSULTING","","","001","Administrative/Salary/Overhead Expenses ","B1AB04065A78E433DA7A",""
"C00917823","WHEELER FOR CONGRESS","H6TX21319","WHEELER, MIKE","2026","H","TX","21","17","http://docquery.fec.gov/cgi-bin/fecimg/?202602199834791661","","WINRED TECHNICAL SERVICES LLC","1776 WILSON BLVD","SUITE 530","ARLINGTON","VA","22219","2026-02-03","$20.51","MERCHANT FEES","","","","","SB17.1115520",""
"C00917823","WHEELER FOR CONGRESS","H6TX21319","WHEELER, MIKE","2026","H","TX","21","17","http://docquery.fec.gov/cgi-bin/fecimg/?202602199834791661","","WINRED TECHNICAL SERVICES LLC","1776 WILSON BLVD","SUITE 530","ARLINGTON","VA","22219","2026-02-04","$24.61","MERCHANT FEES","","","","","SB17.1115973",""
"C00917823","WHEELER FOR CONGRESS","H6TX21319","WHEELER, MIKE","2026","H","TX","21","17","http://docquery.fec.gov/cgi-bin/fecimg/?202602199834791661","","WINRED TECHNICAL SERVICES LLC","1776 WILSON BLVD","SUITE 530","ARLINGTON","VA","22219","2026-02-05","$31.84","MERCHANT FEES","","","","","SB17.1116316",""
"C00917823","WHEELER FOR CONGRESS","H6TX21319","WHEELER, MIKE","2026","H","TX","21","17","http://docquery.fec.gov/cgi-bin/fecimg/?202602199834791662","","WINRED TECHNICAL SERVICES LLC","1776 WILSON BLVD","SUITE 530","ARLINGTON","VA","22219","2026-02-06","$10.25","MERCHANT FEES","","","","","SB17.1116639",""
"C00917823","WHEELER FOR CONGRESS","H6TX21319","WHEELER, MIKE","2026","H","TX","21","17","http://docquery.fec.gov/cgi-bin/fecimg/?202602199834791662","","WINRED TECHNICAL SERVICES LLC","1776 WILSON BLVD","SUITE 530","ARLINGTON","VA","22219","2026-02-10","$10.25","MERCHANT FEES","","","","","SB17.1117525",""
"C00917823","WHEELER FOR CONGRESS","H6TX21319","WHEELER, MIKE","2026","H","TX","21","17","http://docquery.fec.gov/cgi-bin/fecimg/?202602199834791662","","WINRED TECHNICAL SERVICES LLC","1776 WILSON BLVD","SUITE 530","ARLINGTON","VA","22219","2026-02-11","$59.91","MERCHANT FEES","","","","","SB17.1117901",""
"C00917823","WHEELER FOR CONGRESS","H6TX21319","WHEELER, MIKE","2026","H","TX","21","17","http://docquery.fec.gov/cgi-bin/fecimg/?202602199834791654","","NUMINAR INC","1201 WILSON BLVD","","ARLINGTON","VA","22209","2026-01-13","$6,370.50","SMS SERVICES","","","","","SB17.1108705",""
"C00917823","WHEELER FOR CONGRESS","H6TX21319","WHEELER, MIKE","2026","H","TX","21","17","http://docquery.fec.gov/cgi-bin/fecimg/?202602199834791654","","NUMINAR INC","1201 WILSON BLVD","","ARLINGTON","VA","22209","2026-01-02","$2,000.00","DATA SUBSCRIPTION","","","","","SB17.1111912",""
"C00917823","WHEELER FOR CONGRESS","H6TX21319","WHEELER, MIKE","2026","H","TX","21","17","http://docquery.fec.gov/cgi-bin/fecimg/?202602199834791655","","PUSH DIGITAL, LLC","342 EAST BAY ST","","CHARLESTON","SC","29401","2026-01-20","$506.87","WEBSITE DEVELOPMENT","","","","","SB17.1107213",""
"C00917823","WHEELER FOR CONGRESS","H6TX21319","WHEELER, MIKE","2026","H","TX","21","17","http://docquery.fec.gov/cgi-bin/fecimg/?202602199834791655","","PUSH DIGITAL, LLC","342 EAST BAY ST","","CHARLESTON","SC","29401","2026-01-23","$6,000.00","WEBSITE HOSTING","","","","","SB17.1113454",""
"C00917823","WHEELER FOR CONGRESS","H6TX21319","WHEELER, MIKE","2026","H","TX","21","17","http://docquery.fec.gov/cgi-bin/fecimg/?202602199834791655","","RED CURVE SOLUTIONS","138 CONANT ST","STE 401","BEVERLY","MA","01915","2026-01-29","$1,598.30","COMPLIANCE CONSULTING","","","","","SB17.1112244",""
"C00917823","WHEELER FOR CONGRESS","H6TX21319","WHEELER, MIKE","2026","H","TX","21","17","http://docquery.fec.gov/cgi-bin/fecimg/?202602199834791656","","SMART MEDIA GROUP, LLC","PO BOX 26067","","ALEXANDRIA","VA","22313","2026-01-29","$30,760.00","MEDIA PLACEMENT","","","","","SB17.1114338",""
"C00917823","WHEELER FOR CONGRESS","H6TX21319","WHEELER, MIKE","2026","H","TX","21","17","http://docquery.fec.gov/cgi-bin/fecimg/?202602199834791656","","SMART MEDIA GROUP, LLC","PO BOX 26067","","ALEXANDRIA","VA","22313","2026-01-29","$25,622.00","MEDIA PLACEMENT","","","","","SB17.1114339",""
"C00917823","WHEELER FOR CONGRESS","H6TX21319","WHEELER, MIKE","2026","H","TX","21","17","http://docquery.fec.gov/cgi-bin/fecimg/?202602199834791656","","SMART MEDIA GROUP, LLC","PO BOX 26067","","ALEXANDRIA","VA","22313","2026-02-10","$25,622.00","MEDIA PLACEMENT","","","","","SB17.1118841",""
"C00917823","WHEELER FOR CONGRESS","H6TX21319","WHEELER, MIKE","2026","H","TX","21","17","http://docquery.fec.gov/cgi-bin/fecimg/?202602199834791657","","STRATEGIC PERCEPTION INC","1735 PEARL WAY","","OXNARD","CA","93035","2026-01-29","$4,000.00","STRATEGY CONSULTING","","","","","SB17.1109615",""
"C00917823","WHEELER FOR CONGRESS","H6TX21319","WHEELER, MIKE","2026","H","TX","21","17","http://docquery.fec.gov/cgi-bin/fecimg/?202602199834791657","","WINRED TECHNICAL SERVICES LLC","1776 WILSON BLVD","SUITE 530","ARLINGTON","VA","22219","2026-01-02","$45.98","MERCHANT FEES","","","","","SB17.1107598",""
"C00917823","WHEELER FOR CONGRESS","H6TX21319","WHEELER, MIKE","2026","H","TX","21","17","http://docquery.fec.gov/cgi-bin/fecimg/?202602199834791657","","WINRED TECHNICAL SERVICES LLC","1776 WILSON BLVD","SUITE 530","ARLINGTON","VA","22219","2026-01-05","$74.08","MERCHANT FEES","","","","","SB17.1108004",""
"C00917823","WHEELER FOR CONGRESS","H6TX21319","WHEELER, MIKE","2026","H","TX","21","17","http://docquery.fec.gov/cgi-bin/fecimg/?202602199834791658","","WINRED TECHNICAL SERVICES LLC","1776 WILSON BLVD","SUITE 530","ARLINGTON","VA","22219","2026-01-06","$431.98","MERCHANT FEES","","","","","SB17.1108545",""
"C00917823","WHEELER FOR CONGRESS","H6TX21319","WHEELER, MIKE","2026","H","TX","21","17","http://docquery.fec.gov/cgi-bin/fecimg/?202602199834791658","","WINRED TECHNICAL SERVICES LLC","1776 WILSON BLVD","SUITE 530","ARLINGTON","VA","22219","2026-01-08","$19.70","MERCHANT FEES","","","","","SB17.1109148",""
"C00917294","BETTS FOR TEXAS","H6TX21285","BETTS, DANIEL","2026","H","TX","21","17","http://docquery.fec.gov/cgi-bin/fecimg/?202602209837817535","","WINRED","4250 FAIRFAX DR","","ARLINGTON","VA","22203","2026-02-02","$16.53","CONDUIT FEES","","","","","SB17.4465",""
"C00917294","BETTS FOR TEXAS","H6TX21285","BETTS, DANIEL","2026","H","TX","21","17","http://docquery.fec.gov/cgi-bin/fecimg/?202602209837817535","","WINRED","4250 FAIRFAX DR","","ARLINGTON","VA","22203","2026-02-09","$282.03","CONDUIT FEES","","","","","SB17.4464",""
"C00917294","BETTS FOR TEXAS","H6TX21285","BETTS, DANIEL","2026","H","TX","21","17","http://docquery.fec.gov/cgi-bin/fecimg/?202602209837817536","","WINRED","4250 FAIRFAX DR","","ARLINGTON","VA","22203","2026-02-11","$125.52","CONDUIT FEES","","","","","SB17.4492",""
"C00839548","EZEKIEL ENRIQUEZ FOR US CONGRESS","H6TX23216","ENRIQUEZ, EZEKIEL","2026","H","TX","21","17","http://docquery.fec.gov/cgi-bin/fecimg/?202602199834785573","","MCSHANE LLC","6950 O'BANNON DR","STE 100","LAS VEGAS","NV","891172157","2026-01-02","$500.90","FUNDRAISING CONSULTING","","","001","Administrative/Salary/Overhead Expenses ","BBC02A14DFE5D42D0AFC",""
"C00839548","EZEKIEL ENRIQUEZ FOR US CONGRESS","H6TX23216","ENRIQUEZ, EZEKIEL","2026","H","TX","21","17","http://docquery.fec.gov/cgi-bin/fecimg/?202602199834785573","","WINRED TECHNICAL SERVICES","1776 WILSON BLVD","","ARLINGTON","VA","222092504","2026-01-08","$39.44","","","","","","B982DC1A6D4E24BC69A7",""
"C00839548","EZEKIEL ENRIQUEZ FOR US CONGRESS","H6TX23216","ENRIQUEZ, EZEKIEL","2026","H","TX","21","17","http://docquery.fec.gov/cgi-bin/fecimg/?202602199834785573","","WINRED TECHNICAL SERVICES","1776 WILSON BLVD","","ARLINGTON","VA","222092504","2026-01-10","$3.08","","","","","","B52909937E5134E5391A",""
"C00839548","EZEKIEL ENRIQUEZ FOR US CONGRESS","H6TX23216","ENRIQUEZ, EZEKIEL","2026","H","TX","21","17","http://docquery.fec.gov/cgi-bin/fecimg/?202602199834785574","","WINRED TECHNICAL SERVICES","1776 WILSON BLVD","","ARLINGTON","VA","222092504","2026-01-14","$203.47","","","","","","BD308CEE6EE554359B89",""
"C00839548","EZEKIEL ENRIQUEZ FOR US CONGRESS","H6TX23216","ENRIQUEZ, EZEKIEL","2026","H","TX","21","17","http://docquery.fec.gov/cgi-bin/fecimg/?202602199834785574","","MCSHANE LLC","6950 O'BANNON DR","STE 100","LAS VEGAS","NV","891172157","2026-01-15","$1,050.00","CAMPAIGN CONSULTING","","","001","Administrative/Salary/Overhead Expenses ","BCA34A4C54B294363A19",""
"C00839548","EZEKIEL ENRIQUEZ FOR US CONGRESS","H6TX23216","ENRIQUEZ, EZEKIEL","2026","H","TX","21","17","http://docquery.fec.gov/cgi-bin/fecimg/?202602199834785574","","WINRED TECHNICAL SERVICES","1776 WILSON BLVD","","ARLINGTON","VA","222092504","2026-01-21","$2.05","","","","","","BBABD98FC2098471D931",""
"C00922922","WESTON MARTINEZ FOR CONGRESS","H6TX21426","MARTINEZ, WESTON CHARLES","2026","H","TX","21","17","http://docquery.fec.gov/cgi-bin/fecimg/?202604129857129046","","AGENTIC ACCOUNTING SOLUTIONS","30 N GOULD ST STE R","","SHERIDAN","WY","82801","2026-03-25","$7,500.00","COMPLIANCE CONSULTING","","","","","SB17.4146",""
"C00922922","WESTON MARTINEZ FOR CONGRESS","H6TX21426","MARTINEZ, WESTON CHARLES","2026","H","TX","21","17","http://docquery.fec.gov/cgi-bin/fecimg/?202604129857129046","","THE VIRGINIAN LLC","7914 WEST DODGE RD","","OMAHA","NE","68114","2026-03-02","$4,700.00","DIGITAL MEDIA","","","","","SB17.4154",""
"C00922344","TREY TRAINOR FOR TEXAS","H6TX21376","TRAINOR, JAMES E III","2026","H","TX","21","17","http://docquery.fec.gov/cgi-bin/fecimg/?202602199834783927","","WINRED TECHNICAL SERVICES LLC","1776 WILSON BLVD","","ARLINGTON","VA","22219","2026-01-07","$6.16","MERCHANT FEES","","","","","SB17.1108877",""
"C00922344","TREY TRAINOR FOR TEXAS","H6TX21376","TRAINOR, JAMES E III","2026","H","TX","21","17","http://docquery.fec.gov/cgi-bin/fecimg/?202602199834783928","","WINRED TECHNICAL SERVICES LLC","1776 WILSON BLVD","","ARLINGTON","VA","22219","2026-01-08","$.99","MERCHANT FEES","","","","","SB17.1109242",""
"C00922344","TREY TRAINOR FOR TEXAS","H6TX21376","TRAINOR, JAMES E III","2026","H","TX","21","17","http://docquery.fec.gov/cgi-bin/fecimg/?202602199834783928","","WINRED TECHNICAL SERVICES LLC","1776 WILSON BLVD","","ARLINGTON","VA","22219","2026-01-09","$3.94","MERCHANT FEES","","","","","SB17.1109523",""
"C00922344","TREY TRAINOR FOR TEXAS","H6TX21376","TRAINOR, JAMES E III","2026","H","TX","21","17","http://docquery.fec.gov/cgi-bin/fecimg/?202602199834783928","","WINRED TECHNICAL SERVICES LLC","1776 WILSON BLVD","","ARLINGTON","VA","22219","2026-01-13","$1.03","MERCHANT FEES","","","","","SB17.1110446",""
"C00922344","TREY TRAINOR FOR TEXAS","H6TX21376","TRAINOR, JAMES E III","2026","H","TX","21","17","http://docquery.fec.gov/cgi-bin/fecimg/?202602199834783929","","WINRED TECHNICAL SERVICES LLC","1776 WILSON BLVD","","ARLINGTON","VA","22219","2026-01-14","$137.90","MERCHANT FEES","","","","","SB17.1110942",""
"C00922344","TREY TRAINOR FOR TEXAS","H6TX21376","TRAINOR, JAMES E III","2026","H","TX","21","17","http://docquery.fec.gov/cgi-bin/fecimg/?202602199834783929","","WINRED TECHNICAL SERVICES LLC","1776 WILSON BLVD","","ARLINGTON","VA","22219","2026-01-20","$49.65","MERCHANT FEES","","","","","SB17.1112079",""
"C00922344","TREY TRAINOR FOR TEXAS","H6TX21376","TRAINOR, JAMES E III","2026","H","TX","21","17","http://docquery.fec.gov/cgi-bin/fecimg/?202602199834783929","","WINRED TECHNICAL SERVICES LLC","1776 WILSON BLVD","","ARLINGTON","VA","22219","2026-01-21","$41.02","MERCHANT FEES","","","","","SB17.1112394",""
"C00922344","TREY TRAINOR FOR TEXAS","H6TX21376","TRAINOR, JAMES E III","2026","H","TX","21","17","http://docquery.fec.gov/cgi-bin/fecimg/?202602199834783930","","WINRED TECHNICAL SERVICES LLC","1776 WILSON BLVD","","ARLINGTON","VA","22219","2026-01-22","$28.71","MERCHANT FEES","","","","","SB17.1112748",""
"C00922344","TREY TRAINOR FOR TEXAS","H6TX21376","TRAINOR, JAMES E III","2026","H","TX","21","17","http://docquery.fec.gov/cgi-bin/fecimg/?202602199834783930","","WINRED TECHNICAL SERVICES LLC","1776 WILSON BLVD","","ARLINGTON","VA","22219","2026-01-26","$9.85","MERCHANT FEES","","","","","SB17.1113324",""
"C00922344","TREY TRAINOR FOR TEXAS","H6TX21376","TRAINOR, JAMES E III","2026","H","TX","21","17","http://docquery.fec.gov/cgi-bin/fecimg/?202602199834783930","","WINRED TECHNICAL SERVICES LLC","1776 WILSON BLVD","","ARLINGTON","VA","22219","2026-01-27","$5.43","MERCHANT FEES","","","","","SB17.1113582",""
"C00922344","TREY TRAINOR FOR TEXAS","H6TX21376","TRAINOR, JAMES E III","2026","H","TX","21","17","http://docquery.fec.gov/cgi-bin/fecimg/?202602199834783931","","WINRED TECHNICAL SERVICES LLC","1776 WILSON BLVD","","ARLINGTON","VA","22219","2026-01-28","$10.09","MERCHANT FEES","","","","","SB17.1114035",""
"C00922344","TREY TRAINOR FOR TEXAS","H6TX21376","TRAINOR, JAMES E III","2026","H","TX","21","17","http://docquery.fec.gov/cgi-bin/fecimg/?202602199834783931","","WINRED TECHNICAL SERVICES LLC","1776 WILSON BLVD","","ARLINGTON","VA","22219","2026-01-30","$114.58","MERCHANT FEES","","","","","SB17.1114570",""
"C00922344","TREY TRAINOR FOR TEXAS","H6TX21376","TRAINOR, JAMES E III","2026","H","TX","21","17","http://docquery.fec.gov/cgi-bin/fecimg/?202602199834783931","","WINRED TECHNICAL SERVICES LLC","1776 WILSON BLVD","","ARLINGTON","VA","22219","2026-02-02","$137.90","MERCHANT FEES","","","","","SB17.1115303",""
"C00922344","TREY TRAINOR FOR TEXAS","H6TX21376","TRAINOR, JAMES E III","2026","H","TX","21","17","http://docquery.fec.gov/cgi-bin/fecimg/?202602199834783932","","WINRED TECHNICAL SERVICES LLC","1776 WILSON BLVD","","ARLINGTON","VA","22219","2026-02-03","$20.50","MERCHANT FEES","","","","","SB17.1115720",""
"C00922344","TREY TRAINOR FOR TEXAS","H6TX21376","TRAINOR, JAMES E III","2026","H","TX","21","17","http://docquery.fec.gov/cgi-bin/fecimg/?202602199834783932","","WINRED TECHNICAL SERVICES LLC","1776 WILSON BLVD","","ARLINGTON","VA","22219","2026-02-04","$1.03","MERCHANT FEES","","","","","SB17.1116003",""
"C00922344","TREY TRAINOR FOR TEXAS","H6TX21376","TRAINOR, JAMES E III","2026","H","TX","21","17","http://docquery.fec.gov/cgi-bin/fecimg/?202602199834783932","","WINRED TECHNICAL SERVICES LLC","1776 WILSON BLVD","","ARLINGTON","VA","22219","2026-02-05","$2.05","MERCHANT FEES","","","","","SB17.1116300",""
"C00922344","TREY TRAINOR FOR TEXAS","H6TX21376","TRAINOR, JAMES E III","2026","H","TX","21","17","http://docquery.fec.gov/cgi-bin/fecimg/?202602199834783933","","WINRED TECHNICAL SERVICES LLC","1776 WILSON BLVD","","ARLINGTON","VA","22219","2026-02-06","$22.56","MERCHANT FEES","","","","","SB17.1116669",""
"C00922344","TREY TRAINOR FOR TEXAS","H6TX21376","TRAINOR, JAMES E III","2026","H","TX","21","17","http://docquery.fec.gov/cgi-bin/fecimg/?202602199834783933","","WINRED TECHNICAL SERVICES LLC","1776 WILSON BLVD","","ARLINGTON","VA","22219","2026-02-09","$4.89","MERCHANT FEES","","","","","SB17.1117061",""
"C00922344","TREY TRAINOR FOR TEXAS","H6TX21376","TRAINOR, JAMES E III","2026","H","TX","21","17","http://docquery.fec.gov/cgi-bin/fecimg/?202602199834783933","","WINRED TECHNICAL SERVICES LLC","1776 WILSON BLVD","","ARLINGTON","VA","22219","2026-02-10","$.99","MERCHANT FEES","","","","","SB17.1117532",""
"C00922344","TREY TRAINOR FOR TEXAS","H6TX21376","TRAINOR, JAMES E III","2026","H","TX","21","17","http://docquery.fec.gov/cgi-bin/fecimg/?202602199834783934","","WINRED TECHNICAL SERVICES LLC","1776 WILSON BLVD","","ARLINGTON","VA","22219","2026-02-11","$54.39","MERCHANT FEES","","","","","SB17.1117858",""
"C00922344","TREY TRAINOR FOR TEXAS","H6TX21376","TRAINOR, JAMES E III","2026","H","TX","21","17","http://docquery.fec.gov/cgi-bin/fecimg/?202602199834783934","","LACOURSE, JEFF","8 EASTMAN RD","","CAPE ELIZABETH","ME","04107","2026-02-02","$500.00","MANAGEMENT CONSULTING","","","","","SB17.1114835",""
"C00922344","TREY TRAINOR FOR TEXAS","H6TX21376","TRAINOR, JAMES E III","2026","H","TX","21","17","http://docquery.fec.gov/cgi-bin/fecimg/?202602199834783934","","LACOURSE, JEFF","8 EASTMAN RD","","CAPE ELIZABETH","ME","04107","2026-02-09","$250.00","MANAGEMENT CONSULTING","","","","","SB17.1116696",""
"C00922344","TREY TRAINOR FOR TEXAS","H6TX21376","TRAINOR, JAMES E III","2026","H","TX","21","17","http://docquery.fec.gov/cgi-bin/fecimg/?202602199834783935","","FISHER, STEPHANIE","5 ENCINITAS DR","","JOHNSON CITY","TX","78636","2026-01-29","$2,000.00","IN KIND: EVENT SPONSORSHIP","","","","","SB17.1114414",""
"C00922344","TREY TRAINOR FOR TEXAS","H6TX21376","TRAINOR, JAMES E III","2026","H","TX","21","17","http://docquery.fec.gov/cgi-bin/fecimg/?202602199834783935","","FISHER, STEPHANIE","5 ENCINITAS DR","","JOHNSON CITY","TX","78636","2026-01-29","$500.00","IN KIND: COLLATERAL: SIGNS","","","","","SB17.1114415",""
"C00922344","TREY TRAINOR FOR TEXAS","H6TX21376","TRAINOR, JAMES E III","2026","H","TX","21","17","http://docquery.fec.gov/cgi-bin/fecimg/?202602199834783923","","AMERICAN MADE MEDIA CONSULTANTS, LLC","4040 FAIRFAX DR","SUITE 500","ARLINGTON","VA","22203","2026-02-05","$11,115.77","DIRECT MAIL AND WEBSITE DESIGN","","","","","SB17.1116178",""
"C00922344","TREY TRAINOR FOR TEXAS","H6TX21376","TRAINOR, JAMES E III","2026","H","TX","21","17","http://docquery.fec.gov/cgi-bin/fecimg/?202602199834783923","","ASCEND LLC","3211 ENGLISH WAY","","PROSPECT,","KY","40059","2026-02-04","$4,500.00","POLLING EXPENSE","","","","","SB17.1111154",""
"C00922344","TREY TRAINOR FOR TEXAS","H6TX21376","TRAINOR, JAMES E III","2026","H","TX","21","17","http://docquery.fec.gov/cgi-bin/fecimg/?202602199834783923","","CHAIN BRIDGE BANK","1445A LAUGHLIN AVE","","MCLEAN","VA","22101","2026-02-04","$25.00","BANK FEE","","","","","SB17.1116361",""
"C00922344","TREY TRAINOR FOR TEXAS","H6TX21376","TRAINOR, JAMES E III","2026","H","TX","21","17","http://docquery.fec.gov/cgi-bin/fecimg/?202602199834783924","","I360","2300 CLARENDON BLVD","SUITE 800","ARLINGTON","VA","22201","2026-02-04","$1,332.50","SOFTWARE SUBSCRIPTION","","","","","SB17.1109775",""
"C00922344","TREY TRAINOR FOR TEXAS","H6TX21376","TRAINOR, JAMES E III","2026","H","TX","21","17","http://docquery.fec.gov/cgi-bin/fecimg/?202602199834783924","","RED CURVE SOLUTIONS LLC","138 CONANT ST","STE 401","BEVERLY","MA","01915","2026-01-05","$1,500.00","COMPLIANCE CONSULTING","","","","","SB17.1100869",""
"C00922344","TREY TRAINOR FOR TEXAS","H6TX21376","TRAINOR, JAMES E III","2026","H","TX","21","17","http://docquery.fec.gov/cgi-bin/fecimg/?202602199834783924","","RED CURVE SOLUTIONS LLC","138 CONANT ST","STE 401","BEVERLY","MA","01915","2026-01-05","$45.61","DATA PROCESSING SERVICES","","","","","SB17.1107492",""
"C00922344","TREY TRAINOR FOR TEXAS","H6TX21376","TRAINOR, JAMES E III","2026","H","TX","21","17","http://docquery.fec.gov/cgi-bin/fecimg/?202602199834783925","","RED CURVE SOLUTIONS LLC","138 CONANT ST","STE 401","BEVERLY","MA","01915","2026-02-02","$1,500.00","COMPLIANCE CONSULTING","","","","","SB17.1108433",""
"C00922344","TREY TRAINOR FOR TEXAS","H6TX21376","TRAINOR, JAMES E III","2026","H","TX","21","17","http://docquery.fec.gov/cgi-bin/fecimg/?202602199834783925","","SIGN AND BANNER TEXAS","1103 MAIN STREET","","BASTROP","TX","78602","2026-01-13","$1,299.00","COLLATERAL: SIGNS","","","","","SB17.1110180",""
"C00908921","GARY TAYLOR FOR CONGRESS","H6TX21251","TAYLOR, GARY FRANK","2026","H","TX","21","17","http://docquery.fec.gov/cgi-bin/fecimg/?202601269794178104","","TEXAS DEMOCRATIC PARTY BALLOT FILING FEE","PO BOX 15707","","AUSTIN","TX","78761","2025-11-13","$3,125.00","TEXAS BALLOT FILING FEE","","","","","SB17.4132",""
"C00917823","WHEELER FOR CONGRESS","H6TX21319","WHEELER, MIKE","2026","H","TX","21","17","http://docquery.fec.gov/cgi-bin/fecimg/?202603049837888762","","WINRED TECHNICAL SERVICES LLC","1776 WILSON BLVD","SUITE 530","ARLINGTON","VA","22219","2025-09-04","$6.15","MERCHANT FEES","","","","","SB17.1083681",""
"C00917823","WHEELER FOR CONGRESS","H6TX21319","WHEELER, MIKE","2026","H","TX","21","17","http://docquery.fec.gov/cgi-bin/fecimg/?202603049837888762","","WINRED TECHNICAL SERVICES LLC","1776 WILSON BLVD","SUITE 530","ARLINGTON","VA","22219","2025-09-18","$10.25","MERCHANT FEES","","","","","SB17.1085426",""
"C00917823","WHEELER FOR CONGRESS","H6TX21319","WHEELER, MIKE","2026","H","TX","21","17","http://docquery.fec.gov/cgi-bin/fecimg/?202603049837888763","","WINRED TECHNICAL SERVICES LLC","1776 WILSON BLVD","SUITE 530","ARLINGTON","VA","22219","2025-09-25","$5.99","MERCHANT FEES","","","","","SB17.1087177",""
"C00917823","WHEELER FOR CONGRESS","H6TX21319","WHEELER, MIKE","2026","H","TX","21","17","http://docquery.fec.gov/cgi-bin/fecimg/?202603049837888763","","WINRED TECHNICAL SERVICES LLC","1776 WILSON BLVD","SUITE 530","ARLINGTON","VA","22219","2025-09-29","$24.61","MERCHANT FEES","","","","","SB17.1087178",""
"C00917823","WHEELER FOR CONGRESS","H6TX21319","WHEELER, MIKE","2026","H","TX","21","17","http://docquery.fec.gov/cgi-bin/fecimg/?202603049837888764","","WINRED TECHNICAL SERVICES LLC","1776 WILSON BLVD","SUITE 530","ARLINGTON","VA","22219","2025-09-30","$60.30","MERCHANT FEES","","","","","SB17.1087179",""
"C00917823","WHEELER FOR CONGRESS","H6TX21319","WHEELER, MIKE","2026","H","TX","21","17","http://docquery.fec.gov/cgi-bin/fecimg/?202603049837888763","","WINRED TECHNICAL SERVICES LLC","1776 WILSON BLVD","SUITE 530","ARLINGTON","VA","22219","2025-09-19","$30.76","MERCHANT FEES","","","","","SB17.1086028",""
"C00917823","WHEELER FOR CONGRESS","H6TX21319","WHEELER, MIKE","2026","H","TX","21","17","http://docquery.fec.gov/cgi-bin/fecimg/?202603049837888762","","MOORE, KATHY","106 WILD HORSE DR","","BOERNE","TX","78006","2025-10-14","$471.43","IN-KIND: EVENT EXPENSE: CATERING","","","","","SB17.1090225",""
"C00922344","TREY TRAINOR FOR TEXAS","H6TX21376","TRAINOR, JAMES E III","2026","H","TX","21","17","http://docquery.fec.gov/cgi-bin/fecimg/?202602199834783925","","TAYLOR PRINT IMPRESSIONS","1725 ROE CREST DRIVE","","NORTH MANKATO","MN","56003","2026-02-04","$7,424.22","POSTAGE EXPENSE","","","","","SB17.1116145",""
"C00922344","TREY TRAINOR FOR TEXAS","H6TX21376","TRAINOR, JAMES E III","2026","H","TX","21","17","http://docquery.fec.gov/cgi-bin/fecimg/?202602199834783926","","THE HERRIES GROUP, LLC","3 COTTONDALE ROAD","","THE HILLS","TX","78738","2026-01-05","$3,000.00","FUNDRAISING CONSULTING","","","","","SB17.1100610",""
"C00922344","TREY TRAINOR FOR TEXAS","H6TX21376","TRAINOR, JAMES E III","2026","H","TX","21","17","http://docquery.fec.gov/cgi-bin/fecimg/?202602199834783926","","THE HERRIES GROUP, LLC","3 COTTONDALE ROAD","","THE HILLS","TX","78738","2026-01-22","$9,294.00","FUNDRAISING CONSULTING","","","","","SB17.1111012",""
"C00922344","TREY TRAINOR FOR TEXAS","H6TX21376","TRAINOR, JAMES E III","2026","H","TX","21","17","http://docquery.fec.gov/cgi-bin/fecimg/?202602199834783926","","WINRED TECHNICAL SERVICES LLC","1776 WILSON BLVD","","ARLINGTON","VA","22219","2026-01-02","$12.93","MERCHANT FEES","","","","","SB17.1107629",""
"C00922344","TREY TRAINOR FOR TEXAS","H6TX21376","TRAINOR, JAMES E III","2026","H","TX","21","17","http://docquery.fec.gov/cgi-bin/fecimg/?202602199834783927","","WINRED TECHNICAL SERVICES LLC","1776 WILSON BLVD","","ARLINGTON","VA","22219","2026-01-05","$23.69","MERCHANT FEES","","","","","SB17.1108080",""
"C00922344","TREY TRAINOR FOR TEXAS","H6TX21376","TRAINOR, JAMES E III","2026","H","TX","21","17","http://docquery.fec.gov/cgi-bin/fecimg/?202602199834783927","","WINRED TECHNICAL SERVICES LLC","1776 WILSON BLVD","","ARLINGTON","VA","22219","2026-01-06","$91.19","MERCHANT FEES","","","","","SB17.1108603",""
"C00929703","DR. KRISTIN HOOK FOR CONGRESS","H4TX21108","HOOK, KRISTIN A DR.","2026","H","TX","21","17","http://docquery.fec.gov/cgi-bin/fecimg/?202602199834822031","","PRESTIGE PRINTING","8 BURWOOD LN","","SAN ANTONIO","TX","782167086","2026-01-30","$610.53","PRINTING AND CAMPAIGN ADVERTISING","","","","","500235157",""
"C00929703","DR. KRISTIN HOOK FOR CONGRESS","H4TX21108","HOOK, KRISTIN A DR.","2026","H","TX","21","17","http://docquery.fec.gov/cgi-bin/fecimg/?202602199834822031","","SPECTRUM WORKS PRINTING","7329 SOMERSET RD","","SAN ANTONIO","TX","782113746","2026-02-04","$947.19","PRINTING AND CAMPAIGN ADVERTISING","","","","","500235159",""
"C00929703","DR. KRISTIN HOOK FOR CONGRESS","H4TX21108","HOOK, KRISTIN A DR.","2026","H","TX","21","17","http://docquery.fec.gov/cgi-bin/fecimg/?202602199834822032","","SPINKS, MARTHA","419 STONEWOOD DR","","SAN ANTONIO","TX","782161625","2026-01-04","$65.72","IN KIND MEAL","","* IN-KIND RECEIVED","","","10151172I","10151172"
"C00929703","DR. KRISTIN HOOK FOR CONGRESS","H4TX21108","HOOK, KRISTIN A DR.","2026","H","TX","21","17","http://docquery.fec.gov/cgi-bin/fecimg/?202602199834822026","","3D SIGNS","7986 1ST ST","","SOMERSET","TX","780694471","2026-02-09","$500.00","PRINTING AND CAMPAIGN ADVERTISING","","","","","500235156",""
"C00929703","DR. KRISTIN HOOK FOR CONGRESS","H4TX21108","HOOK, KRISTIN A DR.","2026","H","TX","21","17","http://docquery.fec.gov/cgi-bin/fecimg/?202602199834822026","","ACTBLUE TECHNICAL SERVICES","366 SUMMER ST","","SOMERVILLE","MA","021443132","2026-01-04","$19.15","ACTBLUE FEES","","","","","500235521",""
"C00929703","DR. KRISTIN HOOK FOR CONGRESS","H4TX21108","HOOK, KRISTIN A DR.","2026","H","TX","21","17","http://docquery.fec.gov/cgi-bin/fecimg/?202602199834822026","","ACTBLUE TECHNICAL SERVICES","366 SUMMER ST","","SOMERVILLE","MA","021443132","2026-01-11","$109.04","ACTBLUE FEES","","","","","500235520",""
"C00929703","DR. KRISTIN HOOK FOR CONGRESS","H4TX21108","HOOK, KRISTIN A DR.","2026","H","TX","21","17","http://docquery.fec.gov/cgi-bin/fecimg/?202602199834822027","","ACTBLUE TECHNICAL SERVICES","366 SUMMER ST","","SOMERVILLE","MA","021443132","2026-01-18","$456.75","ACTBLUE FEES","","","","","500235519",""
"C00929703","DR. KRISTIN HOOK FOR CONGRESS","H4TX21108","HOOK, KRISTIN A DR.","2026","H","TX","21","17","http://docquery.fec.gov/cgi-bin/fecimg/?202602199834822027","","ACTBLUE TECHNICAL SERVICES","366 SUMMER ST","","SOMERVILLE","MA","021443132","2026-01-25","$296.80","ACTBLUE FEES","","","","","500235518",""
"C00929703","DR. KRISTIN HOOK FOR CONGRESS","H4TX21108","HOOK, KRISTIN A DR.","2026","H","TX","21","17","http://docquery.fec.gov/cgi-bin/fecimg/?202602199834822027","","ACTBLUE TECHNICAL SERVICES","366 SUMMER ST","","SOMERVILLE","MA","021443132","2026-02-01","$653.61","ACTBLUE FEES","","","","","500235517",""
"C00929703","DR. KRISTIN HOOK FOR CONGRESS","H4TX21108","HOOK, KRISTIN A DR.","2026","H","TX","21","17","http://docquery.fec.gov/cgi-bin/fecimg/?202602199834822028","","ACTBLUE TECHNICAL SERVICES","366 SUMMER ST","","SOMERVILLE","MA","021443132","2026-02-08","$311.93","ACTBLUE FEES","","","","","500235516",""
"C00929703","DR. KRISTIN HOOK FOR CONGRESS","H4TX21108","HOOK, KRISTIN A DR.","2026","H","TX","21","17","http://docquery.fec.gov/cgi-bin/fecimg/?202602199834822028","","ACTBLUE TECHNICAL SERVICES","366 SUMMER ST","","SOMERVILLE","MA","021443132","2026-02-11","$91.92","ACTBLUE FEES","","","","","500235515",""
"C00929703","DR. KRISTIN HOOK FOR CONGRESS","H4TX21108","HOOK, KRISTIN A DR.","2026","H","TX","21","17","http://docquery.fec.gov/cgi-bin/fecimg/?202602199834822028","","BEXAR COUNTY DEMOCRATIC PARTY (ACTBLUE)","PO BOX 830894","","SAN ANTONIO","TX","782830894","2026-01-16","$500.00","POLTICAL CONTIRBUTION","","","","","500235147",""
"C00929703","DR. KRISTIN HOOK FOR CONGRESS","H4TX21108","HOOK, KRISTIN A DR.","2026","H","TX","21","17","http://docquery.fec.gov/cgi-bin/fecimg/?202602199834822029","","COBALT COMPLIANCE","2614 ARLENE PARK","","SAN ANTONIO","TX","782512548","2026-02-09","$2,500.00","COMPLIANCE CONSULTING","","","","","500235133",""
"C00929703","DR. KRISTIN HOOK FOR CONGRESS","H4TX21108","HOOK, KRISTIN A DR.","2026","H","TX","21","17","http://docquery.fec.gov/cgi-bin/fecimg/?202602199834822029","","HOOK, KRISTIN","PO BOX 17073","","SAN ANTONIO","TX","782170073","2026-02-04","$1,417.77","REIMBURSEMENT FOR EXPENDITURES FROM PERSONAL FUNDS","","","","","500235523",""
"C00929703","DR. KRISTIN HOOK FOR CONGRESS","H4TX21108","HOOK, KRISTIN A DR.","2026","H","TX","21","17","http://docquery.fec.gov/cgi-bin/fecimg/?202602199834822029","","PHONEBURNER","1968 S COAST HWY","STE 1800","LAGUNA BEACH","CA","926513681","2025-12-13","$207.87","SOFTWARE SUBSCRIPTION","X","* SOFTWARE SUBSCRIPTION","","","500236062","500235523"
"C00929703","DR. KRISTIN HOOK FOR CONGRESS","H4TX21108","HOOK, KRISTIN A DR.","2026","H","TX","21","17","http://docquery.fec.gov/cgi-bin/fecimg/?202602199834822030","","JENNIFER PHIPPS-FORD","3022 QUAKERTOWN DR","","SAN ANTONIO","TX","782303466","2026-01-14","$4,000.00","GENERAL CONSULTING","","","","","500235152",""
"C00929703","DR. KRISTIN HOOK FOR CONGRESS","H4TX21108","HOOK, KRISTIN A DR.","2026","H","TX","21","17","http://docquery.fec.gov/cgi-bin/fecimg/?202602199834822030","","JENNIFER PHIPPS-FORD","3022 QUAKERTOWN DR","","SAN ANTONIO","TX","782303466","2026-02-04","$4,000.00","GENERAL CONSULTING","","","","","500235151",""
"C00929703","DR. KRISTIN HOOK FOR CONGRESS","H4TX21108","HOOK, KRISTIN A DR.","2026","H","TX","21","17","http://docquery.fec.gov/cgi-bin/fecimg/?202602199834822030","","JUVEN CAPITOL STRATEGIES","2910 GEORGIA AVE NW","APT 301","WASHINGTON","DC","200014842","2026-02-04","$2,295.00","GENERAL CONSULTING","","","","","500235153",""
"C00929703","DR. KRISTIN HOOK FOR CONGRESS","H4TX21108","HOOK, KRISTIN A DR.","2026","H","TX","21","17","http://docquery.fec.gov/cgi-bin/fecimg/?202602199834822031","","PRESTIGE PRINTING","8 BURWOOD LN","","SAN ANTONIO","TX","782167086","2026-01-22","$57.37","PRINTING AND CAMPAIGN ADVERTISING","","","","","500235158",""
