com_id,com_nam,can_id,can_nam,ele_yea,can_off,can_off_sta,can_off_dis,lin_num,lin_ima,rec_com_id,rec_nam,rec_str1,rec_str2,rec_cit,rec_sta,rec_zip,dis_dat,dis_amo,dis_pur_des,mem_cod,mem_tex,cat_cod,cat_des,tra_id,bac_ref_id
"C00497933","CASTRO FOR CONGRESS","H2TX35011","CASTRO, JOAQUIN","2026","H","TX","20","17","http://docquery.fec.gov/cgi-bin/fecimg/?202504159755805018","","LYFT","548 MARKET ST","# 68514","SAN FRANCISCO","CA","941045401","2025-03-07","$63.75","TRAVEL","X","*","","","500992022","500991062"
"C00497933","CASTRO FOR CONGRESS","H2TX35011","CASTRO, JOAQUIN","2026","H","TX","20","17","http://docquery.fec.gov/cgi-bin/fecimg/?202504159755805018","","LYFT","548 MARKET ST","# 68514","SAN FRANCISCO","CA","941045401","2025-03-07","$5.23","TRAVEL","X","*","","","500992023","500991062"
"C00497933","CASTRO FOR CONGRESS","H2TX35011","CASTRO, JOAQUIN","2026","H","TX","20","17","http://docquery.fec.gov/cgi-bin/fecimg/?202504159755805018","","LYFT","548 MARKET ST","# 68514","SAN FRANCISCO","CA","941045401","2025-03-07","$9.56","TRAVEL","X","*","","","500992024","500991062"
"C00497933","CASTRO FOR CONGRESS","H2TX35011","CASTRO, JOAQUIN","2026","H","TX","20","17","http://docquery.fec.gov/cgi-bin/fecimg/?202504159755805019","","LYFT","548 MARKET ST","# 68514","SAN FRANCISCO","CA","941045401","2025-03-07","$12.04","TRAVEL","X","*","","","500992025","500991062"
"C00497933","CASTRO FOR CONGRESS","H2TX35011","CASTRO, JOAQUIN","2026","H","TX","20","17","http://docquery.fec.gov/cgi-bin/fecimg/?202504159755805019","","LYFT","548 MARKET ST","# 68514","SAN FRANCISCO","CA","941045401","2025-03-07","$34.89","TRAVEL","X","*","","","500992026","500991062"
"C00497933","CASTRO FOR CONGRESS","H2TX35011","CASTRO, JOAQUIN","2026","H","TX","20","17","http://docquery.fec.gov/cgi-bin/fecimg/?202504159755805019","","MEMBERS DINING ROOM","1ST ST SE","","WASHINGTON","DC","205150001","2025-03-07","$188.85","CATERING","X","*","","","500992034","500991062"
"C00497933","CASTRO FOR CONGRESS","H2TX35011","CASTRO, JOAQUIN","2026","H","TX","20","17","http://docquery.fec.gov/cgi-bin/fecimg/?202504159755805020","","STELLINA PIZZERIA","399 MORSE ST NE","","WASHINGTON","DC","200027007","2025-03-07","$149.30","MEALS","X","*","","","500992014","500991062"
"C00497933","CASTRO FOR CONGRESS","H2TX35011","CASTRO, JOAQUIN","2026","H","TX","20","17","http://docquery.fec.gov/cgi-bin/fecimg/?202504159755805020","","SUN TAXI ASSOCIATION INC.","4624 W CORNELIA AVE","","CHICAGO","IL","606413721","2025-03-07","$47.74","TRAVEL","X","*","","","500992019","500991062"
"C00497933","CASTRO FOR CONGRESS","H2TX35011","CASTRO, JOAQUIN","2026","H","TX","20","17","http://docquery.fec.gov/cgi-bin/fecimg/?202504159755805020","","THE GODFREY HOTEL","1400 N CAHUENGA BLVD","","LOS ANGELES","CA","900288126","2025-03-07","$241.68","TRAVEL","X","*","","","500992021","500991062"
"C00497933","CASTRO FOR CONGRESS","H2TX35011","CASTRO, JOAQUIN","2026","H","TX","20","17","http://docquery.fec.gov/cgi-bin/fecimg/?202504159755805021","","THE UPS STORE","4007 MCCULLOUGH AVE","","SAN ANTONIO","TX","782122420","2025-03-07","$.99","SHIPPING & POSTAGE","X","*","","","500992036","500991062"
"C00497933","CASTRO FOR CONGRESS","H2TX35011","CASTRO, JOAQUIN","2026","H","TX","20","17","http://docquery.fec.gov/cgi-bin/fecimg/?202504159755805021","","UNITED AIRLINES","77 W WACKER DR","","CHICAGO","IL","606011604","2025-03-07","$8.00","TRAVEL","X","*","","","500992015","500991062"
"C00497933","CASTRO FOR CONGRESS","H2TX35011","CASTRO, JOAQUIN","2026","H","TX","20","17","http://docquery.fec.gov/cgi-bin/fecimg/?202504159755805021","","UNITED AIRLINES","77 W WACKER DR","","CHICAGO","IL","606011604","2025-03-07","$8.00","TRAVEL","X","*","","","500992030","500991062"
"C00497933","CASTRO FOR CONGRESS","H2TX35011","CASTRO, JOAQUIN","2026","H","TX","20","17","http://docquery.fec.gov/cgi-bin/fecimg/?202504159755805022","","UNITED AIRLINES","77 W WACKER DR","","CHICAGO","IL","606011604","2025-03-07","$8.00","TRAVEL","X","*","","","500992031","500991062"
"C00497933","CASTRO FOR CONGRESS","H2TX35011","CASTRO, JOAQUIN","2026","H","TX","20","17","http://docquery.fec.gov/cgi-bin/fecimg/?202504159755805022","","UNITED AIRLINES","77 W WACKER DR","","CHICAGO","IL","606011604","2025-03-07","$8.00","TRAVEL","X","*","","","500992032","500991062"
"C00497933","CASTRO FOR CONGRESS","H2TX35011","CASTRO, JOAQUIN","2026","H","TX","20","17","http://docquery.fec.gov/cgi-bin/fecimg/?202504159755805022","","UNITED AIRLINES","77 W WACKER DR","","CHICAGO","IL","606011604","2025-03-07","$8.00","TRAVEL","X","*","","","500992033","500991062"
"C00497933","CASTRO FOR CONGRESS","H2TX35011","CASTRO, JOAQUIN","2026","H","TX","20","17","http://docquery.fec.gov/cgi-bin/fecimg/?202504159755805023","","ZOOM","55 ALMADEN BLVD","STE 600","SAN JOSE","CA","951131612","2025-03-07","$170.70","SOFTWARE","X","*","","","500992028","500991062"
"C00497933","CASTRO FOR CONGRESS","H2TX35011","CASTRO, JOAQUIN","2026","H","TX","20","17","http://docquery.fec.gov/cgi-bin/fecimg/?202504159755805023","","BEE COMPLIANCE LLC","611 PENNSYLVANIA AVE SE","# 192","WASHINGTON","DC","200034303","2025-01-10","$2,500.00","COMPLIANCE CONSULTING","","","","","500982884",""
"C00497933","CASTRO FOR CONGRESS","H2TX35011","CASTRO, JOAQUIN","2026","H","TX","20","17","http://docquery.fec.gov/cgi-bin/fecimg/?202504159755805023","","BEE COMPLIANCE LLC","611 PENNSYLVANIA AVE SE","# 192","WASHINGTON","DC","200034303","2025-02-14","$3,000.00","COMPLIANCE CONSULTING","","","","","500989126",""
"C00497933","CASTRO FOR CONGRESS","H2TX35011","CASTRO, JOAQUIN","2026","H","TX","20","17","http://docquery.fec.gov/cgi-bin/fecimg/?202504159755805024","","BEE COMPLIANCE LLC","611 PENNSYLVANIA AVE SE","# 192","WASHINGTON","DC","200034303","2025-03-12","$2,500.00","COMPLIANCE CONSULTING","","","","","500991058",""
"C00497933","CASTRO FOR CONGRESS","H2TX35011","CASTRO, JOAQUIN","2026","H","TX","20","17","http://docquery.fec.gov/cgi-bin/fecimg/?202504159755805001","","ACTBLUE TECHNICAL SERVICES","366 SUMMER ST","","WEST SOMERVILLE","MA","021443132","2025-01-05","$4.97","CREDIT CARD PROCESSING FEE","","","","","500980069",""
"C00497933","CASTRO FOR CONGRESS","H2TX35011","CASTRO, JOAQUIN","2026","H","TX","20","17","http://docquery.fec.gov/cgi-bin/fecimg/?202504159755805001","","ACTBLUE TECHNICAL SERVICES","366 SUMMER ST","","WEST SOMERVILLE","MA","021443132","2025-01-12","$7.61","CREDIT CARD PROCESSING FEE","","","","","500982892",""
"C00497933","CASTRO FOR CONGRESS","H2TX35011","CASTRO, JOAQUIN","2026","H","TX","20","17","http://docquery.fec.gov/cgi-bin/fecimg/?202504159755805001","","ACTBLUE TECHNICAL SERVICES","366 SUMMER ST","","WEST SOMERVILLE","MA","021443132","2025-01-19","$8.38","CREDIT CARD PROCESSING FEE","","","","","500983259",""
"C00497933","CASTRO FOR CONGRESS","H2TX35011","CASTRO, JOAQUIN","2026","H","TX","20","17","http://docquery.fec.gov/cgi-bin/fecimg/?202504159755805002","","ACTBLUE TECHNICAL SERVICES","366 SUMMER ST","","WEST SOMERVILLE","MA","021443132","2025-01-26","$17.83","CREDIT CARD PROCESSING FEE","","","","","500984736",""
"C00497933","CASTRO FOR CONGRESS","H2TX35011","CASTRO, JOAQUIN","2026","H","TX","20","17","http://docquery.fec.gov/cgi-bin/fecimg/?202504159755805002","","ACTBLUE TECHNICAL SERVICES","366 SUMMER ST","","WEST SOMERVILLE","MA","021443132","2025-02-02","$86.24","CREDIT CARD PROCESSING FEE","","","","","500986371",""
"C00497933","CASTRO FOR CONGRESS","H2TX35011","CASTRO, JOAQUIN","2026","H","TX","20","17","http://docquery.fec.gov/cgi-bin/fecimg/?202504159755805002","","ACTBLUE TECHNICAL SERVICES","366 SUMMER ST","","WEST SOMERVILLE","MA","021443132","2025-02-09","$25.41","CREDIT CARD PROCESSING FEE","","","","","500986850",""
"C00497933","CASTRO FOR CONGRESS","H2TX35011","CASTRO, JOAQUIN","2026","H","TX","20","17","http://docquery.fec.gov/cgi-bin/fecimg/?202504159755805003","","ACTBLUE TECHNICAL SERVICES","366 SUMMER ST","","WEST SOMERVILLE","MA","021443132","2025-02-16","$178.24","CREDIT CARD PROCESSING FEE","","","","","500988177",""
"C00497933","CASTRO FOR CONGRESS","H2TX35011","CASTRO, JOAQUIN","2026","H","TX","20","17","http://docquery.fec.gov/cgi-bin/fecimg/?202504159755805003","","ACTBLUE TECHNICAL SERVICES","366 SUMMER ST","","WEST SOMERVILLE","MA","021443132","2025-02-23","$71.29","CREDIT CARD PROCESSING FEE","","","","","500988911",""
"C00497933","CASTRO FOR CONGRESS","H2TX35011","CASTRO, JOAQUIN","2026","H","TX","20","17","http://docquery.fec.gov/cgi-bin/fecimg/?202504159755805003","","ACTBLUE TECHNICAL SERVICES","366 SUMMER ST","","WEST SOMERVILLE","MA","021443132","2025-03-02","$69.71","CREDIT CARD PROCESSING FEE","","","","","500989244",""
"C00497933","CASTRO FOR CONGRESS","H2TX35011","CASTRO, JOAQUIN","2026","H","TX","20","17","http://docquery.fec.gov/cgi-bin/fecimg/?202504159755805004","","ACTBLUE TECHNICAL SERVICES","366 SUMMER ST","","WEST SOMERVILLE","MA","021443132","2025-03-09","$108.87","CREDIT CARD PROCESSING FEE","","","","","500989497",""
"C00497933","CASTRO FOR CONGRESS","H2TX35011","CASTRO, JOAQUIN","2026","H","TX","20","17","http://docquery.fec.gov/cgi-bin/fecimg/?202504159755805004","","ACTBLUE TECHNICAL SERVICES","366 SUMMER ST","","WEST SOMERVILLE","MA","021443132","2025-03-16","$157.68","CREDIT CARD PROCESSING FEE","","","","","500990589",""
"C00497933","CASTRO FOR CONGRESS","H2TX35011","CASTRO, JOAQUIN","2026","H","TX","20","17","http://docquery.fec.gov/cgi-bin/fecimg/?202504159755805004","","ACTBLUE TECHNICAL SERVICES","366 SUMMER ST","","WEST SOMERVILLE","MA","021443132","2025-03-23","$24.92","CREDIT CARD PROCESSING FEE","","","","","500991697",""
"C00497933","CASTRO FOR CONGRESS","H2TX35011","CASTRO, JOAQUIN","2026","H","TX","20","17","http://docquery.fec.gov/cgi-bin/fecimg/?202504159755805005","","ACTBLUE TECHNICAL SERVICES","366 SUMMER ST","","WEST SOMERVILLE","MA","021443132","2025-03-30","$542.02","CREDIT CARD PROCESSING FEE","","","","","500992004",""
"C00497933","CASTRO FOR CONGRESS","H2TX35011","CASTRO, JOAQUIN","2026","H","TX","20","17","http://docquery.fec.gov/cgi-bin/fecimg/?202504159755805024","","FIRST DATA USA","5565 GLENRIDGE CONNECTOR NE","STE 2000","ATLANTA","GA","303421651","2025-01-02","$19.95","CREDIT CARD PROCESSING FEE","","","","","500982869",""
"C00497933","CASTRO FOR CONGRESS","H2TX35011","CASTRO, JOAQUIN","2026","H","TX","20","17","http://docquery.fec.gov/cgi-bin/fecimg/?202504159755805024","","FIRST DATA USA","5565 GLENRIDGE CONNECTOR NE","STE 2000","ATLANTA","GA","303421651","2025-01-02","$54.95","CREDIT CARD PROCESSING FEE","","","","","500982870",""
"C00497933","CASTRO FOR CONGRESS","H2TX35011","CASTRO, JOAQUIN","2026","H","TX","20","17","http://docquery.fec.gov/cgi-bin/fecimg/?202504159755805025","","FIRST DATA USA","5565 GLENRIDGE CONNECTOR NE","STE 2000","ATLANTA","GA","303421651","2025-02-03","$19.95","CREDIT CARD PROCESSING FEE","","","","","500986375",""
"C00497933","CASTRO FOR CONGRESS","H2TX35011","CASTRO, JOAQUIN","2026","H","TX","20","17","http://docquery.fec.gov/cgi-bin/fecimg/?202504159755805025","","FIRST DATA USA","5565 GLENRIDGE CONNECTOR NE","STE 2000","ATLANTA","GA","303421651","2025-02-03","$54.95","CREDIT CARD PROCESSING FEE","","","","","500986376",""
"C00497933","CASTRO FOR CONGRESS","H2TX35011","CASTRO, JOAQUIN","2026","H","TX","20","17","http://docquery.fec.gov/cgi-bin/fecimg/?202504159755805025","","FIRST DATA USA","5565 GLENRIDGE CONNECTOR NE","STE 2000","ATLANTA","GA","303421651","2025-03-03","$54.95","CREDIT CARD PROCESSING FEE","","","","","500989422",""
"C00497933","CASTRO FOR CONGRESS","H2TX35011","CASTRO, JOAQUIN","2026","H","TX","20","17","http://docquery.fec.gov/cgi-bin/fecimg/?202504159755805026","","FIRST DATA USA","5565 GLENRIDGE CONNECTOR NE","STE 2000","ATLANTA","GA","303421651","2025-03-03","$19.95","CREDIT CARD PROCESSING FEE","","","","","500989423",""
"C00497933","CASTRO FOR CONGRESS","H2TX35011","CASTRO, JOAQUIN","2026","H","TX","20","17","http://docquery.fec.gov/cgi-bin/fecimg/?202504159755805026","","FUENTES, GENEVA","1600 S EADS ST","APT 618S","ARLINGTON","VA","222022944","2025-01-06","$1,500.00","COMMUNICATIONS CONSULTING","","","","","500982873",""
"C00497933","CASTRO FOR CONGRESS","H2TX35011","CASTRO, JOAQUIN","2026","H","TX","20","17","http://docquery.fec.gov/cgi-bin/fecimg/?202504159755805026","","FUENTES, GENEVA","1600 S EADS ST","APT 618S","ARLINGTON","VA","222022944","2025-02-05","$1,500.00","COMMUNICATIONS CONSULTING","","","","","500989129",""
"C00497933","CASTRO FOR CONGRESS","H2TX35011","CASTRO, JOAQUIN","2026","H","TX","20","17","http://docquery.fec.gov/cgi-bin/fecimg/?202504159755805027","","FUENTES, GENEVA","1600 S EADS ST","APT 618S","ARLINGTON","VA","222022944","2025-03-05","$1,500.00","COMMUNICATIONS CONSULTING","","","","","500989421",""
"C00497933","CASTRO FOR CONGRESS","H2TX35011","CASTRO, JOAQUIN","2026","H","TX","20","17","http://docquery.fec.gov/cgi-bin/fecimg/?202504159755805027","","FUENTES, GENEVA","1600 S EADS ST","APT 618S","ARLINGTON","VA","222022944","2025-03-18","$750.00","COMMUNICATIONS CONSULTING","","","","","500991928",""
"C00497933","CASTRO FOR CONGRESS","H2TX35011","CASTRO, JOAQUIN","2026","H","TX","20","17","http://docquery.fec.gov/cgi-bin/fecimg/?202504159755805027","","GLIDER GROUP","PO BOX 1406","","DEL RIO","TX","788411406","2025-01-09","$3,500.00","POLITICAL MANAGEMENT CONSULTING","","","","","500982879",""
"C00497933","CASTRO FOR CONGRESS","H2TX35011","CASTRO, JOAQUIN","2026","H","TX","20","17","http://docquery.fec.gov/cgi-bin/fecimg/?202504159755805028","","GLIDER GROUP","PO BOX 1406","","DEL RIO","TX","788411406","2025-02-10","$3,500.00","POLITICAL MANAGEMENT CONSULTING","","","","","500989128",""
"C00497933","CASTRO FOR CONGRESS","H2TX35011","CASTRO, JOAQUIN","2026","H","TX","20","17","http://docquery.fec.gov/cgi-bin/fecimg/?202504159755805028","","GLIDER GROUP","PO BOX 1406","","DEL RIO","TX","788411406","2025-03-05","$3,500.00","POLITICAL MANAGEMENT CONSULTING","","","","","500989420",""
"C00497933","CASTRO FOR CONGRESS","H2TX35011","CASTRO, JOAQUIN","2026","H","TX","20","17","http://docquery.fec.gov/cgi-bin/fecimg/?202504159755805028","","GOOGLE, INC.","1600 AMPHITHEATRE PKWY","","MOUNTAIN VIEW","CA","940431351","2025-01-07","$207.00","EVENT CATERING","","","","","500982894",""
"C00497933","CASTRO FOR CONGRESS","H2TX35011","CASTRO, JOAQUIN","2026","H","TX","20","17","http://docquery.fec.gov/cgi-bin/fecimg/?202504159755805029","","HACKETT, SAWYER","919 FLORIDA AVE NW","APT 406","WASHINGTON","DC","200015046","2025-01-16","$3,000.00","DIGITAL CONSULTING","","","","","500982878",""
"C00497933","CASTRO FOR CONGRESS","H2TX35011","CASTRO, JOAQUIN","2026","H","TX","20","17","http://docquery.fec.gov/cgi-bin/fecimg/?202504159755805029","","HACKETT, SAWYER","919 FLORIDA AVE NW","APT 406","WASHINGTON","DC","200015046","2025-02-05","$3,000.00","DIGITAL CONSULTING","","","","","500989130",""
"C00497933","CASTRO FOR CONGRESS","H2TX35011","CASTRO, JOAQUIN","2026","H","TX","20","17","http://docquery.fec.gov/cgi-bin/fecimg/?202504159755805029","","HM CONSULTING, LTD.","114 LEXINGTON DR","","SILVER SPRING","MD","209012531","2025-01-07","$5,000.00","FUNDRAISING CONSULTING","","","","","500982875",""
"C00497933","CASTRO FOR CONGRESS","H2TX35011","CASTRO, JOAQUIN","2026","H","TX","20","17","http://docquery.fec.gov/cgi-bin/fecimg/?202504159755805030","","HM CONSULTING, LTD.","114 LEXINGTON DR","","SILVER SPRING","MD","209012531","2025-02-27","$511.68","CATERING","","","","","500989215",""
"C00497933","CASTRO FOR CONGRESS","H2TX35011","CASTRO, JOAQUIN","2026","H","TX","20","17","http://docquery.fec.gov/cgi-bin/fecimg/?202504159755805030","","HM CONSULTING, LTD.","114 LEXINGTON DR","","SILVER SPRING","MD","209012531","2025-02-27","$313.16","CATERING","","","","","500989217",""
"C00497933","CASTRO FOR CONGRESS","H2TX35011","CASTRO, JOAQUIN","2026","H","TX","20","17","http://docquery.fec.gov/cgi-bin/fecimg/?202504159755805030","","HM CONSULTING, LTD.","114 LEXINGTON DR","","SILVER SPRING","MD","209012531","2025-03-05","$5,000.00","FUNDRAISING CONSULTING","","","","","500989419",""
"C00497933","CASTRO FOR CONGRESS","H2TX35011","CASTRO, JOAQUIN","2026","H","TX","20","17","http://docquery.fec.gov/cgi-bin/fecimg/?202504159755805031","","INTUIT","2632 MARINE WAY","","MOUNTAIN VIEW","CA","940431126","2025-01-13","$105.53","ACCOUNTING SOFTWARE","","","","","500982886",""
"C00497933","CASTRO FOR CONGRESS","H2TX35011","CASTRO, JOAQUIN","2026","H","TX","20","17","http://docquery.fec.gov/cgi-bin/fecimg/?202504159755805031","","INTUIT","2632 MARINE WAY","","MOUNTAIN VIEW","CA","940431126","2025-02-02","$105.53","ACCOUNTING SOFTWARE","","","","","500989127",""
"C00497933","CASTRO FOR CONGRESS","H2TX35011","CASTRO, JOAQUIN","2026","H","TX","20","17","http://docquery.fec.gov/cgi-bin/fecimg/?202504159755805031","","INTUIT","2632 MARINE WAY","","MOUNTAIN VIEW","CA","940431126","2025-03-12","$105.53","ACCOUNTING SOFTWARE","","","","","500991059",""
"C00497933","CASTRO FOR CONGRESS","H2TX35011","CASTRO, JOAQUIN","2026","H","TX","20","17","http://docquery.fec.gov/cgi-bin/fecimg/?202504159755805032","","LONE STAR NATIONAL BANK","10000 SAN PEDRO AVE","","SAN ANTONIO","TX","782163859","2025-01-02","$15.00","BANK FEE","","","","","500982868",""
"C00497933","CASTRO FOR CONGRESS","H2TX35011","CASTRO, JOAQUIN","2026","H","TX","20","17","http://docquery.fec.gov/cgi-bin/fecimg/?202504159755805032","","LONE STAR NATIONAL BANK","10000 SAN PEDRO AVE","","SAN ANTONIO","TX","782163859","2025-01-06","$15.00","BANK FEE","","","","","500982871",""
"C00497933","CASTRO FOR CONGRESS","H2TX35011","CASTRO, JOAQUIN","2026","H","TX","20","17","http://docquery.fec.gov/cgi-bin/fecimg/?202504159755805032","","LONE STAR NATIONAL BANK","10000 SAN PEDRO AVE","","SAN ANTONIO","TX","782163859","2025-01-13","$15.00","BANK FEE","","","","","500982885",""
"C00497933","CASTRO FOR CONGRESS","H2TX35011","CASTRO, JOAQUIN","2026","H","TX","20","17","http://docquery.fec.gov/cgi-bin/fecimg/?202504159755805033","","LONE STAR NATIONAL BANK","10000 SAN PEDRO AVE","","SAN ANTONIO","TX","782163859","2025-01-21","$15.00","BANK FEE","","","","","500983884",""
"C00497933","CASTRO FOR CONGRESS","H2TX35011","CASTRO, JOAQUIN","2026","H","TX","20","17","http://docquery.fec.gov/cgi-bin/fecimg/?202504159755805033","","LONE STAR NATIONAL BANK","10000 SAN PEDRO AVE","","SAN ANTONIO","TX","782163859","2025-01-27","$15.00","BANK FEE","","","","","500984735",""
"C00497933","CASTRO FOR CONGRESS","H2TX35011","CASTRO, JOAQUIN","2026","H","TX","20","17","http://docquery.fec.gov/cgi-bin/fecimg/?202504159755805005","","ACTBLUE TECHNICAL SERVICES","366 SUMMER ST","","WEST SOMERVILLE","MA","021443132","2025-03-31","$128.52","CREDIT CARD PROCESSING FEE","","","","","500992046",""
"C00497933","CASTRO FOR CONGRESS","H2TX35011","CASTRO, JOAQUIN","2026","H","TX","20","17","http://docquery.fec.gov/cgi-bin/fecimg/?202504159755805005","","ALEJANDRO BARRAGAN","2614 ARLENE PARK","","SAN ANTONIO","TX","782512548","2025-01-06","$500.00","FUNDRAISING CONSULTING","","","","","500982872",""
"C00497933","CASTRO FOR CONGRESS","H2TX35011","CASTRO, JOAQUIN","2026","H","TX","20","17","http://docquery.fec.gov/cgi-bin/fecimg/?202504159755805006","","ALEJANDRO BARRAGAN","2614 ARLENE PARK","","SAN ANTONIO","TX","782512548","2025-02-10","$500.00","FUNDRAISING CONSULTING","","","","","500989131",""
"C00497933","CASTRO FOR CONGRESS","H2TX35011","CASTRO, JOAQUIN","2026","H","TX","20","17","http://docquery.fec.gov/cgi-bin/fecimg/?202504159755805006","","ALEJANDRO BARRAGAN","2614 ARLENE PARK","","SAN ANTONIO","TX","782512548","2025-03-11","$500.00","FUNDRAISING CONSULTING","","","","","500991060",""
"C00497933","CASTRO FOR CONGRESS","H2TX35011","CASTRO, JOAQUIN","2026","H","TX","20","17","http://docquery.fec.gov/cgi-bin/fecimg/?202504159755805006","","ALEJANDRO BARRAGAN","2614 ARLENE PARK","","SAN ANTONIO","TX","782512548","2025-03-25","$500.00","FUNDRAISING CONSULTING","","","","","500991925",""
"C00497933","CASTRO FOR CONGRESS","H2TX35011","CASTRO, JOAQUIN","2026","H","TX","20","17","http://docquery.fec.gov/cgi-bin/fecimg/?202504159755805007","","AMERICAN EXPRESS","PO BOX 650448","","DALLAS","TX","752650448","2025-01-09","$1,236.62","CREDIT CARD PAYMENT","","","","","500982877",""
"C00497933","CASTRO FOR CONGRESS","H2TX35011","CASTRO, JOAQUIN","2026","H","TX","20","17","http://docquery.fec.gov/cgi-bin/fecimg/?202504159755805007","","EXTRA SPACE","2795 E COTTONWOOD PKWY","STE 300","COTTONWOOD HEIGHTS","UT","841216928","2025-01-09","$155.00","STORAGE SERVICES","X","*","","","500989202","500982877"
"C00497933","CASTRO FOR CONGRESS","H2TX35011","CASTRO, JOAQUIN","2026","H","TX","20","17","http://docquery.fec.gov/cgi-bin/fecimg/?202504159755805007","","GOOGLE, INC.","1600 AMPHITHEATRE PKWY","","MOUNTAIN VIEW","CA","940431351","2025-01-09","$61.06","SOFTWARE","X","*","","","500989214","500982877"
"C00497933","CASTRO FOR CONGRESS","H2TX35011","CASTRO, JOAQUIN","2026","H","TX","20","17","http://docquery.fec.gov/cgi-bin/fecimg/?202504159755805008","","LYFT","548 MARKET ST","# 68514","SAN FRANCISCO","CA","941045401","2025-01-09","$14.90","TRAVEL","X","*","","","500989207","500982877"
"C00497933","CASTRO FOR CONGRESS","H2TX35011","CASTRO, JOAQUIN","2026","H","TX","20","17","http://docquery.fec.gov/cgi-bin/fecimg/?202504159755805008","","LYFT","548 MARKET ST","# 68514","SAN FRANCISCO","CA","941045401","2025-01-09","$13.74","TRAVEL","X","*","","","500989208","500982877"
"C00497933","CASTRO FOR CONGRESS","H2TX35011","CASTRO, JOAQUIN","2026","H","TX","20","17","http://docquery.fec.gov/cgi-bin/fecimg/?202504159755805008","","LYFT","548 MARKET ST","# 68514","SAN FRANCISCO","CA","941045401","2025-01-09","$21.19","TRAVEL","X","*","","","500989210","500982877"
"C00497933","CASTRO FOR CONGRESS","H2TX35011","CASTRO, JOAQUIN","2026","H","TX","20","17","http://docquery.fec.gov/cgi-bin/fecimg/?202504159755805009","","LYFT","548 MARKET ST","# 68514","SAN FRANCISCO","CA","941045401","2025-01-09","$16.56","TRAVEL","X","*","","","500989211","500982877"
"C00497933","CASTRO FOR CONGRESS","H2TX35011","CASTRO, JOAQUIN","2026","H","TX","20","17","http://docquery.fec.gov/cgi-bin/fecimg/?202504159755805009","","LYFT","548 MARKET ST","# 68514","SAN FRANCISCO","CA","941045401","2025-01-09","$3.10","TRAVEL","X","*","","","500989212","500982877"
"C00497933","CASTRO FOR CONGRESS","H2TX35011","CASTRO, JOAQUIN","2026","H","TX","20","17","http://docquery.fec.gov/cgi-bin/fecimg/?202504159755805009","","SOUTHWEST AIRLINES","1901 L ST NW","STE 640","WASHINGTON","DC","200363558","2025-01-09","$906.96","TRAVEL","X","*","","","500989206","500982877"
"C00497933","CASTRO FOR CONGRESS","H2TX35011","CASTRO, JOAQUIN","2026","H","TX","20","17","http://docquery.fec.gov/cgi-bin/fecimg/?202504159755805010","","UBER","800 MARKET ST","FL 7","SAN FRANCISCO","CA","941023034","2025-01-09","$12.11","TRAVEL","X","*","","","500989205","500982877"
"C00497933","CASTRO FOR CONGRESS","H2TX35011","CASTRO, JOAQUIN","2026","H","TX","20","17","http://docquery.fec.gov/cgi-bin/fecimg/?202504159755805010","","UNITED AIRLINES","77 W WACKER DR","","CHICAGO","IL","606011604","2025-01-09","$8.00","TRAVEL","X","*","","","500989203","500982877"
"C00497933","CASTRO FOR CONGRESS","H2TX35011","CASTRO, JOAQUIN","2026","H","TX","20","17","http://docquery.fec.gov/cgi-bin/fecimg/?202504159755805010","","UNITED AIRLINES","77 W WACKER DR","","CHICAGO","IL","606011604","2025-01-09","$8.00","TRAVEL","X","*","","","500989204","500982877"
"C00497933","CASTRO FOR CONGRESS","H2TX35011","CASTRO, JOAQUIN","2026","H","TX","20","17","http://docquery.fec.gov/cgi-bin/fecimg/?202504159755805011","","UNITED AIRLINES","77 W WACKER DR","","CHICAGO","IL","606011604","2025-01-09","$8.00","TRAVEL","X","*","","","500989209","500982877"
"C00497933","CASTRO FOR CONGRESS","H2TX35011","CASTRO, JOAQUIN","2026","H","TX","20","17","http://docquery.fec.gov/cgi-bin/fecimg/?202504159755805011","","UNITED AIRLINES","77 W WACKER DR","","CHICAGO","IL","606011604","2025-01-09","$8.00","TRAVEL","X","*","","","500989213","500982877"
"C00497933","CASTRO FOR CONGRESS","H2TX35011","CASTRO, JOAQUIN","2026","H","TX","20","17","http://docquery.fec.gov/cgi-bin/fecimg/?202504159755805011","","AMERICAN EXPRESS","PO BOX 650448","","DALLAS","TX","752650448","2025-02-12","$989.62","CREDIT CARD PAYMENT","","","","","500989046",""
"C00497933","CASTRO FOR CONGRESS","H2TX35011","CASTRO, JOAQUIN","2026","H","TX","20","17","http://docquery.fec.gov/cgi-bin/fecimg/?202504159755805012","","EXTRA SPACE","2795 E COTTONWOOD PKWY","STE 300","COTTONWOOD HEIGHTS","UT","841216928","2025-02-12","$155.00","STORAGE SERVICES","X","*","","","500989050","500989046"
"C00497933","CASTRO FOR CONGRESS","H2TX35011","CASTRO, JOAQUIN","2026","H","TX","20","17","http://docquery.fec.gov/cgi-bin/fecimg/?202504159755805012","","GOOGLE, INC.","1600 AMPHITHEATRE PKWY","","MOUNTAIN VIEW","CA","940431351","2025-02-12","$61.06","SOFTWARE","X","*","","","500989055","500989046"
"C00497933","CASTRO FOR CONGRESS","H2TX35011","CASTRO, JOAQUIN","2026","H","TX","20","17","http://docquery.fec.gov/cgi-bin/fecimg/?202504159755805012","","LA TEJANA","3211 MOUNT PLEASANT ST NW","","WASHINGTON","DC","200102103","2025-02-12","$721.50","CATERING","X","*","","","500989047","500989046"
"C00497933","CASTRO FOR CONGRESS","H2TX35011","CASTRO, JOAQUIN","2026","H","TX","20","17","http://docquery.fec.gov/cgi-bin/fecimg/?202504159755805013","","LYFT","548 MARKET ST","# 68514","SAN FRANCISCO","CA","941045401","2025-02-12","$12.06","TRAVEL","X","*","","","500989048","500989046"
"C00497933","CASTRO FOR CONGRESS","H2TX35011","CASTRO, JOAQUIN","2026","H","TX","20","17","http://docquery.fec.gov/cgi-bin/fecimg/?202504159755805013","","UNITED AIRLINES","77 W WACKER DR","","CHICAGO","IL","606011604","2025-02-12","$8.00","TRAVEL","X","*","","","500989049","500989046"
"C00497933","CASTRO FOR CONGRESS","H2TX35011","CASTRO, JOAQUIN","2026","H","TX","20","17","http://docquery.fec.gov/cgi-bin/fecimg/?202504159755805013","","UNITED AIRLINES","77 W WACKER DR","","CHICAGO","IL","606011604","2025-02-12","$8.00","TRAVEL","X","*","","","500989051","500989046"
"C00497933","CASTRO FOR CONGRESS","H2TX35011","CASTRO, JOAQUIN","2026","H","TX","20","17","http://docquery.fec.gov/cgi-bin/fecimg/?202504159755805014","","UNITED AIRLINES","77 W WACKER DR","","CHICAGO","IL","606011604","2025-02-12","$8.00","TRAVEL","X","*","","","500989052","500989046"
"C00497933","CASTRO FOR CONGRESS","H2TX35011","CASTRO, JOAQUIN","2026","H","TX","20","17","http://docquery.fec.gov/cgi-bin/fecimg/?202504159755805014","","UNITED AIRLINES","77 W WACKER DR","","CHICAGO","IL","606011604","2025-02-12","$8.00","TRAVEL","X","*","","","500989053","500989046"
"C00497933","CASTRO FOR CONGRESS","H2TX35011","CASTRO, JOAQUIN","2026","H","TX","20","17","http://docquery.fec.gov/cgi-bin/fecimg/?202504159755805014","","UNITED AIRLINES","77 W WACKER DR","","CHICAGO","IL","606011604","2025-02-12","$8.00","TRAVEL","X","*","","","500989054","500989046"
"C00497933","CASTRO FOR CONGRESS","H2TX35011","CASTRO, JOAQUIN","2026","H","TX","20","17","http://docquery.fec.gov/cgi-bin/fecimg/?202504159755805033","","LONE STAR NATIONAL BANK","10000 SAN PEDRO AVE","","SAN ANTONIO","TX","782163859","2025-02-03","$15.00","BANK FEE","","","","","500986374",""
"C00497933","CASTRO FOR CONGRESS","H2TX35011","CASTRO, JOAQUIN","2026","H","TX","20","17","http://docquery.fec.gov/cgi-bin/fecimg/?202504159755805034","","LONE STAR NATIONAL BANK","10000 SAN PEDRO AVE","","SAN ANTONIO","TX","782163859","2025-02-10","$15.00","BANK FEE","","","","","500989123",""
"C00497933","CASTRO FOR CONGRESS","H2TX35011","CASTRO, JOAQUIN","2026","H","TX","20","17","http://docquery.fec.gov/cgi-bin/fecimg/?202504159755805034","","LONE STAR NATIONAL BANK","10000 SAN PEDRO AVE","","SAN ANTONIO","TX","782163859","2025-02-18","$15.00","BANK FEE","","","","","500989124",""
"C00497933","CASTRO FOR CONGRESS","H2TX35011","CASTRO, JOAQUIN","2026","H","TX","20","17","http://docquery.fec.gov/cgi-bin/fecimg/?202504159755805034","","LONE STAR NATIONAL BANK","10000 SAN PEDRO AVE","","SAN ANTONIO","TX","782163859","2025-02-24","$15.00","BANK FEE","","","","","500989125",""
"C00497933","CASTRO FOR CONGRESS","H2TX35011","CASTRO, JOAQUIN","2026","H","TX","20","17","http://docquery.fec.gov/cgi-bin/fecimg/?202504159755805035","","LONE STAR NATIONAL BANK","10000 SAN PEDRO AVE","","SAN ANTONIO","TX","782163859","2025-02-28","$3.00","BANK FEE","","","","","500989425",""
"C00497933","CASTRO FOR CONGRESS","H2TX35011","CASTRO, JOAQUIN","2026","H","TX","20","17","http://docquery.fec.gov/cgi-bin/fecimg/?202504159755805035","","LONE STAR NATIONAL BANK","10000 SAN PEDRO AVE","","SAN ANTONIO","TX","782163859","2025-03-03","$15.00","BANK FEE","","","","","500989424",""
"C00497933","CASTRO FOR CONGRESS","H2TX35011","CASTRO, JOAQUIN","2026","H","TX","20","17","http://docquery.fec.gov/cgi-bin/fecimg/?202504159755805035","","LONE STAR NATIONAL BANK","10000 SAN PEDRO AVE","","SAN ANTONIO","TX","782163859","2025-03-11","$15.00","BANK FEE","","","","","500991061",""
"C00497933","CASTRO FOR CONGRESS","H2TX35011","CASTRO, JOAQUIN","2026","H","TX","20","17","http://docquery.fec.gov/cgi-bin/fecimg/?202504159755805015","","AMERICAN EXPRESS","PO BOX 650448","","DALLAS","TX","752650448","2025-03-07","$2,172.82","CREDIT CARD PAYMENT","","","","","500991062",""
"C00497933","CASTRO FOR CONGRESS","H2TX35011","CASTRO, JOAQUIN","2026","H","TX","20","17","http://docquery.fec.gov/cgi-bin/fecimg/?202504159755805015","","CHIPOTLE","208 N MARKET ST","","DALLAS","TX","752023206","2025-03-07","$34.32","MEALS","X","*","","","500992037","500991062"
"C00497933","CASTRO FOR CONGRESS","H2TX35011","CASTRO, JOAQUIN","2026","H","TX","20","17","http://docquery.fec.gov/cgi-bin/fecimg/?202504159755805015","","DELTA AIRLINES","PO BOX 20706","","ATLANTA","GA","303206001","2025-03-07","$859.96","TRAVEL","X","*","","","500992027","500991062"
"C00497933","CASTRO FOR CONGRESS","H2TX35011","CASTRO, JOAQUIN","2026","H","TX","20","17","http://docquery.fec.gov/cgi-bin/fecimg/?202504159755805016","","EXTRA SPACE","2795 E COTTONWOOD PKWY","STE 300","COTTONWOOD HEIGHTS","UT","841216928","2025-03-07","$155.00","STORAGE SERVICES","X","*","","","500992029","500991062"
"C00497933","CASTRO FOR CONGRESS","H2TX35011","CASTRO, JOAQUIN","2026","H","TX","20","17","http://docquery.fec.gov/cgi-bin/fecimg/?202504159755805016","","GOOGLE, INC.","1600 AMPHITHEATRE PKWY","","MOUNTAIN VIEW","CA","940431351","2025-03-07","$61.06","SOFTWARE","X","*","","","500992035","500991062"
"C00497933","CASTRO FOR CONGRESS","H2TX35011","CASTRO, JOAQUIN","2026","H","TX","20","17","http://docquery.fec.gov/cgi-bin/fecimg/?202504159755805016","","LYFT","548 MARKET ST","# 68514","SAN FRANCISCO","CA","941045401","2025-03-07","$60.99","TRAVEL","X","*","","","500992016","500991062"
"C00497933","CASTRO FOR CONGRESS","H2TX35011","CASTRO, JOAQUIN","2026","H","TX","20","17","http://docquery.fec.gov/cgi-bin/fecimg/?202504159755805017","","LYFT","548 MARKET ST","# 68514","SAN FRANCISCO","CA","941045401","2025-03-07","$2.00","TRAVEL","X","*","","","500992017","500991062"
"C00497933","CASTRO FOR CONGRESS","H2TX35011","CASTRO, JOAQUIN","2026","H","TX","20","17","http://docquery.fec.gov/cgi-bin/fecimg/?202504159755805017","","LYFT","548 MARKET ST","# 68514","SAN FRANCISCO","CA","941045401","2025-03-07","$7.68","TRAVEL","X","*","","","500992018","500991062"
"C00497933","CASTRO FOR CONGRESS","H2TX35011","CASTRO, JOAQUIN","2026","H","TX","20","17","http://docquery.fec.gov/cgi-bin/fecimg/?202504159755805017","","LYFT","548 MARKET ST","# 68514","SAN FRANCISCO","CA","941045401","2025-03-07","$27.08","TRAVEL","X","*","","","500992020","500991062"
"C00497933","CASTRO FOR CONGRESS","H2TX35011","CASTRO, JOAQUIN","2026","H","TX","20","17","http://docquery.fec.gov/cgi-bin/fecimg/?202504159755805036","","LONE STAR NATIONAL BANK","10000 SAN PEDRO AVE","","SAN ANTONIO","TX","782163859","2025-03-17","$15.00","BANK FEE","","","","","500991932",""
"C00497933","CASTRO FOR CONGRESS","H2TX35011","CASTRO, JOAQUIN","2026","H","TX","20","17","http://docquery.fec.gov/cgi-bin/fecimg/?202504159755805036","","LONE STAR NATIONAL BANK","10000 SAN PEDRO AVE","","SAN ANTONIO","TX","782163859","2025-03-24","$15.00","BANK FEE","","","","","500991930",""
"C00497933","CASTRO FOR CONGRESS","H2TX35011","CASTRO, JOAQUIN","2026","H","TX","20","17","http://docquery.fec.gov/cgi-bin/fecimg/?202504159755805036","","LONE STAR NATIONAL BANK","10000 SAN PEDRO AVE","","SAN ANTONIO","TX","782163859","2025-03-31","$15.00","BANK FEE","","","","","500992165",""
"C00497933","CASTRO FOR CONGRESS","H2TX35011","CASTRO, JOAQUIN","2026","H","TX","20","17","http://docquery.fec.gov/cgi-bin/fecimg/?202504159755805037","","NEW BLUE INTERACTIVE, LLC","5138 NEWPORT AVE","","BETHESDA","MD","208163025","2025-01-08","$1,502.50","ONLINE FUNDRAISING CONSULTING","","","","","500982876",""
"C00497933","CASTRO FOR CONGRESS","H2TX35011","CASTRO, JOAQUIN","2026","H","TX","20","17","http://docquery.fec.gov/cgi-bin/fecimg/?202504159755805037","","NGP VAN, INC.","PO BOX 392264","","PITTSBURGH","PA","152519264","2025-03-21","$6,883.71","DATABASE SERVICES","","","","","500991931",""
"C00497933","CASTRO FOR CONGRESS","H2TX35011","CASTRO, JOAQUIN","2026","H","TX","20","17","http://docquery.fec.gov/cgi-bin/fecimg/?202504159755805037","","O&A HOLDINGS","14309 BROOK HOLLOW BLVD","","SAN ANTONIO","TX","782323805","2025-02-05","$378.88","BOOKKEEPING SERVICES","","","","","500989132",""
"C00497933","CASTRO FOR CONGRESS","H2TX35011","CASTRO, JOAQUIN","2026","H","TX","20","17","http://docquery.fec.gov/cgi-bin/fecimg/?202504159755805038","","O&A HOLDINGS","14309 BROOK HOLLOW BLVD","","SAN ANTONIO","TX","782323805","2025-02-27","$378.88","BOOKKEEPING SERVICES","","","","","500989216",""
"C00497933","CASTRO FOR CONGRESS","H2TX35011","CASTRO, JOAQUIN","2026","H","TX","20","17","http://docquery.fec.gov/cgi-bin/fecimg/?202504159755805038","","VELASQUEZ, ALEXIS G.","14318 BEN BRUSH ST","","SAN ANTONIO","TX","782481103","2025-01-31","$58.63","WEB HOSTING","","","","","500986373",""
"C00497933","CASTRO FOR CONGRESS","H2TX35011","CASTRO, JOAQUIN","2026","H","TX","20","17","http://docquery.fec.gov/cgi-bin/fecimg/?202504159755805038","","VELASQUEZ, ALEXIS G.","14318 BEN BRUSH ST","","SAN ANTONIO","TX","782481103","2025-02-28","$58.63","WEB HOSTING","","","","","500989218",""
"C00497933","CASTRO FOR CONGRESS","H2TX35011","CASTRO, JOAQUIN","2026","H","TX","20","17","http://docquery.fec.gov/cgi-bin/fecimg/?202507159763436693","","UNITED AIRLINES","77 W WACKER DR","","CHICAGO","IL","606011604","2025-06-10","$8.00","TRAVEL","X","*","","","501004609","501004125"
"C00497933","CASTRO FOR CONGRESS","H2TX35011","CASTRO, JOAQUIN","2026","H","TX","20","17","http://docquery.fec.gov/cgi-bin/fecimg/?202507159763436678","","AMERICAN AIRLINES","4333 AMON CARTER BLVD","","FORT WORTH","TX","761552605","2025-05-08","$20.00","TRAVEL","X","*","","","501004643","501000617"
"C00497933","CASTRO FOR CONGRESS","H2TX35011","CASTRO, JOAQUIN","2026","H","TX","20","17","http://docquery.fec.gov/cgi-bin/fecimg/?202507159763436678","","AMERICAN AIRLINES","4333 AMON CARTER BLVD","","FORT WORTH","TX","761552605","2025-05-08","$15.00","TRAVEL","X","*","","","501004644","501000617"
"C00497933","CASTRO FOR CONGRESS","H2TX35011","CASTRO, JOAQUIN","2026","H","TX","20","17","http://docquery.fec.gov/cgi-bin/fecimg/?202507159763436679","","CHEVRON","909 W HILDEBRAND AVE","","SAN ANTONIO","TX","782014607","2025-05-08","$64.64","TRAVEL","X","*","","","501004647","501000617"
"C00497933","CASTRO FOR CONGRESS","H2TX35011","CASTRO, JOAQUIN","2026","H","TX","20","17","http://docquery.fec.gov/cgi-bin/fecimg/?202507159763436679","","CVS","9140 GUILBEAU RD","","SAN ANTONIO","TX","782503080","2025-05-08","$18.39","MEALS","X","*","","","501005628","501000617"
"C00497933","CASTRO FOR CONGRESS","H2TX35011","CASTRO, JOAQUIN","2026","H","TX","20","17","http://docquery.fec.gov/cgi-bin/fecimg/?202507159763436679","","EXTRA SPACE","2795 E COTTONWOOD PKWY","STE 300","COTTONWOOD HEIGHTS","UT","841216928","2025-05-08","$155.00","STORAGE SERVICES","X","*","","","501004633","501000617"
"C00497933","CASTRO FOR CONGRESS","H2TX35011","CASTRO, JOAQUIN","2026","H","TX","20","17","http://docquery.fec.gov/cgi-bin/fecimg/?202507159763436680","","GOOGLE, INC.","1600 AMPHITHEATRE PKWY","","MOUNTAIN VIEW","CA","940431351","2025-05-08","$61.06","SOFTWARE","X","*","","","501004632","501000617"
"C00497933","CASTRO FOR CONGRESS","H2TX35011","CASTRO, JOAQUIN","2026","H","TX","20","17","http://docquery.fec.gov/cgi-bin/fecimg/?202507159763436680","","HUNAN DYNASTY","215 PENNSYLVANIA AVE SE","","WASHINGTON","DC","200031155","2025-05-08","$93.80","MEALS","X","*","","","501004641","501000617"
"C00497933","CASTRO FOR CONGRESS","H2TX35011","CASTRO, JOAQUIN","2026","H","TX","20","17","http://docquery.fec.gov/cgi-bin/fecimg/?202507159763436680","","LAZ PARKING","508 BRAZOS ST","","AUSTIN","TX","787013606","2025-05-08","$10.83","PARKING","X","*","","","501004634","501000617"
"C00497933","CASTRO FOR CONGRESS","H2TX35011","CASTRO, JOAQUIN","2026","H","TX","20","17","http://docquery.fec.gov/cgi-bin/fecimg/?202507159763436681","","LYFT","548 MARKET ST","# 68514","SAN FRANCISCO","CA","941045401","2025-05-08","$36.96","TRAVEL","X","*","","","501004629","501000617"
"C00497933","CASTRO FOR CONGRESS","H2TX35011","CASTRO, JOAQUIN","2026","H","TX","20","17","http://docquery.fec.gov/cgi-bin/fecimg/?202507159763436681","","LYFT","548 MARKET ST","# 68514","SAN FRANCISCO","CA","941045401","2025-05-08","$5.54","TRAVEL","X","*","","","501004630","501000617"
"C00497933","CASTRO FOR CONGRESS","H2TX35011","CASTRO, JOAQUIN","2026","H","TX","20","17","http://docquery.fec.gov/cgi-bin/fecimg/?202507159763436681","","LYFT","548 MARKET ST","# 68514","SAN FRANCISCO","CA","941045401","2025-05-08","$24.88","TRAVEL","X","*","","","501004631","501000617"
"C00497933","CASTRO FOR CONGRESS","H2TX35011","CASTRO, JOAQUIN","2026","H","TX","20","17","http://docquery.fec.gov/cgi-bin/fecimg/?202507159763436693","","UNITED AIRLINES","77 W WACKER DR","","CHICAGO","IL","606011604","2025-06-10","$8.00","TRAVEL","X","*","","","501004610","501004125"
"C00497933","CASTRO FOR CONGRESS","H2TX35011","CASTRO, JOAQUIN","2026","H","TX","20","17","http://docquery.fec.gov/cgi-bin/fecimg/?202507159763436694","","UNITED AIRLINES","77 W WACKER DR","","CHICAGO","IL","606011604","2025-06-10","$8.00","TRAVEL","X","*","","","501004611","501004125"
"C00497933","CASTRO FOR CONGRESS","H2TX35011","CASTRO, JOAQUIN","2026","H","TX","20","17","http://docquery.fec.gov/cgi-bin/fecimg/?202507159763436694","","UNITED AIRLINES","77 W WACKER DR","","CHICAGO","IL","606011604","2025-06-10","$1,244.97","TRAVEL","X","*","","","501004612","501004125"
"C00497933","CASTRO FOR CONGRESS","H2TX35011","CASTRO, JOAQUIN","2026","H","TX","20","17","http://docquery.fec.gov/cgi-bin/fecimg/?202507159763436694","","UNITED AIRLINES","77 W WACKER DR","","CHICAGO","IL","606011604","2025-06-10","$8.00","TRAVEL","X","*","","","501004624","501004125"
"C00497933","CASTRO FOR CONGRESS","H2TX35011","CASTRO, JOAQUIN","2026","H","TX","20","17","http://docquery.fec.gov/cgi-bin/fecimg/?202507159763436695","","BEE COMPLIANCE LLC","611 PENNSYLVANIA AVE SE","# 192","WASHINGTON","DC","200034303","2025-04-14","$2,500.00","COMPLIANCE CONSULTING","","","","","500996657",""
"C00497933","CASTRO FOR CONGRESS","H2TX35011","CASTRO, JOAQUIN","2026","H","TX","20","17","http://docquery.fec.gov/cgi-bin/fecimg/?202507159763436695","","BEE COMPLIANCE LLC","611 PENNSYLVANIA AVE SE","# 192","WASHINGTON","DC","200034303","2025-06-04","$2,500.00","COMPLIANCE CONSULTING","","","","","501004114",""
"C00497933","CASTRO FOR CONGRESS","H2TX35011","CASTRO, JOAQUIN","2026","H","TX","20","17","http://docquery.fec.gov/cgi-bin/fecimg/?202507159763436695","","BEE COMPLIANCE LLC","611 PENNSYLVANIA AVE SE","# 192","WASHINGTON","DC","200034303","2025-06-04","$2,500.00","COMPLIANCE CONSULTING","","","","","501004115",""
"C00497933","CASTRO FOR CONGRESS","H2TX35011","CASTRO, JOAQUIN","2026","H","TX","20","17","http://docquery.fec.gov/cgi-bin/fecimg/?202507159763436696","","FIRST DATA USA","5565 GLENRIDGE CONNECTOR NE","STE 2000","ATLANTA","GA","303421651","2025-04-03","$19.95","CREDIT CARD PROCESSING FEE","","","","","500996678",""
"C00497933","CASTRO FOR CONGRESS","H2TX35011","CASTRO, JOAQUIN","2026","H","TX","20","17","http://docquery.fec.gov/cgi-bin/fecimg/?202507159763436696","","FIRST DATA USA","5565 GLENRIDGE CONNECTOR NE","STE 2000","ATLANTA","GA","303421651","2025-04-03","$54.95","CREDIT CARD PROCESSING FEE","","","","","500996679",""
"C00497933","CASTRO FOR CONGRESS","H2TX35011","CASTRO, JOAQUIN","2026","H","TX","20","17","http://docquery.fec.gov/cgi-bin/fecimg/?202507159763436696","","FIRST DATA USA","5565 GLENRIDGE CONNECTOR NE","STE 2000","ATLANTA","GA","303421651","2025-05-05","$54.95","CREDIT CARD PROCESSING FEE","","","","","501000611",""
"C00497933","CASTRO FOR CONGRESS","H2TX35011","CASTRO, JOAQUIN","2026","H","TX","20","17","http://docquery.fec.gov/cgi-bin/fecimg/?202507159763436697","","FIRST DATA USA","5565 GLENRIDGE CONNECTOR NE","STE 2000","ATLANTA","GA","303421651","2025-05-05","$19.95","CREDIT CARD PROCESSING FEE","","","","","501000612",""
"C00497933","CASTRO FOR CONGRESS","H2TX35011","CASTRO, JOAQUIN","2026","H","TX","20","17","http://docquery.fec.gov/cgi-bin/fecimg/?202507159763436661","","ACTBLUE TECHNICAL SERVICES","366 SUMMER ST","","WEST SOMERVILLE","MA","021443132","2025-04-20","$9.94","CREDIT CARD PROCESSING FEE","","","","","500996976",""
"C00497933","CASTRO FOR CONGRESS","H2TX35011","CASTRO, JOAQUIN","2026","H","TX","20","17","http://docquery.fec.gov/cgi-bin/fecimg/?202507159763436662","","ACTBLUE TECHNICAL SERVICES","366 SUMMER ST","","WEST SOMERVILLE","MA","021443132","2025-04-27","$531.52","CREDIT CARD PROCESSING FEE","","","","","500997238",""
"C00497933","CASTRO FOR CONGRESS","H2TX35011","CASTRO, JOAQUIN","2026","H","TX","20","17","http://docquery.fec.gov/cgi-bin/fecimg/?202507159763436662","","ACTBLUE TECHNICAL SERVICES","366 SUMMER ST","","WEST SOMERVILLE","MA","021443132","2025-05-04","$11.82","CREDIT CARD PROCESSING FEE","","","","","500997418",""
"C00497933","CASTRO FOR CONGRESS","H2TX35011","CASTRO, JOAQUIN","2026","H","TX","20","17","http://docquery.fec.gov/cgi-bin/fecimg/?202507159763436662","","ACTBLUE TECHNICAL SERVICES","366 SUMMER ST","","WEST SOMERVILLE","MA","021443132","2025-05-11","$45.12","CREDIT CARD PROCESSING FEE","","","","","500997889",""
"C00497933","CASTRO FOR CONGRESS","H2TX35011","CASTRO, JOAQUIN","2026","H","TX","20","17","http://docquery.fec.gov/cgi-bin/fecimg/?202507159763436663","","ACTBLUE TECHNICAL SERVICES","366 SUMMER ST","","WEST SOMERVILLE","MA","021443132","2025-05-18","$95.74","CREDIT CARD PROCESSING FEE","","","","","501000053",""
"C00497933","CASTRO FOR CONGRESS","H2TX35011","CASTRO, JOAQUIN","2026","H","TX","20","17","http://docquery.fec.gov/cgi-bin/fecimg/?202507159763436663","","ACTBLUE TECHNICAL SERVICES","366 SUMMER ST","","WEST SOMERVILLE","MA","021443132","2025-05-25","$21.79","CREDIT CARD PROCESSING FEE","","","","","501000665",""
"C00497933","CASTRO FOR CONGRESS","H2TX35011","CASTRO, JOAQUIN","2026","H","TX","20","17","http://docquery.fec.gov/cgi-bin/fecimg/?202507159763436673","","LANSDOWNE RESORT","44050 WOODRIDGE PKWY","","LEESBURG","VA","201765103","2025-04-07","$2,200.00","EVENT ENTRY & LODGING","X","*","","","501004678","500996659"
"C00497933","CASTRO FOR CONGRESS","H2TX35011","CASTRO, JOAQUIN","2026","H","TX","20","17","http://docquery.fec.gov/cgi-bin/fecimg/?202507159763436673","","LYFT","548 MARKET ST","# 68514","SAN FRANCISCO","CA","941045401","2025-04-07","$130.63","TRAVEL","X","*","","","501004663","500996659"
"C00497933","CASTRO FOR CONGRESS","H2TX35011","CASTRO, JOAQUIN","2026","H","TX","20","17","http://docquery.fec.gov/cgi-bin/fecimg/?202507159763436674","","LYFT","548 MARKET ST","# 68514","SAN FRANCISCO","CA","941045401","2025-04-07","$26.43","TRAVEL","X","*","","","501004665","500996659"
"C00497933","CASTRO FOR CONGRESS","H2TX35011","CASTRO, JOAQUIN","2026","H","TX","20","17","http://docquery.fec.gov/cgi-bin/fecimg/?202507159763436674","","LYFT","548 MARKET ST","# 68514","SAN FRANCISCO","CA","941045401","2025-04-07","$22.82","TRAVEL","X","*","","","501004666","500996659"
"C00497933","CASTRO FOR CONGRESS","H2TX35011","CASTRO, JOAQUIN","2026","H","TX","20","17","http://docquery.fec.gov/cgi-bin/fecimg/?202507159763436674","","LYFT","548 MARKET ST","# 68514","SAN FRANCISCO","CA","941045401","2025-04-07","$91.27","TRAVEL","X","*","","","501004668","500996659"
"C00497933","CASTRO FOR CONGRESS","H2TX35011","CASTRO, JOAQUIN","2026","H","TX","20","17","http://docquery.fec.gov/cgi-bin/fecimg/?202507159763436661","","ACTBLUE TECHNICAL SERVICES","366 SUMMER ST","","WEST SOMERVILLE","MA","021443132","2025-04-06","$9.21","CREDIT CARD PROCESSING FEE","","","","","500992701",""
"C00497933","CASTRO FOR CONGRESS","H2TX35011","CASTRO, JOAQUIN","2026","H","TX","20","17","http://docquery.fec.gov/cgi-bin/fecimg/?202507159763436661","","ACTBLUE TECHNICAL SERVICES","366 SUMMER ST","","WEST SOMERVILLE","MA","021443132","2025-04-13","$15.59","CREDIT CARD PROCESSING FEE","","","","","500995027",""
"C00497933","CASTRO FOR CONGRESS","H2TX35011","CASTRO, JOAQUIN","2026","H","TX","20","17","http://docquery.fec.gov/cgi-bin/fecimg/?202507159763436675","","LYFT","548 MARKET ST","# 68514","SAN FRANCISCO","CA","941045401","2025-04-07","$7.45","TRAVEL","X","*","","","501004670","500996659"
"C00497933","CASTRO FOR CONGRESS","H2TX35011","CASTRO, JOAQUIN","2026","H","TX","20","17","http://docquery.fec.gov/cgi-bin/fecimg/?202507159763436675","","LYFT","548 MARKET ST","# 68514","SAN FRANCISCO","CA","941045401","2025-04-07","$2.00","TRAVEL","X","*","","","501004671","500996659"
"C00497933","CASTRO FOR CONGRESS","H2TX35011","CASTRO, JOAQUIN","2026","H","TX","20","17","http://docquery.fec.gov/cgi-bin/fecimg/?202507159763436697","","FIRST DATA USA","5565 GLENRIDGE CONNECTOR NE","STE 2000","ATLANTA","GA","303421651","2025-06-03","$19.95","CREDIT CARD PROCESSING FEE","","","","","501004112",""
"C00497933","CASTRO FOR CONGRESS","H2TX35011","CASTRO, JOAQUIN","2026","H","TX","20","17","http://docquery.fec.gov/cgi-bin/fecimg/?202507159763436697","","FIRST DATA USA","5565 GLENRIDGE CONNECTOR NE","STE 2000","ATLANTA","GA","303421651","2025-06-03","$54.95","CREDIT CARD PROCESSING FEE","","","","","501004113",""
"C00497933","CASTRO FOR CONGRESS","H2TX35011","CASTRO, JOAQUIN","2026","H","TX","20","17","http://docquery.fec.gov/cgi-bin/fecimg/?202507159763436698","","FRAISER LLC","200 SPECTRUM CENTER DR","STE 300","IRVINE","CA","926185004","2025-06-26","$1,000.00","DIGITAL ACQUISITON","","","","","501004348",""
"C00497933","CASTRO FOR CONGRESS","H2TX35011","CASTRO, JOAQUIN","2026","H","TX","20","17","http://docquery.fec.gov/cgi-bin/fecimg/?202507159763436698","","GLIDER GROUP","PO BOX 1406","","DEL RIO","TX","788411406","2025-04-03","$3,500.00","POLITICAL MANAGEMENT CONSULTING","","","","","500996660",""
"C00497933","CASTRO FOR CONGRESS","H2TX35011","CASTRO, JOAQUIN","2026","H","TX","20","17","http://docquery.fec.gov/cgi-bin/fecimg/?202507159763436698","","GLIDER GROUP","PO BOX 1406","","DEL RIO","TX","788411406","2025-05-06","$3,691.76","POLITICAL MANAGEMENT CONSULTING","","","","","501000615",""
"C00497933","CASTRO FOR CONGRESS","H2TX35011","CASTRO, JOAQUIN","2026","H","TX","20","17","http://docquery.fec.gov/cgi-bin/fecimg/?202507159763436699","","GLIDER GROUP","PO BOX 1406","","DEL RIO","TX","788411406","2025-06-10","$6,179.06","POLITICAL MANAGEMENT CONSULTING","","","","","501004119",""
"C00497933","CASTRO FOR CONGRESS","H2TX35011","CASTRO, JOAQUIN","2026","H","TX","20","17","http://docquery.fec.gov/cgi-bin/fecimg/?202507159763436699","","GOOD FIGHT POLITICAL INC.","1310 GATES PL","","SOUTH PASADENA","CA","910303623","2025-04-07","$306.03","TEXTING SERVICES","","","","","500996669",""
"C00497933","CASTRO FOR CONGRESS","H2TX35011","CASTRO, JOAQUIN","2026","H","TX","20","17","http://docquery.fec.gov/cgi-bin/fecimg/?202507159763436699","","GOOD FIGHT POLITICAL INC.","1310 GATES PL","","SOUTH PASADENA","CA","910303623","2025-04-18","$221.00","TEXTING SERVICES","","","","","500997037",""
"C00497933","CASTRO FOR CONGRESS","H2TX35011","CASTRO, JOAQUIN","2026","H","TX","20","17","http://docquery.fec.gov/cgi-bin/fecimg/?202507159763436700","","GOOD FIGHT POLITICAL INC.","1310 GATES PL","","SOUTH PASADENA","CA","910303623","2025-05-05","$135.00","TEXTING SERVICES","","","","","501000613",""
"C00497933","CASTRO FOR CONGRESS","H2TX35011","CASTRO, JOAQUIN","2026","H","TX","20","17","http://docquery.fec.gov/cgi-bin/fecimg/?202507159763436700","","GRASSROOTS ANALYTICS, INC.","806 7TH ST NW","STE 3","WASHINGTON","DC","200013868","2025-05-22","$1,000.00","DIGITAL ACQUISITION","","","","","501000619",""
"C00497933","CASTRO FOR CONGRESS","H2TX35011","CASTRO, JOAQUIN","2026","H","TX","20","17","http://docquery.fec.gov/cgi-bin/fecimg/?202507159763436700","","HACKETT, SAWYER","919 FLORIDA AVE NW","APT 406","WASHINGTON","DC","200015046","2025-04-02","$3,000.00","DIGITAL CONSULTING","","","","","500996674",""
"C00497933","CASTRO FOR CONGRESS","H2TX35011","CASTRO, JOAQUIN","2026","H","TX","20","17","http://docquery.fec.gov/cgi-bin/fecimg/?202507159763436701","","HACKETT, SAWYER","919 FLORIDA AVE NW","APT 406","WASHINGTON","DC","200015046","2025-05-01","$3,000.00","DIGITAL CONSULTING","","","","","500997433",""
"C00497933","CASTRO FOR CONGRESS","H2TX35011","CASTRO, JOAQUIN","2026","H","TX","20","17","http://docquery.fec.gov/cgi-bin/fecimg/?202507159763436701","","HACKETT, SAWYER","919 FLORIDA AVE NW","APT 406","WASHINGTON","DC","200015046","2025-06-05","$3,000.00","DIGITAL CONSULTING","","","","","501004116",""
"C00497933","CASTRO FOR CONGRESS","H2TX35011","CASTRO, JOAQUIN","2026","H","TX","20","17","http://docquery.fec.gov/cgi-bin/fecimg/?202507159763436701","","HM CONSULTING, LTD.","114 LEXINGTON DR","","SILVER SPRING","MD","209012531","2025-04-02","$5,000.00","FUNDRAISING CONSULTING","","","","","500996675",""
"C00497933","CASTRO FOR CONGRESS","H2TX35011","CASTRO, JOAQUIN","2026","H","TX","20","17","http://docquery.fec.gov/cgi-bin/fecimg/?202507159763436675","","LYFT","548 MARKET ST","# 68514","SAN FRANCISCO","CA","941045401","2025-04-07","$15.59","TRAVEL","X","*","","","501004673","500996659"
"C00497933","CASTRO FOR CONGRESS","H2TX35011","CASTRO, JOAQUIN","2026","H","TX","20","17","http://docquery.fec.gov/cgi-bin/fecimg/?202507159763436676","","NATIONAL CAR RENTAL ARLINGTON","2500 NATIONAL AVENUE PARKING 1","","ARLINGTON","VA","22202","2025-04-07","$6.00","TRAVEL","X","*","","","501004689","500996659"
"C00497933","CASTRO FOR CONGRESS","H2TX35011","CASTRO, JOAQUIN","2026","H","TX","20","17","http://docquery.fec.gov/cgi-bin/fecimg/?202507159763436676","","SOUTHWEST AIRLINES","1901 L ST NW","STE 640","WASHINGTON","DC","200363558","2025-04-07","$754.96","TRAVEL","X","*","","","501004684","500996659"
"C00497933","CASTRO FOR CONGRESS","H2TX35011","CASTRO, JOAQUIN","2026","H","TX","20","17","http://docquery.fec.gov/cgi-bin/fecimg/?202507159763436676","","SOUTHWEST AIRLINES","1901 L ST NW","STE 640","WASHINGTON","DC","200363558","2025-04-07","$1,107.95","TRAVEL","X","*","","","501004685","500996659"
"C00497933","CASTRO FOR CONGRESS","H2TX35011","CASTRO, JOAQUIN","2026","H","TX","20","17","http://docquery.fec.gov/cgi-bin/fecimg/?202507159763436677","","TEXAS TRIAL LAWYERS ASSOCIATION GARAGE","1220 COLORADO ST","STE 500","AUSTIN","TX","787011814","2025-04-07","$30.00","PARKING","X","*","","","501004686","500996659"
"C00497933","CASTRO FOR CONGRESS","H2TX35011","CASTRO, JOAQUIN","2026","H","TX","20","17","http://docquery.fec.gov/cgi-bin/fecimg/?202507159763436677","","UNITED AIRLINES","77 W WACKER DR","","CHICAGO","IL","606011604","2025-04-07","$8.00","TRAVEL","X","*","","","501004688","500996659"
"C00497933","CASTRO FOR CONGRESS","H2TX35011","CASTRO, JOAQUIN","2026","H","TX","20","17","http://docquery.fec.gov/cgi-bin/fecimg/?202507159763436677","","AMERICAN EXPRESS","PO BOX 650448","","DALLAS","TX","752650448","2025-05-08","$2,282.46","CREDIT CARD PAYMENT","","","","","501000617",""
"C00497933","CASTRO FOR CONGRESS","H2TX35011","CASTRO, JOAQUIN","2026","H","TX","20","17","http://docquery.fec.gov/cgi-bin/fecimg/?202507159763436678","","AMERICAN AIRLINES","4333 AMON CARTER BLVD","","FORT WORTH","TX","761552605","2025-05-08","$20.00","TRAVEL","X","*","","","501004642","501000617"
"C00497933","CASTRO FOR CONGRESS","H2TX35011","CASTRO, JOAQUIN","2026","H","TX","20","17","http://docquery.fec.gov/cgi-bin/fecimg/?202507159763436666","","AMERICAN EXPRESS","PO BOX 650448","","DALLAS","TX","752650448","2025-04-07","$7,951.40","CREDIT CARD PAYMENT","","","","","500996659",""
"C00497933","CASTRO FOR CONGRESS","H2TX35011","CASTRO, JOAQUIN","2026","H","TX","20","17","http://docquery.fec.gov/cgi-bin/fecimg/?202507159763436667","","AL BIERNAT'S OAK LAWN","4217 OAK LAWN AVE","","DALLAS","TX","752192313","2025-04-07","$82.36","MEALS","X","*","","","501004687","500996659"
"C00497933","CASTRO FOR CONGRESS","H2TX35011","CASTRO, JOAQUIN","2026","H","TX","20","17","http://docquery.fec.gov/cgi-bin/fecimg/?202507159763436667","","AMERICAN AIRLINES","4333 AMON CARTER BLVD","","FORT WORTH","TX","761552605","2025-04-07","$398.48","TRAVEL","X","*","","","501004651","500996659"
"C00497933","CASTRO FOR CONGRESS","H2TX35011","CASTRO, JOAQUIN","2026","H","TX","20","17","http://docquery.fec.gov/cgi-bin/fecimg/?202507159763436667","","AMERICAN AIRLINES","4333 AMON CARTER BLVD","","FORT WORTH","TX","761552605","2025-04-07","$343.49","TRAVEL","X","*","","","501004652","500996659"
"C00497933","CASTRO FOR CONGRESS","H2TX35011","CASTRO, JOAQUIN","2026","H","TX","20","17","http://docquery.fec.gov/cgi-bin/fecimg/?202507159763436668","","AMERICAN AIRLINES","4333 AMON CARTER BLVD","","FORT WORTH","TX","761552605","2025-04-07","$343.49","TRAVEL","X","*","","","501004653","500996659"
"C00497933","CASTRO FOR CONGRESS","H2TX35011","CASTRO, JOAQUIN","2026","H","TX","20","17","http://docquery.fec.gov/cgi-bin/fecimg/?202507159763436668","","AMERICAN AIRLINES","4333 AMON CARTER BLVD","","FORT WORTH","TX","761552605","2025-04-07","$343.49","TRAVEL","X","*","","","501004654","500996659"
"C00497933","CASTRO FOR CONGRESS","H2TX35011","CASTRO, JOAQUIN","2026","H","TX","20","17","http://docquery.fec.gov/cgi-bin/fecimg/?202507159763436668","","AMERICAN AIRLINES","4333 AMON CARTER BLVD","","FORT WORTH","TX","761552605","2025-04-07","$343.49","TRAVEL","X","*","","","501004655","500996659"
"C00497933","CASTRO FOR CONGRESS","H2TX35011","CASTRO, JOAQUIN","2026","H","TX","20","17","http://docquery.fec.gov/cgi-bin/fecimg/?202507159763436669","","AMERICAN AIRLINES","4333 AMON CARTER BLVD","","FORT WORTH","TX","761552605","2025-04-07","$398.48","TRAVEL","X","*","","","501004656","500996659"
"C00497933","CASTRO FOR CONGRESS","H2TX35011","CASTRO, JOAQUIN","2026","H","TX","20","17","http://docquery.fec.gov/cgi-bin/fecimg/?202507159763436669","","AMERICAN AIRLINES","4333 AMON CARTER BLVD","","FORT WORTH","TX","761552605","2025-04-07","$398.48","TRAVEL","X","*","","","501004657","500996659"
"C00497933","CASTRO FOR CONGRESS","H2TX35011","CASTRO, JOAQUIN","2026","H","TX","20","17","http://docquery.fec.gov/cgi-bin/fecimg/?202507159763436702","","HM CONSULTING, LTD.","114 LEXINGTON DR","","SILVER SPRING","MD","209012531","2025-05-30","$10,000.00","FUNDRAISING CONSULTING","","","","","501004109",""
"C00497933","CASTRO FOR CONGRESS","H2TX35011","CASTRO, JOAQUIN","2026","H","TX","20","17","http://docquery.fec.gov/cgi-bin/fecimg/?202507159763436702","","INTUIT","2632 MARINE WAY","","MOUNTAIN VIEW","CA","940431126","2025-04-14","$105.53","ACCOUNTING SOFTWARE","","","","","500996689",""
"C00497933","CASTRO FOR CONGRESS","H2TX35011","CASTRO, JOAQUIN","2026","H","TX","20","17","http://docquery.fec.gov/cgi-bin/fecimg/?202507159763436702","","INTUIT","2632 MARINE WAY","","MOUNTAIN VIEW","CA","940431126","2025-05-12","$105.53","ACCOUNTING SOFTWARE","","","","","501000618",""
"C00497933","CASTRO FOR CONGRESS","H2TX35011","CASTRO, JOAQUIN","2026","H","TX","20","17","http://docquery.fec.gov/cgi-bin/fecimg/?202507159763436713","","UBER","800 MARKET ST","FL 7","SAN FRANCISCO","CA","941023034","2025-04-02","$50.92","TRAVEL","X","*","","","501005651","500996666"
"C00497933","CASTRO FOR CONGRESS","H2TX35011","CASTRO, JOAQUIN","2026","H","TX","20","20A","http://docquery.fec.gov/cgi-bin/fecimg/?202507159763436714","","QUINONES, KARLA","119 SARAH","","SAN ANTONIO","TX","782221910","2025-06-17","-$1,700.00","CONTRIBUTION REFUND - VOID","","","","","501003971",""
"C00497933","CASTRO FOR CONGRESS","H2TX35011","CASTRO, JOAQUIN","2026","H","TX","20","20A","http://docquery.fec.gov/cgi-bin/fecimg/?202507159763436714","","QUINONES, KARLA","119 SARAH","","SAN ANTONIO","TX","782221910","2025-06-17","-$1,700.00","CONTRIBUTION REFUND","","","","","501003972",""
"C00497933","CASTRO FOR CONGRESS","H2TX35011","CASTRO, JOAQUIN","2026","H","TX","20","21","http://docquery.fec.gov/cgi-bin/fecimg/?202507159763436715","","AMERICAN EXPRESS","PO BOX 650448","","DALLAS","TX","752650448","2025-05-08","$1,000.00","CREDIT CARD PAYMENT","","","","","501007204",""
"C00497933","CASTRO FOR CONGRESS","H2TX35011","CASTRO, JOAQUIN","2026","H","TX","20","21","http://docquery.fec.gov/cgi-bin/fecimg/?202507159763436715","","NORTHSIDE AFT COPE 2","6502 BANDERA RD","STE 202","SAN ANTONIO","TX","782381454","2025-05-08","$1,000.00","POLITICAL CONTRIBUTION","X","*","","","501004648","501007204"
"C00497933","CASTRO FOR CONGRESS","H2TX35011","CASTRO, JOAQUIN","2026","H","TX","20","21","http://docquery.fec.gov/cgi-bin/fecimg/?202507159763436715","","AMERICAN EXPRESS","PO BOX 650448","","DALLAS","TX","752650448","2025-06-10","$1,500.00","CREDIT CARD PAYMENT","","","","","501007203",""
"C00497933","CASTRO FOR CONGRESS","H2TX35011","CASTRO, JOAQUIN","2026","H","TX","20","21","http://docquery.fec.gov/cgi-bin/fecimg/?202507159763436716","","GINA ORTIZ JONES FOR SAN ANTONIO MAYOR","PO BOX 12246","","SAN ANTONIO","TX","782120246","2025-06-10","$1,000.00","POLITICAL CONTRIBUTION","X","*","","","501004618","501007203"
"C00497933","CASTRO FOR CONGRESS","H2TX35011","CASTRO, JOAQUIN","2026","H","TX","20","21","http://docquery.fec.gov/cgi-bin/fecimg/?202507159763436716","","IVALIS MEZA GONZALEZ CAMPAIGN","PO BOX 782094","","SAN ANTONIO","TX","782782094","2025-06-10","$500.00","POLITICAL CONTRIBUTION","X","*","","","501004617","501007203"
"C00497933","CASTRO FOR CONGRESS","H2TX35011","CASTRO, JOAQUIN","2026","H","TX","20","21","http://docquery.fec.gov/cgi-bin/fecimg/?202507159763436716","C00550970","EQUALITY PAC","PO BOX 15337","","WASHINGTON","DC","200030337","2025-06-04","$1,500.00","POLITICAL CONTRIBUTION","","","","","501004121",""
"C00497933","CASTRO FOR CONGRESS","H2TX35011","CASTRO, JOAQUIN","2026","H","TX","20","17","http://docquery.fec.gov/cgi-bin/fecimg/?202507159763436663","","ACTBLUE TECHNICAL SERVICES","366 SUMMER ST","","WEST SOMERVILLE","MA","021443132","2025-06-01","$47.60","CREDIT CARD PROCESSING FEE","","","","","501000852",""
"C00497933","CASTRO FOR CONGRESS","H2TX35011","CASTRO, JOAQUIN","2026","H","TX","20","17","http://docquery.fec.gov/cgi-bin/fecimg/?202507159763436664","","ACTBLUE TECHNICAL SERVICES","366 SUMMER ST","","WEST SOMERVILLE","MA","021443132","2025-06-08","$577.68","CREDIT CARD PROCESSING FEE","","","","","501002291",""
"C00497933","CASTRO FOR CONGRESS","H2TX35011","CASTRO, JOAQUIN","2026","H","TX","20","17","http://docquery.fec.gov/cgi-bin/fecimg/?202507159763436664","","ACTBLUE TECHNICAL SERVICES","366 SUMMER ST","","WEST SOMERVILLE","MA","021443132","2025-06-15","$66.38","CREDIT CARD PROCESSING FEE","","","","","501003245",""
"C00497933","CASTRO FOR CONGRESS","H2TX35011","CASTRO, JOAQUIN","2026","H","TX","20","17","http://docquery.fec.gov/cgi-bin/fecimg/?202507159763436664","","ACTBLUE TECHNICAL SERVICES","366 SUMMER ST","","WEST SOMERVILLE","MA","021443132","2025-06-22","$491.99","CREDIT CARD PROCESSING FEE","","","","","501004239",""
"C00497933","CASTRO FOR CONGRESS","H2TX35011","CASTRO, JOAQUIN","2026","H","TX","20","17","http://docquery.fec.gov/cgi-bin/fecimg/?202507159763436665","","ACTBLUE TECHNICAL SERVICES","366 SUMMER ST","","WEST SOMERVILLE","MA","021443132","2025-06-29","$266.84","CREDIT CARD PROCESSING FEE","","","","","501004474",""
"C00497933","CASTRO FOR CONGRESS","H2TX35011","CASTRO, JOAQUIN","2026","H","TX","20","17","http://docquery.fec.gov/cgi-bin/fecimg/?202507159763436665","","ACTBLUE TECHNICAL SERVICES","366 SUMMER ST","","WEST SOMERVILLE","MA","021443132","2025-06-30","$312.06","CREDIT CARD PROCESSING FEE","","","","","501004521",""
"C00497933","CASTRO FOR CONGRESS","H2TX35011","CASTRO, JOAQUIN","2026","H","TX","20","17","http://docquery.fec.gov/cgi-bin/fecimg/?202507159763436665","","ALEJANDRO BARRAGAN","2614 ARLENE PARK","","SAN ANTONIO","TX","782512548","2025-05-08","$784.45","FUNDRAISING CONSULTING","","","","","501000616",""
"C00497933","CASTRO FOR CONGRESS","H2TX35011","CASTRO, JOAQUIN","2026","H","TX","20","17","http://docquery.fec.gov/cgi-bin/fecimg/?202507159763436666","","ALEJANDRO BARRAGAN","2614 ARLENE PARK","","SAN ANTONIO","TX","782512548","2025-06-06","$500.00","FUNDRAISING CONSULTING","","","","","501004117",""
"C00497933","CASTRO FOR CONGRESS","H2TX35011","CASTRO, JOAQUIN","2026","H","TX","20","17","http://docquery.fec.gov/cgi-bin/fecimg/?202507159763436666","","ALEJANDRO BARRAGAN","2614 ARLENE PARK","","SAN ANTONIO","TX","782512548","2025-06-25","$500.00","FUNDRAISING CONSULTING","","","","","501004333",""
"C00497933","CASTRO FOR CONGRESS","H2TX35011","CASTRO, JOAQUIN","2026","H","TX","20","17","http://docquery.fec.gov/cgi-bin/fecimg/?202507159763436683","","UNITED AIRLINES","77 W WACKER DR","","CHICAGO","IL","606011604","2025-04-18","$668.36","TRAVEL","X","*","","","501004399","501000617"
"C00497933","CASTRO FOR CONGRESS","H2TX35011","CASTRO, JOAQUIN","2026","H","TX","20","17","http://docquery.fec.gov/cgi-bin/fecimg/?202507159763436683","","UNITED AIRLINES","77 W WACKER DR","","CHICAGO","IL","606011604","2025-04-18","$36.99","TRAVEL","X","*","","","501004400","501000617"
"C00497933","CASTRO FOR CONGRESS","H2TX35011","CASTRO, JOAQUIN","2026","H","TX","20","17","http://docquery.fec.gov/cgi-bin/fecimg/?202507159763436684","","UNITED AIRLINES","77 W WACKER DR","","CHICAGO","IL","606011604","2025-04-18","$17.99","TRAVEL","X","*","","","501004401","501000617"
"C00497933","CASTRO FOR CONGRESS","H2TX35011","CASTRO, JOAQUIN","2026","H","TX","20","17","http://docquery.fec.gov/cgi-bin/fecimg/?202507159763436684","","UNITED AIRLINES","77 W WACKER DR","","CHICAGO","IL","606011604","2025-04-18","$17.99","TRAVEL","X","*","","","501004402","501000617"
"C00497933","CASTRO FOR CONGRESS","H2TX35011","CASTRO, JOAQUIN","2026","H","TX","20","17","http://docquery.fec.gov/cgi-bin/fecimg/?202507159763436684","","UNITED AIRLINES","77 W WACKER DR","","CHICAGO","IL","606011604","2025-04-18","$14.99","TRAVEL","X","*","","","501004403","501000617"
"C00497933","CASTRO FOR CONGRESS","H2TX35011","CASTRO, JOAQUIN","2026","H","TX","20","17","http://docquery.fec.gov/cgi-bin/fecimg/?202507159763436685","","UNITED AIRLINES","77 W WACKER DR","","CHICAGO","IL","606011604","2025-05-08","$819.36","TRAVEL","X","*","","","501004626","501000617"
"C00497933","CASTRO FOR CONGRESS","H2TX35011","CASTRO, JOAQUIN","2026","H","TX","20","17","http://docquery.fec.gov/cgi-bin/fecimg/?202507159763436685","","UNITED AIRLINES","77 W WACKER DR","","CHICAGO","IL","606011604","2025-05-08","$8.00","TRAVEL","X","*","","","501004627","501000617"
"C00497933","CASTRO FOR CONGRESS","H2TX35011","CASTRO, JOAQUIN","2026","H","TX","20","17","http://docquery.fec.gov/cgi-bin/fecimg/?202507159763436685","","UNITED AIRLINES","77 W WACKER DR","","CHICAGO","IL","606011604","2025-05-08","$8.00","TRAVEL","X","*","","","501004628","501000617"
"C00497933","CASTRO FOR CONGRESS","H2TX35011","CASTRO, JOAQUIN","2026","H","TX","20","17","http://docquery.fec.gov/cgi-bin/fecimg/?202507159763436686","","WE, THE PIZZA","305 PENNSYLVANIA AVE SE","","WASHINGTON","DC","200031148","2025-04-05","$81.18","MEALS","X","*","","","501004404","501000617"
"C00497933","CASTRO FOR CONGRESS","H2TX35011","CASTRO, JOAQUIN","2026","H","TX","20","17","http://docquery.fec.gov/cgi-bin/fecimg/?202507159763436686","","AMERICAN EXPRESS","PO BOX 650448","","DALLAS","TX","752650448","2025-06-10","$4,728.91","CREDIT CARD PAYMENT","","","","","501004125",""
"C00497933","CASTRO FOR CONGRESS","H2TX35011","CASTRO, JOAQUIN","2026","H","TX","20","17","http://docquery.fec.gov/cgi-bin/fecimg/?202507159763436705","","LONE STAR NATIONAL BANK","10000 SAN PEDRO AVE","","SAN ANTONIO","TX","782163859","2025-05-12","$15.00","BANK FEES","","","","","501000609",""
"C00497933","CASTRO FOR CONGRESS","H2TX35011","CASTRO, JOAQUIN","2026","H","TX","20","17","http://docquery.fec.gov/cgi-bin/fecimg/?202507159763436705","","LONE STAR NATIONAL BANK","10000 SAN PEDRO AVE","","SAN ANTONIO","TX","782163859","2025-05-19","$15.00","BANK FEES","","","","","501000610",""
"C00497933","CASTRO FOR CONGRESS","H2TX35011","CASTRO, JOAQUIN","2026","H","TX","20","17","http://docquery.fec.gov/cgi-bin/fecimg/?202507159763436706","","LONE STAR NATIONAL BANK","10000 SAN PEDRO AVE","","SAN ANTONIO","TX","782163859","2025-05-27","$15.00","BANK FEES","","","","","501003974",""
"C00497933","CASTRO FOR CONGRESS","H2TX35011","CASTRO, JOAQUIN","2026","H","TX","20","17","http://docquery.fec.gov/cgi-bin/fecimg/?202507159763436706","","LONE STAR NATIONAL BANK","10000 SAN PEDRO AVE","","SAN ANTONIO","TX","782163859","2025-06-02","$15.00","BANK FEES","","","","","501004111",""
"C00497933","CASTRO FOR CONGRESS","H2TX35011","CASTRO, JOAQUIN","2026","H","TX","20","17","http://docquery.fec.gov/cgi-bin/fecimg/?202507159763436706","","LONE STAR NATIONAL BANK","10000 SAN PEDRO AVE","","SAN ANTONIO","TX","782163859","2025-06-09","$15.00","BANK FEES","","","","","501004118",""
"C00497933","CASTRO FOR CONGRESS","H2TX35011","CASTRO, JOAQUIN","2026","H","TX","20","17","http://docquery.fec.gov/cgi-bin/fecimg/?202507159763436707","","LONE STAR NATIONAL BANK","10000 SAN PEDRO AVE","","SAN ANTONIO","TX","782163859","2025-06-16","$15.00","BANK FEES","","","","","501004123",""
"C00497933","CASTRO FOR CONGRESS","H2TX35011","CASTRO, JOAQUIN","2026","H","TX","20","17","http://docquery.fec.gov/cgi-bin/fecimg/?202507159763436707","","LONE STAR NATIONAL BANK","10000 SAN PEDRO AVE","","SAN ANTONIO","TX","782163859","2025-06-17","$35.00","BANK FEES","","","","","501004124",""
"C00497933","CASTRO FOR CONGRESS","H2TX35011","CASTRO, JOAQUIN","2026","H","TX","20","17","http://docquery.fec.gov/cgi-bin/fecimg/?202507159763436707","","LONE STAR NATIONAL BANK","10000 SAN PEDRO AVE","","SAN ANTONIO","TX","782163859","2025-06-23","$15.00","BANK FEES","","","","","501004332",""
"C00497933","CASTRO FOR CONGRESS","H2TX35011","CASTRO, JOAQUIN","2026","H","TX","20","17","http://docquery.fec.gov/cgi-bin/fecimg/?202507159763436708","","LONE STAR NATIONAL BANK","10000 SAN PEDRO AVE","","SAN ANTONIO","TX","782163859","2025-06-30","$15.00","BANK FEES","","","","","501004522",""
"C00497933","CASTRO FOR CONGRESS","H2TX35011","CASTRO, JOAQUIN","2026","H","TX","20","17","http://docquery.fec.gov/cgi-bin/fecimg/?202507159763436708","","NGP VAN, INC.","PO BOX 392264","","PITTSBURGH","PA","152519264","2025-04-04","$6,883.71","DATABASE SERVICES","","","","","500996658",""
"C00497933","CASTRO FOR CONGRESS","H2TX35011","CASTRO, JOAQUIN","2026","H","TX","20","17","http://docquery.fec.gov/cgi-bin/fecimg/?202507159763436708","","O&A HOLDINGS","14309 BROOK HOLLOW BLVD","","SAN ANTONIO","TX","782323805","2025-04-02","$378.88","BOOKKEEPING SERVICES","","","","","500996662",""
"C00497933","CASTRO FOR CONGRESS","H2TX35011","CASTRO, JOAQUIN","2026","H","TX","20","17","http://docquery.fec.gov/cgi-bin/fecimg/?202507159763436709","","O&A HOLDINGS","14309 BROOK HOLLOW BLVD","","SAN ANTONIO","TX","782323805","2025-05-05","$378.88","BOOKKEEPING SERVICES","","","","","501000614",""
"C00497933","CASTRO FOR CONGRESS","H2TX35011","CASTRO, JOAQUIN","2026","H","TX","20","17","http://docquery.fec.gov/cgi-bin/fecimg/?202507159763436709","","O&A HOLDINGS","14309 BROOK HOLLOW BLVD","","SAN ANTONIO","TX","782323805","2025-05-30","$378.88","BOOKKEEPING SERVICES","","","","","501004110",""
"C00497933","CASTRO FOR CONGRESS","H2TX35011","CASTRO, JOAQUIN","2026","H","TX","20","17","http://docquery.fec.gov/cgi-bin/fecimg/?202507159763436669","","AMERICAN AIRLINES","4333 AMON CARTER BLVD","","FORT WORTH","TX","761552605","2025-04-07","$14.00","TRAVEL","X","*","","","501004659","500996659"
"C00497933","CASTRO FOR CONGRESS","H2TX35011","CASTRO, JOAQUIN","2026","H","TX","20","17","http://docquery.fec.gov/cgi-bin/fecimg/?202507159763436670","","AMERICAN AIRLINES","4333 AMON CARTER BLVD","","FORT WORTH","TX","761552605","2025-04-07","$85.00","TRAVEL","X","*","","","501004660","500996659"
"C00497933","CASTRO FOR CONGRESS","H2TX35011","CASTRO, JOAQUIN","2026","H","TX","20","17","http://docquery.fec.gov/cgi-bin/fecimg/?202507159763436670","","AMERICAN AIRLINES","4333 AMON CARTER BLVD","","FORT WORTH","TX","761552605","2025-04-07","$24.00","TRAVEL","X","*","","","501004661","500996659"
"C00497933","CASTRO FOR CONGRESS","H2TX35011","CASTRO, JOAQUIN","2026","H","TX","20","17","http://docquery.fec.gov/cgi-bin/fecimg/?202507159763436670","","AMERICAN AIRLINES","4333 AMON CARTER BLVD","","FORT WORTH","TX","761552605","2025-04-07","$15.00","TRAVEL","X","*","","","501004662","500996659"
"C00497933","CASTRO FOR CONGRESS","H2TX35011","CASTRO, JOAQUIN","2026","H","TX","20","17","http://docquery.fec.gov/cgi-bin/fecimg/?202507159763436671","","AMERICAN AIRLINES","4333 AMON CARTER BLVD","","FORT WORTH","TX","761552605","2025-04-07","$24.00","TRAVEL","X","*","","","501004679","500996659"
"C00497933","CASTRO FOR CONGRESS","H2TX35011","CASTRO, JOAQUIN","2026","H","TX","20","17","http://docquery.fec.gov/cgi-bin/fecimg/?202507159763436671","","AMERICAN AIRLINES","4333 AMON CARTER BLVD","","FORT WORTH","TX","761552605","2025-04-07","$398.48","TRAVEL","X","*","","","501004680","500996659"
"C00497933","CASTRO FOR CONGRESS","H2TX35011","CASTRO, JOAQUIN","2026","H","TX","20","17","http://docquery.fec.gov/cgi-bin/fecimg/?202507159763436671","","AMERICAN AIRLINES","4333 AMON CARTER BLVD","","FORT WORTH","TX","761552605","2025-04-07","$40.00","TRAVEL","X","*","","","501004681","500996659"
"C00497933","CASTRO FOR CONGRESS","H2TX35011","CASTRO, JOAQUIN","2026","H","TX","20","17","http://docquery.fec.gov/cgi-bin/fecimg/?202507159763436672","","AMERICAN AIRLINES","4333 AMON CARTER BLVD","","FORT WORTH","TX","761552605","2025-04-07","$40.00","TRAVEL","X","*","","","501004682","500996659"
"C00497933","CASTRO FOR CONGRESS","H2TX35011","CASTRO, JOAQUIN","2026","H","TX","20","17","http://docquery.fec.gov/cgi-bin/fecimg/?202507159763436672","","AMERICAN AIRLINES","4333 AMON CARTER BLVD","","FORT WORTH","TX","761552605","2025-04-07","$40.00","TRAVEL","X","*","","","501004683","500996659"
"C00497933","CASTRO FOR CONGRESS","H2TX35011","CASTRO, JOAQUIN","2026","H","TX","20","17","http://docquery.fec.gov/cgi-bin/fecimg/?202507159763436672","","EXTRA SPACE","2795 E COTTONWOOD PKWY","STE 300","COTTONWOOD HEIGHTS","UT","841216928","2025-04-07","$155.00","STORAGE SERVICES","X","*","","","501004649","500996659"
"C00497933","CASTRO FOR CONGRESS","H2TX35011","CASTRO, JOAQUIN","2026","H","TX","20","17","http://docquery.fec.gov/cgi-bin/fecimg/?202507159763436712","","SPORTS PAGE GRILL","3300 W MOCKINGBIRD LN","","DALLAS","TX","752355906","2025-04-02","$2.98","MEALS","X","*","","","501005656","500996666"
"C00497933","CASTRO FOR CONGRESS","H2TX35011","CASTRO, JOAQUIN","2026","H","TX","20","17","http://docquery.fec.gov/cgi-bin/fecimg/?202507159763436712","","UBER","800 MARKET ST","FL 7","SAN FRANCISCO","CA","941023034","2025-04-02","$25.90","TRAVEL","X","*","","","501005650","500996666"
"C00497933","CASTRO FOR CONGRESS","H2TX35011","CASTRO, JOAQUIN","2026","H","TX","20","17","http://docquery.fec.gov/cgi-bin/fecimg/?202507159763436693","","THE WESTIN MONTERREY VALLE","AV. MANUEL GOMEZ MORIN Y RIO MISSO","SAN PEDRO GARZA GARCIA NL 66220 ME","XICO","ZZ","00000","2025-06-10","$25.95","MEALS","X","*","","","501004606","501004125"
"C00497933","CASTRO FOR CONGRESS","H2TX35011","CASTRO, JOAQUIN","2026","H","TX","20","17","http://docquery.fec.gov/cgi-bin/fecimg/?202507159763436682","","METROPOLIS PARKING","310 COMMERCE ST","","NASHVILLE","TN","372011805","2025-05-08","$18.99","PARKING","X","*","","","501004646","501000617"
"C00497933","CASTRO FOR CONGRESS","H2TX35011","CASTRO, JOAQUIN","2026","H","TX","20","17","http://docquery.fec.gov/cgi-bin/fecimg/?202507159763436682","","SILVER CAB DC","2014 5TH ST NE","","WASHINGTON","DC","200021224","2025-05-08","$20.18","TRAVEL","X","*","","","501004645","501000617"
"C00497933","CASTRO FOR CONGRESS","H2TX35011","CASTRO, JOAQUIN","2026","H","TX","20","17","http://docquery.fec.gov/cgi-bin/fecimg/?202507159763436682","","STARBUCKS","255 E BASSE RD","","SAN ANTONIO","TX","782098336","2025-05-08","$14.83","TRAVEL","X","*","","","501004640","501000617"
"C00497933","CASTRO FOR CONGRESS","H2TX35011","CASTRO, JOAQUIN","2026","H","TX","20","17","http://docquery.fec.gov/cgi-bin/fecimg/?202507159763436683","","SUSHI ZUSHI","9867 W INTERSTATE 10","","SAN ANTONIO","TX","782302245","2025-05-08","$29.50","MEALS","X","*","","","501004637","501000617"
"C00497933","CASTRO FOR CONGRESS","H2TX35011","CASTRO, JOAQUIN","2026","H","TX","20","17","http://docquery.fec.gov/cgi-bin/fecimg/?202507159763436673","","GOOGLE, INC.","1600 AMPHITHEATRE PKWY","","MOUNTAIN VIEW","CA","940431351","2025-04-07","$61.06","SOFTWARE","X","*","","","501004650","500996659"
"C00497933","CASTRO FOR CONGRESS","H2TX35011","CASTRO, JOAQUIN","2026","H","TX","20","17","http://docquery.fec.gov/cgi-bin/fecimg/?202507159763436709","","SCHNEIDER, KATHERINE","1100 23RD ST NW","APT 405","WASHINGTON","DC","200371423","2025-06-16","$2,000.00","COMMUNICATIONS CONSULTING","","","","","501004122",""
"C00497933","CASTRO FOR CONGRESS","H2TX35011","CASTRO, JOAQUIN","2026","H","TX","20","17","http://docquery.fec.gov/cgi-bin/fecimg/?202507159763436710","","SERNA, BALTAZAR R. JR","237 W TRAVIS ST","","SAN ANTONIO","TX","782051403","2025-04-22","$1,361.20","EVENT SPACE AND CATERING","","* IN-KIND RECEIVED","","","15090436I","15090436"
"C00497933","CASTRO FOR CONGRESS","H2TX35011","CASTRO, JOAQUIN","2026","H","TX","20","17","http://docquery.fec.gov/cgi-bin/fecimg/?202507159763436710","","THOMAS, BEN","227 BRONSON AVE","","SAN ANTONIO","TX","782095201","2025-04-02","$532.22","REIMBURSEMENT - TRAVEL, LODGING, MEALS AND PRINTING","","","","","500996666",""
"C00497933","CASTRO FOR CONGRESS","H2TX35011","CASTRO, JOAQUIN","2026","H","TX","20","17","http://docquery.fec.gov/cgi-bin/fecimg/?202507159763436710","","AVIS RENT-A-CAR","9215 JOHN SAUNDERS","","SAN ANTONIO","TX","782164707","2025-04-02","$156.23","TRAVEL","X","*","","","501005652","500996666"
"C00497933","CASTRO FOR CONGRESS","H2TX35011","CASTRO, JOAQUIN","2026","H","TX","20","17","http://docquery.fec.gov/cgi-bin/fecimg/?202507159763436711","","DOUBLETREE DALLAS","3300 W MOCKINGBIRD LN","","DALLAS","TX","752355906","2025-04-02","$268.67","LODGING","X","*","","","501005653","500996666"
"C00497933","CASTRO FOR CONGRESS","H2TX35011","CASTRO, JOAQUIN","2026","H","TX","20","17","http://docquery.fec.gov/cgi-bin/fecimg/?202507159763436711","","PRINTWITHME","5622 DYER ST","","DALLAS","TX","752065020","2025-04-02","$5.00","PRINTING","X","*","","","501005657","500996666"
"C00497933","CASTRO FOR CONGRESS","H2TX35011","CASTRO, JOAQUIN","2026","H","TX","20","17","http://docquery.fec.gov/cgi-bin/fecimg/?202507159763436711","","QUIKTRIP","3230 W MOCKINGBIRD LN","","DALLAS","TX","752355904","2025-04-02","$3.78","TRAVEL","X","*","","","501005655","500996666"
"C00497933","CASTRO FOR CONGRESS","H2TX35011","CASTRO, JOAQUIN","2026","H","TX","20","17","http://docquery.fec.gov/cgi-bin/fecimg/?202507159763436712","","RESERVOIR","TERMINAL A GATES 1-9 REAGAN NATION","","ARLINGTON","VA","22202","2025-04-02","$18.74","MEALS","X","*","","","501005654","500996666"
"C00497933","CASTRO FOR CONGRESS","H2TX35011","CASTRO, JOAQUIN","2026","H","TX","20","17","http://docquery.fec.gov/cgi-bin/fecimg/?202510159791359759","","LIQUID WEB","2703 ENA DR","","LANSING","MI","489178585","2025-09-09","$100.85","WEBSITE SERVICES","X","*","","","501017285","501014561"
"C00497933","CASTRO FOR CONGRESS","H2TX35011","CASTRO, JOAQUIN","2026","H","TX","20","17","http://docquery.fec.gov/cgi-bin/fecimg/?202510159791359759","","LYFT","548 MARKET ST","# 68514","SAN FRANCISCO","CA","941045401","2025-09-09","$3.00","TRAVEL","X","*","","","501014579","501014561"
"C00497933","CASTRO FOR CONGRESS","H2TX35011","CASTRO, JOAQUIN","2026","H","TX","20","17","http://docquery.fec.gov/cgi-bin/fecimg/?202510159791359765","","SOUTHWEST AIRLINES","1901 L ST NW","STE 640","WASHINGTON","DC","200363558","2025-09-09","$754.59","TRAVEL","X","*","","","501014563","501014561"
"C00497933","CASTRO FOR CONGRESS","H2TX35011","CASTRO, JOAQUIN","2026","H","TX","20","17","http://docquery.fec.gov/cgi-bin/fecimg/?202510159791359765","","SUSHI ZUSHI","9867 W INTERSTATE 10","","SAN ANTONIO","TX","782302245","2025-09-09","$70.54","MEALS","X","*","","","501014564","501014561"
"C00497933","CASTRO FOR CONGRESS","H2TX35011","CASTRO, JOAQUIN","2026","H","TX","20","17","http://docquery.fec.gov/cgi-bin/fecimg/?202510159791359765","","UBER","800 MARKET ST","FL 7","SAN FRANCISCO","CA","941023034","2025-09-09","$59.97","TRAVEL","X","*","","","501014565","501014561"
"C00497933","CASTRO FOR CONGRESS","H2TX35011","CASTRO, JOAQUIN","2026","H","TX","20","17","http://docquery.fec.gov/cgi-bin/fecimg/?202510159791359766","","WINGSTOP","2141 S INTERNATIONAL PKWY","","DALLAS","TX","75261","2025-09-09","$28.56","MEALS","X","*","","","501014594","501014561"
"C00497933","CASTRO FOR CONGRESS","H2TX35011","CASTRO, JOAQUIN","2026","H","TX","20","17","http://docquery.fec.gov/cgi-bin/fecimg/?202510159791359766","","BEE COMPLIANCE LLC","611 PENNSYLVANIA AVE SE","# 192","WASHINGTON","DC","200034303","2025-08-05","$2,509.85","COMPLIANCE CONSULTING","","","","","501011800",""
"C00497933","CASTRO FOR CONGRESS","H2TX35011","CASTRO, JOAQUIN","2026","H","TX","20","17","http://docquery.fec.gov/cgi-bin/fecimg/?202510159791359766","","BEE COMPLIANCE LLC","611 PENNSYLVANIA AVE SE","# 192","WASHINGTON","DC","200034303","2025-08-05","$2,500.00","COMPLIANCE CONSULTING","","","","","501011801",""
"C00497933","CASTRO FOR CONGRESS","H2TX35011","CASTRO, JOAQUIN","2026","H","TX","20","17","http://docquery.fec.gov/cgi-bin/fecimg/?202510159791359767","","BUENROSTRO, MARCO","400 BREESPORT ST","","SAN ANTONIO","TX","782162603","2025-09-26","$1,350.00","EVENT GARNISHMENTS","","* IN-KIND RECEIVED","","","15415093I","15415093"
"C00497933","CASTRO FOR CONGRESS","H2TX35011","CASTRO, JOAQUIN","2026","H","TX","20","17","http://docquery.fec.gov/cgi-bin/fecimg/?202510159791359767","","DE LUNA, REGINALDO","1354 THORPE LN","","SAN MARCOS","TX","786661354","2025-07-22","$1,823.25","CAMPAIGN CONSULTING","","","","","501011870",""
"C00497933","CASTRO FOR CONGRESS","H2TX35011","CASTRO, JOAQUIN","2026","H","TX","20","17","http://docquery.fec.gov/cgi-bin/fecimg/?202510159791359767","","FIRST DATA USA","5565 GLENRIDGE CONNECTOR NE","STE 2000","ATLANTA","GA","303421651","2025-07-03","$19.95","CREDIT CARD PROCESSING FEE","","","","","501008767",""
"C00497933","CASTRO FOR CONGRESS","H2TX35011","CASTRO, JOAQUIN","2026","H","TX","20","17","http://docquery.fec.gov/cgi-bin/fecimg/?202510159791359768","","FIRST DATA USA","5565 GLENRIDGE CONNECTOR NE","STE 2000","ATLANTA","GA","303421651","2025-07-03","$54.95","CREDIT CARD PROCESSING FEE","","","","","501008768",""
"C00497933","CASTRO FOR CONGRESS","H2TX35011","CASTRO, JOAQUIN","2026","H","TX","20","17","http://docquery.fec.gov/cgi-bin/fecimg/?202510159791359768","","FIRST DATA USA","5565 GLENRIDGE CONNECTOR NE","STE 2000","ATLANTA","GA","303421651","2025-08-04","$54.95","CREDIT CARD PROCESSING FEE","","","","","501011807",""
"C00497933","CASTRO FOR CONGRESS","H2TX35011","CASTRO, JOAQUIN","2026","H","TX","20","17","http://docquery.fec.gov/cgi-bin/fecimg/?202510159791359768","","FIRST DATA USA","5565 GLENRIDGE CONNECTOR NE","STE 2000","ATLANTA","GA","303421651","2025-08-04","$19.95","CREDIT CARD PROCESSING FEE","","","","","501011808",""
"C00497933","CASTRO FOR CONGRESS","H2TX35011","CASTRO, JOAQUIN","2026","H","TX","20","17","http://docquery.fec.gov/cgi-bin/fecimg/?202510159791359769","","FIRST DATA USA","5565 GLENRIDGE CONNECTOR NE","STE 2000","ATLANTA","GA","303421651","2025-09-03","$54.95","CREDIT CARD PROCESSING FEE","","","","","501014559",""
"C00497933","CASTRO FOR CONGRESS","H2TX35011","CASTRO, JOAQUIN","2026","H","TX","20","17","http://docquery.fec.gov/cgi-bin/fecimg/?202510159791359769","","FIRST DATA USA","5565 GLENRIDGE CONNECTOR NE","STE 2000","ATLANTA","GA","303421651","2025-09-03","$29.95","CREDIT CARD PROCESSING FEE","","","","","501014560",""
"C00497933","CASTRO FOR CONGRESS","H2TX35011","CASTRO, JOAQUIN","2026","H","TX","20","17","http://docquery.fec.gov/cgi-bin/fecimg/?202510159791359769","","GLIDER GROUP","PO BOX 1406","","DEL RIO","TX","788411406","2025-08-08","$6,500.00","POLITICAL MANAGEMENT CONSULTING","","","","","501012905",""
"C00497933","CASTRO FOR CONGRESS","H2TX35011","CASTRO, JOAQUIN","2026","H","TX","20","17","http://docquery.fec.gov/cgi-bin/fecimg/?202510159791359770","","GLIDER GROUP","PO BOX 1406","","DEL RIO","TX","788411406","2025-09-03","$4,659.26","POLITICAL MANAGEMENT CONSULTING","","","","","501014557",""
"C00497933","CASTRO FOR CONGRESS","H2TX35011","CASTRO, JOAQUIN","2026","H","TX","20","17","http://docquery.fec.gov/cgi-bin/fecimg/?202510159791359770","","GOOD FIGHT POLITICAL INC.","1310 GATES PL","","SOUTH PASADENA","CA","910303623","2025-07-02","$126.40","TEXTING SERVICES","","","","","501008764",""
"C00497933","CASTRO FOR CONGRESS","H2TX35011","CASTRO, JOAQUIN","2026","H","TX","20","17","http://docquery.fec.gov/cgi-bin/fecimg/?202510159791359770","","GOOD FIGHT POLITICAL INC.","1310 GATES PL","","SOUTH PASADENA","CA","910303623","2025-08-06","$213.64","TEXTING SERVICES","","","","","501012904",""
"C00497933","CASTRO FOR CONGRESS","H2TX35011","CASTRO, JOAQUIN","2026","H","TX","20","17","http://docquery.fec.gov/cgi-bin/fecimg/?202510159791359721","","ACTBLUE TECHNICAL SERVICES","366 SUMMER ST","","WEST SOMERVILLE","MA","021443132","2025-07-20","$19.75","CREDIT CARD PROCESSING FEE","","","","","501010489",""
"C00497933","CASTRO FOR CONGRESS","H2TX35011","CASTRO, JOAQUIN","2026","H","TX","20","17","http://docquery.fec.gov/cgi-bin/fecimg/?202510159791359721","","ACTBLUE TECHNICAL SERVICES","366 SUMMER ST","","WEST SOMERVILLE","MA","021443132","2025-07-21","$15.00","CREDIT CARD PROCESSING FEE","","","","","501011059",""
"C00497933","CASTRO FOR CONGRESS","H2TX35011","CASTRO, JOAQUIN","2026","H","TX","20","17","http://docquery.fec.gov/cgi-bin/fecimg/?202510159791359737","","NANDO'S PERI-PERI","411 H ST NE","","WASHINGTON","DC","200024335","2025-07-11","$3.51","MEALS","X","*","","","501012314","501008766"
"C00497933","CASTRO FOR CONGRESS","H2TX35011","CASTRO, JOAQUIN","2026","H","TX","20","17","http://docquery.fec.gov/cgi-bin/fecimg/?202510159791359737","","ONE PARKING","477 S ROSEMARY AVE","STE 325","WEST PALM BEACH","FL","334015798","2025-07-11","$10.00","PARKING","X","*","","","501012315","501008766"
"C00497933","CASTRO FOR CONGRESS","H2TX35011","CASTRO, JOAQUIN","2026","H","TX","20","17","http://docquery.fec.gov/cgi-bin/fecimg/?202510159791359738","","PALENQUE GROUP","270 N LOOP 1604 E","STE 210","SAN ANTONIO","TX","782321270","2025-07-11","$37.18","MEALS","X","*","","","501017281","501008766"
"C00497933","CASTRO FOR CONGRESS","H2TX35011","CASTRO, JOAQUIN","2026","H","TX","20","17","http://docquery.fec.gov/cgi-bin/fecimg/?202510159791359738","","PETE'S DINER","212 2ND ST SE","","WASHINGTON","DC","200031943","2025-07-11","$38.38","MEALS","X","*","","","501012286","501008766"
"C00497933","CASTRO FOR CONGRESS","H2TX35011","CASTRO, JOAQUIN","2026","H","TX","20","21","http://docquery.fec.gov/cgi-bin/fecimg/?202510159791359779","","SOUTHWEST VOTER REGISTRATION EDUCATION PROJECT","1426 EL PASO ST","STE B","SAN ANTONIO","TX","782075508","2025-08-13","$500.00","CHARITABLE CONTRIBUTION","X","*","","","501017309","501021642"
"C00497933","CASTRO FOR CONGRESS","H2TX35011","CASTRO, JOAQUIN","2026","H","TX","20","17","http://docquery.fec.gov/cgi-bin/fecimg/?202510159791359775","","LONE STAR NATIONAL BANK","10000 SAN PEDRO AVE","","SAN ANTONIO","TX","782163859","2025-09-22","$5.00","BANK FEES","","","","","501016369",""
"C00497933","CASTRO FOR CONGRESS","H2TX35011","CASTRO, JOAQUIN","2026","H","TX","20","17","http://docquery.fec.gov/cgi-bin/fecimg/?202510159791359776","","LONE STAR NATIONAL BANK","10000 SAN PEDRO AVE","","SAN ANTONIO","TX","782163859","2025-09-22","$15.00","BANK FEES","","","","","501016370",""
"C00497933","CASTRO FOR CONGRESS","H2TX35011","CASTRO, JOAQUIN","2026","H","TX","20","17","http://docquery.fec.gov/cgi-bin/fecimg/?202510159791359733","","DELTA AIRLINES","PO BOX 20706","","ATLANTA","GA","303206001","2025-07-11","$44.99","TRAVEL","X","*","","","501012302","501008766"
"C00497933","CASTRO FOR CONGRESS","H2TX35011","CASTRO, JOAQUIN","2026","H","TX","20","17","http://docquery.fec.gov/cgi-bin/fecimg/?202510159791359734","","DELTA AIRLINES","PO BOX 20706","","ATLANTA","GA","303206001","2025-07-11","$416.48","TRAVEL","X","*","","","501012303","501008766"
"C00497933","CASTRO FOR CONGRESS","H2TX35011","CASTRO, JOAQUIN","2026","H","TX","20","17","http://docquery.fec.gov/cgi-bin/fecimg/?202510159791359734","","EXTRA SPACE","1974 S ALAMO ST","","SAN ANTONIO","TX","782041603","2025-07-11","$155.00","STORAGE SERVICES","X","*","","","501012299","501008766"
"C00497933","CASTRO FOR CONGRESS","H2TX35011","CASTRO, JOAQUIN","2026","H","TX","20","17","http://docquery.fec.gov/cgi-bin/fecimg/?202510159791359734","","GOOGLE, INC.","1600 AMPHITHEATRE PKWY","","MOUNTAIN VIEW","CA","940431351","2025-07-11","$61.06","SOFTWARE","X","*","","","501011872","501008766"
"C00497933","CASTRO FOR CONGRESS","H2TX35011","CASTRO, JOAQUIN","2026","H","TX","20","17","http://docquery.fec.gov/cgi-bin/fecimg/?202510159791359735","","LA CITY CAB LLC","7955 SAN FERNANDO RD","","SUN VALLEY","CA","913524614","2025-07-11","$70.08","TRAVEL","X","*","","","501012312","501008766"
"C00497933","CASTRO FOR CONGRESS","H2TX35011","CASTRO, JOAQUIN","2026","H","TX","20","17","http://docquery.fec.gov/cgi-bin/fecimg/?202510159791359735","","LYFT","548 MARKET ST","# 68514","SAN FRANCISCO","CA","941045401","2025-07-11","$14.82","TRAVEL","X","*","","","501011875","501008766"
"C00497933","CASTRO FOR CONGRESS","H2TX35011","CASTRO, JOAQUIN","2026","H","TX","20","17","http://docquery.fec.gov/cgi-bin/fecimg/?202510159791359735","","LYFT","548 MARKET ST","# 68514","SAN FRANCISCO","CA","941045401","2025-07-11","$13.13","TRAVEL","X","*","","","501012293","501008766"
"C00497933","CASTRO FOR CONGRESS","H2TX35011","CASTRO, JOAQUIN","2026","H","TX","20","17","http://docquery.fec.gov/cgi-bin/fecimg/?202510159791359736","","LYFT","548 MARKET ST","# 68514","SAN FRANCISCO","CA","941045401","2025-07-11","$17.09","TRAVEL","X","*","","","501012294","501008766"
"C00497933","CASTRO FOR CONGRESS","H2TX35011","CASTRO, JOAQUIN","2026","H","TX","20","17","http://docquery.fec.gov/cgi-bin/fecimg/?202510159791359736","","LYFT","548 MARKET ST","# 68514","SAN FRANCISCO","CA","941045401","2025-07-11","$56.89","TRAVEL","X","*","","","501012295","501008766"
"C00497933","CASTRO FOR CONGRESS","H2TX35011","CASTRO, JOAQUIN","2026","H","TX","20","17","http://docquery.fec.gov/cgi-bin/fecimg/?202510159791359736","","LYFT","548 MARKET ST","# 68514","SAN FRANCISCO","CA","941045401","2025-07-11","$8.99","TRAVEL","X","*","","","501012296","501008766"
"C00497933","CASTRO FOR CONGRESS","H2TX35011","CASTRO, JOAQUIN","2026","H","TX","20","17","http://docquery.fec.gov/cgi-bin/fecimg/?202510159791359737","","NANDO'S PERI-PERI","411 H ST NE","","WASHINGTON","DC","200024335","2025-07-11","$63.82","MEALS","X","*","","","501012313","501008766"
"C00497933","CASTRO FOR CONGRESS","H2TX35011","CASTRO, JOAQUIN","2026","H","TX","20","17","http://docquery.fec.gov/cgi-bin/fecimg/?202510159791359776","","LONE STAR NATIONAL BANK","10000 SAN PEDRO AVE","","SAN ANTONIO","TX","782163859","2025-09-29","$15.00","BANK FEES","","","","","501017194",""
"C00497933","CASTRO FOR CONGRESS","H2TX35011","CASTRO, JOAQUIN","2026","H","TX","20","17","http://docquery.fec.gov/cgi-bin/fecimg/?202510159791359776","","LONE STAR NATIONAL BANK","10000 SAN PEDRO AVE","","SAN ANTONIO","TX","782163859","2025-09-30","$15.00","BANK FEES","","","","","501017280",""
"C00497933","CASTRO FOR CONGRESS","H2TX35011","CASTRO, JOAQUIN","2026","H","TX","20","17","http://docquery.fec.gov/cgi-bin/fecimg/?202510159791359777","","NGP VAN, INC.","PO BOX 392264","","PITTSBURGH","PA","152519264","2025-07-17","$6,883.71","DATABASE SERVICES","","","","","501011052",""
"C00497933","CASTRO FOR CONGRESS","H2TX35011","CASTRO, JOAQUIN","2026","H","TX","20","17","http://docquery.fec.gov/cgi-bin/fecimg/?202510159791359777","","O&A HOLDINGS","14309 BROOK HOLLOW BLVD","","SAN ANTONIO","TX","782323805","2025-07-01","$378.88","BOOKKEEPING SERVICES","","","","","501008769",""
"C00497933","CASTRO FOR CONGRESS","H2TX35011","CASTRO, JOAQUIN","2026","H","TX","20","17","http://docquery.fec.gov/cgi-bin/fecimg/?202510159791359777","","O&A HOLDINGS","14309 BROOK HOLLOW BLVD","","SAN ANTONIO","TX","782323805","2025-07-31","$378.88","BOOKKEEPING SERVICES","","","","","501011806",""
"C00497933","CASTRO FOR CONGRESS","H2TX35011","CASTRO, JOAQUIN","2026","H","TX","20","17","http://docquery.fec.gov/cgi-bin/fecimg/?202510159791359778","","O&A HOLDINGS","14309 BROOK HOLLOW BLVD","","SAN ANTONIO","TX","782323805","2025-09-02","$378.88","BOOKKEEPING SERVICES","","","","","501014555",""
"C00497933","CASTRO FOR CONGRESS","H2TX35011","CASTRO, JOAQUIN","2026","H","TX","20","17","http://docquery.fec.gov/cgi-bin/fecimg/?202510159791359778","","SCHNEIDER, KATHERINE","1100 23RD ST NW","APT 405","WASHINGTON","DC","200371423","2025-07-01","$1,000.00","COMMUNICATIONS CONSULTING","","","","","501008762",""
"C00497933","CASTRO FOR CONGRESS","H2TX35011","CASTRO, JOAQUIN","2026","H","TX","20","21","http://docquery.fec.gov/cgi-bin/fecimg/?202510159791359779","","AMERICAN EXPRESS","PO BOX 650448","","DALLAS","TX","752650448","2025-08-13","$750.00","CREDIT CARD PAYMENT","","","","","501021642",""
"C00497933","CASTRO FOR CONGRESS","H2TX35011","CASTRO, JOAQUIN","2026","H","TX","20","21","http://docquery.fec.gov/cgi-bin/fecimg/?202510159791359779","C00641019","NORTHWEST DEMOCRATS","PO BOX 681911","","SAN ANTONIO","TX","782681911","2025-08-13","$250.00","POLITICAL CONTRIBUTION","X","*","","","501017288","501021642"
"C00497933","CASTRO FOR CONGRESS","H2TX35011","CASTRO, JOAQUIN","2026","H","TX","20","17","http://docquery.fec.gov/cgi-bin/fecimg/?202510159791359760","","LYFT","548 MARKET ST","# 68514","SAN FRANCISCO","CA","941045401","2025-09-09","$18.44","TRAVEL","X","*","","","501014580","501014561"
"C00497933","CASTRO FOR CONGRESS","H2TX35011","CASTRO, JOAQUIN","2026","H","TX","20","17","http://docquery.fec.gov/cgi-bin/fecimg/?202510159791359760","","LYFT","548 MARKET ST","# 68514","SAN FRANCISCO","CA","941045401","2025-09-09","$34.24","TRAVEL","X","*","","","501014581","501014561"
"C00497933","CASTRO FOR CONGRESS","H2TX35011","CASTRO, JOAQUIN","2026","H","TX","20","17","http://docquery.fec.gov/cgi-bin/fecimg/?202510159791359760","","LYFT","548 MARKET ST","# 68514","SAN FRANCISCO","CA","941045401","2025-09-09","$36.25","TRAVEL","X","*","","","501014582","501014561"
"C00497933","CASTRO FOR CONGRESS","H2TX35011","CASTRO, JOAQUIN","2026","H","TX","20","17","http://docquery.fec.gov/cgi-bin/fecimg/?202510159791359761","","LYFT","548 MARKET ST","# 68514","SAN FRANCISCO","CA","941045401","2025-09-09","$41.86","TRAVEL","X","*","","","501014583","501014561"
"C00497933","CASTRO FOR CONGRESS","H2TX35011","CASTRO, JOAQUIN","2026","H","TX","20","17","http://docquery.fec.gov/cgi-bin/fecimg/?202510159791359738","","PICO DE GALLO","111 S LEONA ST","","SAN ANTONIO","TX","782074417","2025-07-11","$21.22","MEALS","X","*","","","501012285","501008766"
"C00497933","CASTRO FOR CONGRESS","H2TX35011","CASTRO, JOAQUIN","2026","H","TX","20","17","http://docquery.fec.gov/cgi-bin/fecimg/?202510159791359739","","RODEO TRAVEL CENTER","109963 I-37","","PLEASANTON","TX","78064","2025-07-11","$39.48","MEALS","X","*","","","501012306","501008766"
"C00497933","CASTRO FOR CONGRESS","H2TX35011","CASTRO, JOAQUIN","2026","H","TX","20","17","http://docquery.fec.gov/cgi-bin/fecimg/?202510159791359739","","SEASONS 52","255 E BASSE RD","STE 1400","SAN ANTONIO","TX","782098339","2025-07-11","$95.03","MEALS","X","*","","","501012316","501008766"
"C00497933","CASTRO FOR CONGRESS","H2TX35011","CASTRO, JOAQUIN","2026","H","TX","20","17","http://docquery.fec.gov/cgi-bin/fecimg/?202510159791359739","","SOUTHWEST AIRLINES","1901 L ST NW","STE 640","WASHINGTON","DC","200363558","2025-07-11","$592.18","TRAVEL","X","*","","","501012284","501008766"
"C00497933","CASTRO FOR CONGRESS","H2TX35011","CASTRO, JOAQUIN","2026","H","TX","20","17","http://docquery.fec.gov/cgi-bin/fecimg/?202510159791359740","","STARBUCKS","9722 GREAT HILLS TRL","","AUSTIN","TX","787597263","2025-07-11","$23.51","MEALS","X","*","","","501012287","501008766"
"C00497933","CASTRO FOR CONGRESS","H2TX35011","CASTRO, JOAQUIN","2026","H","TX","20","17","http://docquery.fec.gov/cgi-bin/fecimg/?202510159791359740","","TACO CABANA","2627 NW LOOP 410","","SAN ANTONIO","TX","782305101","2025-07-11","$13.76","MEALS","X","*","","","501012288","501008766"
"C00497933","CASTRO FOR CONGRESS","H2TX35011","CASTRO, JOAQUIN","2026","H","TX","20","17","http://docquery.fec.gov/cgi-bin/fecimg/?202510159791359740","","TED'S BULLETIN","1818 14TH ST NW","","WASHINGTON","DC","200094470","2025-07-11","$176.15","MEALS","X","*","","","501012317","501008766"
"C00497933","CASTRO FOR CONGRESS","H2TX35011","CASTRO, JOAQUIN","2026","H","TX","20","17","http://docquery.fec.gov/cgi-bin/fecimg/?202510159791359751","","ALLIANZ GLOBAL ASSISTANCE","9950 MAYLAND DR","","RICHMOND","VA","232331463","2025-09-09","$39.70","INSURANCE","X","*","","","501014589","501014561"
"C00497933","CASTRO FOR CONGRESS","H2TX35011","CASTRO, JOAQUIN","2026","H","TX","20","17","http://docquery.fec.gov/cgi-bin/fecimg/?202510159791359751","","ALLIANZ GLOBAL ASSISTANCE","9950 MAYLAND DR","","RICHMOND","VA","232331463","2025-09-09","$39.70","INSURANCE","X","*","","","501014590","501014561"
"C00497933","CASTRO FOR CONGRESS","H2TX35011","CASTRO, JOAQUIN","2026","H","TX","20","17","http://docquery.fec.gov/cgi-bin/fecimg/?202510159791359752","","ALLIANZ GLOBAL ASSISTANCE","9950 MAYLAND DR","","RICHMOND","VA","232331463","2025-09-09","$39.70","INSURANCE","X","*","","","501014591","501014561"
"C00497933","CASTRO FOR CONGRESS","H2TX35011","CASTRO, JOAQUIN","2026","H","TX","20","17","http://docquery.fec.gov/cgi-bin/fecimg/?202510159791359752","","AMERICAN AIRLINES","4333 AMON CARTER BLVD","","FORT WORTH","TX","761552605","2025-09-09","$32.65","TRAVEL","X","*","","","501014566","501014561"
"C00497933","CASTRO FOR CONGRESS","H2TX35011","CASTRO, JOAQUIN","2026","H","TX","20","17","http://docquery.fec.gov/cgi-bin/fecimg/?202510159791359752","","AMERICAN AIRLINES","4333 AMON CARTER BLVD","","FORT WORTH","TX","761552605","2025-09-09","$32.65","TRAVEL","X","*","","","501014567","501014561"
"C00497933","CASTRO FOR CONGRESS","H2TX35011","CASTRO, JOAQUIN","2026","H","TX","20","17","http://docquery.fec.gov/cgi-bin/fecimg/?202510159791359720","","ACTBLUE TECHNICAL SERVICES","366 SUMMER ST","","WEST SOMERVILLE","MA","021443132","2025-07-06","$145.45","CREDIT CARD PROCESSING FEE","","","","","501005515",""
"C00497933","CASTRO FOR CONGRESS","H2TX35011","CASTRO, JOAQUIN","2026","H","TX","20","17","http://docquery.fec.gov/cgi-bin/fecimg/?202510159791359720","","ACTBLUE TECHNICAL SERVICES","366 SUMMER ST","","WEST SOMERVILLE","MA","021443132","2025-07-13","$20.65","CREDIT CARD PROCESSING FEE","","","","","501008461",""
"C00497933","CASTRO FOR CONGRESS","H2TX35011","CASTRO, JOAQUIN","2026","H","TX","20","17","http://docquery.fec.gov/cgi-bin/fecimg/?202510159791359720","","ACTBLUE TECHNICAL SERVICES","366 SUMMER ST","","WEST SOMERVILLE","MA","021443132","2025-07-14","$15.00","CREDIT CARD PROCESSING FEE","","","","","501011058",""
"C00497933","CASTRO FOR CONGRESS","H2TX35011","CASTRO, JOAQUIN","2026","H","TX","20","17","http://docquery.fec.gov/cgi-bin/fecimg/?202510159791359761","","LYFT","548 MARKET ST","# 68514","SAN FRANCISCO","CA","941045401","2025-09-09","$34.61","TRAVEL","X","*","","","501014584","501014561"
"C00497933","CASTRO FOR CONGRESS","H2TX35011","CASTRO, JOAQUIN","2026","H","TX","20","17","http://docquery.fec.gov/cgi-bin/fecimg/?202510159791359761","","LYFT","548 MARKET ST","# 68514","SAN FRANCISCO","CA","941045401","2025-09-09","$35.05","TRAVEL","X","*","","","501014585","501014561"
"C00497933","CASTRO FOR CONGRESS","H2TX35011","CASTRO, JOAQUIN","2026","H","TX","20","17","http://docquery.fec.gov/cgi-bin/fecimg/?202510159791359762","","LYFT","548 MARKET ST","# 68514","SAN FRANCISCO","CA","941045401","2025-09-09","$35.32","TRAVEL","X","*","","","501014586","501014561"
"C00497933","CASTRO FOR CONGRESS","H2TX35011","CASTRO, JOAQUIN","2026","H","TX","20","17","http://docquery.fec.gov/cgi-bin/fecimg/?202510159791359762","","MESQUITE CREEK OUTFITTERS DEL RIO","800 S MAIN ST","","DEL RIO","TX","788405866","2025-09-09","$58.92","MEALS","X","*","","","501014599","501014561"
"C00497933","CASTRO FOR CONGRESS","H2TX35011","CASTRO, JOAQUIN","2026","H","TX","20","17","http://docquery.fec.gov/cgi-bin/fecimg/?202510159791359762","","METROPOLIS PARKING","310 COMMERCE ST","","NASHVILLE","TN","372011805","2025-09-09","$18.99","PARKING","X","*","","","501014593","501014561"
"C00497933","CASTRO FOR CONGRESS","H2TX35011","CASTRO, JOAQUIN","2026","H","TX","20","17","http://docquery.fec.gov/cgi-bin/fecimg/?202510159791359763","","PARADIES LAGARDERE","9800 AIRPORT BLVD","","SAN ANTONIO","TX","782164888","2025-09-09","$19.47","MEALS","X","*","","","501017802","501014561"
"C00497933","CASTRO FOR CONGRESS","H2TX35011","CASTRO, JOAQUIN","2026","H","TX","20","17","http://docquery.fec.gov/cgi-bin/fecimg/?202510159791359763","","REGAL PANTRY","6447 CAMP BULLIS RD","","SAN ANTONIO","TX","782579715","2025-09-09","$83.84","MEALS","X","*","","","501014598","501014561"
"C00497933","CASTRO FOR CONGRESS","H2TX35011","CASTRO, JOAQUIN","2026","H","TX","20","17","http://docquery.fec.gov/cgi-bin/fecimg/?202510159791359763","","ROSARIO'S MEXICAN CAFE Y CANTINA","910 S ALAMO ST","","SAN ANTONIO","TX","782053419","2025-09-09","$50.40","MEALS","X","*","","","501017287","501014561"
"C00497933","CASTRO FOR CONGRESS","H2TX35011","CASTRO, JOAQUIN","2026","H","TX","20","17","http://docquery.fec.gov/cgi-bin/fecimg/?202510159791359764","","SAN ANTONIO ASSOCIATION OF HISPANIC JOURNALISTS","PO BOX 120334","","SAN ANTONIO","TX","782129534","2025-09-09","$414.80","EVENT TICKETS","X","*","","","501017913","501014561"
"C00497933","CASTRO FOR CONGRESS","H2TX35011","CASTRO, JOAQUIN","2026","H","TX","20","17","http://docquery.fec.gov/cgi-bin/fecimg/?202510159791359764","","SHELL OIL","203 US HIGHWAY 90 E","","CASTROVILLE","TX","780095222","2025-09-09","$41.07","TRAVEL","X","*","","","501014587","501014561"
"C00497933","CASTRO FOR CONGRESS","H2TX35011","CASTRO, JOAQUIN","2026","H","TX","20","17","http://docquery.fec.gov/cgi-bin/fecimg/?202510159791359764","","SOUTHWEST AIRLINES","1901 L ST NW","STE 640","WASHINGTON","DC","200363558","2025-09-09","$606.95","TRAVEL","X","*","","","501014562","501014561"
"C00497933","CASTRO FOR CONGRESS","H2TX35011","CASTRO, JOAQUIN","2026","H","TX","20","17","http://docquery.fec.gov/cgi-bin/fecimg/?202510159791359741","","THE WHITE HORSE","500 COMAL ST","","AUSTIN","TX","787023315","2025-07-11","$23.37","MEALS","X","*","","","501012318","501008766"
"C00497933","CASTRO FOR CONGRESS","H2TX35011","CASTRO, JOAQUIN","2026","H","TX","20","17","http://docquery.fec.gov/cgi-bin/fecimg/?202510159791359741","","UNITED AIRLINES","77 W WACKER DR","","CHICAGO","IL","606011604","2025-07-11","$8.00","TRAVEL","X","*","","","501012304","501008766"
"C00497933","CASTRO FOR CONGRESS","H2TX35011","CASTRO, JOAQUIN","2026","H","TX","20","17","http://docquery.fec.gov/cgi-bin/fecimg/?202510159791359741","","UNITED AIRLINES","77 W WACKER DR","","CHICAGO","IL","606011604","2025-07-11","$10.00","TRAVEL","X","*","","","501012305","501008766"
"C00497933","CASTRO FOR CONGRESS","H2TX35011","CASTRO, JOAQUIN","2026","H","TX","20","17","http://docquery.fec.gov/cgi-bin/fecimg/?202510159791359721","","ACTBLUE TECHNICAL SERVICES","366 SUMMER ST","","WEST SOMERVILLE","MA","021443132","2025-07-27","$92.21","CREDIT CARD PROCESSING FEE","","","","","501011068",""
"C00497933","CASTRO FOR CONGRESS","H2TX35011","CASTRO, JOAQUIN","2026","H","TX","20","17","http://docquery.fec.gov/cgi-bin/fecimg/?202510159791359722","","ACTBLUE TECHNICAL SERVICES","366 SUMMER ST","","WEST SOMERVILLE","MA","021443132","2025-07-28","$15.00","CREDIT CARD PROCESSING FEE","","","","","501011803",""
"C00497933","CASTRO FOR CONGRESS","H2TX35011","CASTRO, JOAQUIN","2026","H","TX","20","17","http://docquery.fec.gov/cgi-bin/fecimg/?202510159791359745","","FLAGSHIP CAMPAIGNS","56 OAK VILLA RD","","CANYON LAKE","TX","781333102","2025-08-13","$350.00","DATA ANALYTICS","X","*","","","501017928","501013384"
"C00497933","CASTRO FOR CONGRESS","H2TX35011","CASTRO, JOAQUIN","2026","H","TX","20","17","http://docquery.fec.gov/cgi-bin/fecimg/?202510159791359745","","GOOGLE, INC.","1600 AMPHITHEATRE PKWY","","MOUNTAIN VIEW","CA","940431351","2025-08-13","$61.06","SOFTWARE","X","*","","","501017300","501013384"
"C00497933","CASTRO FOR CONGRESS","H2TX35011","CASTRO, JOAQUIN","2026","H","TX","20","17","http://docquery.fec.gov/cgi-bin/fecimg/?202510159791359745","","GUARDIAN PARKING","PO BOX 548","","MECHANICSVILLE","VA","231110548","2025-08-13","$27.60","PARKING","X","*","","","501017926","501013384"
"C00497933","CASTRO FOR CONGRESS","H2TX35011","CASTRO, JOAQUIN","2026","H","TX","20","17","http://docquery.fec.gov/cgi-bin/fecimg/?202510159791359746","","H-E-B","516 S FLORES ST","","SAN ANTONIO","TX","782041217","2025-08-13","$25.02","TRAVEL","X","*","","","501017305","501013384"
"C00497933","CASTRO FOR CONGRESS","H2TX35011","CASTRO, JOAQUIN","2026","H","TX","20","17","http://docquery.fec.gov/cgi-bin/fecimg/?202510159791359746","","LAZ PARKING","508 BRAZOS ST","","AUSTIN","TX","787013606","2025-08-13","$35.00","PARKING","X","*","","","501017310","501013384"
"C00497933","CASTRO FOR CONGRESS","H2TX35011","CASTRO, JOAQUIN","2026","H","TX","20","17","http://docquery.fec.gov/cgi-bin/fecimg/?202510159791359746","","LIQUID WEB","2703 ENA DR","","LANSING","MI","489178585","2025-08-13","$100.85","WEBSITE SERVICES","X","*","","","501017306","501013384"
"C00497933","CASTRO FOR CONGRESS","H2TX35011","CASTRO, JOAQUIN","2026","H","TX","20","17","http://docquery.fec.gov/cgi-bin/fecimg/?202510159791359747","","LYFT","548 MARKET ST","# 68514","SAN FRANCISCO","CA","941045401","2025-08-13","$1.00","TRAVEL","X","*","","","501017290","501013384"
"C00497933","CASTRO FOR CONGRESS","H2TX35011","CASTRO, JOAQUIN","2026","H","TX","20","17","http://docquery.fec.gov/cgi-bin/fecimg/?202510159791359747","","LYFT","548 MARKET ST","# 68514","SAN FRANCISCO","CA","941045401","2025-08-13","$9.73","TRAVEL","X","*","","","501017291","501013384"
"C00497933","CASTRO FOR CONGRESS","H2TX35011","CASTRO, JOAQUIN","2026","H","TX","20","17","http://docquery.fec.gov/cgi-bin/fecimg/?202510159791359747","","LYFT","548 MARKET ST","# 68514","SAN FRANCISCO","CA","941045401","2025-08-13","$26.78","TRAVEL","X","*","","","501017292","501013384"
"C00497933","CASTRO FOR CONGRESS","H2TX35011","CASTRO, JOAQUIN","2026","H","TX","20","17","http://docquery.fec.gov/cgi-bin/fecimg/?202510159791359748","","OCEAN PRIME","2101 CEDAR SPRINGS RD","STE 150","DALLAS","TX","752011678","2025-08-13","$177.80","MEALS","X","*","","","501017307","501013384"
"C00497933","CASTRO FOR CONGRESS","H2TX35011","CASTRO, JOAQUIN","2026","H","TX","20","17","http://docquery.fec.gov/cgi-bin/fecimg/?202510159791359748","","QUADRANT BAR & LOUNGE","1150 22ND ST NW","","WASHINGTON","DC","200371219","2025-08-13","$115.41","MEALS","X","*","","","501018758","501013384"
"C00497933","CASTRO FOR CONGRESS","H2TX35011","CASTRO, JOAQUIN","2026","H","TX","20","17","http://docquery.fec.gov/cgi-bin/fecimg/?202510159791359742","","USPS","475 LENFANT PLZ SW","","WASHINGTON","DC","202600004","2025-07-11","$166.00","PO BOX RENTAL","X","*","","","501011873","501008766"
"C00497933","CASTRO FOR CONGRESS","H2TX35011","CASTRO, JOAQUIN","2026","H","TX","20","17","http://docquery.fec.gov/cgi-bin/fecimg/?202510159791359742","","AMERICAN EXPRESS","PO BOX 650448","","DALLAS","TX","752650448","2025-08-13","$2,095.80","CREDIT CARD PAYMENT","","","","","501013384",""
"C00497933","CASTRO FOR CONGRESS","H2TX35011","CASTRO, JOAQUIN","2026","H","TX","20","17","http://docquery.fec.gov/cgi-bin/fecimg/?202510159791359742","","AMERICAN AIRLINES","4333 AMON CARTER BLVD","","FORT WORTH","TX","761552605","2025-08-13","$20.00","TRAVEL","X","*","","","501017289","501013384"
"C00497933","CASTRO FOR CONGRESS","H2TX35011","CASTRO, JOAQUIN","2026","H","TX","20","17","http://docquery.fec.gov/cgi-bin/fecimg/?202510159791359743","","CAPITAL BIKESHARE","185 BERRY ST","STE 400","SAN FRANCISCO","CA","941071725","2025-08-13","$7.55","TRAVEL","X","*","","","501017302","501013384"
"C00497933","CASTRO FOR CONGRESS","H2TX35011","CASTRO, JOAQUIN","2026","H","TX","20","17","http://docquery.fec.gov/cgi-bin/fecimg/?202510159791359743","","CAPITAL BIKESHARE","185 BERRY ST","STE 400","SAN FRANCISCO","CA","941071725","2025-08-13","$8.00","SUBSCRIPTION","X","*","","","501017303","501013384"
"C00497933","CASTRO FOR CONGRESS","H2TX35011","CASTRO, JOAQUIN","2026","H","TX","20","17","http://docquery.fec.gov/cgi-bin/fecimg/?202510159791359743","","CAPITAL BIKESHARE","185 BERRY ST","STE 400","SAN FRANCISCO","CA","941071725","2025-08-13","$2.40","TRAVEL","X","*","","","501017937","501013384"
"C00497933","CASTRO FOR CONGRESS","H2TX35011","CASTRO, JOAQUIN","2026","H","TX","20","17","http://docquery.fec.gov/cgi-bin/fecimg/?202510159791359744","","EL SOL","1227 11TH ST NW","","WASHINGTON","DC","200014217","2025-08-13","$88.66","MEALS","X","*","","","501017296","501013384"
"C00497933","CASTRO FOR CONGRESS","H2TX35011","CASTRO, JOAQUIN","2026","H","TX","20","17","http://docquery.fec.gov/cgi-bin/fecimg/?202510159791359744","","EXTRA SPACE","1974 S ALAMO ST","","SAN ANTONIO","TX","782041603","2025-08-13","$155.00","STORAGE","X","*","","","501017295","501013384"
"C00497933","CASTRO FOR CONGRESS","H2TX35011","CASTRO, JOAQUIN","2026","H","TX","20","17","http://docquery.fec.gov/cgi-bin/fecimg/?202510159791359744","","FAIRMONT DALLAS","1717 N AKARD ST","","DALLAS","TX","752012301","2025-08-13","$33.00","LODGING","X","*","","","501017304","501013384"
"C00497933","CASTRO FOR CONGRESS","H2TX35011","CASTRO, JOAQUIN","2026","H","TX","20","17","http://docquery.fec.gov/cgi-bin/fecimg/?202510159791359729","","7-ELEVEN","601 W BEN WHITE BLVD","","AUSTIN","TX","787047031","2025-07-11","$7.23","TRAVEL","X","*","","","501012309","501008766"
"C00497933","CASTRO FOR CONGRESS","H2TX35011","CASTRO, JOAQUIN","2026","H","TX","20","17","http://docquery.fec.gov/cgi-bin/fecimg/?202510159791359729","","7-ELEVEN","601 W BEN WHITE BLVD","","AUSTIN","TX","787047031","2025-07-11","$70.31","TRAVEL","X","*","","","501012310","501008766"
"C00497933","CASTRO FOR CONGRESS","H2TX35011","CASTRO, JOAQUIN","2026","H","TX","20","17","http://docquery.fec.gov/cgi-bin/fecimg/?202510159791359729","","ACE PARKING","645 ASH ST","","SAN DIEGO","CA","921013211","2025-07-11","$13.00","PARKING","X","*","","","501012300","501008766"
"C00497933","CASTRO FOR CONGRESS","H2TX35011","CASTRO, JOAQUIN","2026","H","TX","20","17","http://docquery.fec.gov/cgi-bin/fecimg/?202510159791359730","","AMERICAN AIRLINES","4333 AMON CARTER BLVD","","FORT WORTH","TX","761552605","2025-07-11","$17.00","TRAVEL","X","*","","","501012289","501008766"
"C00497933","CASTRO FOR CONGRESS","H2TX35011","CASTRO, JOAQUIN","2026","H","TX","20","17","http://docquery.fec.gov/cgi-bin/fecimg/?202510159791359730","","AMERICAN AIRLINES","4333 AMON CARTER BLVD","","FORT WORTH","TX","761552605","2025-07-11","$20.00","TRAVEL","X","*","","","501012290","501008766"
"C00497933","CASTRO FOR CONGRESS","H2TX35011","CASTRO, JOAQUIN","2026","H","TX","20","17","http://docquery.fec.gov/cgi-bin/fecimg/?202510159791359771","","HACKETT, SAWYER","919 FLORIDA AVE NW","APT 406","WASHINGTON","DC","200015046","2025-07-09","$5,000.00","DIGITAL CONSULTING","","","","","501008765",""
"C00497933","CASTRO FOR CONGRESS","H2TX35011","CASTRO, JOAQUIN","2026","H","TX","20","17","http://docquery.fec.gov/cgi-bin/fecimg/?202510159791359771","","HACKETT, SAWYER","919 FLORIDA AVE NW","APT 406","WASHINGTON","DC","200015046","2025-08-19","$5,000.00","DIGITAL CONSULTING","","","","","501013383",""
"C00497933","CASTRO FOR CONGRESS","H2TX35011","CASTRO, JOAQUIN","2026","H","TX","20","17","http://docquery.fec.gov/cgi-bin/fecimg/?202510159791359771","","HACKETT, SAWYER","919 FLORIDA AVE NW","APT 406","WASHINGTON","DC","200015046","2025-09-03","$5,000.00","DIGITAL CONSULTING","","","","","501014556",""
"C00497933","CASTRO FOR CONGRESS","H2TX35011","CASTRO, JOAQUIN","2026","H","TX","20","17","http://docquery.fec.gov/cgi-bin/fecimg/?202510159791359772","","HM CONSULTING, LTD.","114 LEXINGTON DR","","SILVER SPRING","MD","209012531","2025-07-16","$735.80","CATERING","","","","","501011053",""
"C00497933","CASTRO FOR CONGRESS","H2TX35011","CASTRO, JOAQUIN","2026","H","TX","20","17","http://docquery.fec.gov/cgi-bin/fecimg/?202510159791359772","","PARAISO - MEXICAN RESTAURANT","1101 PENNSYLVANIA AVE SE","","WASHINGTON","DC","200032277","2025-07-16","$735.80","CATERING","X","*","","","501011054","501011053"
"C00497933","CASTRO FOR CONGRESS","H2TX35011","CASTRO, JOAQUIN","2026","H","TX","20","17","http://docquery.fec.gov/cgi-bin/fecimg/?202510159791359772","","HM CONSULTING, LTD.","114 LEXINGTON DR","","SILVER SPRING","MD","209012531","2025-08-29","$10,000.00","FUNDRAISING CONSULTING","","","","","501013925",""
"C00497933","CASTRO FOR CONGRESS","H2TX35011","CASTRO, JOAQUIN","2026","H","TX","20","17","http://docquery.fec.gov/cgi-bin/fecimg/?202510159791359773","","INTUIT","2632 MARINE WAY","","MOUNTAIN VIEW","CA","940431126","2025-07-14","$122.59","ACCOUNTING SOFTWARE","","","","","501011055",""
"C00497933","CASTRO FOR CONGRESS","H2TX35011","CASTRO, JOAQUIN","2026","H","TX","20","17","http://docquery.fec.gov/cgi-bin/fecimg/?202510159791359773","","INTUIT","2632 MARINE WAY","","MOUNTAIN VIEW","CA","940431126","2025-08-12","$122.59","ACCOUNTING SOFTWARE","","","","","501012907",""
"C00497933","CASTRO FOR CONGRESS","H2TX35011","CASTRO, JOAQUIN","2026","H","TX","20","17","http://docquery.fec.gov/cgi-bin/fecimg/?202510159791359773","","INTUIT","2632 MARINE WAY","","MOUNTAIN VIEW","CA","940431126","2025-09-12","$122.59","ACCOUNTING SOFTWARE","","","","","501016373",""
"C00497933","CASTRO FOR CONGRESS","H2TX35011","CASTRO, JOAQUIN","2026","H","TX","20","17","http://docquery.fec.gov/cgi-bin/fecimg/?202510159791359774","","LONE STAR NATIONAL BANK","10000 SAN PEDRO AVE","","SAN ANTONIO","TX","782163859","2025-07-01","$15.00","BANK FEES","","","","","501008761",""
"C00497933","CASTRO FOR CONGRESS","H2TX35011","CASTRO, JOAQUIN","2026","H","TX","20","17","http://docquery.fec.gov/cgi-bin/fecimg/?202510159791359774","","LONE STAR NATIONAL BANK","10000 SAN PEDRO AVE","","SAN ANTONIO","TX","782163859","2025-07-07","$15.00","BANK FEES","","","","","501008763",""
"C00497933","CASTRO FOR CONGRESS","H2TX35011","CASTRO, JOAQUIN","2026","H","TX","20","17","http://docquery.fec.gov/cgi-bin/fecimg/?202510159791359774","","LONE STAR NATIONAL BANK","10000 SAN PEDRO AVE","","SAN ANTONIO","TX","782163859","2025-07-14","$12.00","BANK FEES","","","","","501011056",""
"C00497933","CASTRO FOR CONGRESS","H2TX35011","CASTRO, JOAQUIN","2026","H","TX","20","17","http://docquery.fec.gov/cgi-bin/fecimg/?202510159791359748","","SEQUOIA","3000 K ST NW","","WASHINGTON","DC","200075109","2025-08-13","$312.40","MEALS","X","*","","","501017910","501013384"
"C00497933","CASTRO FOR CONGRESS","H2TX35011","CASTRO, JOAQUIN","2026","H","TX","20","17","http://docquery.fec.gov/cgi-bin/fecimg/?202510159791359749","","TED'S BULLETIN","1818 14TH ST NW","","WASHINGTON","DC","200094470","2025-08-13","$59.62","MEALS","X","*","","","501017301","501013384"
"C00497933","CASTRO FOR CONGRESS","H2TX35011","CASTRO, JOAQUIN","2026","H","TX","20","17","http://docquery.fec.gov/cgi-bin/fecimg/?202510159791359749","","THE DRISKILL HOTEL","604 BRAZOS ST","","AUSTIN","TX","787013212","2025-08-13","$95.35","LODGING","X","*","","","501017293","501013384"
"C00497933","CASTRO FOR CONGRESS","H2TX35011","CASTRO, JOAQUIN","2026","H","TX","20","17","http://docquery.fec.gov/cgi-bin/fecimg/?202510159791359749","","THE DRISKILL HOTEL","604 BRAZOS ST","","AUSTIN","TX","787013212","2025-08-13","$338.97","LODGING","X","*","","","501017294","501013384"
"C00497933","CASTRO FOR CONGRESS","H2TX35011","CASTRO, JOAQUIN","2026","H","TX","20","17","http://docquery.fec.gov/cgi-bin/fecimg/?202510159791359750","","UNITED AIRLINES","77 W WACKER DR","","CHICAGO","IL","606011604","2025-08-13","$8.00","TRAVEL","X","*","","","501017297","501013384"
"C00497933","CASTRO FOR CONGRESS","H2TX35011","CASTRO, JOAQUIN","2026","H","TX","20","17","http://docquery.fec.gov/cgi-bin/fecimg/?202510159791359750","","UNITED AIRLINES","77 W WACKER DR","","CHICAGO","IL","606011604","2025-08-13","$8.00","TRAVEL","X","*","","","501017298","501013384"
"C00497933","CASTRO FOR CONGRESS","H2TX35011","CASTRO, JOAQUIN","2026","H","TX","20","17","http://docquery.fec.gov/cgi-bin/fecimg/?202510159791359750","","UNITED AIRLINES","77 W WACKER DR","","CHICAGO","IL","606011604","2025-08-13","$8.00","TRAVEL","X","*","","","501017299","501013384"
"C00497933","CASTRO FOR CONGRESS","H2TX35011","CASTRO, JOAQUIN","2026","H","TX","20","17","http://docquery.fec.gov/cgi-bin/fecimg/?202510159791359751","","AMERICAN EXPRESS","PO BOX 650448","","DALLAS","TX","752650448","2025-09-09","$5,055.70","CREDIT CARD PAYMENT","","","","","501014561",""
"C00497933","CASTRO FOR CONGRESS","H2TX35011","CASTRO, JOAQUIN","2026","H","TX","20","17","http://docquery.fec.gov/cgi-bin/fecimg/?202510159791359730","","AMERICAN AIRLINES","4333 AMON CARTER BLVD","","FORT WORTH","TX","761552605","2025-07-11","$20.00","TRAVEL","X","*","","","501012291","501008766"
"C00497933","CASTRO FOR CONGRESS","H2TX35011","CASTRO, JOAQUIN","2026","H","TX","20","17","http://docquery.fec.gov/cgi-bin/fecimg/?202510159791359731","","AMERICAN AIRLINES","4333 AMON CARTER BLVD","","FORT WORTH","TX","761552605","2025-07-11","$24.00","TRAVEL","X","*","","","501012292","501008766"
"C00497933","CASTRO FOR CONGRESS","H2TX35011","CASTRO, JOAQUIN","2026","H","TX","20","17","http://docquery.fec.gov/cgi-bin/fecimg/?202510159791359731","","BABOU'S","2598 N HARWOOD ST","","DALLAS","TX","75201","2025-07-11","$68.46","MEALS","X","*","","","501011874","501008766"
"C00497933","CASTRO FOR CONGRESS","H2TX35011","CASTRO, JOAQUIN","2026","H","TX","20","17","http://docquery.fec.gov/cgi-bin/fecimg/?202510159791359731","","CAMEO BEVERLY HILLS","1224 BEVERWIL DR","","LOS ANGELES","CA","900351108","2025-07-11","$325.42","LODGING","X","*","","","501012311","501008766"
"C00497933","CASTRO FOR CONGRESS","H2TX35011","CASTRO, JOAQUIN","2026","H","TX","20","17","http://docquery.fec.gov/cgi-bin/fecimg/?202510159791359732","","CAPITAL BIKESHARE","185 BERRY ST","STE 400","SAN FRANCISCO","CA","941071725","2025-07-11","$8.00","SUBSCRIPTION","X","*","","","501017284","501008766"
"C00497933","CASTRO FOR CONGRESS","H2TX35011","CASTRO, JOAQUIN","2026","H","TX","20","17","http://docquery.fec.gov/cgi-bin/fecimg/?202510159791359732","","CIRCLE K","819 E MULBERRY AVE","","SAN ANTONIO","TX","782123151","2025-07-11","$28.21","TRAVEL","X","*","","","501012307","501008766"
"C00497933","CASTRO FOR CONGRESS","H2TX35011","CASTRO, JOAQUIN","2026","H","TX","20","17","http://docquery.fec.gov/cgi-bin/fecimg/?202510159791359732","","CIRCLE K","819 E MULBERRY AVE","","SAN ANTONIO","TX","782123151","2025-07-11","$28.94","TRAVEL","X","*","","","501012308","501008766"
"C00497933","CASTRO FOR CONGRESS","H2TX35011","CASTRO, JOAQUIN","2026","H","TX","20","17","http://docquery.fec.gov/cgi-bin/fecimg/?202510159791359733","","COLONIAL PARKING","555 11TH ST NW","","WASHINGTON","DC","200041300","2025-07-11","$12.00","PARKING","X","*","","","501012301","501008766"
"C00497933","CASTRO FOR CONGRESS","H2TX35011","CASTRO, JOAQUIN","2026","H","TX","20","17","http://docquery.fec.gov/cgi-bin/fecimg/?202510159791359733","","COMMERCE STREET GARAGE","105 E MARKET ST","","SAN ANTONIO","TX","78205","2025-07-11","$15.00","PARKING","X","*","","","501017283","501008766"
"C00497933","CASTRO FOR CONGRESS","H2TX35011","CASTRO, JOAQUIN","2026","H","TX","20","17","http://docquery.fec.gov/cgi-bin/fecimg/?202510159791359775","","LONE STAR NATIONAL BANK","10000 SAN PEDRO AVE","","SAN ANTONIO","TX","782163859","2025-07-22","$10.00","BANK FEES","","","","","501017195",""
"C00497933","CASTRO FOR CONGRESS","H2TX35011","CASTRO, JOAQUIN","2026","H","TX","20","17","http://docquery.fec.gov/cgi-bin/fecimg/?202510159791359775","","LONE STAR NATIONAL BANK","10000 SAN PEDRO AVE","","SAN ANTONIO","TX","782163859","2025-08-21","$5.00","BANK FEES","","","","","501014600",""
"C00497933","CASTRO FOR CONGRESS","H2TX35011","CASTRO, JOAQUIN","2026","H","TX","20","17","http://docquery.fec.gov/cgi-bin/fecimg/?202510159791359722","","ACTBLUE TECHNICAL SERVICES","366 SUMMER ST","","WEST SOMERVILLE","MA","021443132","2025-08-03","$129.08","CREDIT CARD PROCESSING FEE","","","","","501011567",""
"C00497933","CASTRO FOR CONGRESS","H2TX35011","CASTRO, JOAQUIN","2026","H","TX","20","17","http://docquery.fec.gov/cgi-bin/fecimg/?202510159791359722","","ACTBLUE TECHNICAL SERVICES","366 SUMMER ST","","WEST SOMERVILLE","MA","021443132","2025-08-04","$15.00","CREDIT CARD PROCESSING FEE","","","","","501011804",""
"C00497933","CASTRO FOR CONGRESS","H2TX35011","CASTRO, JOAQUIN","2026","H","TX","20","17","http://docquery.fec.gov/cgi-bin/fecimg/?202510159791359723","","ACTBLUE TECHNICAL SERVICES","366 SUMMER ST","","WEST SOMERVILLE","MA","021443132","2025-08-10","$37.31","CREDIT CARD PROCESSING FEE","","","","","501012794",""
"C00497933","CASTRO FOR CONGRESS","H2TX35011","CASTRO, JOAQUIN","2026","H","TX","20","17","http://docquery.fec.gov/cgi-bin/fecimg/?202510159791359723","","ACTBLUE TECHNICAL SERVICES","366 SUMMER ST","","WEST SOMERVILLE","MA","021443132","2025-08-11","$15.00","CREDIT CARD PROCESSING FEE","","","","","501012906",""
"C00497933","CASTRO FOR CONGRESS","H2TX35011","CASTRO, JOAQUIN","2026","H","TX","20","17","http://docquery.fec.gov/cgi-bin/fecimg/?202510159791359723","","ACTBLUE TECHNICAL SERVICES","366 SUMMER ST","","WEST SOMERVILLE","MA","021443132","2025-08-17","$24.31","CREDIT CARD PROCESSING FEE","","","","","501013161",""
"C00497933","CASTRO FOR CONGRESS","H2TX35011","CASTRO, JOAQUIN","2026","H","TX","20","17","http://docquery.fec.gov/cgi-bin/fecimg/?202510159791359724","","ACTBLUE TECHNICAL SERVICES","366 SUMMER ST","","WEST SOMERVILLE","MA","021443132","2025-08-18","$15.00","CREDIT CARD PROCESSING FEE","","","","","501013382",""
"C00497933","CASTRO FOR CONGRESS","H2TX35011","CASTRO, JOAQUIN","2026","H","TX","20","17","http://docquery.fec.gov/cgi-bin/fecimg/?202510159791359724","","ACTBLUE TECHNICAL SERVICES","366 SUMMER ST","","WEST SOMERVILLE","MA","021443132","2025-08-24","$30.23","CREDIT CARD PROCESSING FEE","","","","","501013606",""
"C00497933","CASTRO FOR CONGRESS","H2TX35011","CASTRO, JOAQUIN","2026","H","TX","20","17","http://docquery.fec.gov/cgi-bin/fecimg/?202510159791359724","","ACTBLUE TECHNICAL SERVICES","366 SUMMER ST","","WEST SOMERVILLE","MA","021443132","2025-08-25","$15.00","CREDIT CARD PROCESSING FEE","","","","","501013787",""
"C00497933","CASTRO FOR CONGRESS","H2TX35011","CASTRO, JOAQUIN","2026","H","TX","20","17","http://docquery.fec.gov/cgi-bin/fecimg/?202510159791359725","","ACTBLUE TECHNICAL SERVICES","366 SUMMER ST","","WEST SOMERVILLE","MA","021443132","2025-08-31","$23.49","CREDIT CARD PROCESSING FEE","","","","","501013951",""
"C00497933","CASTRO FOR CONGRESS","H2TX35011","CASTRO, JOAQUIN","2026","H","TX","20","17","http://docquery.fec.gov/cgi-bin/fecimg/?202510159791359725","","ACTBLUE TECHNICAL SERVICES","366 SUMMER ST","","WEST SOMERVILLE","MA","021443132","2025-09-02","$15.00","CREDIT CARD PROCESSING FEE","","","","","501014553",""
"C00497933","CASTRO FOR CONGRESS","H2TX35011","CASTRO, JOAQUIN","2026","H","TX","20","17","http://docquery.fec.gov/cgi-bin/fecimg/?202510159791359725","","ACTBLUE TECHNICAL SERVICES","366 SUMMER ST","","WEST SOMERVILLE","MA","021443132","2025-09-07","$49.61","CREDIT CARD PROCESSING FEE","","","","","501014354",""
"C00497933","CASTRO FOR CONGRESS","H2TX35011","CASTRO, JOAQUIN","2026","H","TX","20","17","http://docquery.fec.gov/cgi-bin/fecimg/?202510159791359726","","ACTBLUE TECHNICAL SERVICES","366 SUMMER ST","","WEST SOMERVILLE","MA","021443132","2025-09-08","$15.00","CREDIT CARD PROCESSING FEE","","","","","501014554",""
"C00497933","CASTRO FOR CONGRESS","H2TX35011","CASTRO, JOAQUIN","2026","H","TX","20","17","http://docquery.fec.gov/cgi-bin/fecimg/?202510159791359726","","ACTBLUE TECHNICAL SERVICES","366 SUMMER ST","","WEST SOMERVILLE","MA","021443132","2025-09-14","$212.40","CREDIT CARD PROCESSING FEE","","","","","501015382",""
"C00497933","CASTRO FOR CONGRESS","H2TX35011","CASTRO, JOAQUIN","2026","H","TX","20","17","http://docquery.fec.gov/cgi-bin/fecimg/?202510159791359726","","ACTBLUE TECHNICAL SERVICES","366 SUMMER ST","","WEST SOMERVILLE","MA","021443132","2025-09-15","$15.00","CREDIT CARD PROCESSING FEE","","","","","501016372",""
"C00497933","CASTRO FOR CONGRESS","H2TX35011","CASTRO, JOAQUIN","2026","H","TX","20","17","http://docquery.fec.gov/cgi-bin/fecimg/?202510159791359727","","ACTBLUE TECHNICAL SERVICES","366 SUMMER ST","","WEST SOMERVILLE","MA","021443132","2025-09-21","$498.29","CREDIT CARD PROCESSING FEE","","","","","501017106",""
"C00497933","CASTRO FOR CONGRESS","H2TX35011","CASTRO, JOAQUIN","2026","H","TX","20","17","http://docquery.fec.gov/cgi-bin/fecimg/?202510159791359727","","ACTBLUE TECHNICAL SERVICES","366 SUMMER ST","","WEST SOMERVILLE","MA","021443132","2025-09-28","$316.75","CREDIT CARD PROCESSING FEE","","","","","501017105",""
"C00497933","CASTRO FOR CONGRESS","H2TX35011","CASTRO, JOAQUIN","2026","H","TX","20","17","http://docquery.fec.gov/cgi-bin/fecimg/?202510159791359727","","ACTBLUE TECHNICAL SERVICES","366 SUMMER ST","","WEST SOMERVILLE","MA","021443132","2025-09-30","$17.51","CREDIT CARD PROCESSING FEE","","","","","501017359",""
"C00497933","CASTRO FOR CONGRESS","H2TX35011","CASTRO, JOAQUIN","2026","H","TX","20","17","http://docquery.fec.gov/cgi-bin/fecimg/?202510159791359728","","ALEJANDRO BARRAGAN","2614 ARLENE PARK","","SAN ANTONIO","TX","782512548","2025-07-30","$500.00","FUNDRAISING CONSULTING","","","","","501011805",""
"C00497933","CASTRO FOR CONGRESS","H2TX35011","CASTRO, JOAQUIN","2026","H","TX","20","17","http://docquery.fec.gov/cgi-bin/fecimg/?202510159791359728","","ALEJANDRO BARRAGAN","2614 ARLENE PARK","","SAN ANTONIO","TX","782512548","2025-09-03","$750.00","FUNDRAISING CONSULTING","","","","","501014558",""
"C00497933","CASTRO FOR CONGRESS","H2TX35011","CASTRO, JOAQUIN","2026","H","TX","20","17","http://docquery.fec.gov/cgi-bin/fecimg/?202510159791359728","","AMERICAN EXPRESS","PO BOX 650448","","DALLAS","TX","752650448","2025-07-11","$2,930.69","CREDIT CARD PAYMENT","","","","","501008766",""
"C00497933","CASTRO FOR CONGRESS","H2TX35011","CASTRO, JOAQUIN","2026","H","TX","20","17","http://docquery.fec.gov/cgi-bin/fecimg/?202510159791359753","","AMERICAN AIRLINES","4333 AMON CARTER BLVD","","FORT WORTH","TX","761552605","2025-09-09","$228.48","TRAVEL","X","*","","","501014568","501014561"
"C00497933","CASTRO FOR CONGRESS","H2TX35011","CASTRO, JOAQUIN","2026","H","TX","20","17","http://docquery.fec.gov/cgi-bin/fecimg/?202510159791359753","","AMERICAN AIRLINES","4333 AMON CARTER BLVD","","FORT WORTH","TX","761552605","2025-09-09","$228.48","TRAVEL","X","*","","","501014569","501014561"
"C00497933","CASTRO FOR CONGRESS","H2TX35011","CASTRO, JOAQUIN","2026","H","TX","20","17","http://docquery.fec.gov/cgi-bin/fecimg/?202510159791359753","","AMERICAN AIRLINES","4333 AMON CARTER BLVD","","FORT WORTH","TX","761552605","2025-09-09","$40.66","TRAVEL","X","*","","","501014570","501014561"
"C00497933","CASTRO FOR CONGRESS","H2TX35011","CASTRO, JOAQUIN","2026","H","TX","20","17","http://docquery.fec.gov/cgi-bin/fecimg/?202510159791359754","","AMERICAN AIRLINES","4333 AMON CARTER BLVD","","FORT WORTH","TX","761552605","2025-09-09","$208.48","TRAVEL","X","*","","","501014571","501014561"
"C00497933","CASTRO FOR CONGRESS","H2TX35011","CASTRO, JOAQUIN","2026","H","TX","20","17","http://docquery.fec.gov/cgi-bin/fecimg/?202510159791359754","","AMERICAN AIRLINES","4333 AMON CARTER BLVD","","FORT WORTH","TX","761552605","2025-09-09","$40.66","TRAVEL","X","*","","","501014572","501014561"
"C00497933","CASTRO FOR CONGRESS","H2TX35011","CASTRO, JOAQUIN","2026","H","TX","20","17","http://docquery.fec.gov/cgi-bin/fecimg/?202510159791359754","","AMERICAN AIRLINES","4333 AMON CARTER BLVD","","FORT WORTH","TX","761552605","2025-09-09","$208.48","TRAVEL","X","*","","","501014573","501014561"
"C00497933","CASTRO FOR CONGRESS","H2TX35011","CASTRO, JOAQUIN","2026","H","TX","20","17","http://docquery.fec.gov/cgi-bin/fecimg/?202510159791359755","","AMERICAN AIRLINES","4333 AMON CARTER BLVD","","FORT WORTH","TX","761552605","2025-09-09","$256.99","TRAVEL","X","*","","","501014574","501014561"
"C00497933","CASTRO FOR CONGRESS","H2TX35011","CASTRO, JOAQUIN","2026","H","TX","20","17","http://docquery.fec.gov/cgi-bin/fecimg/?202510159791359755","","AMERICAN AIRLINES","4333 AMON CARTER BLVD","","FORT WORTH","TX","761552605","2025-09-09","$256.99","TRAVEL","X","*","","","501014575","501014561"
"C00497933","CASTRO FOR CONGRESS","H2TX35011","CASTRO, JOAQUIN","2026","H","TX","20","17","http://docquery.fec.gov/cgi-bin/fecimg/?202510159791359755","","AMERICAN AIRLINES","4333 AMON CARTER BLVD","","FORT WORTH","TX","761552605","2025-09-09","$50.43","TRAVEL","X","*","","","501014576","501014561"
"C00497933","CASTRO FOR CONGRESS","H2TX35011","CASTRO, JOAQUIN","2026","H","TX","20","17","http://docquery.fec.gov/cgi-bin/fecimg/?202510159791359756","","AMERICAN AIRLINES","4333 AMON CARTER BLVD","","FORT WORTH","TX","761552605","2025-09-09","$88.14","TRAVEL","X","*","","","501014577","501014561"
"C00497933","CASTRO FOR CONGRESS","H2TX35011","CASTRO, JOAQUIN","2026","H","TX","20","17","http://docquery.fec.gov/cgi-bin/fecimg/?202510159791359756","","BARBARO","2720 MCCULLOUGH AVE","","SAN ANTONIO","TX","782123036","2025-09-09","$117.31","MEALS","X","*","","","501017914","501014561"
"C00497933","CASTRO FOR CONGRESS","H2TX35011","CASTRO, JOAQUIN","2026","H","TX","20","17","http://docquery.fec.gov/cgi-bin/fecimg/?202510159791359756","","CAPITOL VISITORS PARKING GARAGE","1201 SAN JACINTO BLVD","","AUSTIN","TX","78701","2025-09-09","$2.00","PARKING","X","*","","","501017286","501014561"
"C00497933","CASTRO FOR CONGRESS","H2TX35011","CASTRO, JOAQUIN","2026","H","TX","20","17","http://docquery.fec.gov/cgi-bin/fecimg/?202510159791359757","","CHILI'S GRILL & BAR","2330 N INTERNATIONAL PKWY","","DALLAS","TX","752614031","2025-09-09","$23.55","MEALS","X","*","","","501014595","501014561"
"C00497933","CASTRO FOR CONGRESS","H2TX35011","CASTRO, JOAQUIN","2026","H","TX","20","17","http://docquery.fec.gov/cgi-bin/fecimg/?202510159791359757","","DFW TAXI EXPRESS","411 POPLAR LN E","","IRVING","TX","750634220","2025-09-09","$152.21","TRAVEL","X","*","","","501017920","501014561"
"C00497933","CASTRO FOR CONGRESS","H2TX35011","CASTRO, JOAQUIN","2026","H","TX","20","17","http://docquery.fec.gov/cgi-bin/fecimg/?202510159791359757","","EXTRA SPACE","1974 S ALAMO ST","","SAN ANTONIO","TX","782041603","2025-09-09","$155.00","STORAGE SERVICES","X","*","","","501014588","501014561"
"C00497933","CASTRO FOR CONGRESS","H2TX35011","CASTRO, JOAQUIN","2026","H","TX","20","17","http://docquery.fec.gov/cgi-bin/fecimg/?202510159791359758","","EXXON MOBIL","10733 HUEBNER RD","","SAN ANTONIO","TX","782401332","2025-09-09","$48.93","TRAVEL","X","*","","","501014578","501014561"
"C00497933","CASTRO FOR CONGRESS","H2TX35011","CASTRO, JOAQUIN","2026","H","TX","20","17","http://docquery.fec.gov/cgi-bin/fecimg/?202510159791359758","","FORT WORTH MAGAZINE TRAVEL STORE","2400 INTERNATIONAL PKWY","","DALLAS","TX","75261","2025-09-09","$4.10","MEALS","X","*","","","501014596","501014561"
"C00497933","CASTRO FOR CONGRESS","H2TX35011","CASTRO, JOAQUIN","2026","H","TX","20","17","http://docquery.fec.gov/cgi-bin/fecimg/?202510159791359758","","GOOGLE, INC.","1600 AMPHITHEATRE PKWY","","MOUNTAIN VIEW","CA","940431351","2025-09-09","$68.59","SOFTWARE","X","*","","","501014592","501014561"
"C00497933","CASTRO FOR CONGRESS","H2TX35011","CASTRO, JOAQUIN","2026","H","TX","20","17","http://docquery.fec.gov/cgi-bin/fecimg/?202510159791359759","","HILTON GARDEN INN","111 W UNIVERSITY AVE","","EL PASO","TX","79902","2025-09-09","$144.10","LODGING","X","*","","","501014597","501014561"
"C00497933","CASTRO FOR CONGRESS","H2TX35011","CASTRO, JOAQUIN","2026","H","TX","20","17","http://docquery.fec.gov/cgi-bin/fecimg/?202601319795650350","","AMERICAN EXPRESS","PO BOX 650448","","DALLAS","TX","752650448","2025-10-09","$11,034.34","CREDIT CARD PAYMENT","","","","","501024143",""
"C00497933","CASTRO FOR CONGRESS","H2TX35011","CASTRO, JOAQUIN","2026","H","TX","20","17","http://docquery.fec.gov/cgi-bin/fecimg/?202601319795650351","","AMERICAN AIRLINES","4333 AMON CARTER BLVD","","FORT WORTH","TX","761552605","2025-10-09","$20.00","TRAVEL","X","*","","","501024151","501024143"
"C00497933","CASTRO FOR CONGRESS","H2TX35011","CASTRO, JOAQUIN","2026","H","TX","20","17","http://docquery.fec.gov/cgi-bin/fecimg/?202601319795650351","","CASTIL, ERICK","ADDRESS REQUESTED","","SAN ANTONIO","TX","78292","2025-10-09","$295.47","CATERING","X","*","","","501024181","501024143"
"C00497933","CASTRO FOR CONGRESS","H2TX35011","CASTRO, JOAQUIN","2026","H","TX","20","17","http://docquery.fec.gov/cgi-bin/fecimg/?202601319795650351","","DE LUNA, REGINALDO","1354 THORPE LN","","SAN MARCOS","TX","786661354","2025-10-09","$131.65","EVENT SOUND EQUIPMENT","X","*","","","501024183","501024143"
"C00497933","CASTRO FOR CONGRESS","H2TX35011","CASTRO, JOAQUIN","2026","H","TX","20","17","http://docquery.fec.gov/cgi-bin/fecimg/?202601319795650352","","DELTA AIRLINES","PO BOX 20706","","ATLANTA","GA","303206001","2025-10-09","$24.99","TRAVEL","X","*","","","501024160","501024143"
"C00497933","CASTRO FOR CONGRESS","H2TX35011","CASTRO, JOAQUIN","2026","H","TX","20","17","http://docquery.fec.gov/cgi-bin/fecimg/?202601319795650382","","HM CONSULTING, LTD.","114 LEXINGTON DR","","SILVER SPRING","MD","209012531","2025-10-06","$10,000.00","FUNDRAISING CONSULTING","","","","","501024135",""
"C00497933","CASTRO FOR CONGRESS","H2TX35011","CASTRO, JOAQUIN","2026","H","TX","20","17","http://docquery.fec.gov/cgi-bin/fecimg/?202601319795650383","","HM CONSULTING, LTD.","114 LEXINGTON DR","","SILVER SPRING","MD","209012531","2025-12-16","$10,000.00","FUNDRAISING CONSULTING","","","","","501031791",""
"C00497933","CASTRO FOR CONGRESS","H2TX35011","CASTRO, JOAQUIN","2026","H","TX","20","17","http://docquery.fec.gov/cgi-bin/fecimg/?202601319795650383","","INTUIT","2632 MARINE WAY","","MOUNTAIN VIEW","CA","940431126","2025-10-14","$122.59","ACCOUNTING SOFTWARE","","","","","501024140",""
"C00497933","CASTRO FOR CONGRESS","H2TX35011","CASTRO, JOAQUIN","2026","H","TX","20","17","http://docquery.fec.gov/cgi-bin/fecimg/?202601319795650383","","INTUIT","2632 MARINE WAY","","MOUNTAIN VIEW","CA","940431126","2025-11-12","$122.59","ACCOUNTING SOFTWARE","","","","","501028057",""
"C00497933","CASTRO FOR CONGRESS","H2TX35011","CASTRO, JOAQUIN","2026","H","TX","20","17","http://docquery.fec.gov/cgi-bin/fecimg/?202601319795650384","","INTUIT","2632 MARINE WAY","","MOUNTAIN VIEW","CA","940431126","2025-12-12","$122.59","ACCOUNTING SOFTWARE","","","","","501031790",""
"C00497933","CASTRO FOR CONGRESS","H2TX35011","CASTRO, JOAQUIN","2026","H","TX","20","17","http://docquery.fec.gov/cgi-bin/fecimg/?202601319795650384","","LONE STAR NATIONAL BANK","10000 SAN PEDRO AVE","","SAN ANTONIO","TX","782163859","2025-10-01","$15.00","BANK FEES","","","","","501024130",""
"C00497933","CASTRO FOR CONGRESS","H2TX35011","CASTRO, JOAQUIN","2026","H","TX","20","17","http://docquery.fec.gov/cgi-bin/fecimg/?202601319795650384","","LONE STAR NATIONAL BANK","10000 SAN PEDRO AVE","","SAN ANTONIO","TX","782163859","2025-10-06","$15.00","BANK FEES","","","","","501024131",""
"C00497933","CASTRO FOR CONGRESS","H2TX35011","CASTRO, JOAQUIN","2026","H","TX","20","17","http://docquery.fec.gov/cgi-bin/fecimg/?202601319795650385","","LONE STAR NATIONAL BANK","10000 SAN PEDRO AVE","","SAN ANTONIO","TX","782163859","2025-10-14","$15.00","BANK FEES","","","","","501024136",""
"C00497933","CASTRO FOR CONGRESS","H2TX35011","CASTRO, JOAQUIN","2026","H","TX","20","17","http://docquery.fec.gov/cgi-bin/fecimg/?202601319795650385","","LONE STAR NATIONAL BANK","10000 SAN PEDRO AVE","","SAN ANTONIO","TX","782163859","2025-10-20","$15.00","BANK FEES","","","","","501024137",""
"C00497933","CASTRO FOR CONGRESS","H2TX35011","CASTRO, JOAQUIN","2026","H","TX","20","17","http://docquery.fec.gov/cgi-bin/fecimg/?202601319795650385","","LONE STAR NATIONAL BANK","10000 SAN PEDRO AVE","","SAN ANTONIO","TX","782163859","2025-10-21","$5.00","BANK FEES","","","","","501024138",""
"C00497933","CASTRO FOR CONGRESS","H2TX35011","CASTRO, JOAQUIN","2026","H","TX","20","17","http://docquery.fec.gov/cgi-bin/fecimg/?202601319795650386","","LONE STAR NATIONAL BANK","10000 SAN PEDRO AVE","","SAN ANTONIO","TX","782163859","2025-10-27","$15.00","BANK FEES","","","","","501024139",""
"C00497933","CASTRO FOR CONGRESS","H2TX35011","CASTRO, JOAQUIN","2026","H","TX","20","17","http://docquery.fec.gov/cgi-bin/fecimg/?202601319795650386","","LONE STAR NATIONAL BANK","10000 SAN PEDRO AVE","","SAN ANTONIO","TX","782163859","2025-11-03","$15.00","BANK FEES","","","","","501024638",""
"C00497933","CASTRO FOR CONGRESS","H2TX35011","CASTRO, JOAQUIN","2026","H","TX","20","17","http://docquery.fec.gov/cgi-bin/fecimg/?202601319795650386","","LONE STAR NATIONAL BANK","10000 SAN PEDRO AVE","","SAN ANTONIO","TX","782163859","2025-11-10","$15.00","BANK FEES","","","","","501028046",""
"C00497933","CASTRO FOR CONGRESS","H2TX35011","CASTRO, JOAQUIN","2026","H","TX","20","17","http://docquery.fec.gov/cgi-bin/fecimg/?202601319795650387","","LONE STAR NATIONAL BANK","10000 SAN PEDRO AVE","","SAN ANTONIO","TX","782163859","2025-11-17","$15.00","BANK FEES","","","","","501028047",""
"C00497933","CASTRO FOR CONGRESS","H2TX35011","CASTRO, JOAQUIN","2026","H","TX","20","17","http://docquery.fec.gov/cgi-bin/fecimg/?202601319795650352","","DELTA AIRLINES","PO BOX 20706","","ATLANTA","GA","303206001","2025-10-09","$19.99","TRAVEL","X","*","","","501024161","501024143"
"C00497933","CASTRO FOR CONGRESS","H2TX35011","CASTRO, JOAQUIN","2026","H","TX","20","17","http://docquery.fec.gov/cgi-bin/fecimg/?202601319795650352","","DELTA AIRLINES","PO BOX 20706","","ATLANTA","GA","303206001","2025-10-09","$468.18","TRAVEL","X","*","","","501024162","501024143"
"C00497933","CASTRO FOR CONGRESS","H2TX35011","CASTRO, JOAQUIN","2026","H","TX","20","17","http://docquery.fec.gov/cgi-bin/fecimg/?202601319795650353","","EL SOL","1227 11TH ST NW","","WASHINGTON","DC","200014217","2025-10-09","$60.71","MEALS","X","*","","","501024146","501024143"
"C00497933","CASTRO FOR CONGRESS","H2TX35011","CASTRO, JOAQUIN","2026","H","TX","20","17","http://docquery.fec.gov/cgi-bin/fecimg/?202601319795650353","","EXTRA SPACE","1974 S ALAMO ST","","SAN ANTONIO","TX","782041603","2025-10-09","$155.00","STORAGE SERVICES","X","*","","","501024152","501024143"
"C00497933","CASTRO FOR CONGRESS","H2TX35011","CASTRO, JOAQUIN","2026","H","TX","20","17","http://docquery.fec.gov/cgi-bin/fecimg/?202601319795650353","","GARCIA, MARTIN","ADDRESS REQUESTED","","SAN ANTONIO","TX","78292","2025-10-09","$51.50","SOUND EQUIPMENT","X","*","","","501036532","501024143"
"C00497933","CASTRO FOR CONGRESS","H2TX35011","CASTRO, JOAQUIN","2026","H","TX","20","17","http://docquery.fec.gov/cgi-bin/fecimg/?202601319795650354","","GOOGLE, INC.","1600 AMPHITHEATRE PKWY","","MOUNTAIN VIEW","CA","940431351","2025-10-09","$71.23","SOFTWARE","X","*","","","501024145","501024143"
"C00497933","CASTRO FOR CONGRESS","H2TX35011","CASTRO, JOAQUIN","2026","H","TX","20","17","http://docquery.fec.gov/cgi-bin/fecimg/?202601319795650354","","HILTON NEW YORK FASHION DISTRICT","152 W 26TH ST","","NEW YORK","NY","100016975","2025-10-09","$267.66","LODGING","X","*","","","501024187","501024143"
"C00497933","CASTRO FOR CONGRESS","H2TX35011","CASTRO, JOAQUIN","2026","H","TX","20","17","http://docquery.fec.gov/cgi-bin/fecimg/?202601319795650354","","LETTY'S CAKES AND MORE","1717 FREDERICKSBURG RD","","SAN ANTONIO","TX","782015034","2025-10-09","$675.94","CATERING","X","*","","","501024185","501024143"
"C00497933","CASTRO FOR CONGRESS","H2TX35011","CASTRO, JOAQUIN","2026","H","TX","20","17","http://docquery.fec.gov/cgi-bin/fecimg/?202601319795650355","","LIQUID WEB","2703 ENA DR","","LANSING","MI","489178585","2025-10-09","$16.42","WEBSITE SERVICES","X","*","","","501024147","501024143"
"C00497933","CASTRO FOR CONGRESS","H2TX35011","CASTRO, JOAQUIN","2026","H","TX","20","17","http://docquery.fec.gov/cgi-bin/fecimg/?202601319795650355","","LYFT","548 MARKET ST","# 68514","SAN FRANCISCO","CA","941045401","2025-10-09","$6.99","TRAVEL","X","*","","","501024144","501024143"
"C00905661","DR. BAEZ FOR CONGRESS","H6TX20113","BAEZ, EDGARDO RAFAEL DR","2026","H","TX","20","17","http://docquery.fec.gov/cgi-bin/fecimg/?202601219794113118","","WHITTAKER, CAROL","141 WESTCOURT LANE","","SAN ANTONIO","TX","78257","2025-10-02","$2,250.00","COMPLIES","","","001","Administrative/Salary/Overhead Expenses ","B-94",""
"C00905661","DR. BAEZ FOR CONGRESS","H6TX20113","BAEZ, EDGARDO RAFAEL DR","2026","H","TX","20","17","http://docquery.fec.gov/cgi-bin/fecimg/?202601219794113118","","CASTANEDA, GINA","PO BOX 691242","","SAN ANTONIO","TX","78269","2025-10-09","$1,000.00","COMPLIES","","","001","Administrative/Salary/Overhead Expenses ","B-136",""
"C00905661","DR. BAEZ FOR CONGRESS","H6TX20113","BAEZ, EDGARDO RAFAEL DR","2026","H","TX","20","17","http://docquery.fec.gov/cgi-bin/fecimg/?202601219794113118","","WHITTAKER, CAROL","141 WESTCOURT LANE","","SAN ANTONIO","TX","78257","2025-10-16","$2,250.00","COMPLIES","","","001","Administrative/Salary/Overhead Expenses ","B-103",""
"C00905661","DR. BAEZ FOR CONGRESS","H6TX20113","BAEZ, EDGARDO RAFAEL DR","2026","H","TX","20","17","http://docquery.fec.gov/cgi-bin/fecimg/?202601219794113119","","BREVO","8605 SANTA MONICA BLVD","","WEST HOLYWOOD","CA","90069","2025-10-17","$170.56","COMPLIES","","","004","Advertising Expenses ","B-137",""
"C00497933","CASTRO FOR CONGRESS","H2TX35011","CASTRO, JOAQUIN","2026","H","TX","20","17","http://docquery.fec.gov/cgi-bin/fecimg/?202601319795650371","","AMERICAN EXPRESS","PO BOX 650448","","DALLAS","TX","752650448","2025-12-05","$968.75","CREDIT CARD PAYMENT","","","","","501028059",""
"C00497933","CASTRO FOR CONGRESS","H2TX35011","CASTRO, JOAQUIN","2026","H","TX","20","17","http://docquery.fec.gov/cgi-bin/fecimg/?202601319795650371","","AMERICAN AIRLINES","4333 AMON CARTER BLVD","","FORT WORTH","TX","761552605","2025-12-05","$26.00","TRAVEL","X","*","","","501028063","501028059"
"C00497933","CASTRO FOR CONGRESS","H2TX35011","CASTRO, JOAQUIN","2026","H","TX","20","17","http://docquery.fec.gov/cgi-bin/fecimg/?202601319795650371","","AMERICAN AIRLINES","4333 AMON CARTER BLVD","","FORT WORTH","TX","761552605","2025-12-05","$15.00","TRAVEL","X","*","","","501028065","501028059"
"C00497933","CASTRO FOR CONGRESS","H2TX35011","CASTRO, JOAQUIN","2026","H","TX","20","17","http://docquery.fec.gov/cgi-bin/fecimg/?202601319795650372","","AMERICAN AIRLINES","4333 AMON CARTER BLVD","","FORT WORTH","TX","761552605","2025-12-05","$15.00","TRAVEL","X","*","","","501028068","501028059"
"C00497933","CASTRO FOR CONGRESS","H2TX35011","CASTRO, JOAQUIN","2026","H","TX","20","17","http://docquery.fec.gov/cgi-bin/fecimg/?202601319795650372","","AMERICAN AIRLINES","4333 AMON CARTER BLVD","","FORT WORTH","TX","761552605","2025-12-05","$20.00","TRAVEL","X","*","","","501028072","501028059"
"C00497933","CASTRO FOR CONGRESS","H2TX35011","CASTRO, JOAQUIN","2026","H","TX","20","17","http://docquery.fec.gov/cgi-bin/fecimg/?202601319795650356","","LYFT","548 MARKET ST","# 68514","SAN FRANCISCO","CA","941045401","2025-10-09","$10.72","TRAVEL","X","*","","","501024154","501024143"
"C00497933","CASTRO FOR CONGRESS","H2TX35011","CASTRO, JOAQUIN","2026","H","TX","20","17","http://docquery.fec.gov/cgi-bin/fecimg/?202601319795650356","","LYFT","548 MARKET ST","# 68514","SAN FRANCISCO","CA","941045401","2025-10-09","$11.85","TRAVEL","X","*","","","501024155","501024143"
"C00497933","CASTRO FOR CONGRESS","H2TX35011","CASTRO, JOAQUIN","2026","H","TX","20","17","http://docquery.fec.gov/cgi-bin/fecimg/?202601319795650356","","LYFT","548 MARKET ST","# 68514","SAN FRANCISCO","CA","941045401","2025-10-09","$37.29","TRAVEL","X","*","","","501024159","501024143"
"C00497933","CASTRO FOR CONGRESS","H2TX35011","CASTRO, JOAQUIN","2026","H","TX","20","17","http://docquery.fec.gov/cgi-bin/fecimg/?202601319795650357","","LYFT","548 MARKET ST","# 68514","SAN FRANCISCO","CA","941045401","2025-10-09","$15.65","TRAVEL","X","*","","","501024164","501024143"
"C00497933","CASTRO FOR CONGRESS","H2TX35011","CASTRO, JOAQUIN","2026","H","TX","20","17","http://docquery.fec.gov/cgi-bin/fecimg/?202601319795650357","","LYFT","548 MARKET ST","# 68514","SAN FRANCISCO","CA","941045401","2025-10-09","$76.99","TRAVEL","X","*","","","501024165","501024143"
"C00497933","CASTRO FOR CONGRESS","H2TX35011","CASTRO, JOAQUIN","2026","H","TX","20","17","http://docquery.fec.gov/cgi-bin/fecimg/?202601319795650357","","LYFT","548 MARKET ST","# 68514","SAN FRANCISCO","CA","941045401","2025-10-09","$3.00","TRAVEL","X","*","","","501024167","501024143"
"C00497933","CASTRO FOR CONGRESS","H2TX35011","CASTRO, JOAQUIN","2026","H","TX","20","17","http://docquery.fec.gov/cgi-bin/fecimg/?202601319795650358","","LYFT","548 MARKET ST","# 68514","SAN FRANCISCO","CA","941045401","2025-10-09","$9.16","TRAVEL","X","*","","","501024173","501024143"
"C00497933","CASTRO FOR CONGRESS","H2TX35011","CASTRO, JOAQUIN","2026","H","TX","20","17","http://docquery.fec.gov/cgi-bin/fecimg/?202601319795650358","","MARIACHI ESPUELAS DE PLATA","2302 TULIPWOOD CV","","SAN ANTONIO","TX","782454213","2025-10-09","$325.50","EVENT ENTERTAINMENT","X","*","","","501024179","501024143"
"C00497933","CASTRO FOR CONGRESS","H2TX35011","CASTRO, JOAQUIN","2026","H","TX","20","17","http://docquery.fec.gov/cgi-bin/fecimg/?202601319795650358","","NORTHWEST DEMOCRATS","PO BOX 681911","","SAN ANTONIO","TX","782681911","2025-10-09","$250.00","EVENT TICKETS","X","*","","","501036530","501024143"
"C00497933","CASTRO FOR CONGRESS","H2TX35011","CASTRO, JOAQUIN","2026","H","TX","20","17","http://docquery.fec.gov/cgi-bin/fecimg/?202601319795650359","","PALENQUE GROUP","270 N LOOP 1604 E","STE 210","SAN ANTONIO","TX","782321270","2025-10-09","$17.30","MEALS","X","*","","","501024192","501024143"
"C00497933","CASTRO FOR CONGRESS","H2TX35011","CASTRO, JOAQUIN","2026","H","TX","20","17","http://docquery.fec.gov/cgi-bin/fecimg/?202601319795650359","","QUESO PAN Y VINO","727 S ALAMO ST","","SAN ANTONIO","TX","782053463","2025-10-09","$6,925.50","EVENT CATERING & SPACE RENTAL","X","*","","","501024174","501024143"
"C00497933","CASTRO FOR CONGRESS","H2TX35011","CASTRO, JOAQUIN","2026","H","TX","20","17","http://docquery.fec.gov/cgi-bin/fecimg/?202601319795650359","","ROSARIO'S COMIDAMEX & BAR","722 S SAINT MARYS ST","","SAN ANTONIO","TX","782053435","2025-10-09","$44.76","MEALS","X","*","","","501024184","501024143"
"C00497933","CASTRO FOR CONGRESS","H2TX35011","CASTRO, JOAQUIN","2026","H","TX","20","17","http://docquery.fec.gov/cgi-bin/fecimg/?202601319795650360","","SUSHI ZUSHI","9867 W INTERSTATE 10","","SAN ANTONIO","TX","782302245","2025-10-09","$39.12","MEALS","X","*","","","501024189","501024143"
"C00497933","CASTRO FOR CONGRESS","H2TX35011","CASTRO, JOAQUIN","2026","H","TX","20","17","http://docquery.fec.gov/cgi-bin/fecimg/?202601319795650360","","THE HAY-ADAMS","800 16TH ST NW","","WASHINGTON","DC","200064102","2025-10-09","$115.70","MEALS","X","*","","","501024190","501024143"
"C00497933","CASTRO FOR CONGRESS","H2TX35011","CASTRO, JOAQUIN","2026","H","TX","20","17","http://docquery.fec.gov/cgi-bin/fecimg/?202601319795650360","","THE ORIGINAL BLANCO CAFE","201 W COMMERCE ST","","SAN ANTONIO","TX","782052458","2025-10-09","$42.39","MEALS","X","*","","","501024182","501024143"
"C00497933","CASTRO FOR CONGRESS","H2TX35011","CASTRO, JOAQUIN","2026","H","TX","20","17","http://docquery.fec.gov/cgi-bin/fecimg/?202601319795650361","","THOMPSON SAN ANTONIO - RIVERWALK, BY HYATT","115 LEXINGTON AVE","","SAN ANTONIO","TX","782051362","2025-10-09","$165.31","LODGING","X","*","","","501024180","501024143"
"C00497933","CASTRO FOR CONGRESS","H2TX35011","CASTRO, JOAQUIN","2026","H","TX","20","17","http://docquery.fec.gov/cgi-bin/fecimg/?202601319795650361","","UBER","800 MARKET ST","FL 7","SAN FRANCISCO","CA","941023034","2025-10-09","$12.12","TRAVEL","X","*","","","501024148","501024143"
"C00497933","CASTRO FOR CONGRESS","H2TX35011","CASTRO, JOAQUIN","2026","H","TX","20","17","http://docquery.fec.gov/cgi-bin/fecimg/?202601319795650361","","UBER","800 MARKET ST","FL 7","SAN FRANCISCO","CA","941023034","2025-10-09","$2.00","TRAVEL","X","*","","","501024156","501024143"
"C00497933","CASTRO FOR CONGRESS","H2TX35011","CASTRO, JOAQUIN","2026","H","TX","20","17","http://docquery.fec.gov/cgi-bin/fecimg/?202601319795650362","","UBER","800 MARKET ST","FL 7","SAN FRANCISCO","CA","941023034","2025-10-09","$88.55","TRAVEL","X","*","","","501024163","501024143"
"C00497933","CASTRO FOR CONGRESS","H2TX35011","CASTRO, JOAQUIN","2026","H","TX","20","17","http://docquery.fec.gov/cgi-bin/fecimg/?202601319795650372","","CHEVRON","203 VETERANS BLVD","","DEL RIO","TX","788404657","2025-12-05","$20.77","TRAVEL","X","*","","","501028079","501028059"
"C00497933","CASTRO FOR CONGRESS","H2TX35011","CASTRO, JOAQUIN","2026","H","TX","20","17","http://docquery.fec.gov/cgi-bin/fecimg/?202601319795650373","","EXTRA SPACE","1974 S ALAMO ST","","SAN ANTONIO","TX","782041603","2025-12-05","$155.00","STORAGE SERVICES","X","*","","","501028066","501028059"
"C00497933","CASTRO FOR CONGRESS","H2TX35011","CASTRO, JOAQUIN","2026","H","TX","20","17","http://docquery.fec.gov/cgi-bin/fecimg/?202601319795650373","","GOOGLE, INC.","1600 AMPHITHEATRE PKWY","","MOUNTAIN VIEW","CA","940431351","2025-12-05","$71.23","SOFTWARE","X","*","","","501028071","501028059"
"C00497933","CASTRO FOR CONGRESS","H2TX35011","CASTRO, JOAQUIN","2026","H","TX","20","17","http://docquery.fec.gov/cgi-bin/fecimg/?202601319795650373","","HILTON HOTELS","9515 HOTEL DR","","AUSTIN","TX","787192310","2025-12-05","$250.48","LODGING","X","*","","","501028076","501028059"
"C00497933","CASTRO FOR CONGRESS","H2TX35011","CASTRO, JOAQUIN","2026","H","TX","20","17","http://docquery.fec.gov/cgi-bin/fecimg/?202601319795650374","","HUNAN DYNASTY","215 PENNSYLVANIA AVE SE","","WASHINGTON","DC","200031155","2025-12-05","$90.35","MEALS","X","*","","","501028077","501028059"
"C00497933","CASTRO FOR CONGRESS","H2TX35011","CASTRO, JOAQUIN","2026","H","TX","20","17","http://docquery.fec.gov/cgi-bin/fecimg/?202601319795650374","","LIQUID WEB","2703 ENA DR","","LANSING","MI","489178585","2025-12-05","$16.42","WEBSITE SERVICES","X","*","","","501028070","501028059"
"C00497933","CASTRO FOR CONGRESS","H2TX35011","CASTRO, JOAQUIN","2026","H","TX","20","17","http://docquery.fec.gov/cgi-bin/fecimg/?202601319795650374","","LYFT","548 MARKET ST","# 68514","SAN FRANCISCO","CA","941045401","2025-12-05","$12.66","TRAVEL","X","*","","","501028064","501028059"
"C00497933","CASTRO FOR CONGRESS","H2TX35011","CASTRO, JOAQUIN","2026","H","TX","20","17","http://docquery.fec.gov/cgi-bin/fecimg/?202601319795650375","","LYFT","548 MARKET ST","# 68514","SAN FRANCISCO","CA","941045401","2025-12-05","$18.70","TRAVEL","X","*","","","501028067","501028059"
"C00497933","CASTRO FOR CONGRESS","H2TX35011","CASTRO, JOAQUIN","2026","H","TX","20","17","http://docquery.fec.gov/cgi-bin/fecimg/?202601319795650375","","LYFT","548 MARKET ST","# 68514","SAN FRANCISCO","CA","941045401","2025-12-05","$9.69","TRAVEL","X","*","","","501028074","501028059"
"C00497933","CASTRO FOR CONGRESS","H2TX35011","CASTRO, JOAQUIN","2026","H","TX","20","17","http://docquery.fec.gov/cgi-bin/fecimg/?202601319795650375","","PARKMOBIL","1100 SPRING ST NW","STE 200","ATLANTA","GA","303092824","2025-12-05","$5.05","PARKING","X","*","","","501028080","501028059"
"C00497933","CASTRO FOR CONGRESS","H2TX35011","CASTRO, JOAQUIN","2026","H","TX","20","17","http://docquery.fec.gov/cgi-bin/fecimg/?202601319795650376","","TED'S BULLETIN","1818 14TH ST NW","","WASHINGTON","DC","200094470","2025-12-05","$99.94","MEALS","X","*","","","501028073","501028059"
"C00497933","CASTRO FOR CONGRESS","H2TX35011","CASTRO, JOAQUIN","2026","H","TX","20","17","http://docquery.fec.gov/cgi-bin/fecimg/?202601319795650376","","UNITED AIRLINES","77 W WACKER DR","","CHICAGO","IL","606011604","2025-12-05","$8.00","TRAVEL","X","*","","","501028069","501028059"
"C00497933","CASTRO FOR CONGRESS","H2TX35011","CASTRO, JOAQUIN","2026","H","TX","20","17","http://docquery.fec.gov/cgi-bin/fecimg/?202601319795650376","","WE, THE PIZZA","305 PENNSYLVANIA AVE SE","","WASHINGTON","DC","200031148","2025-12-05","$134.46","MEALS","X","*","","","501028078","501028059"
"C00497933","CASTRO FOR CONGRESS","H2TX35011","CASTRO, JOAQUIN","2026","H","TX","20","17","http://docquery.fec.gov/cgi-bin/fecimg/?202601319795650377","","BEE COMPLIANCE LLC","611 PENNSYLVANIA AVE SE","# 192","WASHINGTON","DC","200034303","2025-10-02","$2,500.00","COMPLIANCE CONSULTING","","","","","501024126",""
"C00497933","CASTRO FOR CONGRESS","H2TX35011","CASTRO, JOAQUIN","2026","H","TX","20","17","http://docquery.fec.gov/cgi-bin/fecimg/?202601319795650377","","BEE COMPLIANCE LLC","611 PENNSYLVANIA AVE SE","# 192","WASHINGTON","DC","200034303","2025-11-04","$2,500.00","COMPLIANCE CONSULTING","","","","","501024634",""
"C00497933","CASTRO FOR CONGRESS","H2TX35011","CASTRO, JOAQUIN","2026","H","TX","20","17","http://docquery.fec.gov/cgi-bin/fecimg/?202601319795650377","","BEE COMPLIANCE LLC","611 PENNSYLVANIA AVE SE","# 192","WASHINGTON","DC","200034303","2025-12-02","$2,500.00","COMPLIANCE CONSULTING","","","","","501028052",""
"C00497933","CASTRO FOR CONGRESS","H2TX35011","CASTRO, JOAQUIN","2026","H","TX","20","17","http://docquery.fec.gov/cgi-bin/fecimg/?202601319795650378","","BEXAR COUNTY DEMOCRATIC PARTY","1844 FREDERICKSBURG RD","","SAN ANTONIO","TX","782015035","2025-12-11","$3,125.00","FILING FEE","","","","","501037022",""
"C00497933","CASTRO FOR CONGRESS","H2TX35011","CASTRO, JOAQUIN","2026","H","TX","20","17","http://docquery.fec.gov/cgi-bin/fecimg/?202601319795650378","","FIRST DATA USA","5565 GLENRIDGE CONNECTOR NE","STE 2000","ATLANTA","GA","303421651","2025-10-03","$54.95","CREDIT CARD PROCESSING FEE","","","","","501024128",""
"C00497933","CASTRO FOR CONGRESS","H2TX35011","CASTRO, JOAQUIN","2026","H","TX","20","17","http://docquery.fec.gov/cgi-bin/fecimg/?202601319795650378","","FIRST DATA USA","5565 GLENRIDGE CONNECTOR NE","STE 2000","ATLANTA","GA","303421651","2025-10-03","$288.95","CREDIT CARD PROCESSING FEE","","","","","501024129",""
"C00497933","CASTRO FOR CONGRESS","H2TX35011","CASTRO, JOAQUIN","2026","H","TX","20","17","http://docquery.fec.gov/cgi-bin/fecimg/?202601319795650379","","FIRST DATA USA","5565 GLENRIDGE CONNECTOR NE","STE 2000","ATLANTA","GA","303421651","2025-11-03","$54.95","CREDIT CARD PROCESSING FEE","","","","","501024636",""
"C00497933","CASTRO FOR CONGRESS","H2TX35011","CASTRO, JOAQUIN","2026","H","TX","20","17","http://docquery.fec.gov/cgi-bin/fecimg/?202601319795650379","","FIRST DATA USA","5565 GLENRIDGE CONNECTOR NE","STE 2000","ATLANTA","GA","303421651","2025-11-03","$29.95","CREDIT CARD PROCESSING FEE","","","","","501024637",""
"C00497933","CASTRO FOR CONGRESS","H2TX35011","CASTRO, JOAQUIN","2026","H","TX","20","17","http://docquery.fec.gov/cgi-bin/fecimg/?202601319795650379","","FIRST DATA USA","5565 GLENRIDGE CONNECTOR NE","STE 2000","ATLANTA","GA","303421651","2025-12-03","$54.95","CREDIT CARD PROCESSING FEE","","","","","501028056",""
"C00497933","CASTRO FOR CONGRESS","H2TX35011","CASTRO, JOAQUIN","2026","H","TX","20","17","http://docquery.fec.gov/cgi-bin/fecimg/?202601319795650380","","FIRST DATA USA","5565 GLENRIDGE CONNECTOR NE","STE 2000","ATLANTA","GA","303421651","2025-12-03","$29.95","CREDIT CARD PROCESSING FEE","","","","","501028075",""
"C00497933","CASTRO FOR CONGRESS","H2TX35011","CASTRO, JOAQUIN","2026","H","TX","20","17","http://docquery.fec.gov/cgi-bin/fecimg/?202601319795650380","","GLIDER GROUP","PO BOX 1406","","DEL RIO","TX","788411406","2025-10-07","$7,650.00","POLITICAL MANAGEMENT CONSULTING","","","","","501024141",""
"C00497933","CASTRO FOR CONGRESS","H2TX35011","CASTRO, JOAQUIN","2026","H","TX","20","17","http://docquery.fec.gov/cgi-bin/fecimg/?202601319795650380","","GLIDER GROUP","PO BOX 1406","","DEL RIO","TX","788411406","2025-11-07","$3,500.00","POLITICAL MANAGEMENT CONSULTING","","","","","501028053",""
"C00497933","CASTRO FOR CONGRESS","H2TX35011","CASTRO, JOAQUIN","2026","H","TX","20","17","http://docquery.fec.gov/cgi-bin/fecimg/?202601319795650381","","GLIDER GROUP","PO BOX 1406","","DEL RIO","TX","788411406","2025-12-10","$3,500.00","POLITICAL MANAGEMENT CONSULTING","","","","","501031787",""
"C00497933","CASTRO FOR CONGRESS","H2TX35011","CASTRO, JOAQUIN","2026","H","TX","20","17","http://docquery.fec.gov/cgi-bin/fecimg/?202601319795650345","","ACTBLUE TECHNICAL SERVICES","366 SUMMER ST","","WEST SOMERVILLE","MA","021443132","2025-10-05","$7.31","CREDIT CARD PROCESSING FEE","","","","","501018415",""
"C00497933","CASTRO FOR CONGRESS","H2TX35011","CASTRO, JOAQUIN","2026","H","TX","20","17","http://docquery.fec.gov/cgi-bin/fecimg/?202601319795650345","","ACTBLUE TECHNICAL SERVICES","366 SUMMER ST","","WEST SOMERVILLE","MA","021443132","2025-10-12","$49.55","CREDIT CARD PROCESSING FEE","","","","","501021709",""
"C00497933","CASTRO FOR CONGRESS","H2TX35011","CASTRO, JOAQUIN","2026","H","TX","20","17","http://docquery.fec.gov/cgi-bin/fecimg/?202601319795650345","","ACTBLUE TECHNICAL SERVICES","366 SUMMER ST","","WEST SOMERVILLE","MA","021443132","2025-10-19","$25.84","CREDIT CARD PROCESSING FEE","","","","","501023523",""
"C00497933","CASTRO FOR CONGRESS","H2TX35011","CASTRO, JOAQUIN","2026","H","TX","20","17","http://docquery.fec.gov/cgi-bin/fecimg/?202601319795650346","","ACTBLUE TECHNICAL SERVICES","366 SUMMER ST","","WEST SOMERVILLE","MA","021443132","2025-10-26","$10.94","CREDIT CARD PROCESSING FEE","","","","","501024068",""
"C00497933","CASTRO FOR CONGRESS","H2TX35011","CASTRO, JOAQUIN","2026","H","TX","20","17","http://docquery.fec.gov/cgi-bin/fecimg/?202601319795650346","","ACTBLUE TECHNICAL SERVICES","366 SUMMER ST","","WEST SOMERVILLE","MA","021443132","2025-11-02","$30.32","CREDIT CARD PROCESSING FEE","","","","","501024395",""
"C00497933","CASTRO FOR CONGRESS","H2TX35011","CASTRO, JOAQUIN","2026","H","TX","20","17","http://docquery.fec.gov/cgi-bin/fecimg/?202601319795650346","","ACTBLUE TECHNICAL SERVICES","366 SUMMER ST","","WEST SOMERVILLE","MA","021443132","2025-11-09","$13.11","CREDIT CARD PROCESSING FEE","","","","","501024835",""
"C00497933","CASTRO FOR CONGRESS","H2TX35011","CASTRO, JOAQUIN","2026","H","TX","20","17","http://docquery.fec.gov/cgi-bin/fecimg/?202601319795650347","","ACTBLUE TECHNICAL SERVICES","366 SUMMER ST","","WEST SOMERVILLE","MA","021443132","2025-11-16","$8.72","CREDIT CARD PROCESSING FEE","","","","","501025878",""
"C00497933","CASTRO FOR CONGRESS","H2TX35011","CASTRO, JOAQUIN","2026","H","TX","20","17","http://docquery.fec.gov/cgi-bin/fecimg/?202601319795650347","","ACTBLUE TECHNICAL SERVICES","366 SUMMER ST","","WEST SOMERVILLE","MA","021443132","2025-11-23","$7.26","CREDIT CARD PROCESSING FEE","","","","","501026505",""
"C00497933","CASTRO FOR CONGRESS","H2TX35011","CASTRO, JOAQUIN","2026","H","TX","20","17","http://docquery.fec.gov/cgi-bin/fecimg/?202601319795650347","","ACTBLUE TECHNICAL SERVICES","366 SUMMER ST","","WEST SOMERVILLE","MA","021443132","2025-11-30","$14.33","CREDIT CARD PROCESSING FEE","","","","","501026828",""
"C00497933","CASTRO FOR CONGRESS","H2TX35011","CASTRO, JOAQUIN","2026","H","TX","20","17","http://docquery.fec.gov/cgi-bin/fecimg/?202601319795650348","","ACTBLUE TECHNICAL SERVICES","366 SUMMER ST","","WEST SOMERVILLE","MA","021443132","2025-12-07","$21.46","CREDIT CARD PROCESSING FEE","","","","","501027882",""
"C00497933","CASTRO FOR CONGRESS","H2TX35011","CASTRO, JOAQUIN","2026","H","TX","20","17","http://docquery.fec.gov/cgi-bin/fecimg/?202601319795650348","","ACTBLUE TECHNICAL SERVICES","366 SUMMER ST","","WEST SOMERVILLE","MA","021443132","2025-12-14","$66.46","CREDIT CARD PROCESSING FEE","","","","","501028470",""
"C00497933","CASTRO FOR CONGRESS","H2TX35011","CASTRO, JOAQUIN","2026","H","TX","20","17","http://docquery.fec.gov/cgi-bin/fecimg/?202601319795650348","","ACTBLUE TECHNICAL SERVICES","366 SUMMER ST","","WEST SOMERVILLE","MA","021443132","2025-12-21","$7.73","CREDIT CARD PROCESSING FEE","","","","","501029238",""
"C00497933","CASTRO FOR CONGRESS","H2TX35011","CASTRO, JOAQUIN","2026","H","TX","20","17","http://docquery.fec.gov/cgi-bin/fecimg/?202601319795650349","","ACTBLUE TECHNICAL SERVICES","366 SUMMER ST","","WEST SOMERVILLE","MA","021443132","2025-12-28","$12.02","CREDIT CARD PROCESSING FEE","","","","","501029625",""
"C00497933","CASTRO FOR CONGRESS","H2TX35011","CASTRO, JOAQUIN","2026","H","TX","20","17","http://docquery.fec.gov/cgi-bin/fecimg/?202601319795650349","","ACTBLUE TECHNICAL SERVICES","366 SUMMER ST","","WEST SOMERVILLE","MA","021443132","2025-12-31","$25.60","CREDIT CARD PROCESSING FEE","","","","","501029626",""
"C00497933","CASTRO FOR CONGRESS","H2TX35011","CASTRO, JOAQUIN","2026","H","TX","20","17","http://docquery.fec.gov/cgi-bin/fecimg/?202601319795650349","","ALEJANDRO BARRAGAN","2614 ARLENE PARK","","SAN ANTONIO","TX","782512548","2025-10-06","$775.60","FUNDRAISING CONSULTING","","","","","501024134",""
"C00497933","CASTRO FOR CONGRESS","H2TX35011","CASTRO, JOAQUIN","2026","H","TX","20","17","http://docquery.fec.gov/cgi-bin/fecimg/?202601319795650350","","ALEJANDRO BARRAGAN","2614 ARLENE PARK","","SAN ANTONIO","TX","782512548","2025-11-07","$750.00","FUNDRAISING CONSULTING","","","","","501028054",""
"C00497933","CASTRO FOR CONGRESS","H2TX35011","CASTRO, JOAQUIN","2026","H","TX","20","17","http://docquery.fec.gov/cgi-bin/fecimg/?202601319795650350","","ALEJANDRO BARRAGAN","2614 ARLENE PARK","","SAN ANTONIO","TX","782512548","2025-12-05","$787.40","FUNDRAISING CONSULTING","","","","","501028055",""
"C00497933","CASTRO FOR CONGRESS","H2TX35011","CASTRO, JOAQUIN","2026","H","TX","20","17","http://docquery.fec.gov/cgi-bin/fecimg/?202601319795650381","","GOOD FIGHT POLITICAL INC.","1310 GATES PL","","SOUTH PASADENA","CA","910303623","2025-10-06","$284.80","TEXTING SERVICES","","","","","501024132",""
"C00497933","CASTRO FOR CONGRESS","H2TX35011","CASTRO, JOAQUIN","2026","H","TX","20","17","http://docquery.fec.gov/cgi-bin/fecimg/?202601319795650381","","HACKETT, SAWYER","919 FLORIDA AVE NW","APT 406","WASHINGTON","DC","200015046","2025-10-07","$5,000.00","DIGITAL CONSULTING","","","","","501024142",""
"C00497933","CASTRO FOR CONGRESS","H2TX35011","CASTRO, JOAQUIN","2026","H","TX","20","17","http://docquery.fec.gov/cgi-bin/fecimg/?202601319795650382","","HACKETT, SAWYER","919 FLORIDA AVE NW","APT 406","WASHINGTON","DC","200015046","2025-11-05","$5,000.00","DIGITAL CONSULTING","","","","","501024635",""
"C00497933","CASTRO FOR CONGRESS","H2TX35011","CASTRO, JOAQUIN","2026","H","TX","20","17","http://docquery.fec.gov/cgi-bin/fecimg/?202601319795650382","","HACKETT, SAWYER","919 FLORIDA AVE NW","APT 406","WASHINGTON","DC","200015046","2025-12-10","$5,000.00","DIGITAL CONSULTING","","","","","501031786",""
"C00497933","CASTRO FOR CONGRESS","H2TX35011","CASTRO, JOAQUIN","2026","H","TX","20","17","http://docquery.fec.gov/cgi-bin/fecimg/?202601319795650355","","LYFT","548 MARKET ST","# 68514","SAN FRANCISCO","CA","941045401","2025-10-09","$15.91","TRAVEL","X","*","","","501024153","501024143"
"C00497933","CASTRO FOR CONGRESS","H2TX35011","CASTRO, JOAQUIN","2026","H","TX","20","17","http://docquery.fec.gov/cgi-bin/fecimg/?202601319795650387","","LONE STAR NATIONAL BANK","10000 SAN PEDRO AVE","","SAN ANTONIO","TX","782163859","2025-11-21","$5.00","BANK FEES","","","","","501028049",""
"C00497933","CASTRO FOR CONGRESS","H2TX35011","CASTRO, JOAQUIN","2026","H","TX","20","17","http://docquery.fec.gov/cgi-bin/fecimg/?202601319795650387","","LONE STAR NATIONAL BANK","10000 SAN PEDRO AVE","","SAN ANTONIO","TX","782163859","2025-11-24","$15.00","BANK FEES","","","","","501028048",""
"C00497933","CASTRO FOR CONGRESS","H2TX35011","CASTRO, JOAQUIN","2026","H","TX","20","17","http://docquery.fec.gov/cgi-bin/fecimg/?202601319795650388","","LONE STAR NATIONAL BANK","10000 SAN PEDRO AVE","","SAN ANTONIO","TX","782163859","2025-12-01","$15.00","BANK FEES","","","","","501028050",""
"C00497933","CASTRO FOR CONGRESS","H2TX35011","CASTRO, JOAQUIN","2026","H","TX","20","17","http://docquery.fec.gov/cgi-bin/fecimg/?202601319795650388","","LONE STAR NATIONAL BANK","10000 SAN PEDRO AVE","","SAN ANTONIO","TX","782163859","2025-12-08","$15.00","BANK FEES","","","","","501028051",""
"C00497933","CASTRO FOR CONGRESS","H2TX35011","CASTRO, JOAQUIN","2026","H","TX","20","17","http://docquery.fec.gov/cgi-bin/fecimg/?202601319795650388","","LONE STAR NATIONAL BANK","10000 SAN PEDRO AVE","","SAN ANTONIO","TX","782163859","2025-12-15","$15.00","BANK FEES","","","","","501031792",""
"C00497933","CASTRO FOR CONGRESS","H2TX35011","CASTRO, JOAQUIN","2026","H","TX","20","17","http://docquery.fec.gov/cgi-bin/fecimg/?202601319795650389","","LONE STAR NATIONAL BANK","10000 SAN PEDRO AVE","","SAN ANTONIO","TX","782163859","2025-12-22","$15.00","BANK FEES","","","","","501031793",""
"C00497933","CASTRO FOR CONGRESS","H2TX35011","CASTRO, JOAQUIN","2026","H","TX","20","17","http://docquery.fec.gov/cgi-bin/fecimg/?202601319795650389","","LONE STAR NATIONAL BANK","10000 SAN PEDRO AVE","","SAN ANTONIO","TX","782163859","2025-12-22","$5.00","BANK FEES","","","","","501031795",""
"C00497933","CASTRO FOR CONGRESS","H2TX35011","CASTRO, JOAQUIN","2026","H","TX","20","17","http://docquery.fec.gov/cgi-bin/fecimg/?202601319795650389","","LONE STAR NATIONAL BANK","10000 SAN PEDRO AVE","","SAN ANTONIO","TX","782163859","2025-12-29","$15.00","BANK FEES","","","","","501031794",""
"C00497933","CASTRO FOR CONGRESS","H2TX35011","CASTRO, JOAQUIN","2026","H","TX","20","17","http://docquery.fec.gov/cgi-bin/fecimg/?202601319795650390","","O&A HOLDINGS","14309 BROOK HOLLOW BLVD","","SAN ANTONIO","TX","782323805","2025-10-06","$378.88","BOOKKEEPING SERVICES","","","","","501024133",""
"C00497933","CASTRO FOR CONGRESS","H2TX35011","CASTRO, JOAQUIN","2026","H","TX","20","17","http://docquery.fec.gov/cgi-bin/fecimg/?202601319795650390","","O&A HOLDINGS","14309 BROOK HOLLOW BLVD","","SAN ANTONIO","TX","782323805","2025-11-07","$378.88","BOOKKEEPING SERVICES","","","","","501028058",""
"C00497933","CASTRO FOR CONGRESS","H2TX35011","CASTRO, JOAQUIN","2026","H","TX","20","17","http://docquery.fec.gov/cgi-bin/fecimg/?202601319795650390","","O&A HOLDINGS","14309 BROOK HOLLOW BLVD","","SAN ANTONIO","TX","782323805","2025-12-19","$378.88","BOOKKEEPING SERVICES","","","","","501031796",""
"C00497933","CASTRO FOR CONGRESS","H2TX35011","CASTRO, JOAQUIN","2026","H","TX","20","17","http://docquery.fec.gov/cgi-bin/fecimg/?202601319795650391","","O&A HOLDINGS","14309 BROOK HOLLOW BLVD","","SAN ANTONIO","TX","782323805","2025-12-19","$378.88","BOOKKEEPING SERVICES","","","","","501031797",""
"C00497933","CASTRO FOR CONGRESS","H2TX35011","CASTRO, JOAQUIN","2026","H","TX","20","17","http://docquery.fec.gov/cgi-bin/fecimg/?202601319795650391","","O&A HOLDINGS","14309 BROOK HOLLOW BLVD","","SAN ANTONIO","TX","782323805","2025-12-19","$378.88","BOOKKEEPING SERVICES","","","","","501031798",""
"C00497933","CASTRO FOR CONGRESS","H2TX35011","CASTRO, JOAQUIN","2026","H","TX","20","17","http://docquery.fec.gov/cgi-bin/fecimg/?202601319795650391","","SANDLER REIFF LAMB ROSENSTEIN & BIRKENSTOCK, PC","1025 VERMONT AVE NW","STE 300","WASHINGTON","DC","200056302","2025-12-10","$1,020.00","LEGAL SERVICES","","","","","501031788",""
"C00497933","CASTRO FOR CONGRESS","H2TX35011","CASTRO, JOAQUIN","2026","H","TX","20","20A","http://docquery.fec.gov/cgi-bin/fecimg/?202601319795650392","","HARTMAN, GORDON V.","1202 W BITTERS RD","STE 1200","SAN ANTONIO","TX","782168088","2025-10-12","$2,300.00","CONTRIBUTION REFUND","","","","","501022107",""
"C00497933","CASTRO FOR CONGRESS","H2TX35011","CASTRO, JOAQUIN","2026","H","TX","20","21","http://docquery.fec.gov/cgi-bin/fecimg/?202601319795650393","","AMERICAN EXPRESS","PO BOX 650448","","DALLAS","TX","752650448","2025-10-09","$1,000.00","CREDIT CARD PAYMENT","","","","","501037803",""
"C00497933","CASTRO FOR CONGRESS","H2TX35011","CASTRO, JOAQUIN","2026","H","TX","20","17","http://docquery.fec.gov/cgi-bin/fecimg/?202601319795650362","","UBER","800 MARKET ST","FL 7","SAN FRANCISCO","CA","941023034","2025-10-09","$10.96","TRAVEL","X","*","","","501024169","501024143"
"C00497933","CASTRO FOR CONGRESS","H2TX35011","CASTRO, JOAQUIN","2026","H","TX","20","17","http://docquery.fec.gov/cgi-bin/fecimg/?202601319795650362","","UBER","800 MARKET ST","FL 7","SAN FRANCISCO","CA","941023034","2025-10-09","$2.00","TRAVEL","X","*","","","501024171","501024143"
"C00497933","CASTRO FOR CONGRESS","H2TX35011","CASTRO, JOAQUIN","2026","H","TX","20","17","http://docquery.fec.gov/cgi-bin/fecimg/?202601319795650363","","UBER","800 MARKET ST","FL 7","SAN FRANCISCO","CA","941023034","2025-10-09","$40.35","TRAVEL","X","*","","","501024172","501024143"
"C00497933","CASTRO FOR CONGRESS","H2TX35011","CASTRO, JOAQUIN","2026","H","TX","20","17","http://docquery.fec.gov/cgi-bin/fecimg/?202601319795650363","","UNITED AIRLINES","77 W WACKER DR","","CHICAGO","IL","606011604","2025-10-09","$8.00","TRAVEL","X","*","","","501024149","501024143"
"C00497933","CASTRO FOR CONGRESS","H2TX35011","CASTRO, JOAQUIN","2026","H","TX","20","17","http://docquery.fec.gov/cgi-bin/fecimg/?202601319795650363","","UNITED AIRLINES","77 W WACKER DR","","CHICAGO","IL","606011604","2025-10-09","$8.00","TRAVEL","X","*","","","501024150","501024143"
"C00497933","CASTRO FOR CONGRESS","H2TX35011","CASTRO, JOAQUIN","2026","H","TX","20","17","http://docquery.fec.gov/cgi-bin/fecimg/?202601319795650364","","UNITED AIRLINES","77 W WACKER DR","","CHICAGO","IL","606011604","2025-10-09","$8.00","TRAVEL","X","*","","","501024157","501024143"
"C00497933","CASTRO FOR CONGRESS","H2TX35011","CASTRO, JOAQUIN","2026","H","TX","20","17","http://docquery.fec.gov/cgi-bin/fecimg/?202601319795650364","","UNITED AIRLINES","77 W WACKER DR","","CHICAGO","IL","606011604","2025-10-09","$458.48","TRAVEL","X","*","","","501024158","501024143"
"C00497933","CASTRO FOR CONGRESS","H2TX35011","CASTRO, JOAQUIN","2026","H","TX","20","17","http://docquery.fec.gov/cgi-bin/fecimg/?202601319795650364","","UNITED AIRLINES","77 W WACKER DR","","CHICAGO","IL","606011604","2025-10-09","$8.00","TRAVEL","X","*","","","501024166","501024143"
"C00497933","CASTRO FOR CONGRESS","H2TX35011","CASTRO, JOAQUIN","2026","H","TX","20","17","http://docquery.fec.gov/cgi-bin/fecimg/?202601319795650365","","UNITED AIRLINES","77 W WACKER DR","","CHICAGO","IL","606011604","2025-10-09","$8.00","TRAVEL","X","*","","","501024168","501024143"
"C00497933","CASTRO FOR CONGRESS","H2TX35011","CASTRO, JOAQUIN","2026","H","TX","20","17","http://docquery.fec.gov/cgi-bin/fecimg/?202601319795650365","","UNITED AIRLINES","77 W WACKER DR","","CHICAGO","IL","606011604","2025-10-09","$8.00","TRAVEL","X","*","","","501024170","501024143"
"C00497933","CASTRO FOR CONGRESS","H2TX35011","CASTRO, JOAQUIN","2026","H","TX","20","17","http://docquery.fec.gov/cgi-bin/fecimg/?202601319795650365","","AMERICAN EXPRESS","PO BOX 650448","","DALLAS","TX","752650448","2025-11-10","$2,002.32","CREDIT CARD PAYMENT","","","","","501026485",""
"C00497933","CASTRO FOR CONGRESS","H2TX35011","CASTRO, JOAQUIN","2026","H","TX","20","17","http://docquery.fec.gov/cgi-bin/fecimg/?202601319795650366","","BOSTON TAXI","60 KILMARNOCK ST","","BOSTON","MA","022154859","2025-11-10","$51.92","TRAVEL","X","*","","","501036534","501026485"
"C00497933","CASTRO FOR CONGRESS","H2TX35011","CASTRO, JOAQUIN","2026","H","TX","20","17","http://docquery.fec.gov/cgi-bin/fecimg/?202601319795650366","","DCA AIRPORT TAXI","3014 COLVIN ST","","ALEXANDRIA","VA","223145031","2025-11-10","$23.95","TRAVEL","X","*","","","501036533","501026485"
"C00497933","CASTRO FOR CONGRESS","H2TX35011","CASTRO, JOAQUIN","2026","H","TX","20","17","http://docquery.fec.gov/cgi-bin/fecimg/?202601319795650366","","EXTRA SPACE","1974 S ALAMO ST","","SAN ANTONIO","TX","782041603","2025-11-10","$155.00","STORAGE SERVICES","X","*","","","501026497","501026485"
"C00497933","CASTRO FOR CONGRESS","H2TX35011","CASTRO, JOAQUIN","2026","H","TX","20","17","http://docquery.fec.gov/cgi-bin/fecimg/?202601319795650367","","GOOGLE, INC.","1600 AMPHITHEATRE PKWY","","MOUNTAIN VIEW","CA","940431351","2025-11-10","$71.23","SOFTWARE","X","*","","","501026488","501026485"
"C00905661","DR. BAEZ FOR CONGRESS","H6TX20113","BAEZ, EDGARDO RAFAEL DR","2026","H","TX","20","17","http://docquery.fec.gov/cgi-bin/fecimg/?202602199834769602","","INTEGRATED SOLUTIONS: POLITICAL","4142 ADAMS AVENUE","SUITE 103-550","SAN DIEGO","CA","92116","2026-01-05","$75.00","COMPLIES","","","001","Administrative/Salary/Overhead Expenses ","B-133",""
"C00497933","CASTRO FOR CONGRESS","H2TX35011","CASTRO, JOAQUIN","2026","H","TX","20","21","http://docquery.fec.gov/cgi-bin/fecimg/?202601319795650393","C00919985","BOBBY PULIDO FOR TEXAS","PO BOX 1604","","EDINBURG","TX","785401604","2025-10-09","$1,000.00","POLITICAL CONTRIBUTION","X","*","","","501024188","501037803"
"C00497933","CASTRO FOR CONGRESS","H2TX35011","CASTRO, JOAQUIN","2026","H","TX","20","17","http://docquery.fec.gov/cgi-bin/fecimg/?202601319795650367","","HARVARD SQUARE HOTEL","110 MOUNT AUBURN ST","","CAMBRIDGE","MA","021385833","2025-11-10","$346.69","LODGING","X","*","","","501026496","501026485"
"C00497933","CASTRO FOR CONGRESS","H2TX35011","CASTRO, JOAQUIN","2026","H","TX","20","17","http://docquery.fec.gov/cgi-bin/fecimg/?202601319795650367","","J 12 DESIGNS","1133 AUSTIN HWY","","SAN ANTONIO","TX","782094806","2025-11-10","$500.00","PHOTOGRAPHY SERVICES","X","*","","","501026486","501026485"
"C00497933","CASTRO FOR CONGRESS","H2TX35011","CASTRO, JOAQUIN","2026","H","TX","20","17","http://docquery.fec.gov/cgi-bin/fecimg/?202601319795650368","","LIQUID WEB","2703 ENA DR","","LANSING","MI","489178585","2025-11-10","$16.42","WEBSITE SERVICES","X","*","","","501026492","501026485"
"C00497933","CASTRO FOR CONGRESS","H2TX35011","CASTRO, JOAQUIN","2026","H","TX","20","17","http://docquery.fec.gov/cgi-bin/fecimg/?202601319795650368","","LYFT","548 MARKET ST","# 68514","SAN FRANCISCO","CA","941045401","2025-11-10","$33.28","TRAVEL","X","*","","","501026493","501026485"
"C00497933","CASTRO FOR CONGRESS","H2TX35011","CASTRO, JOAQUIN","2026","H","TX","20","17","http://docquery.fec.gov/cgi-bin/fecimg/?202601319795650368","","LYFT","548 MARKET ST","# 68514","SAN FRANCISCO","CA","941045401","2025-11-10","$28.43","TRAVEL","X","*","","","501026494","501026485"
"C00497933","CASTRO FOR CONGRESS","H2TX35011","CASTRO, JOAQUIN","2026","H","TX","20","17","http://docquery.fec.gov/cgi-bin/fecimg/?202601319795650369","","METROPOLIS PARKING","310 COMMERCE ST","","NASHVILLE","TN","372011805","2025-11-10","$8.49","TRAVEL","X","*","","","501026498","501026485"
"C00497933","CASTRO FOR CONGRESS","H2TX35011","CASTRO, JOAQUIN","2026","H","TX","20","17","http://docquery.fec.gov/cgi-bin/fecimg/?202601319795650369","","METROPOLIS PARKING","310 COMMERCE ST","","NASHVILLE","TN","372011805","2025-11-10","$10.75","TRAVEL","X","*","","","501026499","501026485"
"C00497933","CASTRO FOR CONGRESS","H2TX35011","CASTRO, JOAQUIN","2026","H","TX","20","17","http://docquery.fec.gov/cgi-bin/fecimg/?202601319795650369","","SOUTHWEST AIRLINES","1901 L ST NW","STE 640","WASHINGTON","DC","200363558","2025-11-10","$247.68","TRAVEL","X","*","","","501026489","501026485"
"C00497933","CASTRO FOR CONGRESS","H2TX35011","CASTRO, JOAQUIN","2026","H","TX","20","17","http://docquery.fec.gov/cgi-bin/fecimg/?202601319795650370","","SOUTHWEST AIRLINES","1901 L ST NW","STE 640","WASHINGTON","DC","200363558","2025-11-10","$419.18","TRAVEL","X","*","","","501026495","501026485"
"C00497933","CASTRO FOR CONGRESS","H2TX35011","CASTRO, JOAQUIN","2026","H","TX","20","17","http://docquery.fec.gov/cgi-bin/fecimg/?202601319795650370","","TED'S BULLETIN","1818 14TH ST NW","","WASHINGTON","DC","200094470","2025-11-10","$81.30","MEALS","X","*","","","501026491","501026485"
"C00497933","CASTRO FOR CONGRESS","H2TX35011","CASTRO, JOAQUIN","2026","H","TX","20","17","http://docquery.fec.gov/cgi-bin/fecimg/?202601319795650370","","UNITED AIRLINES","77 W WACKER DR","","CHICAGO","IL","606011604","2025-11-10","$8.00","TRAVEL","X","*","","","501026487","501026485"
"C00905661","DR. BAEZ FOR CONGRESS","H6TX20113","BAEZ, EDGARDO RAFAEL DR","2026","H","TX","20","17","http://docquery.fec.gov/cgi-bin/fecimg/?202601219794113119","","REGUS","700 NORTH SAINT MARY'S STREET","","SAN ANTONIO","TX","78205","2025-10-22","$154.00","HQ OFFICE","","","001","Administrative/Salary/Overhead Expenses ","B-141",""
"C00905661","DR. BAEZ FOR CONGRESS","H6TX20113","BAEZ, EDGARDO RAFAEL DR","2026","H","TX","20","17","http://docquery.fec.gov/cgi-bin/fecimg/?202601219794113119","","REPUBLICAN PARTY OF BEXAR COUNTY","909 NORTHEAST INTERSTATE 410 LOOP","SUITE 801","SAN ANTONIO","TX","78209","2025-10-29","$250.00","TABLE AT POLITICAL EVENT","","","001","Administrative/Salary/Overhead Expenses ","B-134",""
"C00905661","DR. BAEZ FOR CONGRESS","H6TX20113","BAEZ, EDGARDO RAFAEL DR","2026","H","TX","20","17","http://docquery.fec.gov/cgi-bin/fecimg/?202601219794113120","","WHITTAKER, CAROL","141 WESTCOURT LANE","","SAN ANTONIO","TX","78257","2025-11-04","$2,250.00","COMPLIES","","","001","Administrative/Salary/Overhead Expenses ","B-102",""
"C00905661","DR. BAEZ FOR CONGRESS","H6TX20113","BAEZ, EDGARDO RAFAEL DR","2026","H","TX","20","17","http://docquery.fec.gov/cgi-bin/fecimg/?202601219794113120","","REPUBLICAN PARTY OF BEXAR COUNTY","909 NORTHEAST INTERSTATE 410 LOOP","SUITE 801","SAN ANTONIO","TX","78209","2025-11-10","$3,125.00","FILING FEES FOR BALLOT PLACEMENT","","","001","Administrative/Salary/Overhead Expenses ","B-135",""
"C00905661","DR. BAEZ FOR CONGRESS","H6TX20113","BAEZ, EDGARDO RAFAEL DR","2026","H","TX","20","17","http://docquery.fec.gov/cgi-bin/fecimg/?202601219794113120","","BREVO","8605 SANTA MONICA BLVD","","WEST HOLYWOOD","CA","90069","2025-11-17","$150.31","COMPLIES","","","004","Advertising Expenses ","B-138",""
"C00905661","DR. BAEZ FOR CONGRESS","H6TX20113","BAEZ, EDGARDO RAFAEL DR","2026","H","TX","20","17","http://docquery.fec.gov/cgi-bin/fecimg/?202507079762733005","","LUGO, MARK","1232 BOX HOUSE ROAD","","LYTLE","TX","78052","2025-06-06","$800.00","PAYMENT FOR MARK LUGO","","","001","Administrative/Salary/Overhead Expenses ","B-44",""
"C00905661","DR. BAEZ FOR CONGRESS","H6TX20113","BAEZ, EDGARDO RAFAEL DR","2026","H","TX","20","17","http://docquery.fec.gov/cgi-bin/fecimg/?202507079762733005","","LUGO, MARK","1232 BOX HOUSE ROAD","","LYTLE","TX","78052","2025-06-26","$800.00","PAYMENT FOR MARK LUGO","","","001","Administrative/Salary/Overhead Expenses ","B-45",""
"C00905661","DR. BAEZ FOR CONGRESS","H6TX20113","BAEZ, EDGARDO RAFAEL DR","2026","H","TX","20","17","http://docquery.fec.gov/cgi-bin/fecimg/?202601219794113121","","WHITTAKER, CAROL","141 WESTCOURT LANE","","SAN ANTONIO","TX","78257","2025-11-18","$2,250.00","COMPLIES","","","001","Administrative/Salary/Overhead Expenses ","B-104",""
"C00905661","DR. BAEZ FOR CONGRESS","H6TX20113","BAEZ, EDGARDO RAFAEL DR","2026","H","TX","20","17","http://docquery.fec.gov/cgi-bin/fecimg/?202601219794113121","","BREVO","8605 SANTA MONICA BLVD","","WEST HOLYWOOD","CA","90069","2025-11-25","$20.25","COMPLIES","","","004","Advertising Expenses ","B-140",""
"C00905661","DR. BAEZ FOR CONGRESS","H6TX20113","BAEZ, EDGARDO RAFAEL DR","2026","H","TX","20","17","http://docquery.fec.gov/cgi-bin/fecimg/?202601219794113121","","INTEGRATED SOLUTIONS: POLITICAL","4142 ADAMS AVENUE","SUITE 103-550","SAN DIEGO","CA","92116","2025-12-02","$75.00","COMPLIES","","","001","Administrative/Salary/Overhead Expenses ","B-132",""
"C00905661","DR. BAEZ FOR CONGRESS","H6TX20113","BAEZ, EDGARDO RAFAEL DR","2026","H","TX","20","17","http://docquery.fec.gov/cgi-bin/fecimg/?202601219794113122","","WHITTAKER, CAROL","141 WESTCOURT LANE","","SAN ANTONIO","TX","78257","2025-12-02","$2,250.00","COMPLIES","","","001","Administrative/Salary/Overhead Expenses ","B-105",""
"C00905661","DR. BAEZ FOR CONGRESS","H6TX20113","BAEZ, EDGARDO RAFAEL DR","2026","H","TX","20","17","http://docquery.fec.gov/cgi-bin/fecimg/?202601219794113122","","REGUS","700 NORTH SAINT MARY'S STREET","","SAN ANTONIO","TX","78205","2025-12-03","$340.70","HQ OFFICE","","","001","Administrative/Salary/Overhead Expenses ","B-142",""
"C00905661","DR. BAEZ FOR CONGRESS","H6TX20113","BAEZ, EDGARDO RAFAEL DR","2026","H","TX","20","17","http://docquery.fec.gov/cgi-bin/fecimg/?202601219794113122","","BREVO","8605 SANTA MONICA BLVD","","WEST HOLYWOOD","CA","90069","2025-12-17","$170.56","COMPLIES","","","004","Advertising Expenses ","B-139",""
"C00905661","DR. BAEZ FOR CONGRESS","H6TX20113","BAEZ, EDGARDO RAFAEL DR","2026","H","TX","20","17","http://docquery.fec.gov/cgi-bin/fecimg/?202601219794113123","","WHITTAKER, CAROL","141 WESTCOURT LANE","","SAN ANTONIO","TX","78257","2025-12-18","$2,250.00","COMPLIES","","","001","Administrative/Salary/Overhead Expenses ","B-106",""
"C00497933","CASTRO FOR CONGRESS","H2TX35011","CASTRO, JOAQUIN","2026","H","TX","20","17","http://docquery.fec.gov/cgi-bin/fecimg/?202507159763436686","","ALLIANZ GLOBAL ASSISTANCE","9950 MAYLAND DR","","RICHMOND","VA","232331463","2025-05-07","$20.00","INSURANCE","X","*","","","501004691","501004125"
"C00497933","CASTRO FOR CONGRESS","H2TX35011","CASTRO, JOAQUIN","2026","H","TX","20","17","http://docquery.fec.gov/cgi-bin/fecimg/?202507159763436687","","AMERICAN AIRLINES","4333 AMON CARTER BLVD","","FORT WORTH","TX","761552605","2025-06-10","$15.00","TRAVEL","X","*","","","501004622","501004125"
"C00497933","CASTRO FOR CONGRESS","H2TX35011","CASTRO, JOAQUIN","2026","H","TX","20","17","http://docquery.fec.gov/cgi-bin/fecimg/?202507159763436687","","AMERICAN AIRLINES","4333 AMON CARTER BLVD","","FORT WORTH","TX","761552605","2025-06-10","$20.00","TRAVEL","X","*","","","501004623","501004125"
"C00497933","CASTRO FOR CONGRESS","H2TX35011","CASTRO, JOAQUIN","2026","H","TX","20","17","http://docquery.fec.gov/cgi-bin/fecimg/?202507159763436687","","AMERICAN EXPRESS","PO BOX 650448","","DALLAS","TX","752650448","2025-06-10","$550.00","CREDIT CARD FEE","X","*","","","501004613","501004125"
"C00497933","CASTRO FOR CONGRESS","H2TX35011","CASTRO, JOAQUIN","2026","H","TX","20","17","http://docquery.fec.gov/cgi-bin/fecimg/?202507159763436688","","AMERICAN EXPRESS","PO BOX 650448","","DALLAS","TX","752650448","2025-06-10","$550.00","CREDIT CARD FEE","X","*","","","501004614","501004125"
"C00497933","CASTRO FOR CONGRESS","H2TX35011","CASTRO, JOAQUIN","2026","H","TX","20","17","http://docquery.fec.gov/cgi-bin/fecimg/?202507159763436688","","AMERICAN EXPRESS","PO BOX 650448","","DALLAS","TX","752650448","2025-06-10","$550.00","CREDIT CARD FEE","X","*","","","501004615","501004125"
"C00497933","CASTRO FOR CONGRESS","H2TX35011","CASTRO, JOAQUIN","2026","H","TX","20","17","http://docquery.fec.gov/cgi-bin/fecimg/?202507159763436688","","CONCESIONARIA VUELA COMPANIA DE AVIACION","AV. ANTONIO DOVALI JAIME NO. 70, T","COLONIA ZEDEC SANTA FE CIUDAD DE M","EXICO CDMX 01210 MEXICO","ZZ","00000","2025-06-10","$186.34","TRAVEL","X","*","","","501004621","501004125"
"C00497933","CASTRO FOR CONGRESS","H2TX35011","CASTRO, JOAQUIN","2026","H","TX","20","17","http://docquery.fec.gov/cgi-bin/fecimg/?202507159763436689","","EXTRA SPACE","2795 E COTTONWOOD PKWY","STE 300","COTTONWOOD HEIGHTS","UT","841216928","2025-06-10","$155.00","STORAGE SERVICES","X","*","","","501004591","501004125"
"C00497933","CASTRO FOR CONGRESS","H2TX35011","CASTRO, JOAQUIN","2026","H","TX","20","17","http://docquery.fec.gov/cgi-bin/fecimg/?202507159763436689","","GOOGLE, INC.","1600 AMPHITHEATRE PKWY","","MOUNTAIN VIEW","CA","940431351","2025-06-10","$61.06","SOFTWARE","X","*","","","501004593","501004125"
"C00497933","CASTRO FOR CONGRESS","H2TX35011","CASTRO, JOAQUIN","2026","H","TX","20","17","http://docquery.fec.gov/cgi-bin/fecimg/?202507159763436689","","HEB","1015 HIGHWAY 80","","SAN MARCOS","TX","786668111","2025-06-10","$51.01","TRAVEL","X","*","","","501005627","501004125"
"C00497933","CASTRO FOR CONGRESS","H2TX35011","CASTRO, JOAQUIN","2026","H","TX","20","17","http://docquery.fec.gov/cgi-bin/fecimg/?202507159763436690","","LYFT","548 MARKET ST","# 68514","SAN FRANCISCO","CA","941045401","2025-06-10","$16.64","TRAVEL","X","*","","","501004595","501004125"
"C00497933","CASTRO FOR CONGRESS","H2TX35011","CASTRO, JOAQUIN","2026","H","TX","20","17","http://docquery.fec.gov/cgi-bin/fecimg/?202507159763436690","","OYAMEL COCINA MEXICANA","401 7TH ST NW","","WASHINGTON","DC","200042202","2025-06-10","$92.30","MEALS","X","*","","","501004607","501004125"
"C00497933","CASTRO FOR CONGRESS","H2TX35011","CASTRO, JOAQUIN","2026","H","TX","20","17","http://docquery.fec.gov/cgi-bin/fecimg/?202507159763436690","","PARRILLA DE SAN MIGUEL","408 S TEXAS","","EAGLE PASS TX 78852 MEXICO","ZZ","00000","2025-06-10","$343.25","EVENT CATERING AND SPACE RENTAL","X","*","","","501005625","501004125"
"C00497933","CASTRO FOR CONGRESS","H2TX35011","CASTRO, JOAQUIN","2026","H","TX","20","17","http://docquery.fec.gov/cgi-bin/fecimg/?202507159763436691","","PARRILLA DE SAN MIGUEL","408 S TEXAS","","EAGLE PASS TX 78852 MEXICO","ZZ","00000","2025-06-10","$200.00","EVENT CATERING AND SPACE RENTAL","X","*","","","501005626","501004125"
"C00497933","CASTRO FOR CONGRESS","H2TX35011","CASTRO, JOAQUIN","2026","H","TX","20","17","http://docquery.fec.gov/cgi-bin/fecimg/?202507159763436691","","PUPATELLA","301 MASSACHUSETTS AVE NE","","WASHINGTON","DC","200025701","2025-06-10","$94.05","MEALS","X","*","","","501004608","501004125"
"C00497933","CASTRO FOR CONGRESS","H2TX35011","CASTRO, JOAQUIN","2026","H","TX","20","17","http://docquery.fec.gov/cgi-bin/fecimg/?202507159763436691","","ROAD RANGER","1501 E WOODFIELD RD","STE 300","SCHAUMBURG","IL","601735420","2025-06-10","$13.51","TRAVEL","X","*","","","501004597","501004125"
"C00497933","CASTRO FOR CONGRESS","H2TX35011","CASTRO, JOAQUIN","2026","H","TX","20","17","http://docquery.fec.gov/cgi-bin/fecimg/?202507159763436692","","ROAD RANGER","1501 E WOODFIELD RD","STE 300","SCHAUMBURG","IL","601735420","2025-06-10","$60.49","TRAVEL","X","*","","","501004598","501004125"
"C00497933","CASTRO FOR CONGRESS","H2TX35011","CASTRO, JOAQUIN","2026","H","TX","20","17","http://docquery.fec.gov/cgi-bin/fecimg/?202507159763436692","","RODEO TRAVEL CENTER","109963 I-37","","PLEASANTON","TX","78064","2025-06-10","$41.61","TRAVEL","X","*","","","501004599","501004125"
"C00497933","CASTRO FOR CONGRESS","H2TX35011","CASTRO, JOAQUIN","2026","H","TX","20","17","http://docquery.fec.gov/cgi-bin/fecimg/?202507159763436692","","THE WESTIN MONTERREY VALLE","AV. MANUEL GOMEZ MORIN Y RIO MISSO","SAN PEDRO GARZA GARCIA NL 66220 ME","XICO","ZZ","00000","2025-06-10","$405.73","LODGING","X","*","","","501004605","501004125"
"C00497933","CASTRO FOR CONGRESS","H2TX35011","CASTRO, JOAQUIN","2026","H","TX","20","17","http://docquery.fec.gov/cgi-bin/fecimg/?202602199834783513","","LYFT","548 MARKET ST","# 68514","SAN FRANCISCO","CA","941045401","2026-01-09","$17.78","TRAVEL","X","*","","","501037601","501037594"
"C00497933","CASTRO FOR CONGRESS","H2TX35011","CASTRO, JOAQUIN","2026","H","TX","20","17","http://docquery.fec.gov/cgi-bin/fecimg/?202602199834783513","","RUMI'S KITCHEN","640 L ST NW","","WASHINGTON","DC","200013615","2026-01-09","$69.92","MEALS","X","*","","","501037602","501037594"
"C00497933","CASTRO FOR CONGRESS","H2TX35011","CASTRO, JOAQUIN","2026","H","TX","20","17","http://docquery.fec.gov/cgi-bin/fecimg/?202602199834783514","","TEXAS LAWMAN SECURITY","5121 BLANCO RD","","SAN ANTONIO","TX","782167005","2026-01-09","$950.17","SECURITY SERVICES","X","*","","","501037608","501037594"
"C00497933","CASTRO FOR CONGRESS","H2TX35011","CASTRO, JOAQUIN","2026","H","TX","20","17","http://docquery.fec.gov/cgi-bin/fecimg/?202602199834783514","","UNITED AIRLINES","77 W WACKER DR","","CHICAGO","IL","606011604","2026-01-09","$8.00","TRAVEL","X","*","","","501037595","501037594"
"C00497933","CASTRO FOR CONGRESS","H2TX35011","CASTRO, JOAQUIN","2026","H","TX","20","17","http://docquery.fec.gov/cgi-bin/fecimg/?202602199834783514","","UNITED AIRLINES","77 W WACKER DR","","CHICAGO","IL","606011604","2026-01-09","$8.00","TRAVEL","X","*","","","501037597","501037594"
"C00497933","CASTRO FOR CONGRESS","H2TX35011","CASTRO, JOAQUIN","2026","H","TX","20","17","http://docquery.fec.gov/cgi-bin/fecimg/?202602199834783515","","UNITED AIRLINES","77 W WACKER DR","","CHICAGO","IL","606011604","2026-01-09","$518.49","TRAVEL","X","*","","","501037604","501037594"
"C00497933","CASTRO FOR CONGRESS","H2TX35011","CASTRO, JOAQUIN","2026","H","TX","20","17","http://docquery.fec.gov/cgi-bin/fecimg/?202602199834783515","","AMERICAN EXPRESS","PO BOX 650448","","DALLAS","TX","752650448","2026-02-09","$548.41","CREDIT CARD PAYMENT","","","","","501040497",""
"C00497933","CASTRO FOR CONGRESS","H2TX35011","CASTRO, JOAQUIN","2026","H","TX","20","17","http://docquery.fec.gov/cgi-bin/fecimg/?202602199834783515","","AMERICAN AIRLINES","4333 AMON CARTER BLVD","","FORT WORTH","TX","761552605","2026-02-09","$24.00","TRAVEL","X","*","","","501040501","501040497"
"C00497933","CASTRO FOR CONGRESS","H2TX35011","CASTRO, JOAQUIN","2026","H","TX","20","17","http://docquery.fec.gov/cgi-bin/fecimg/?202602199834783516","","AMERICAN AIRLINES","4333 AMON CARTER BLVD","","FORT WORTH","TX","761552605","2026-02-09","$20.00","TRAVEL","X","*","","","501040506","501040497"
"C00497933","CASTRO FOR CONGRESS","H2TX35011","CASTRO, JOAQUIN","2026","H","TX","20","17","http://docquery.fec.gov/cgi-bin/fecimg/?202602199834783516","","AMERICAN AIRLINES","4333 AMON CARTER BLVD","","FORT WORTH","TX","761552605","2026-02-09","$24.00","TRAVEL","X","*","","","501040507","501040497"
"C00497933","CASTRO FOR CONGRESS","H2TX35011","CASTRO, JOAQUIN","2026","H","TX","20","17","http://docquery.fec.gov/cgi-bin/fecimg/?202602199834783516","","DIANA'S BURGERS","2202 N ZARZAMORA ST","","SAN ANTONIO","TX","782016107","2026-02-09","$53.55","MEALS","X","*","","","501040504","501040497"
"C00497933","CASTRO FOR CONGRESS","H2TX35011","CASTRO, JOAQUIN","2026","H","TX","20","17","http://docquery.fec.gov/cgi-bin/fecimg/?202602199834783517","","EXTRA SPACE","1974 S ALAMO ST","","SAN ANTONIO","TX","782041603","2026-02-09","$155.00","STORAGE SERVICES","X","*","","","501040518","501040497"
"C00497933","CASTRO FOR CONGRESS","H2TX35011","CASTRO, JOAQUIN","2026","H","TX","20","17","http://docquery.fec.gov/cgi-bin/fecimg/?202602199834783517","","GOOGLE, INC.","1600 AMPHITHEATRE PKWY","","MOUNTAIN VIEW","CA","940431351","2026-02-09","$71.23","SOFTWARE","X","*","","","501040514","501040497"
"C00497933","CASTRO FOR CONGRESS","H2TX35011","CASTRO, JOAQUIN","2026","H","TX","20","17","http://docquery.fec.gov/cgi-bin/fecimg/?202602199834783517","","HUNAN DYNASTY","215 PENNSYLVANIA AVE SE","","WASHINGTON","DC","200031155","2026-02-09","$67.20","MEALS","X","*","","","501040499","501040497"
"C00497933","CASTRO FOR CONGRESS","H2TX35011","CASTRO, JOAQUIN","2026","H","TX","20","17","http://docquery.fec.gov/cgi-bin/fecimg/?202602199834783518","","LIQUID WEB","2703 ENA DR","","LANSING","MI","489178585","2026-02-09","$16.42","WEBSITE SERVICES","X","*","","","501040517","501040497"
"C00497933","CASTRO FOR CONGRESS","H2TX35011","CASTRO, JOAQUIN","2026","H","TX","20","17","http://docquery.fec.gov/cgi-bin/fecimg/?202602199834783518","","LYFT","548 MARKET ST","# 68514","SAN FRANCISCO","CA","941045401","2026-02-09","$76.52","TRAVEL","X","*","","","501040513","501040497"
"C00497933","CASTRO FOR CONGRESS","H2TX35011","CASTRO, JOAQUIN","2026","H","TX","20","17","http://docquery.fec.gov/cgi-bin/fecimg/?202602199834783518","","ONE PARKING","477 S ROSEMARY AVE","STE 325","WEST PALM BEACH","FL","334015798","2026-02-09","$20.60","TRAVEL","X","*","","","501040510","501040497"
"C00497933","CASTRO FOR CONGRESS","H2TX35011","CASTRO, JOAQUIN","2026","H","TX","20","17","http://docquery.fec.gov/cgi-bin/fecimg/?202602199834783519","","STARBUCKS","325 7TH ST NW","","WASHINGTON","DC","200042818","2026-02-09","$11.89","MEALS","X","*","","","501040509","501040497"
"C00497933","CASTRO FOR CONGRESS","H2TX35011","CASTRO, JOAQUIN","2026","H","TX","20","17","http://docquery.fec.gov/cgi-bin/fecimg/?202602199834783520","","BEE COMPLIANCE LLC","611 PENNSYLVANIA AVE SE","# 192","WASHINGTON","DC","200034303","2026-01-12","$2,500.00","COMPLIANCE CONSULTING","","","","","501037610",""
"C00497933","CASTRO FOR CONGRESS","H2TX35011","CASTRO, JOAQUIN","2026","H","TX","20","17","http://docquery.fec.gov/cgi-bin/fecimg/?202602199834783520","","BEE COMPLIANCE LLC","611 PENNSYLVANIA AVE SE","# 192","WASHINGTON","DC","200034303","2026-02-10","$2,500.00","COMPLIANCE CONSULTING","","","","","501040492",""
"C00497933","CASTRO FOR CONGRESS","H2TX35011","CASTRO, JOAQUIN","2026","H","TX","20","17","http://docquery.fec.gov/cgi-bin/fecimg/?202507159763436703","","INTUIT","2632 MARINE WAY","","MOUNTAIN VIEW","CA","940431126","2025-06-12","$105.53","ACCOUNTING SOFTWARE","","","","","501004120",""
"C00497933","CASTRO FOR CONGRESS","H2TX35011","CASTRO, JOAQUIN","2026","H","TX","20","17","http://docquery.fec.gov/cgi-bin/fecimg/?202507159763436703","","LONE STAR NATIONAL BANK","10000 SAN PEDRO AVE","","SAN ANTONIO","TX","782163859","2025-04-01","$15.00","BANK FEES","","","","","500997045",""
"C00497933","CASTRO FOR CONGRESS","H2TX35011","CASTRO, JOAQUIN","2026","H","TX","20","17","http://docquery.fec.gov/cgi-bin/fecimg/?202507159763436703","","LONE STAR NATIONAL BANK","10000 SAN PEDRO AVE","","SAN ANTONIO","TX","782163859","2025-04-07","$15.00","BANK FEES","","","","","500996687",""
"C00497933","CASTRO FOR CONGRESS","H2TX35011","CASTRO, JOAQUIN","2026","H","TX","20","17","http://docquery.fec.gov/cgi-bin/fecimg/?202507159763436704","","LONE STAR NATIONAL BANK","10000 SAN PEDRO AVE","","SAN ANTONIO","TX","782163859","2025-04-14","$15.00","BANK FEES","","","","","500996688",""
"C00497933","CASTRO FOR CONGRESS","H2TX35011","CASTRO, JOAQUIN","2026","H","TX","20","17","http://docquery.fec.gov/cgi-bin/fecimg/?202507159763436704","","LONE STAR NATIONAL BANK","10000 SAN PEDRO AVE","","SAN ANTONIO","TX","782163859","2025-04-21","$15.00","BANK FEES","","","","","500997044",""
"C00497933","CASTRO FOR CONGRESS","H2TX35011","CASTRO, JOAQUIN","2026","H","TX","20","17","http://docquery.fec.gov/cgi-bin/fecimg/?202507159763436704","","LONE STAR NATIONAL BANK","10000 SAN PEDRO AVE","","SAN ANTONIO","TX","782163859","2025-04-28","$15.00","BANK FEES","","","","","500997432",""
"C00497933","CASTRO FOR CONGRESS","H2TX35011","CASTRO, JOAQUIN","2026","H","TX","20","17","http://docquery.fec.gov/cgi-bin/fecimg/?202507159763436705","","LONE STAR NATIONAL BANK","10000 SAN PEDRO AVE","","SAN ANTONIO","TX","782163859","2025-05-05","$15.00","BANK FEES","","","","","501000608",""
"C00905661","DR. BAEZ FOR CONGRESS","H6TX20113","BAEZ, EDGARDO RAFAEL DR","2026","H","TX","20","17","http://docquery.fec.gov/cgi-bin/fecimg/?202510089790718531","","JVC MEDIA","7113 SAN PEDRO AVE","SUITE 391","SAN ANTONIO","TX","78216","2025-07-07","$308.51","KOOZIES FOR EVENT","","","001","Administrative/Salary/Overhead Expenses ","B-33",""
"C00905661","DR. BAEZ FOR CONGRESS","H6TX20113","BAEZ, EDGARDO RAFAEL DR","2026","H","TX","20","17","http://docquery.fec.gov/cgi-bin/fecimg/?202510089790718531","","DATA ZAP","16192 COASTAL HIGHWAY","","LEWES","DE","19958","2025-08-04","$125.00","THIS COMPLIES WITH FEC REGULATIONS","","","004","Advertising Expenses ","B-83",""
"C00905661","DR. BAEZ FOR CONGRESS","H6TX20113","BAEZ, EDGARDO RAFAEL DR","2026","H","TX","20","17","http://docquery.fec.gov/cgi-bin/fecimg/?202510089790718532","","BREVO","8605 SANTA MONICA BLVD","","WEST HOLYWOOD","CA","90069","2025-08-20","$246.64","COMPLIES","","","004","Advertising Expenses ","B-49",""
"C00905661","DR. BAEZ FOR CONGRESS","H6TX20113","BAEZ, EDGARDO RAFAEL DR","2026","H","TX","20","17","http://docquery.fec.gov/cgi-bin/fecimg/?202510089790718532","","DATA ZAP","16192 COASTAL HIGHWAY","","LEWES","DE","19958","2025-08-20","$415.80","THIS COMPLIES WITH FEC REGULATIONS","","","004","Advertising Expenses ","B-88",""
"C00905661","DR. BAEZ FOR CONGRESS","H6TX20113","BAEZ, EDGARDO RAFAEL DR","2026","H","TX","20","17","http://docquery.fec.gov/cgi-bin/fecimg/?202510089790718532","","FACEBOOK","1 HACKER WAY","","MENLO PARK","CA","94025","2025-08-20","$400.00","COMPLIES","","","004","Advertising Expenses ","B-51",""
"C00905661","DR. BAEZ FOR CONGRESS","H6TX20113","BAEZ, EDGARDO RAFAEL DR","2026","H","TX","20","17","http://docquery.fec.gov/cgi-bin/fecimg/?202510089790718533","","FACEBOOK","1 HACKER WAY","","MENLO PARK","CA","94025","2025-08-25","$416.00","COMPLIES","","","004","Advertising Expenses ","B-89",""
"C00905661","DR. BAEZ FOR CONGRESS","H6TX20113","BAEZ, EDGARDO RAFAEL DR","2026","H","TX","20","17","http://docquery.fec.gov/cgi-bin/fecimg/?202510089790718533","","FACEBOOK","1 HACKER WAY","","MENLO PARK","CA","94025","2025-09-02","$433.00","COMPLIES","","","004","Advertising Expenses ","B-90",""
"C00905661","DR. BAEZ FOR CONGRESS","H6TX20113","BAEZ, EDGARDO RAFAEL DR","2026","H","TX","20","17","http://docquery.fec.gov/cgi-bin/fecimg/?202510089790718533","","REGUS","700 NORTH SAINT MARY'S STREET","","SAN ANTONIO","TX","78205","2025-09-03","$32.70","HQ OFFICE","","","001","Administrative/Salary/Overhead Expenses ","B-91",""
"C00905661","DR. BAEZ FOR CONGRESS","H6TX20113","BAEZ, EDGARDO RAFAEL DR","2026","H","TX","20","17","http://docquery.fec.gov/cgi-bin/fecimg/?202510089790718534","","BREVO","8605 SANTA MONICA BLVD","","WEST HOLYWOOD","CA","90069","2025-09-08","$47.97","COMPLIES","","","004","Advertising Expenses ","B-92",""
"C00905661","DR. BAEZ FOR CONGRESS","H6TX20113","BAEZ, EDGARDO RAFAEL DR","2026","H","TX","20","17","http://docquery.fec.gov/cgi-bin/fecimg/?202510089790718534","","WHITTAKER, CAROL","141 WESTCOURT LANE","","SAN ANTONIO","TX","78257","2025-09-16","$2,250.00","SALARY IN COMPLIANCE WITH FEC RULES","","","001","Administrative/Salary/Overhead Expenses ","B-93",""
"C00905661","DR. BAEZ FOR CONGRESS","H6TX20113","BAEZ, EDGARDO RAFAEL DR","2026","H","TX","20","17","http://docquery.fec.gov/cgi-bin/fecimg/?202510089790718531","","DATA ZAP","16192 COASTAL HIGHWAY","","LEWES","DE","19958","2025-08-04","$675.80","THIS COMPLIES WITH FEC REGULATIONS","","","004","Advertising Expenses ","B-48",""
"C00905661","DR. BAEZ FOR CONGRESS","H6TX20113","BAEZ, EDGARDO RAFAEL DR","2026","H","TX","20","17","http://docquery.fec.gov/cgi-bin/fecimg/?202510089790718534","","REGUS","700 NORTH SAINT MARY'S STREET","","SAN ANTONIO","TX","78205","2025-09-22","$308.00","HQ OFFICE","","","001","Administrative/Salary/Overhead Expenses ","B-95",""
"C00497933","CASTRO FOR CONGRESS","H2TX35011","CASTRO, JOAQUIN","2026","H","TX","20","17","http://docquery.fec.gov/cgi-bin/fecimg/?202602199834783520","","FIRST DATA USA","5565 GLENRIDGE CONNECTOR NE","STE 2000","ATLANTA","GA","303421651","2026-01-05","$54.95","CREDIT CARD PROCESSING FEE","","","","","501037591",""
"C00497933","CASTRO FOR CONGRESS","H2TX35011","CASTRO, JOAQUIN","2026","H","TX","20","17","http://docquery.fec.gov/cgi-bin/fecimg/?202602199834783521","","FIRST DATA USA","5565 GLENRIDGE CONNECTOR NE","STE 2000","ATLANTA","GA","303421651","2026-01-05","$29.95","CREDIT CARD PROCESSING FEE","","","","","501037592",""
"C00497933","CASTRO FOR CONGRESS","H2TX35011","CASTRO, JOAQUIN","2026","H","TX","20","17","http://docquery.fec.gov/cgi-bin/fecimg/?202602199834783521","","FIRST DATA USA","5565 GLENRIDGE CONNECTOR NE","STE 2000","ATLANTA","GA","303421651","2026-02-03","$54.95","CREDIT CARD PROCESSING FEE","","","","","501040265",""
"C00497933","CASTRO FOR CONGRESS","H2TX35011","CASTRO, JOAQUIN","2026","H","TX","20","17","http://docquery.fec.gov/cgi-bin/fecimg/?202602199834783521","","FIRST DATA USA","5565 GLENRIDGE CONNECTOR NE","STE 2000","ATLANTA","GA","303421651","2026-02-03","$29.95","CREDIT CARD PROCESSING FEE","","","","","501040266",""
"C00497933","CASTRO FOR CONGRESS","H2TX35011","CASTRO, JOAQUIN","2026","H","TX","20","17","http://docquery.fec.gov/cgi-bin/fecimg/?202602199834783522","","GLIDER GROUP","PO BOX 1406","","DEL RIO","TX","788411406","2026-01-20","$3,500.00","POLITICAL MANAGEMENT CONSULTING","","","","","501037616",""
"C00497933","CASTRO FOR CONGRESS","H2TX35011","CASTRO, JOAQUIN","2026","H","TX","20","17","http://docquery.fec.gov/cgi-bin/fecimg/?202602199834783522","","GLIDER GROUP","PO BOX 1406","","DEL RIO","TX","788411406","2026-02-04","$4,310.00","POLITICAL MANAGEMENT CONSULTING","","","","","501040263",""
"C00497933","CASTRO FOR CONGRESS","H2TX35011","CASTRO, JOAQUIN","2026","H","TX","20","17","http://docquery.fec.gov/cgi-bin/fecimg/?202602199834783522","","GOOD FIGHT POLITICAL INC.","1310 GATES PL","","SOUTH PASADENA","CA","910303623","2026-02-04","$314.34","TEXTING SERVICES","","","","","501040262",""
"C00497933","CASTRO FOR CONGRESS","H2TX35011","CASTRO, JOAQUIN","2026","H","TX","20","17","http://docquery.fec.gov/cgi-bin/fecimg/?202602199834783523","","GRASSROOTS ANALYTICS, INC.","806 7TH ST NW","STE 3","WASHINGTON","DC","200013868","2026-02-04","$5,000.00","DIGITAL ACQUISITION","","","","","501040264",""
"C00497933","CASTRO FOR CONGRESS","H2TX35011","CASTRO, JOAQUIN","2026","H","TX","20","17","http://docquery.fec.gov/cgi-bin/fecimg/?202602199834783523","","HACKETT, SAWYER","919 FLORIDA AVE NW","APT 406","WASHINGTON","DC","200015046","2026-01-16","$5,000.00","DIGITAL CONSULTING","","","","","501037615",""
"C00497933","CASTRO FOR CONGRESS","H2TX35011","CASTRO, JOAQUIN","2026","H","TX","20","17","http://docquery.fec.gov/cgi-bin/fecimg/?202602199834783523","","HACKETT, SAWYER","919 FLORIDA AVE NW","APT 406","WASHINGTON","DC","200015046","2026-02-10","$5,000.00","DIGITAL CONSULTING","","","","","501040495",""
"C00497933","CASTRO FOR CONGRESS","H2TX35011","CASTRO, JOAQUIN","2026","H","TX","20","17","http://docquery.fec.gov/cgi-bin/fecimg/?202602199834783524","","HM CONSULTING, LTD.","114 LEXINGTON DR","","SILVER SPRING","MD","209012531","2026-01-26","$5,000.00","FUNDRAISING CONSULTING","","","","","501039530",""
"C00497933","CASTRO FOR CONGRESS","H2TX35011","CASTRO, JOAQUIN","2026","H","TX","20","17","http://docquery.fec.gov/cgi-bin/fecimg/?202602199834783524","","INTUIT","2632 MARINE WAY","","MOUNTAIN VIEW","CA","940431126","2026-01-12","$122.59","ACCOUNTING SOFTWARE","","","","","501037611",""
"C00497933","CASTRO FOR CONGRESS","H2TX35011","CASTRO, JOAQUIN","2026","H","TX","20","17","http://docquery.fec.gov/cgi-bin/fecimg/?202602199834783524","","LONE STAR NATIONAL BANK","10000 SAN PEDRO AVE","","SAN ANTONIO","TX","782163859","2026-01-02","$15.00","BANK FEES","","","","","501037589",""
"C00497933","CASTRO FOR CONGRESS","H2TX35011","CASTRO, JOAQUIN","2026","H","TX","20","17","http://docquery.fec.gov/cgi-bin/fecimg/?202602199834783525","","LONE STAR NATIONAL BANK","10000 SAN PEDRO AVE","","SAN ANTONIO","TX","782163859","2026-01-05","$15.00","BANK FEES","","","","","501037590",""
"C00497933","CASTRO FOR CONGRESS","H2TX35011","CASTRO, JOAQUIN","2026","H","TX","20","17","http://docquery.fec.gov/cgi-bin/fecimg/?202602199834783525","","LONE STAR NATIONAL BANK","10000 SAN PEDRO AVE","","SAN ANTONIO","TX","782163859","2026-01-12","$15.00","BANK FEES","","","","","501037612",""
"C00497933","CASTRO FOR CONGRESS","H2TX35011","CASTRO, JOAQUIN","2026","H","TX","20","17","http://docquery.fec.gov/cgi-bin/fecimg/?202602199834783525","","LONE STAR NATIONAL BANK","10000 SAN PEDRO AVE","","SAN ANTONIO","TX","782163859","2026-01-20","$15.00","BANK FEES","","","","","501037613",""
"C00497933","CASTRO FOR CONGRESS","H2TX35011","CASTRO, JOAQUIN","2026","H","TX","20","17","http://docquery.fec.gov/cgi-bin/fecimg/?202602199834783526","","LONE STAR NATIONAL BANK","10000 SAN PEDRO AVE","","SAN ANTONIO","TX","782163859","2026-01-21","$5.00","BANK FEES","","","","","501037614",""
"C00497933","CASTRO FOR CONGRESS","H2TX35011","CASTRO, JOAQUIN","2026","H","TX","20","17","http://docquery.fec.gov/cgi-bin/fecimg/?202602199834783526","","LONE STAR NATIONAL BANK","10000 SAN PEDRO AVE","","SAN ANTONIO","TX","782163859","2026-01-26","$15.00","BANK FEES","","","","","501039531",""
"C00497933","CASTRO FOR CONGRESS","H2TX35011","CASTRO, JOAQUIN","2026","H","TX","20","17","http://docquery.fec.gov/cgi-bin/fecimg/?202602199834783526","","LONE STAR NATIONAL BANK","10000 SAN PEDRO AVE","","SAN ANTONIO","TX","782163859","2026-02-02","$15.00","BANK FEES","","","","","501039532",""
"C00497933","CASTRO FOR CONGRESS","H2TX35011","CASTRO, JOAQUIN","2026","H","TX","20","17","http://docquery.fec.gov/cgi-bin/fecimg/?202602199834783527","","LONE STAR NATIONAL BANK","10000 SAN PEDRO AVE","","SAN ANTONIO","TX","782163859","2026-02-09","$15.00","BANK FEES","","","","","501040494",""
"C00497933","CASTRO FOR CONGRESS","H2TX35011","CASTRO, JOAQUIN","2026","H","TX","20","17","http://docquery.fec.gov/cgi-bin/fecimg/?202602199834783527","","NGP VAN, INC.","PO BOX 392264","","PITTSBURGH","PA","152519264","2026-02-11","$6,883.71","DATABASE SERVICES","","","","","501040493",""
"C00497933","CASTRO FOR CONGRESS","H2TX35011","CASTRO, JOAQUIN","2026","H","TX","20","17","http://docquery.fec.gov/cgi-bin/fecimg/?202602199834783527","","O&A HOLDINGS","14309 BROOK HOLLOW BLVD","","SAN ANTONIO","TX","782323805","2026-02-10","$378.88","BOOKKEEPING SERVICES","","","","","501040585",""
"C00497933","CASTRO FOR CONGRESS","H2TX35011","CASTRO, JOAQUIN","2026","H","TX","20","21","http://docquery.fec.gov/cgi-bin/fecimg/?202602199834783528","","AMERICAN EXPRESS","PO BOX 650448","","DALLAS","TX","752650448","2026-02-09","$1,000.00","CREDIT CARD PAYMENT","","","","","501040597",""
"C00497933","CASTRO FOR CONGRESS","H2TX35011","CASTRO, JOAQUIN","2026","H","TX","20","21","http://docquery.fec.gov/cgi-bin/fecimg/?202602199834783528","","GINA HINOJOSA CAMPAIGN","PO BOX 300095","","AUSTIN","TX","787030002","2026-02-09","$1,000.00","POLITICAL CONTRIBUTION","X","*","","","501040521","501040597"
"C00497933","CASTRO FOR CONGRESS","H2TX35011","CASTRO, JOAQUIN","2026","H","TX","20","17","http://docquery.fec.gov/cgi-bin/fecimg/?202602199834783519","","UNITED AIRLINES","77 W WACKER DR","","CHICAGO","IL","606011604","2026-02-09","$8.00","TRAVEL","X","*","","","501040511","501040497"
"C00497933","CASTRO FOR CONGRESS","H2TX35011","CASTRO, JOAQUIN","2026","H","TX","20","17","http://docquery.fec.gov/cgi-bin/fecimg/?202602199834783519","","BEE COMPLIANCE LLC","611 PENNSYLVANIA AVE SE","# 192","WASHINGTON","DC","200034303","2026-01-05","$2,500.00","COMPLIANCE CONSULTING","","","","","501037593",""
"C00497933","CASTRO FOR CONGRESS","H2TX35011","CASTRO, JOAQUIN","2026","H","TX","20","17","http://docquery.fec.gov/cgi-bin/fecimg/?202602199834783508","","ACTBLUE TECHNICAL SERVICES","366 SUMMER ST","","WEST SOMERVILLE","MA","021443132","2026-01-04","$4.25","CREDIT CARD PROCESSING FEE","","","","","501029689",""
"C00497933","CASTRO FOR CONGRESS","H2TX35011","CASTRO, JOAQUIN","2026","H","TX","20","17","http://docquery.fec.gov/cgi-bin/fecimg/?202602199834783508","","ACTBLUE TECHNICAL SERVICES","366 SUMMER ST","","WEST SOMERVILLE","MA","021443132","2026-01-11","$16.01","CREDIT CARD PROCESSING FEE","","","","","501031782",""
"C00497933","CASTRO FOR CONGRESS","H2TX35011","CASTRO, JOAQUIN","2026","H","TX","20","17","http://docquery.fec.gov/cgi-bin/fecimg/?202602199834783508","","ACTBLUE TECHNICAL SERVICES","366 SUMMER ST","","WEST SOMERVILLE","MA","021443132","2026-01-18","$4.14","CREDIT CARD PROCESSING FEE","","","","","501036462",""
"C00497933","CASTRO FOR CONGRESS","H2TX35011","CASTRO, JOAQUIN","2026","H","TX","20","17","http://docquery.fec.gov/cgi-bin/fecimg/?202602199834783509","","ACTBLUE TECHNICAL SERVICES","366 SUMMER ST","","WEST SOMERVILLE","MA","021443132","2026-01-25","$11.45","CREDIT CARD PROCESSING FEE","","","","","501037774",""
"C00497933","CASTRO FOR CONGRESS","H2TX35011","CASTRO, JOAQUIN","2026","H","TX","20","17","http://docquery.fec.gov/cgi-bin/fecimg/?202602199834783509","","ACTBLUE TECHNICAL SERVICES","366 SUMMER ST","","WEST SOMERVILLE","MA","021443132","2026-02-01","$112.20","CREDIT CARD PROCESSING FEE","","","","","501039529",""
"C00497933","CASTRO FOR CONGRESS","H2TX35011","CASTRO, JOAQUIN","2026","H","TX","20","17","http://docquery.fec.gov/cgi-bin/fecimg/?202602199834783509","","ACTBLUE TECHNICAL SERVICES","366 SUMMER ST","","WEST SOMERVILLE","MA","021443132","2026-02-08","$102.32","CREDIT CARD PROCESSING FEE","","","","","501040244",""
"C00497933","CASTRO FOR CONGRESS","H2TX35011","CASTRO, JOAQUIN","2026","H","TX","20","17","http://docquery.fec.gov/cgi-bin/fecimg/?202602199834783510","","ACTBLUE TECHNICAL SERVICES","366 SUMMER ST","","WEST SOMERVILLE","MA","021443132","2026-02-11","$45.31","CREDIT CARD PROCESSING FEE","","","","","501040586",""
"C00497933","CASTRO FOR CONGRESS","H2TX35011","CASTRO, JOAQUIN","2026","H","TX","20","17","http://docquery.fec.gov/cgi-bin/fecimg/?202602199834783510","","AMERICAN EXPRESS","PO BOX 650448","","DALLAS","TX","752650448","2026-01-09","$2,142.46","CREDIT CARD PAYMENT","","","","","501037594",""
"C00497933","CASTRO FOR CONGRESS","H2TX35011","CASTRO, JOAQUIN","2026","H","TX","20","17","http://docquery.fec.gov/cgi-bin/fecimg/?202602199834783510","","AMERICAN AIRLINES","4333 AMON CARTER BLVD","","FORT WORTH","TX","761552605","2026-01-09","$20.00","TRAVEL","X","*","","","501037596","501037594"
"C00497933","CASTRO FOR CONGRESS","H2TX35011","CASTRO, JOAQUIN","2026","H","TX","20","17","http://docquery.fec.gov/cgi-bin/fecimg/?202602199834783511","","AMERICAN AIRLINES","4333 AMON CARTER BLVD","","FORT WORTH","TX","761552605","2026-01-09","$22.00","TRAVEL","X","*","","","501037598","501037594"
"C00497933","CASTRO FOR CONGRESS","H2TX35011","CASTRO, JOAQUIN","2026","H","TX","20","17","http://docquery.fec.gov/cgi-bin/fecimg/?202602199834783511","","ELEVATE MINISTRIES","130 SAIPAN PL","","SAN ANTONIO","TX","782212927","2026-01-09","$250.00","STORAGE SERVICES","X","*","","","501037607","501037594"
"C00497933","CASTRO FOR CONGRESS","H2TX35011","CASTRO, JOAQUIN","2026","H","TX","20","17","http://docquery.fec.gov/cgi-bin/fecimg/?202602199834783511","","EXTRA SPACE","1974 S ALAMO ST","","SAN ANTONIO","TX","782041603","2026-01-09","$155.00","STORAGE SERVICES","X","*","","","501037606","501037594"
"C00497933","CASTRO FOR CONGRESS","H2TX35011","CASTRO, JOAQUIN","2026","H","TX","20","17","http://docquery.fec.gov/cgi-bin/fecimg/?202602199834783512","","GOOGLE, INC.","1600 AMPHITHEATRE PKWY","","MOUNTAIN VIEW","CA","940431351","2026-01-09","$71.23","SOFTWARE","X","*","","","501037603","501037594"
"C00497933","CASTRO FOR CONGRESS","H2TX35011","CASTRO, JOAQUIN","2026","H","TX","20","17","http://docquery.fec.gov/cgi-bin/fecimg/?202602199834783512","","LIQUID WEB","2703 ENA DR","","LANSING","MI","489178585","2026-01-09","$16.42","WEBSITE SERVICES","X","*","","","501037605","501037594"
"C00497933","CASTRO FOR CONGRESS","H2TX35011","CASTRO, JOAQUIN","2026","H","TX","20","17","http://docquery.fec.gov/cgi-bin/fecimg/?202602199834783512","","LYFT","548 MARKET ST","# 68514","SAN FRANCISCO","CA","941045401","2026-01-09","$22.86","TRAVEL","X","*","","","501037599","501037594"
"C00497933","CASTRO FOR CONGRESS","H2TX35011","CASTRO, JOAQUIN","2026","H","TX","20","17","http://docquery.fec.gov/cgi-bin/fecimg/?202602199834783513","","LYFT","548 MARKET ST","# 68514","SAN FRANCISCO","CA","941045401","2026-01-09","$12.59","TRAVEL","X","*","","","501037600","501037594"
