com_id,com_nam,can_id,can_nam,ele_yea,can_off,can_off_sta,can_off_dis,lin_num,lin_ima,rec_com_id,rec_nam,rec_str1,rec_str2,rec_cit,rec_sta,rec_zip,dis_dat,dis_amo,dis_pur_des,mem_cod,mem_tex,cat_cod,cat_des,tra_id,bac_ref_id
"C00371203","JOHN CARTER FOR CONGRESS","H2TX31044","CARTER, JOHN R REP.","2026","H","TX","31","17","http://docquery.fec.gov/cgi-bin/fecimg/?202504159755641724","","APPLE.COM","ONE APPLE PARK WAY","","CUPERTINO","CA","95014","2025-01-16","$25.48","IT SERVICES","X","MEMO","001","Administrative/Salary/Overhead Expenses ","0038309-0123",""
"C00371203","JOHN CARTER FOR CONGRESS","H2TX31044","CARTER, JOHN R REP.","2026","H","TX","31","17","http://docquery.fec.gov/cgi-bin/fecimg/?202504159755641725","","UNITED AIRLINES","3600 PRESIDENTIAL BLVD","","AUSTIN","TX","787192363","2025-01-16","$1,150.18","TRAVEL - AIRFARE","X","MEMO","002","Travel Expenses","0038309-0124",""
"C00371203","JOHN CARTER FOR CONGRESS","H2TX31044","CARTER, JOHN R REP.","2026","H","TX","31","17","http://docquery.fec.gov/cgi-bin/fecimg/?202504159755641725","","H-E-B","603 LOUIS HENNA BLVD","","ROUND ROCK","TX","786647186","2025-01-16","$72.24","MEETING - FOOD & BEVERAGE","X","MEMO","007","Campaign Event Expenses","0038309-0125",""
"C00371203","JOHN CARTER FOR CONGRESS","H2TX31044","CARTER, JOHN R REP.","2026","H","TX","31","17","http://docquery.fec.gov/cgi-bin/fecimg/?202504159755641725","","ROUND ROCK EXPRESS HOSPITALITY SERVICES","3400 E PALM VALLEY BLVD","","ROUND ROCK","TX","786653906","2025-01-16","$1,680.00","EVENT - CATERING","X","MEMO","003","Solicitation and Fundraising Expenses ","0038309-0127",""
"C00371203","JOHN CARTER FOR CONGRESS","H2TX31044","CARTER, JOHN R REP.","2026","H","TX","31","17","http://docquery.fec.gov/cgi-bin/fecimg/?202504159755641726","","SPEEDY STOP 95","551 UNIVERSITY BLVD","","SANDY","TX","78665","2025-01-16","$44.00","TRAVEL - FUEL","X","MEMO","002","Travel Expenses","0038309-0128",""
"C00371203","JOHN CARTER FOR CONGRESS","H2TX31044","CARTER, JOHN R REP.","2026","H","TX","31","17","http://docquery.fec.gov/cgi-bin/fecimg/?202504159755641726","","SOUTHWEST AIRLINE","8008 CEDAR SPRINGS RD","","DALLAS","TX","752352852","2025-01-16","$1,245.92","TRAVEL - AIRFARE","X","MEMO","002","Travel Expenses","0038309-0130",""
"C00371203","JOHN CARTER FOR CONGRESS","H2TX31044","CARTER, JOHN R REP.","2026","H","TX","31","17","http://docquery.fec.gov/cgi-bin/fecimg/?202504159755641727","","ATX OPEN","300 COLORADO ST. STE 1950","","AUSTIN","TX","78701","2025-01-16","$305.25","EVENT - TICKET","X","MEMO","003","Solicitation and Fundraising Expenses ","0038309-0133",""
"C00371203","JOHN CARTER FOR CONGRESS","H2TX31044","CARTER, JOHN R REP.","2026","H","TX","31","17","http://docquery.fec.gov/cgi-bin/fecimg/?202504159755641727","","SPEEDY STOP 95","551 UNIVERSITY BLVD","","SANDY","TX","78665","2025-01-16","$47.30","TRAVEL - FUEL","X","MEMO","002","Travel Expenses","0038309-0134",""
"C00371203","JOHN CARTER FOR CONGRESS","H2TX31044","CARTER, JOHN R REP.","2026","H","TX","31","17","http://docquery.fec.gov/cgi-bin/fecimg/?202504159755641727","","APPLE.COM","ONE APPLE PARK WAY","","CUPERTINO","CA","95014","2025-01-16","$8.49","IT SERVICES","X","MEMO","001","Administrative/Salary/Overhead Expenses ","0038309-0135",""
"C00371203","JOHN CARTER FOR CONGRESS","H2TX31044","CARTER, JOHN R REP.","2026","H","TX","31","17","http://docquery.fec.gov/cgi-bin/fecimg/?202504159755641728","","HILTON HOTEL","500 E 4TH ST","","AUSTIN","TX","787013720","2025-01-16","$2.48","TRAVEL - SERVICE FEE","X","MEMO","002","Travel Expenses","0038309-0137",""
"C00371203","JOHN CARTER FOR CONGRESS","H2TX31044","CARTER, JOHN R REP.","2026","H","TX","31","17","http://docquery.fec.gov/cgi-bin/fecimg/?202504159755641726","","SUSAN LILLY & COMPANY","1005 CONGRESS AVE","","AUSTIN","TX","787012463","2025-01-16","$4,457.83","FUNDRAISING CONSULTING FEE","X","MEMO","003","Solicitation and Fundraising Expenses ","0038309-0132",""
"C00929653","CAMPAIGN COMMITTEE FOR GREG STOKER","H6TX31169","STOKER, GREGORY JAMES","2026","H","TX","31","17","http://docquery.fec.gov/cgi-bin/fecimg/?202603269856856289","","AUSTIN TEXAS PRINT INCORPORATION","501 W POWELL LN STE A502","","AUSTIN","TX","78753","2026-03-05","$757.75","CAMPAIGN MATERIAL PRINTING","","","006","Campaign Materials","SB17.4296",""
"C00929653","CAMPAIGN COMMITTEE FOR GREG STOKER","H6TX31169","STOKER, GREGORY JAMES","2026","H","TX","31","17","http://docquery.fec.gov/cgi-bin/fecimg/?202603269856856289","","BUMBERACTIVE","1045 A REINLI ST","","AUSTIN","TX","78723","2026-02-09","$524.80","CAMPIGN MATERIALS","","","006","Campaign Materials","SB17.4164",""
"C00929653","CAMPAIGN COMMITTEE FOR GREG STOKER","H6TX31169","STOKER, GREGORY JAMES","2026","H","TX","31","17","http://docquery.fec.gov/cgi-bin/fecimg/?202603269856856290","","BUMPERACTIVE","1045 A REINLI ST","","AUSTIN","TX","78723","2026-03-19","$345.58","CAMPAIGN T SHIRTS","","","006","Campaign Materials","SB17.4311",""
"C00929653","CAMPAIGN COMMITTEE FOR GREG STOKER","H6TX31169","STOKER, GREGORY JAMES","2026","H","TX","31","17","http://docquery.fec.gov/cgi-bin/fecimg/?202603269856856290","","GOOGLE","1600 AMPHITHEATRE PARKWAY","","MOUNTAIN VIEW","CA","94043","2026-02-02","$48.96","GOOGLE WORKSPACE","","","001","Administrative/Salary/Overhead Expenses ","SB17.4158",""
"C00929653","CAMPAIGN COMMITTEE FOR GREG STOKER","H6TX31169","STOKER, GREGORY JAMES","2026","H","TX","31","17","http://docquery.fec.gov/cgi-bin/fecimg/?202603269856856290","","GUILBEAU, JOSEPHINE","1233 MEESE RD NE","","LOUISVILLE","OH","44641","2026-02-11","$4,000.00","CAMPAIGN OPERATIONS CONSULTING FEE","","","001","Administrative/Salary/Overhead Expenses ","SB17.4313",""
"C00916551","STEVE DOWELL FOR CONGRESS","H6TX31128","DOWELL, STEVEN CLAY JR","2026","H","TX","31","17","http://docquery.fec.gov/cgi-bin/fecimg/?202510069790678241","","DOWELL, STEVEN CLAY JR","20 BLACKJACK CIRCLE","","BELTON","TX","76513","2025-08-30","$119.08","IN-KIND - BANNER AND POSTERBOARD, BELTON CUSTOM TROPHIES","","","","","SB17.4155",""
"C00916551","STEVE DOWELL FOR CONGRESS","H6TX31128","DOWELL, STEVEN CLAY JR","2026","H","TX","31","17","http://docquery.fec.gov/cgi-bin/fecimg/?202510069790678241","","DOWELL, STEVEN CLAY JR","20 BLACKJACK CIRCLE","","BELTON","TX","76513","2025-08-31","$12.30","IN-KIND - LUNCH TICKET AT CENTRAL TEXAS REPUBLICAN WOMEN PAC","","","","","SB17.4185",""
"C00916551","STEVE DOWELL FOR CONGRESS","H6TX31128","DOWELL, STEVEN CLAY JR","2026","H","TX","31","17","http://docquery.fec.gov/cgi-bin/fecimg/?202510069790678242","","DOWELL, STEVEN CLAY JR","20 BLACKJACK CIRCLE","","BELTON","TX","76513","2025-09-02","$450.00","IN-KIND - TX-31 VOTER DATA AT L2 INC.","","","","","SB17.4181",""
"C00916551","STEVE DOWELL FOR CONGRESS","H6TX31128","DOWELL, STEVEN CLAY JR","2026","H","TX","31","17","http://docquery.fec.gov/cgi-bin/fecimg/?202510069790678242","","DOWELL, STEVEN CLAY JR","20 BLACKJACK CIRCLE","","BELTON","TX","76513","2025-09-02","$5.15","IN-KIND - MEETING TICKET AT SUN CITY VIRTUAL BOX OFFICE (SUN CITY REPUBLICANS)","","","","","SB17.4182",""
"C00916551","STEVE DOWELL FOR CONGRESS","H6TX31128","DOWELL, STEVEN CLAY JR","2026","H","TX","31","17","http://docquery.fec.gov/cgi-bin/fecimg/?202510069790678242","","DOWELL, STEVEN CLAY JR","20 BLACKJACK CIRCLE","","BELTON","TX","76513","2025-09-03","$300.00","IN-KIND - TEAM ACCOUNT SUBSCRIPTION, CANVA.COM","","","","","SB17.4150",""
"C00916551","STEVE DOWELL FOR CONGRESS","H6TX31128","DOWELL, STEVEN CLAY JR","2026","H","TX","31","17","http://docquery.fec.gov/cgi-bin/fecimg/?202510069790678243","","DOWELL, STEVEN CLAY JR","20 BLACKJACK CIRCLE","","BELTON","TX","76513","2025-09-05","$180.77","IN-KIND - DOOR HANGERS CARDSTOCK AT VISTAPRINT.COM","","","","","SB17.4173",""
"C00916551","STEVE DOWELL FOR CONGRESS","H6TX31128","DOWELL, STEVEN CLAY JR","2026","H","TX","31","17","http://docquery.fec.gov/cgi-bin/fecimg/?202510069790678243","","DOWELL, STEVEN CLAY JR","20 BLACKJACK CIRCLE","","BELTON","TX","76513","2025-09-12","$779.31","IN-KIND - WILLIAMSON COUNTY SUN NEWSPAPER, ADS","","","","","SB17.4136",""
"C00916551","STEVE DOWELL FOR CONGRESS","H6TX31128","DOWELL, STEVEN CLAY JR","2026","H","TX","31","17","http://docquery.fec.gov/cgi-bin/fecimg/?202510069790678243","","DOWELL, STEVEN CLAY JR","20 BLACKJACK CIRCLE","","BELTON","TX","76513","2025-09-12","$315.02","IN-KIND - COMMUNITY EVENT TICKET, TANGLEFOOT MUSIC & BARBEQUE","","","","","SB17.4149",""
"C00916551","STEVE DOWELL FOR CONGRESS","H6TX31128","DOWELL, STEVEN CLAY JR","2026","H","TX","31","17","http://docquery.fec.gov/cgi-bin/fecimg/?202510069790678244","","DOWELL, STEVEN CLAY JR","20 BLACKJACK CIRCLE","","BELTON","TX","76513","2025-09-14","$367.50","IN-KIND - FUNDRAISER DINNER AT LEANDER AREA REPUBLICAN WOMEN PAC","","","","","SB17.4166",""
"C00916551","STEVE DOWELL FOR CONGRESS","H6TX31128","DOWELL, STEVEN CLAY JR","2026","H","TX","31","17","http://docquery.fec.gov/cgi-bin/fecimg/?202510069790678244","","DOWELL, STEVEN CLAY JR","20 BLACKJACK CIRCLE","","BELTON","TX","76513","2025-09-15","$25.98","IN-KIND - BASEBALL TICKETS, MEETING SUPPORTERS AT BASEBALL GAME AT ROUND ROCK EXPRESS","","","","","SB17.4183",""
"C00916551","STEVE DOWELL FOR CONGRESS","H6TX31128","DOWELL, STEVEN CLAY JR","2026","H","TX","31","17","http://docquery.fec.gov/cgi-bin/fecimg/?202510069790678244","","DOWELL, STEVEN CLAY JR","20 BLACKJACK CIRCLE","","BELTON","TX","76513","2025-09-16","$93.60","IN-KIND - BELTON GUN SHOW BOOTH, PREMIER GUN SHOWS","","","","","SB17.4153",""
"C00916551","STEVE DOWELL FOR CONGRESS","H6TX31128","DOWELL, STEVEN CLAY JR","2026","H","TX","31","17","http://docquery.fec.gov/cgi-bin/fecimg/?202510069790678245","","DOWELL, STEVEN CLAY JR","20 BLACKJACK CIRCLE","","BELTON","TX","76513","2025-09-27","$36.25","IN-KIND - CUSTOM NAME BADGE/NAMEPLATE, BEST NAME BADGES","","","","","SB17.4148",""
"C00916551","STEVE DOWELL FOR CONGRESS","H6TX31128","DOWELL, STEVEN CLAY JR","2026","H","TX","31","17","http://docquery.fec.gov/cgi-bin/fecimg/?202510069790678245","","DOWELL, STEVEN CLAY JR","20 BLACKJACK CIRCLE","","BELTON","TX","76513","2025-09-28","$529.15","IN-KIND - GAS, VARIOUS GAS STATIONS (BUC-EE'S, CEFCO, CIRCLE K)","","","","","SB17.4186",""
"C00371203","JOHN CARTER FOR CONGRESS","H2TX31044","CARTER, JOHN R REP.","2026","H","TX","31","17","http://docquery.fec.gov/cgi-bin/fecimg/?202507159763362223","","VERIZON WIRELESS","PO BOX 660108","","DALLAS","TX","752660108","2025-04-03","$506.50","CELL PHONE SERVICE","","","001","Administrative/Salary/Overhead Expenses ","0038449",""
"C00371203","JOHN CARTER FOR CONGRESS","H2TX31044","CARTER, JOHN R REP.","2026","H","TX","31","17","http://docquery.fec.gov/cgi-bin/fecimg/?202507159763362223","","DRUCKER LAWHON, LLP","317 15TH ST NE","","WASHINGTON","DC","200026501","2025-04-03","$2,690.00","FUNDRAISING CONSULTING","","","003","Solicitation and Fundraising Expenses ","0038452",""
"C00371203","JOHN CARTER FOR CONGRESS","H2TX31044","CARTER, JOHN R REP.","2026","H","TX","31","17","http://docquery.fec.gov/cgi-bin/fecimg/?202507159763362223","","MORGAN, MEREDITH & ASSOCIATES","22780 INDIAN CREEK DR","","DULLES","VA","201666746","2025-04-03","$810.04","REPORTING SERVICES","","","001","Administrative/Salary/Overhead Expenses ","0038451",""
"C00371203","JOHN CARTER FOR CONGRESS","H2TX31044","CARTER, JOHN R REP.","2026","H","TX","31","17","http://docquery.fec.gov/cgi-bin/fecimg/?202507159763362224","","VERIZON WIRELESS","PO BOX 660108","","DALLAS","TX","752660108","2025-04-08","$584.72","CELL PHONE SERVICE","","","001","Administrative/Salary/Overhead Expenses ","0038450",""
"C00371203","JOHN CARTER FOR CONGRESS","H2TX31044","CARTER, JOHN R REP.","2026","H","TX","31","17","http://docquery.fec.gov/cgi-bin/fecimg/?202507159763362224","","TEMPLE CHAMBER OF COMMERCE","PO BOX 158","","TEMPLE","TX","76503","2025-04-09","$253.00","EVENT - TICKET","","","003","Solicitation and Fundraising Expenses ","0038453",""
"C00371203","JOHN CARTER FOR CONGRESS","H2TX31044","CARTER, JOHN R REP.","2026","H","TX","31","17","http://docquery.fec.gov/cgi-bin/fecimg/?202507159763362224","","INTERNAL REVENUE SERVICE","DEPARTMENT OF THE TREASURY","","AUSTIN","TX","733010001","2025-04-15","$307.36","PAYROLL TAXES","","","001","Administrative/Salary/Overhead Expenses ","0038447",""
"C00371203","JOHN CARTER FOR CONGRESS","H2TX31044","CARTER, JOHN R REP.","2026","H","TX","31","17","http://docquery.fec.gov/cgi-bin/fecimg/?202507159763362225","","CHASE - CARD MEMBER SERVICES","PO BOX 6294","","CAROL STREAM","IL","601976294","2025-04-23","$25,000.00","SEE BELOW","","ITEMIZATION BELOW","001","Administrative/Salary/Overhead Expenses ","0038448",""
"C00371203","JOHN CARTER FOR CONGRESS","H2TX31044","CARTER, JOHN R REP.","2026","H","TX","31","17","http://docquery.fec.gov/cgi-bin/fecimg/?202507159763362225","","APPLE.COM","ONE APPLE PARK WAY","","CUPERTINO","CA","95014","2025-04-23","$8.49","IT SERVICES","X","MEMO","001","Administrative/Salary/Overhead Expenses ","0038448-0001",""
"C00371203","JOHN CARTER FOR CONGRESS","H2TX31044","CARTER, JOHN R REP.","2026","H","TX","31","17","http://docquery.fec.gov/cgi-bin/fecimg/?202507159763362225","","SHELL OIL","511 N MAIN ST","","ELGIN","TX","786212656","2025-04-23","$66.00","TRAVEL - FUEL","X","MEMO","002","Travel Expenses","0038448-0002",""
"C00371203","JOHN CARTER FOR CONGRESS","H2TX31044","CARTER, JOHN R REP.","2026","H","TX","31","17","http://docquery.fec.gov/cgi-bin/fecimg/?202507159763362226","","HEB","100 W PALM VALLEY BLVD","","ROUND ROCK","TX","78664","2025-04-23","$561.56","EVENT - CATERING","X","MEMO","003","Solicitation and Fundraising Expenses ","0038448-0003",""
"C00371203","JOHN CARTER FOR CONGRESS","H2TX31044","CARTER, JOHN R REP.","2026","H","TX","31","17","http://docquery.fec.gov/cgi-bin/fecimg/?202507159763362226","","SPEEDY STOP 95","551 UNIVERSITY BLVD","","SANDY","TX","78665","2025-04-23","$34.06","TRAVEL - FUEL","X","MEMO","002","Travel Expenses","0038448-0004",""
"C00371203","JOHN CARTER FOR CONGRESS","H2TX31044","CARTER, JOHN R REP.","2026","H","TX","31","17","http://docquery.fec.gov/cgi-bin/fecimg/?202507159763362226","","SOUTHWEST AIRLINE","8008 CEDAR SPRINGS RD","","DALLAS","TX","752352852","2025-04-23","$34.06","TRAVEL - SERVICE FEE","X","MEMO","002","Travel Expenses","0038448-0005",""
"C00371203","JOHN CARTER FOR CONGRESS","H2TX31044","CARTER, JOHN R REP.","2026","H","TX","31","17","http://docquery.fec.gov/cgi-bin/fecimg/?202507159763362227","","SOUTHWEST AIRLINE","8008 CEDAR SPRINGS RD","","DALLAS","TX","752352852","2025-04-23","$493.98","TRAVEL - AIRFARE","X","MEMO","002","Travel Expenses","0038448-0006",""
"C00371203","JOHN CARTER FOR CONGRESS","H2TX31044","CARTER, JOHN R REP.","2026","H","TX","31","17","http://docquery.fec.gov/cgi-bin/fecimg/?202507159763362227","","SOUTHWEST AIRLINE","8008 CEDAR SPRINGS RD","","DALLAS","TX","752352852","2025-04-23","$11.20","TRAVEL - SERVICE FEE","X","MEMO","002","Travel Expenses","0038448-0007",""
"C00371203","JOHN CARTER FOR CONGRESS","H2TX31044","CARTER, JOHN R REP.","2026","H","TX","31","17","http://docquery.fec.gov/cgi-bin/fecimg/?202507159763362227","","SOUTHWEST AIRLINE","8008 CEDAR SPRINGS RD","","DALLAS","TX","752352852","2025-04-23","$11.20","TRAVEL - SERVICE FEE","X","MEMO","002","Travel Expenses","0038448-0008",""
"C00371203","JOHN CARTER FOR CONGRESS","H2TX31044","CARTER, JOHN R REP.","2026","H","TX","31","17","http://docquery.fec.gov/cgi-bin/fecimg/?202507159763362228","","HILTON HOTEL","500 E 4TH ST","","AUSTIN","TX","787013720","2025-04-23","$162.33","TRAVEL - LODGING","X","MEMO","002","Travel Expenses","0038448-0009",""
"C00371203","JOHN CARTER FOR CONGRESS","H2TX31044","CARTER, JOHN R REP.","2026","H","TX","31","17","http://docquery.fec.gov/cgi-bin/fecimg/?202507159763362228","","H-E-B","603 LOUIS HENNA BLVD","","ROUND ROCK","TX","786647186","2025-04-23","$200.56","EVENT - CATERING","X","MEMO","003","Solicitation and Fundraising Expenses ","0038448-0010",""
"C00371203","JOHN CARTER FOR CONGRESS","H2TX31044","CARTER, JOHN R REP.","2026","H","TX","31","17","http://docquery.fec.gov/cgi-bin/fecimg/?202507159763362228","","FOUR SEASONS HOTEL","98 SAN JACINTO BLVD","","AUSTIN","TX","787014082","2025-04-23","$954.54","TRAVEL - LODGING","X","MEMO","002","Travel Expenses","0038448-0012",""
"C00371203","JOHN CARTER FOR CONGRESS","H2TX31044","CARTER, JOHN R REP.","2026","H","TX","31","17","http://docquery.fec.gov/cgi-bin/fecimg/?202507159763362229","","LYFT RIDE","185 BERRY STREET","","SAN FRANCISCO","CA","941075705","2025-04-23","$80.80","TRAVEL - TAXI","X","MEMO","002","Travel Expenses","0038448-0013",""
"C00371203","JOHN CARTER FOR CONGRESS","H2TX31044","CARTER, JOHN R REP.","2026","H","TX","31","17","http://docquery.fec.gov/cgi-bin/fecimg/?202507159763362229","","CVS PHARMACY","1855 GATTIS SCHOOL RD","","ROUND ROCK","TX","786647428","2025-04-23","$2,036.44","CONSTITUENT GIFTS","X","MEMO","001","Administrative/Salary/Overhead Expenses ","0038448-0015",""
"C00371203","JOHN CARTER FOR CONGRESS","H2TX31044","CARTER, JOHN R REP.","2026","H","TX","31","17","http://docquery.fec.gov/cgi-bin/fecimg/?202507159763362229","","APPLE.COM","ONE APPLE PARK WAY","","CUPERTINO","CA","95014","2025-04-23","$8.49","IT SERVICES","X","MEMO","001","Administrative/Salary/Overhead Expenses ","0038448-0016",""
"C00929653","CAMPAIGN COMMITTEE FOR GREG STOKER","H6TX31169","STOKER, GREGORY JAMES","2026","H","TX","31","17","http://docquery.fec.gov/cgi-bin/fecimg/?202603269856856291","","HOLIDAY INN & SUITES","5 FAIRCHILD DR","","MOUNTAIN VIEW","CA","94043","2026-01-29","$304.30","CANDIDATE HOTEL STAY CAMPAIGN EVENT CALIFORNIA","","","002","Travel Expenses","SB17.4170",""
"C00929653","CAMPAIGN COMMITTEE FOR GREG STOKER","H6TX31169","STOKER, GREGORY JAMES","2026","H","TX","31","17","http://docquery.fec.gov/cgi-bin/fecimg/?202603269856856291","","HOLIDAY INN & SUITES","5 FAIRCHILD DR","","MOUNTAIN VIEW","CA","94043","2026-01-30","$293.80","HOTEL STAY FOR CANDIDATE CAMPAIGN EVENT CALIFORNIA","","","002","Travel Expenses","SB17.4168",""
"C00929653","CAMPAIGN COMMITTEE FOR GREG STOKER","H6TX31169","STOKER, GREGORY JAMES","2026","H","TX","31","17","http://docquery.fec.gov/cgi-bin/fecimg/?202603269856856292","","HOWARD, ERICA","7602 CRYSTALBROOK COVE","","AUSTIN","TX","78724","2026-02-07","$92.63","MICHAELS-CAMPAIGN T SHIRTS","","","006","Campaign Materials","SB17.4160",""
"C00929653","CAMPAIGN COMMITTEE FOR GREG STOKER","H6TX31169","STOKER, GREGORY JAMES","2026","H","TX","31","17","http://docquery.fec.gov/cgi-bin/fecimg/?202603269856856292","","MICHAELS STORE","3939 W JOHN CARPENTER FWY","","IRVING","TX","75063","2026-01-27","$92.63","REIMBURSED ERICA HOWARD MICHAELS STORE CAMPAIGN T SHIRTS","X","","006","Campaign Materials","SB17.4160.0","SB17.4160"
"C00929653","CAMPAIGN COMMITTEE FOR GREG STOKER","H6TX31169","STOKER, GREGORY JAMES","2026","H","TX","31","17","http://docquery.fec.gov/cgi-bin/fecimg/?202603269856856292","","HOWARD, ERICA","7602 CRYSTALBROOK COVE","","AUSTIN","TX","78724","2026-03-02","$1,200.00","VOLUNTEER COORDINATOR SALARY","","","001","Administrative/Salary/Overhead Expenses ","SB17.4300",""
"C00929653","CAMPAIGN COMMITTEE FOR GREG STOKER","H6TX31169","STOKER, GREGORY JAMES","2026","H","TX","31","17","http://docquery.fec.gov/cgi-bin/fecimg/?202603269856856293","","HOWARD, ERICA","7602 CRYSTALBROOK COVE","","AUSTIN","TX","78724","2026-03-11","$360.00","VOLUNTEER COORDINATOR FEE","","","001","Administrative/Salary/Overhead Expenses ","SB17.4309",""
"C00929653","CAMPAIGN COMMITTEE FOR GREG STOKER","H6TX31169","STOKER, GREGORY JAMES","2026","H","TX","31","17","http://docquery.fec.gov/cgi-bin/fecimg/?202603269856856293","","HOWARD, ERICA","7602 CRYSTALBROOK COVE","","AUSTIN","TX","78724","2026-03-11","$178.56","ERICA TRAVEL EXPENSE REIMBURSEMENT","","","002","Travel Expenses","SB17.4310",""
"C00929653","CAMPAIGN COMMITTEE FOR GREG STOKER","H6TX31169","STOKER, GREGORY JAMES","2026","H","TX","31","17","http://docquery.fec.gov/cgi-bin/fecimg/?202603269856856288","","AHMAD, MUHAMMAD N","13354 RIVERHILL RD","","FRISCO","TX","75033","2026-01-24","$300.00","IN-KIND - WEBSITE SETUP","","","","","SB17.4264",""
"C00929653","CAMPAIGN COMMITTEE FOR GREG STOKER","H6TX31169","STOKER, GREGORY JAMES","2026","H","TX","31","17","http://docquery.fec.gov/cgi-bin/fecimg/?202603269856856288","","AMAZON","410  TERRY AVE N","","SEATTLE","WA","98109","2026-02-05","$137.47","AMAZON-CAMPAIGN TABLECLOTH","","","006","Campaign Materials","SB17.4156",""
"C00929653","CAMPAIGN COMMITTEE FOR GREG STOKER","H6TX31169","STOKER, GREGORY JAMES","2026","H","TX","31","17","http://docquery.fec.gov/cgi-bin/fecimg/?202603269856856288","","AMERICAN AIRLINES","1 SKYVIEW DR","","FORT WORTH","TX","76155","2026-03-03","$488.40","JOSEPHINE FLIGHT TO AUSTIN CAMPAIGN","","","002","Travel Expenses","SB17.4292",""
"C00929653","CAMPAIGN COMMITTEE FOR GREG STOKER","H6TX31169","STOKER, GREGORY JAMES","2026","H","TX","31","17","http://docquery.fec.gov/cgi-bin/fecimg/?202603269856856291","","GUILBEAU, JOSEPHINE","1233 MEESE RD NE","","LOUISVILLE","OH","44641","2026-03-11","$4,000.00","CAMPAIGN OPERATIONS CONSULTING FEE","","","001","Administrative/Salary/Overhead Expenses ","SB17.4316",""
"C00371203","JOHN CARTER FOR CONGRESS","H2TX31044","CARTER, JOHN R REP.","2026","H","TX","31","17","http://docquery.fec.gov/cgi-bin/fecimg/?202507159763362246","","STACCATO RANCH","1275 CO. ROAD 233","","FLORENCE","TX","76527","2025-04-23","$6,764.55","EVENT - VENUE RENTAL","X","MEMO","003","Solicitation and Fundraising Expenses ","0038448-0083",""
"C00371203","JOHN CARTER FOR CONGRESS","H2TX31044","CARTER, JOHN R REP.","2026","H","TX","31","17","http://docquery.fec.gov/cgi-bin/fecimg/?202507159763362246","","HOME DEPOT","2551 S INTERSTATE 35","","ROUND ROCK","TX","786647314","2025-04-23","$478.09","EVENT - SUPPLIES","X","MEMO","003","Solicitation and Fundraising Expenses ","0038448-0084",""
"C00371203","JOHN CARTER FOR CONGRESS","H2TX31044","CARTER, JOHN R REP.","2026","H","TX","31","17","http://docquery.fec.gov/cgi-bin/fecimg/?202507159763362247","","ENTERPRISE RENT A CAR","2121A N MAYS ST","","ROUND ROCK","TX","786642144","2025-04-23","$370.65","TRAVEL - CAR RENTAL","X","MEMO","002","Travel Expenses","0038448-0086",""
"C00371203","JOHN CARTER FOR CONGRESS","H2TX31044","CARTER, JOHN R REP.","2026","H","TX","31","17","http://docquery.fec.gov/cgi-bin/fecimg/?202507159763362247","","SUDS DELUXE CAR WASH","2991 FM1460","","GEORGETOWN","TX","78626","2025-04-23","$99.97","CAMPAIGN VEHICLE MAINTENANCE","X","MEMO","001","Administrative/Salary/Overhead Expenses ","0038448-0087",""
"C00371203","JOHN CARTER FOR CONGRESS","H2TX31044","CARTER, JOHN R REP.","2026","H","TX","31","17","http://docquery.fec.gov/cgi-bin/fecimg/?202507159763362247","","CVS PHARMACY","1855 GATTIS SCHOOL RD","","ROUND ROCK","TX","786647428","2025-04-23","$53.98","OFFICE SUPPLIES","X","MEMO","001","Administrative/Salary/Overhead Expenses ","0038448-0088",""
"C00371203","JOHN CARTER FOR CONGRESS","H2TX31044","CARTER, JOHN R REP.","2026","H","TX","31","17","http://docquery.fec.gov/cgi-bin/fecimg/?202507159763362248","","EMBASSY SUITES","7930 JONES BRANCH DRIVE","","MCLEAN","VA","22102","2025-04-23","$411.36","TRAVEL - LODGING","X","MEMO","002","Travel Expenses","0038448-0089",""
"C00371203","JOHN CARTER FOR CONGRESS","H2TX31044","CARTER, JOHN R REP.","2026","H","TX","31","17","http://docquery.fec.gov/cgi-bin/fecimg/?202507159763362248","","APPLE.COM","ONE APPLE PARK WAY","","CUPERTINO","CA","95014","2025-04-23","$2.99","IT SERVICES","X","MEMO","001","Administrative/Salary/Overhead Expenses ","0038448-0090",""
"C00371203","JOHN CARTER FOR CONGRESS","H2TX31044","CARTER, JOHN R REP.","2026","H","TX","31","17","http://docquery.fec.gov/cgi-bin/fecimg/?202507159763362248","","SPEEDY STOP 95","551 UNIVERSITY BLVD","","SANDY","TX","78665","2025-04-23","$52.60","TRAVEL - FUEL","X","MEMO","002","Travel Expenses","0038448-0091",""
"C00371203","JOHN CARTER FOR CONGRESS","H2TX31044","CARTER, JOHN R REP.","2026","H","TX","31","17","http://docquery.fec.gov/cgi-bin/fecimg/?202507159763362249","","APPLE.COM","ONE APPLE PARK WAY","","CUPERTINO","CA","95014","2025-04-23","$23.48","IT SERVICES","X","MEMO","001","Administrative/Salary/Overhead Expenses ","0038448-0092",""
"C00371203","JOHN CARTER FOR CONGRESS","H2TX31044","CARTER, JOHN R REP.","2026","H","TX","31","17","http://docquery.fec.gov/cgi-bin/fecimg/?202507159763362249","","HOME DEPOT","2551 S INTERSTATE 35","","ROUND ROCK","TX","786647314","2025-04-23","$160.07","EVENT - SUPPLIES","X","MEMO","003","Solicitation and Fundraising Expenses ","0038448-0093",""
"C00371203","JOHN CARTER FOR CONGRESS","H2TX31044","CARTER, JOHN R REP.","2026","H","TX","31","17","http://docquery.fec.gov/cgi-bin/fecimg/?202507159763362249","","CHASE - CARD MEMBER SERVICES","PO BOX 6294","","CAROL STREAM","IL","601976294","2025-04-23","-$2,000.00","CLEAR CC PREPAYMENT","X","MEMO","001","Administrative/Salary/Overhead Expenses ","0038448-0094",""
"C00371203","JOHN CARTER FOR CONGRESS","H2TX31044","CARTER, JOHN R REP.","2026","H","TX","31","17","http://docquery.fec.gov/cgi-bin/fecimg/?202507159763362250","","AMERICAN AIRLINES","PO BOX 619616","","DALLAS","TX","752619616","2025-04-23","$1,151.37","TRAVEL - AIRFARE","X","MEMO","002","Travel Expenses","0038448-0095",""
"C00371203","JOHN CARTER FOR CONGRESS","H2TX31044","CARTER, JOHN R REP.","2026","H","TX","31","17","http://docquery.fec.gov/cgi-bin/fecimg/?202507159763362250","","AMERICAN AIRLINES","PO BOX 619616","","DALLAS","TX","752619616","2025-04-23","$1,131.36","TRAVEL - AIRFARE","X","MEMO","002","Travel Expenses","0038448-0096",""
"C00371203","JOHN CARTER FOR CONGRESS","H2TX31044","CARTER, JOHN R REP.","2026","H","TX","31","17","http://docquery.fec.gov/cgi-bin/fecimg/?202507159763362250","","SOUTHWEST AIRLINE","8008 CEDAR SPRINGS RD","","DALLAS","TX","752352852","2025-04-23","$280.18","TRAVEL - AIRFARE","X","MEMO","002","Travel Expenses","0038448-0097",""
"C00371203","JOHN CARTER FOR CONGRESS","H2TX31044","CARTER, JOHN R REP.","2026","H","TX","31","17","http://docquery.fec.gov/cgi-bin/fecimg/?202507159763362251","","STACCATO RANCH","1275 CO. ROAD 233","","FLORENCE","TX","76527","2025-04-23","$346.32","MEETING - FOOD & BEVERAGE","X","MEMO","007","Campaign Event Expenses","0038448-0098",""
"C00371203","JOHN CARTER FOR CONGRESS","H2TX31044","CARTER, JOHN R REP.","2026","H","TX","31","17","http://docquery.fec.gov/cgi-bin/fecimg/?202507159763362251","","CAPITOL GRILL","1400 CONGRESS AVE","","AUSTIN","TX","787011932","2025-04-23","$310.60","MEETING - FOOD & BEVERAGE","X","MEMO","007","Campaign Event Expenses","0038448-0100",""
"C00371203","JOHN CARTER FOR CONGRESS","H2TX31044","CARTER, JOHN R REP.","2026","H","TX","31","17","http://docquery.fec.gov/cgi-bin/fecimg/?202507159763362251","","EMBASSY SUITES","7930 JONES BRANCH DRIVE","","MCLEAN","VA","22102","2025-04-23","$211.68","TRAVEL - LODGING","X","MEMO","002","Travel Expenses","0038448-0101",""
"C00371203","JOHN CARTER FOR CONGRESS","H2TX31044","CARTER, JOHN R REP.","2026","H","TX","31","17","http://docquery.fec.gov/cgi-bin/fecimg/?202507159763362252","","HILL COUNTRY PAYROLL","1104 S MAYS ST","","ROUND ROCK","TX","786646773","2025-04-29","$96.56","PAYROLL SERVICES","","","001","Administrative/Salary/Overhead Expenses ","0038442",""
"C00371203","JOHN CARTER FOR CONGRESS","H2TX31044","CARTER, JOHN R REP.","2026","H","TX","31","17","http://docquery.fec.gov/cgi-bin/fecimg/?202507159763362252","","HILL COUNTRY PAYROLL","1104 S MAYS ST","","ROUND ROCK","TX","786646773","2025-04-29","$230.87","SEE BELOW","","ITEMIZATION BELOW","001","Administrative/Salary/Overhead Expenses ","0038443",""
"C00371203","JOHN CARTER FOR CONGRESS","H2TX31044","CARTER, JOHN R REP.","2026","H","TX","31","17","http://docquery.fec.gov/cgi-bin/fecimg/?202507159763362252","","RUGELY, CASH","1230 RED BUD LANE","","ROUND ROCK","TX","78664","2025-04-29","$230.87","PAYROLL","X","MEMO","001","Administrative/Salary/Overhead Expenses ","0038443-0001",""
"C00371203","JOHN CARTER FOR CONGRESS","H2TX31044","CARTER, JOHN R REP.","2026","H","TX","31","17","http://docquery.fec.gov/cgi-bin/fecimg/?202507159763362253","","INDEPENDENT BANK","4420 SUNRISE","","ROUND ROCK","TX","78665","2025-04-30","$32.00","BANK SERVICE CHARGE","","","001","Administrative/Salary/Overhead Expenses ","0038446",""
"C00371203","JOHN CARTER FOR CONGRESS","H2TX31044","CARTER, JOHN R REP.","2026","H","TX","31","17","http://docquery.fec.gov/cgi-bin/fecimg/?202507159763362253","","WINRED","PO BOX 9891","","ARLINGTON","VA","22219","2025-04-30","$11.91","EARMARK PROCESSING FEE","","","001","Administrative/Salary/Overhead Expenses ","0038459",""
"C00371203","JOHN CARTER FOR CONGRESS","H2TX31044","CARTER, JOHN R REP.","2026","H","TX","31","17","http://docquery.fec.gov/cgi-bin/fecimg/?202507159763362253","","INTERNAL REVENUE SERVICE","DEPARTMENT OF THE TREASURY","","AUSTIN","TX","733010001","2025-04-30","$9.00","PAYROLL TAXES","","","001","Administrative/Salary/Overhead Expenses ","0038444",""
"C00371203","JOHN CARTER FOR CONGRESS","H2TX31044","CARTER, JOHN R REP.","2026","H","TX","31","17","http://docquery.fec.gov/cgi-bin/fecimg/?202507159763362254","","VERIZON WIRELESS","PO BOX 660108","","DALLAS","TX","752660108","2025-05-05","$521.92","CELL PHONE SERVICE","","","001","Administrative/Salary/Overhead Expenses ","0038434",""
"C00371203","JOHN CARTER FOR CONGRESS","H2TX31044","CARTER, JOHN R REP.","2026","H","TX","31","17","http://docquery.fec.gov/cgi-bin/fecimg/?202507159763362254","","VERIZON WIRELESS","PO BOX 660108","","DALLAS","TX","752660108","2025-05-08","$516.86","CELL PHONE SERVICE","","","001","Administrative/Salary/Overhead Expenses ","0038435",""
"C00371203","JOHN CARTER FOR CONGRESS","H2TX31044","CARTER, JOHN R REP.","2026","H","TX","31","17","http://docquery.fec.gov/cgi-bin/fecimg/?202507159763362271","","SOUTHWEST AIRLINE","8008 CEDAR SPRINGS RD","","DALLAS","TX","752352852","2025-06-12","$328.30","TRAVEL - AIRFARE","X","MEMO","002","Travel Expenses","0038417-0057",""
"C00371203","JOHN CARTER FOR CONGRESS","H2TX31044","CARTER, JOHN R REP.","2026","H","TX","31","17","http://docquery.fec.gov/cgi-bin/fecimg/?202507159763362271","","SUDS DELUXE CAR WASH","2991 FM1460","","GEORGETOWN","TX","78626","2025-06-12","$99.97","CAMPAIGN VEHICLE MAINTENANCE","X","MEMO","001","Administrative/Salary/Overhead Expenses ","0038417-0061",""
"C00371203","JOHN CARTER FOR CONGRESS","H2TX31044","CARTER, JOHN R REP.","2026","H","TX","31","17","http://docquery.fec.gov/cgi-bin/fecimg/?202507159763362272","","APPLE.COM","ONE APPLE PARK WAY","","CUPERTINO","CA","95014","2025-06-12","$8.49","IT SERVICES","X","MEMO","001","Administrative/Salary/Overhead Expenses ","0038417-0062",""
"C00371203","JOHN CARTER FOR CONGRESS","H2TX31044","CARTER, JOHN R REP.","2026","H","TX","31","17","http://docquery.fec.gov/cgi-bin/fecimg/?202507159763362272","","SPEEDY STOP 95","551 UNIVERSITY BLVD","","SANDY","TX","78665","2025-06-12","$44.30","TRAVEL - FUEL","X","MEMO","002","Travel Expenses","0038417-0063",""
"C00371203","JOHN CARTER FOR CONGRESS","H2TX31044","CARTER, JOHN R REP.","2026","H","TX","31","17","http://docquery.fec.gov/cgi-bin/fecimg/?202507159763362272","","HEB","100 W PALM VALLEY BLVD","","ROUND ROCK","TX","78664","2025-06-12","$12.82","MEETING - FOOD & BEVERAGE","X","MEMO","007","Campaign Event Expenses","0038417-0064",""
"C00371203","JOHN CARTER FOR CONGRESS","H2TX31044","CARTER, JOHN R REP.","2026","H","TX","31","17","http://docquery.fec.gov/cgi-bin/fecimg/?202507159763362273","","APPLE.COM","ONE APPLE PARK WAY","","CUPERTINO","CA","95014","2025-06-12","$8.33","IT SERVICES","X","MEMO","001","Administrative/Salary/Overhead Expenses ","0038417-0065",""
"C00371203","JOHN CARTER FOR CONGRESS","H2TX31044","CARTER, JOHN R REP.","2026","H","TX","31","17","http://docquery.fec.gov/cgi-bin/fecimg/?202507159763362273","","INTERNAL REVENUE SERVICE","DEPARTMENT OF THE TREASURY","","AUSTIN","TX","733010001","2025-06-16","$307.36","PAYROLL TAXES","","","001","Administrative/Salary/Overhead Expenses ","0038418",""
"C00371203","JOHN CARTER FOR CONGRESS","H2TX31044","CARTER, JOHN R REP.","2026","H","TX","31","17","http://docquery.fec.gov/cgi-bin/fecimg/?202507159763362273","","HILL COUNTRY PAYROLL","1104 S MAYS ST","","ROUND ROCK","TX","786646773","2025-06-27","$230.87","SEE BELOW","","ITEMIZATION BELOW","001","Administrative/Salary/Overhead Expenses ","0038421",""
"C00371203","JOHN CARTER FOR CONGRESS","H2TX31044","CARTER, JOHN R REP.","2026","H","TX","31","17","http://docquery.fec.gov/cgi-bin/fecimg/?202507159763362274","","RUGELY, CASH","1230 RED BUD LANE","","ROUND ROCK","TX","78664","2025-06-27","$230.87","PAYROLL","X","MEMO","001","Administrative/Salary/Overhead Expenses ","0038421-0001",""
"C00371203","JOHN CARTER FOR CONGRESS","H2TX31044","CARTER, JOHN R REP.","2026","H","TX","31","17","http://docquery.fec.gov/cgi-bin/fecimg/?202507159763362274","","WINRED","PO BOX 9891","","ARLINGTON","VA","22219","2025-06-30","$100.50","EARMARK PROCESSING FEE","","","001","Administrative/Salary/Overhead Expenses ","0038457",""
"C00371203","JOHN CARTER FOR CONGRESS","H2TX31044","CARTER, JOHN R REP.","2026","H","TX","31","17","http://docquery.fec.gov/cgi-bin/fecimg/?202507159763362274","","HILL COUNTRY PAYROLL","1104 S MAYS ST","","ROUND ROCK","TX","786646773","2025-06-30","$96.56","PAYROLL SERVICES","","","001","Administrative/Salary/Overhead Expenses ","0038420",""
"C00863621","WHITLOW FOR CONGRESS","H4TX31081","WHITLOW, STUART NORMAN MR.","2026","H","TX","31","17","http://docquery.fec.gov/cgi-bin/fecimg/?202504159756071583","","FROST BANK","2425 EXPOSITION BLVD.","","AUSTIN","TX","78703","2025-02-28","$10.00","BANKING FEE","","","001","Administrative/Salary/Overhead Expenses ","SB17.6672",""
"C00863621","WHITLOW FOR CONGRESS","H4TX31081","WHITLOW, STUART NORMAN MR.","2026","H","TX","31","17","http://docquery.fec.gov/cgi-bin/fecimg/?202504159756071582","","EXTRASPACE STORAGE","550 S. IH 35 FRONTAGE RD.","","ROUND ROCK","TX","78681","2025-01-20","$72.00","STORAGE","","","001","Administrative/Salary/Overhead Expenses ","SB17.6678",""
"C00863621","WHITLOW FOR CONGRESS","H4TX31081","WHITLOW, STUART NORMAN MR.","2026","H","TX","31","17","http://docquery.fec.gov/cgi-bin/fecimg/?202504159756071582","","FROST BANK","2425 EXPOSITION BLVD.","","AUSTIN","TX","78703","2025-01-30","$5.00","BANKING FEE","","","001","Administrative/Salary/Overhead Expenses ","SB17.6675",""
"C00863621","WHITLOW FOR CONGRESS","H4TX31081","WHITLOW, STUART NORMAN MR.","2026","H","TX","31","17","http://docquery.fec.gov/cgi-bin/fecimg/?202504159756071583","","FROST BANK","2425 EXPOSITION BLVD.","","AUSTIN","TX","78703","2025-01-30","$10.00","BANKING FEE","","","001","Administrative/Salary/Overhead Expenses ","SB17.6676",""
"C00863621","WHITLOW FOR CONGRESS","H4TX31081","WHITLOW, STUART NORMAN MR.","2026","H","TX","31","17","http://docquery.fec.gov/cgi-bin/fecimg/?202504159756071583","","FROST BANK","2425 EXPOSITION BLVD.","","AUSTIN","TX","78703","2025-02-28","$5.00","BANKING FEE","","","001","Administrative/Salary/Overhead Expenses ","SB17.6673",""
"C00863621","WHITLOW FOR CONGRESS","H4TX31081","WHITLOW, STUART NORMAN MR.","2026","H","TX","31","17","http://docquery.fec.gov/cgi-bin/fecimg/?202504159756071584","","FROST BANK","2425 EXPOSITION BLVD.","","AUSTIN","TX","78703","2025-03-31","$10.00","BANKING FEE","","","001","Administrative/Salary/Overhead Expenses ","SB17.6674",""
"C00863621","WHITLOW FOR CONGRESS","H4TX31081","WHITLOW, STUART NORMAN MR.","2026","H","TX","31","17","http://docquery.fec.gov/cgi-bin/fecimg/?202504159756071585","","KINSCHERFF, RUSSELL","4103 RAMSEY AVENUE","","AUSTIN","TX","78756","2025-01-08","$2,000.00","BODY MAN / VIDEOGRAPHER","","","001","Administrative/Salary/Overhead Expenses ","SB17.6685",""
"C00863621","WHITLOW FOR CONGRESS","H4TX31081","WHITLOW, STUART NORMAN MR.","2026","H","TX","31","17","http://docquery.fec.gov/cgi-bin/fecimg/?202504159756071584","","GOOGLE","1600 AMPHITHEATRE PKWY.","","MOUNTAIN VIEW","CA","94043","2025-01-01","$138.15","DOMAIN SERVICES AND SOFTWARE","","","004","Advertising Expenses ","SB17.6680",""
"C00863621","WHITLOW FOR CONGRESS","H4TX31081","WHITLOW, STUART NORMAN MR.","2026","H","TX","31","17","http://docquery.fec.gov/cgi-bin/fecimg/?202504159756071584","","GOOGLE","1600 AMPHITHEATRE PKWY.","","MOUNTAIN VIEW","CA","94043","2025-01-01","$24.62","DOMAIN SERVICES AND SOFTWARE","","","004","Advertising Expenses ","SB17.6681",""
"C00863621","WHITLOW FOR CONGRESS","H4TX31081","WHITLOW, STUART NORMAN MR.","2026","H","TX","31","17","http://docquery.fec.gov/cgi-bin/fecimg/?202504159756071585","","HIGHLAND LAKES NEWSPAPERS","P.O. BOX 1000","","MARBLE FALLS","TX","78654","2025-01-10","$1,980.00","PRINT ADVERTISING","","","","","SB17.6687",""
"C00863621","WHITLOW FOR CONGRESS","H4TX31081","WHITLOW, STUART NORMAN MR.","2026","H","TX","31","17","http://docquery.fec.gov/cgi-bin/fecimg/?202504159756071585","","ROSS, MELISSA","6704 TOWNSHIP TRAIL","","AUSTIN","TX","78759","2025-03-05","$4,000.00","CAMPAIGN MANAGEMENT SERVICES","","","001","Administrative/Salary/Overhead Expenses ","SB17.6690",""
"C00863621","WHITLOW FOR CONGRESS","H4TX31081","WHITLOW, STUART NORMAN MR.","2026","H","TX","31","17","http://docquery.fec.gov/cgi-bin/fecimg/?202504159756071582","","CAMPAIGNLY GROUP","3134 ABELL AVENUE","","BALTIMORE","MD","21218","2025-01-29","$963.00","COMPLIANCE SERVICES","","","001","Administrative/Salary/Overhead Expenses ","SB17.6682",""
"C00863621","WHITLOW FOR CONGRESS","H4TX31081","WHITLOW, STUART NORMAN MR.","2026","H","TX","31","17","http://docquery.fec.gov/cgi-bin/fecimg/?202504159756071581","","BLUE VICTORY COMMUNICATIONS","P.O. BOX 300624","","AUSTIN","TX","78703","2025-01-01","$4,000.00","DIGITAL CONSULTING","","","001","Administrative/Salary/Overhead Expenses ","SB17.6679",""
"C00863621","WHITLOW FOR CONGRESS","H4TX31081","WHITLOW, STUART NORMAN MR.","2026","H","TX","31","17","http://docquery.fec.gov/cgi-bin/fecimg/?202504159756071581","","CAMPAIGNLY GROUP","3134 ABELL AVENUE","","BALTIMORE","MD","21218","2025-01-08","$1,839.00","COMPLIANCE SERVICES","","","001","Administrative/Salary/Overhead Expenses ","SB17.6684",""
"C00863621","WHITLOW FOR CONGRESS","H4TX31081","WHITLOW, STUART NORMAN MR.","2026","H","TX","31","17","http://docquery.fec.gov/cgi-bin/fecimg/?202504159756071581","","CAMPAIGNLY GROUP","3134 ABELL AVENUE","","BALTIMORE","MD","21218","2025-01-20","$1,315.00","COMPLIANCE SERVICES","","","001","Administrative/Salary/Overhead Expenses ","SB17.6683",""
"C00916551","STEVE DOWELL FOR CONGRESS","H6TX31128","DOWELL, STEVEN CLAY JR","2026","H","TX","31","17","http://docquery.fec.gov/cgi-bin/fecimg/?202510069790678245","","DOWELL, STEVEN CLAY JR","20 BLACKJACK CIRCLE","","BELTON","TX","76513","2025-09-29","$92.00","IN-KIND - FACEBOOK.COM, ADS, 9-13 TO 9-29","","","","","SB17.4134",""
"C00371203","JOHN CARTER FOR CONGRESS","H2TX31044","CARTER, JOHN R REP.","2026","H","TX","31","17","http://docquery.fec.gov/cgi-bin/fecimg/?202507159763362230","","CVS PHARMACY","1855 GATTIS SCHOOL RD","","ROUND ROCK","TX","786647428","2025-04-23","$4.30","OFFICE SUPPLIES","X","MEMO","001","Administrative/Salary/Overhead Expenses ","0038448-0018",""
"C00371203","JOHN CARTER FOR CONGRESS","H2TX31044","CARTER, JOHN R REP.","2026","H","TX","31","17","http://docquery.fec.gov/cgi-bin/fecimg/?202507159763362230","","H-E-B","603 LOUIS HENNA BLVD","","ROUND ROCK","TX","786647186","2025-04-23","$189.42","OFFICE SUPPLIES","X","MEMO","001","Administrative/Salary/Overhead Expenses ","0038448-0019",""
"C00371203","JOHN CARTER FOR CONGRESS","H2TX31044","CARTER, JOHN R REP.","2026","H","TX","31","17","http://docquery.fec.gov/cgi-bin/fecimg/?202507159763362231","","THE UPS STORE","4500 WILLIAMS DR","","GEORGETOWN","TX","786331332","2025-04-23","$168.36","SHIPPING CHARGES","X","MEMO","001","Administrative/Salary/Overhead Expenses ","0038448-0022",""
"C00371203","JOHN CARTER FOR CONGRESS","H2TX31044","CARTER, JOHN R REP.","2026","H","TX","31","17","http://docquery.fec.gov/cgi-bin/fecimg/?202507159763362231","","MISURA STORE 94","3950 LAS VEGAS BLVD S","","LAS VEGAS","NV","89119","2025-04-23","$399.90","EVENT - SUPPLIES","X","MEMO","003","Solicitation and Fundraising Expenses ","0038448-0024",""
"C00371203","JOHN CARTER FOR CONGRESS","H2TX31044","CARTER, JOHN R REP.","2026","H","TX","31","17","http://docquery.fec.gov/cgi-bin/fecimg/?202507159763362231","","SOUTHWEST AIRLINE","8008 CEDAR SPRINGS RD","","DALLAS","TX","752352852","2025-04-23","$5.60","TRAVEL - SERVICE FEE","X","MEMO","002","Travel Expenses","0038448-0025",""
"C00371203","JOHN CARTER FOR CONGRESS","H2TX31044","CARTER, JOHN R REP.","2026","H","TX","31","17","http://docquery.fec.gov/cgi-bin/fecimg/?202507159763362232","","SOUTHWEST AIRLINE","8008 CEDAR SPRINGS RD","","DALLAS","TX","752352852","2025-04-23","$5.60","TRAVEL - SERVICE FEE","X","MEMO","002","Travel Expenses","0038448-0026",""
"C00371203","JOHN CARTER FOR CONGRESS","H2TX31044","CARTER, JOHN R REP.","2026","H","TX","31","17","http://docquery.fec.gov/cgi-bin/fecimg/?202507159763362232","","SUDS DELUXE CAR WASH","2991 FM1460","","GEORGETOWN","TX","78626","2025-04-23","$99.97","CAMPAIGN VEHICLE MAINTENANCE","X","MEMO","001","Administrative/Salary/Overhead Expenses ","0038448-0027",""
"C00371203","JOHN CARTER FOR CONGRESS","H2TX31044","CARTER, JOHN R REP.","2026","H","TX","31","17","http://docquery.fec.gov/cgi-bin/fecimg/?202507159763362232","","HILTON GARDEN INN","7930 JONES BRANCH DRIVE","","MCLEAN","VA","22102","2025-04-23","$22.90","TRAVEL - LODGING","X","MEMO","002","Travel Expenses","0038448-0028",""
"C00371203","JOHN CARTER FOR CONGRESS","H2TX31044","CARTER, JOHN R REP.","2026","H","TX","31","17","http://docquery.fec.gov/cgi-bin/fecimg/?202507159763362233","","BEST BUY","9607 RESEARCH BLVD","","AUSTIN","TX","787595691","2025-04-23","$1,773.37","OFFICE SUPPLIES","X","MEMO","001","Administrative/Salary/Overhead Expenses ","0038448-0029",""
"C00371203","JOHN CARTER FOR CONGRESS","H2TX31044","CARTER, JOHN R REP.","2026","H","TX","31","17","http://docquery.fec.gov/cgi-bin/fecimg/?202507159763362233","","APPLE.COM","ONE APPLE PARK WAY","","CUPERTINO","CA","95014","2025-04-23","$8.49","IT SERVICES","X","MEMO","001","Administrative/Salary/Overhead Expenses ","0038448-0030",""
"C00371203","JOHN CARTER FOR CONGRESS","H2TX31044","CARTER, JOHN R REP.","2026","H","TX","31","17","http://docquery.fec.gov/cgi-bin/fecimg/?202507159763362233","","H-E-B","603 LOUIS HENNA BLVD","","ROUND ROCK","TX","786647186","2025-04-23","$6.16","OFFICE SUPPLIES","X","MEMO","001","Administrative/Salary/Overhead Expenses ","0038448-0033",""
"C00371203","JOHN CARTER FOR CONGRESS","H2TX31044","CARTER, JOHN R REP.","2026","H","TX","31","17","http://docquery.fec.gov/cgi-bin/fecimg/?202507159763362234","","DICK'S CLOTHING & SPORTING","19000 LIMESTONE COMMERCIAL DR","","PFLUGERVILLE","TX","786604503","2025-04-23","$352.65","EVENT - SUPPLIES","X","MEMO","003","Solicitation and Fundraising Expenses ","0038448-0034",""
"C00371203","JOHN CARTER FOR CONGRESS","H2TX31044","CARTER, JOHN R REP.","2026","H","TX","31","17","http://docquery.fec.gov/cgi-bin/fecimg/?202507159763362234","","TUMI","499 THORNALL ST","","EDISON","NJ","08837","2025-04-23","$30.00","EVENT - SUPPLIES","X","MEMO","003","Solicitation and Fundraising Expenses ","0038448-0035",""
"C00371203","JOHN CARTER FOR CONGRESS","H2TX31044","CARTER, JOHN R REP.","2026","H","TX","31","17","http://docquery.fec.gov/cgi-bin/fecimg/?202507159763362234","","APPLE.COM","ONE APPLE PARK WAY","","CUPERTINO","CA","95014","2025-04-23","$16.99","IT SERVICES","X","MEMO","001","Administrative/Salary/Overhead Expenses ","0038448-0036",""
"C00371203","JOHN CARTER FOR CONGRESS","H2TX31044","CARTER, JOHN R REP.","2026","H","TX","31","17","http://docquery.fec.gov/cgi-bin/fecimg/?202507159763362235","","APPLE.COM","ONE APPLE PARK WAY","","CUPERTINO","CA","95014","2025-04-23","$2.99","IT SERVICES","X","MEMO","001","Administrative/Salary/Overhead Expenses ","0038448-0037",""
"C00371203","JOHN CARTER FOR CONGRESS","H2TX31044","CARTER, JOHN R REP.","2026","H","TX","31","17","http://docquery.fec.gov/cgi-bin/fecimg/?202507159763362235","","HEB","100 W PALM VALLEY BLVD","","ROUND ROCK","TX","78664","2025-04-23","$14.95","MEETING - FOOD & BEVERAGE","X","MEMO","007","Campaign Event Expenses","0038448-0038",""
"C00371203","JOHN CARTER FOR CONGRESS","H2TX31044","CARTER, JOHN R REP.","2026","H","TX","31","17","http://docquery.fec.gov/cgi-bin/fecimg/?202507159763362235","","HOME DEPOT","2551 S INTERSTATE 35","","ROUND ROCK","TX","786647314","2025-04-23","$166.62","EVENT - SUPPLIES","X","MEMO","003","Solicitation and Fundraising Expenses ","0038448-0039",""
"C00371203","JOHN CARTER FOR CONGRESS","H2TX31044","CARTER, JOHN R REP.","2026","H","TX","31","17","http://docquery.fec.gov/cgi-bin/fecimg/?202507159763362236","","SPEEDY STOP 95","551 UNIVERSITY BLVD","","SANDY","TX","78665","2025-04-23","$49.00","TRAVEL - FUEL","X","MEMO","002","Travel Expenses","0038448-0040",""
"C00371203","JOHN CARTER FOR CONGRESS","H2TX31044","CARTER, JOHN R REP.","2026","H","TX","31","17","http://docquery.fec.gov/cgi-bin/fecimg/?202507159763362236","","HOME DEPOT","2551 S INTERSTATE 35","","ROUND ROCK","TX","786647314","2025-04-23","$64.09","EVENT - SUPPLIES","X","MEMO","003","Solicitation and Fundraising Expenses ","0038448-0041",""
"C00371203","JOHN CARTER FOR CONGRESS","H2TX31044","CARTER, JOHN R REP.","2026","H","TX","31","17","http://docquery.fec.gov/cgi-bin/fecimg/?202507159763362236","","APPLE.COM","ONE APPLE PARK WAY","","CUPERTINO","CA","95014","2025-04-23","$8.49","IT SERVICES","X","MEMO","001","Administrative/Salary/Overhead Expenses ","0038448-0042",""
"C00371203","JOHN CARTER FOR CONGRESS","H2TX31044","CARTER, JOHN R REP.","2026","H","TX","31","17","http://docquery.fec.gov/cgi-bin/fecimg/?202507159763362237","","CVS PHARMACY","1855 GATTIS SCHOOL RD","","ROUND ROCK","TX","786647428","2025-04-23","$11.90","OFFICE SUPPLIES","X","MEMO","001","Administrative/Salary/Overhead Expenses ","0038448-0044",""
"C00371203","JOHN CARTER FOR CONGRESS","H2TX31044","CARTER, JOHN R REP.","2026","H","TX","31","17","http://docquery.fec.gov/cgi-bin/fecimg/?202507159763362237","","HOME DEPOT","2551 S INTERSTATE 35","","ROUND ROCK","TX","786647314","2025-04-23","$136.35","EVENT - SUPPLIES","X","MEMO","003","Solicitation and Fundraising Expenses ","0038448-0045",""
"C00371203","JOHN CARTER FOR CONGRESS","H2TX31044","CARTER, JOHN R REP.","2026","H","TX","31","17","http://docquery.fec.gov/cgi-bin/fecimg/?202507159763362237","","HOME DEPOT","2551 S INTERSTATE 35","","ROUND ROCK","TX","786647314","2025-04-23","$2,731.88","EVENT - SUPPLIES","X","MEMO","003","Solicitation and Fundraising Expenses ","0038448-0046",""
"C00371203","JOHN CARTER FOR CONGRESS","H2TX31044","CARTER, JOHN R REP.","2026","H","TX","31","17","http://docquery.fec.gov/cgi-bin/fecimg/?202507159763362238","","SPEEDY STOP 95","551 UNIVERSITY BLVD","","SANDY","TX","78665","2025-04-23","$40.35","TRAVEL - FUEL","X","MEMO","002","Travel Expenses","0038448-0048",""
"C00371203","JOHN CARTER FOR CONGRESS","H2TX31044","CARTER, JOHN R REP.","2026","H","TX","31","17","http://docquery.fec.gov/cgi-bin/fecimg/?202507159763362254","","MORGAN, MEREDITH & ASSOCIATES","22780 INDIAN CREEK DR","","DULLES","VA","201666746","2025-05-13","$2,470.90","REPORTING SERVICES","","","001","Administrative/Salary/Overhead Expenses ","0038438",""
"C00371203","JOHN CARTER FOR CONGRESS","H2TX31044","CARTER, JOHN R REP.","2026","H","TX","31","17","http://docquery.fec.gov/cgi-bin/fecimg/?202507159763362255","","INTERNAL REVENUE SERVICE","DEPARTMENT OF THE TREASURY","","AUSTIN","TX","733010001","2025-05-15","$307.39","PAYROLL TAXES","","","001","Administrative/Salary/Overhead Expenses ","0038436",""
"C00371203","JOHN CARTER FOR CONGRESS","H2TX31044","CARTER, JOHN R REP.","2026","H","TX","31","17","http://docquery.fec.gov/cgi-bin/fecimg/?202507159763362255","","INDEPENDENT BANK","4420 SUNRISE","","ROUND ROCK","TX","78665","2025-05-21","$30.00","BANK SERVICE CHARGE","","","001","Administrative/Salary/Overhead Expenses ","0038437",""
"C00371203","JOHN CARTER FOR CONGRESS","H2TX31044","CARTER, JOHN R REP.","2026","H","TX","31","17","http://docquery.fec.gov/cgi-bin/fecimg/?202507159763362255","","HILL COUNTRY PAYROLL","1104 S MAYS ST","","ROUND ROCK","TX","786646773","2025-05-29","$96.56","PAYROLL SERVICES","","","001","Administrative/Salary/Overhead Expenses ","0038440",""
"C00371203","JOHN CARTER FOR CONGRESS","H2TX31044","CARTER, JOHN R REP.","2026","H","TX","31","17","http://docquery.fec.gov/cgi-bin/fecimg/?202507159763362256","","HILL COUNTRY PAYROLL","1104 S MAYS ST","","ROUND ROCK","TX","786646773","2025-05-29","$230.88","SEE BELOW","","ITEMIZATION BELOW","001","Administrative/Salary/Overhead Expenses ","0038441",""
"C00371203","JOHN CARTER FOR CONGRESS","H2TX31044","CARTER, JOHN R REP.","2026","H","TX","31","17","http://docquery.fec.gov/cgi-bin/fecimg/?202507159763362256","","RUGELY, CASH","1230 RED BUD LANE","","ROUND ROCK","TX","78664","2025-05-29","$230.88","PAYROLL SERVICES","X","MEMO","001","Administrative/Salary/Overhead Expenses ","0038441-0001",""
"C00371203","JOHN CARTER FOR CONGRESS","H2TX31044","CARTER, JOHN R REP.","2026","H","TX","31","17","http://docquery.fec.gov/cgi-bin/fecimg/?202507159763362256","","WINRED","PO BOX 9891","","ARLINGTON","VA","22219","2025-05-31","$258.16","EARMARK PROCESSING FEE","","","001","Administrative/Salary/Overhead Expenses ","0038458",""
"C00371203","JOHN CARTER FOR CONGRESS","H2TX31044","CARTER, JOHN R REP.","2026","H","TX","31","17","http://docquery.fec.gov/cgi-bin/fecimg/?202507159763362257","","VERIZON WIRELESS","PO BOX 660108","","DALLAS","TX","752660108","2025-06-03","$515.34","CELL PHONE SERVICE","","","001","Administrative/Salary/Overhead Expenses ","0038415",""
"C00371203","JOHN CARTER FOR CONGRESS","H2TX31044","CARTER, JOHN R REP.","2026","H","TX","31","17","http://docquery.fec.gov/cgi-bin/fecimg/?202507159763362257","","VERIZON WIRELESS","PO BOX 660108","","DALLAS","TX","752660108","2025-06-09","$508.79","CELL PHONE SERVICE","","","001","Administrative/Salary/Overhead Expenses ","0038416",""
"C00371203","JOHN CARTER FOR CONGRESS","H2TX31044","CARTER, JOHN R REP.","2026","H","TX","31","17","http://docquery.fec.gov/cgi-bin/fecimg/?202507159763362257","","CHASE - CARD MEMBER SERVICES","PO BOX 6294","","CAROL STREAM","IL","601976294","2025-06-12","$20,000.00","SEE BELOW","","ITEMIZATION BELOW","001","Administrative/Salary/Overhead Expenses ","0038417",""
"C00371203","JOHN CARTER FOR CONGRESS","H2TX31044","CARTER, JOHN R REP.","2026","H","TX","31","17","http://docquery.fec.gov/cgi-bin/fecimg/?202507159763362258","","DOUBLETREE HOTEL","18740 INTERNATIONAL BLVD","","SEATAC","WA","981884234","2025-06-12","$2,343.65","TRAVEL - LODGING","X","MEMO","002","Travel Expenses","0038417-0001",""
"C00371203","JOHN CARTER FOR CONGRESS","H2TX31044","CARTER, JOHN R REP.","2026","H","TX","31","17","http://docquery.fec.gov/cgi-bin/fecimg/?202507159763362258","","SHELL OIL","511 N MAIN ST","","ELGIN","TX","786212656","2025-06-12","$51.00","TRAVEL - FUEL","X","MEMO","002","Travel Expenses","0038417-0004",""
"C00371203","JOHN CARTER FOR CONGRESS","H2TX31044","CARTER, JOHN R REP.","2026","H","TX","31","17","http://docquery.fec.gov/cgi-bin/fecimg/?202507159763362258","","SOUTHWEST AIRLINE","8008 CEDAR SPRINGS RD","","DALLAS","TX","752352852","2025-06-12","$574.96","TRAVEL - AIRFARE","X","MEMO","002","Travel Expenses","0038417-0007",""
"C00371203","JOHN CARTER FOR CONGRESS","H2TX31044","CARTER, JOHN R REP.","2026","H","TX","31","17","http://docquery.fec.gov/cgi-bin/fecimg/?202507159763362259","","WHATABURGER","1701 S BECKLEY RD","","GLENN HEIGHTS","TX","751548656","2025-06-12","$29.79","MEETING - FOOD & BEVERAGE","X","MEMO","007","Campaign Event Expenses","0038417-0009",""
"C00371203","JOHN CARTER FOR CONGRESS","H2TX31044","CARTER, JOHN R REP.","2026","H","TX","31","17","http://docquery.fec.gov/cgi-bin/fecimg/?202507159763362259","","SOUTHWEST AIRLINE","8008 CEDAR SPRINGS RD","","DALLAS","TX","752352852","2025-06-12","$544.96","TRAVEL - AIRFARE","X","MEMO","002","Travel Expenses","0038417-0010",""
"C00371203","JOHN CARTER FOR CONGRESS","H2TX31044","CARTER, JOHN R REP.","2026","H","TX","31","17","http://docquery.fec.gov/cgi-bin/fecimg/?202507159763362259","","SOUTHWEST AIRLINE","8008 CEDAR SPRINGS RD","","DALLAS","TX","752352852","2025-06-12","$668.96","TRAVEL - AIRFARE","X","MEMO","002","Travel Expenses","0038417-0011",""
"C00371203","JOHN CARTER FOR CONGRESS","H2TX31044","CARTER, JOHN R REP.","2026","H","TX","31","17","http://docquery.fec.gov/cgi-bin/fecimg/?202507159763362260","","SPEEDY STOP 95","551 UNIVERSITY BLVD","","SANDY","TX","78665","2025-06-12","$3.02","TRAVEL - FOOD & BEVERAGE","X","MEMO","002","Travel Expenses","0038417-0012",""
"C00371203","JOHN CARTER FOR CONGRESS","H2TX31044","CARTER, JOHN R REP.","2026","H","TX","31","17","http://docquery.fec.gov/cgi-bin/fecimg/?202507159763362260","","SPEEDY STOP 95","551 UNIVERSITY BLVD","","SANDY","TX","78665","2025-06-12","$6.44","TRAVEL - FOOD & BEVERAGE","X","MEMO","002","Travel Expenses","0038417-0013",""
"C00371203","JOHN CARTER FOR CONGRESS","H2TX31044","CARTER, JOHN R REP.","2026","H","TX","31","17","http://docquery.fec.gov/cgi-bin/fecimg/?202507159763362260","","HOMEWOOD SUITES","1025 ELM ST","","DALLAS","TX","752023113","2025-06-12","$688.70","TRAVEL - LODGING","X","MEMO","002","Travel Expenses","0038417-0014",""
"C00371203","JOHN CARTER FOR CONGRESS","H2TX31044","CARTER, JOHN R REP.","2026","H","TX","31","17","http://docquery.fec.gov/cgi-bin/fecimg/?202507159763362261","","HOMEWOOD SUITES","1025 ELM ST","","DALLAS","TX","752023113","2025-06-12","$435.50","TRAVEL - LODGING","X","MEMO","002","Travel Expenses","0038417-0015",""
"C00371203","JOHN CARTER FOR CONGRESS","H2TX31044","CARTER, JOHN R REP.","2026","H","TX","31","17","http://docquery.fec.gov/cgi-bin/fecimg/?202507159763362261","","SOUTHWEST AIRLINE","8008 CEDAR SPRINGS RD","","DALLAS","TX","752352852","2025-06-12","$400.96","TRAVEL - AIRFARE","X","MEMO","002","Travel Expenses","0038417-0016",""
"C00371203","JOHN CARTER FOR CONGRESS","H2TX31044","CARTER, JOHN R REP.","2026","H","TX","31","17","http://docquery.fec.gov/cgi-bin/fecimg/?202507159763362261","","CVS PHARMACY","1855 GATTIS SCHOOL RD","","ROUND ROCK","TX","786647428","2025-06-12","$2,063.28","CONSTITUENT GIFTS","X","MEMO","001","Administrative/Salary/Overhead Expenses ","0038417-0017",""
"C00371203","JOHN CARTER FOR CONGRESS","H2TX31044","CARTER, JOHN R REP.","2026","H","TX","31","17","http://docquery.fec.gov/cgi-bin/fecimg/?202507159763362262","","APPLE.COM","ONE APPLE PARK WAY","","CUPERTINO","CA","95014","2025-06-12","$8.49","IT SERVICES","X","MEMO","001","Administrative/Salary/Overhead Expenses ","0038417-0018",""
"C00371203","JOHN CARTER FOR CONGRESS","H2TX31044","CARTER, JOHN R REP.","2026","H","TX","31","17","http://docquery.fec.gov/cgi-bin/fecimg/?202507159763362262","","LYFT RIDE","185 BERRY STREET","","SAN FRANCISCO","CA","941075705","2025-06-12","$51.31","TRAVEL - TAXI","X","MEMO","002","Travel Expenses","0038417-0019",""
"C00371203","JOHN CARTER FOR CONGRESS","H2TX31044","CARTER, JOHN R REP.","2026","H","TX","31","17","http://docquery.fec.gov/cgi-bin/fecimg/?202507159763362262","","H-E-B","603 LOUIS HENNA BLVD","","ROUND ROCK","TX","786647186","2025-06-12","$63.55","MEETING - FOOD & BEVERAGE","X","MEMO","007","Campaign Event Expenses","0038417-0021",""
"C00916551","STEVE DOWELL FOR CONGRESS","H6TX31128","DOWELL, STEVEN CLAY JR","2026","H","TX","31","17","http://docquery.fec.gov/cgi-bin/fecimg/?202510069790678238","","DOWELL, STEVEN CLAY JR","20 BLACKJACK CIRCLE","","BELTON","TX","76513","2025-08-15","$108.00","IN-KIND - BUSINESS CARDS, CANVA.COM","","","","","SB17.4151",""
"C00916551","STEVE DOWELL FOR CONGRESS","H6TX31128","DOWELL, STEVEN CLAY JR","2026","H","TX","31","17","http://docquery.fec.gov/cgi-bin/fecimg/?202510069790678239","","DOWELL, STEVEN CLAY JR","20 BLACKJACK CIRCLE","","BELTON","TX","76513","2025-08-16","$44.38","IN-KIND - WEBSITE & EMAIL SERVICES AT GODADDY.COM","","","","","SB17.4170",""
"C00916551","STEVE DOWELL FOR CONGRESS","H6TX31128","DOWELL, STEVEN CLAY JR","2026","H","TX","31","17","http://docquery.fec.gov/cgi-bin/fecimg/?202510069790678239","","DOWELL, STEVEN CLAY JR","20 BLACKJACK CIRCLE","","BELTON","TX","76513","2025-08-20","$11.32","IN-KIND - LUNCH TICKET AT GEORGETOWN AREA REPUBLICAN WOMEN PAC","","","","","SB17.4184",""
"C00916551","STEVE DOWELL FOR CONGRESS","H6TX31128","DOWELL, STEVEN CLAY JR","2026","H","TX","31","17","http://docquery.fec.gov/cgi-bin/fecimg/?202510069790678239","","DOWELL, STEVEN CLAY JR","20 BLACKJACK CIRCLE","","BELTON","TX","76513","2025-08-22","$440.00","IN-KIND - BELL COUNTY SENIOR EXPO BOOTH, ADS, BELTON JOURNAL NEWSPAPER","","","","","SB17.4154",""
"C00916551","STEVE DOWELL FOR CONGRESS","H6TX31128","DOWELL, STEVEN CLAY JR","2026","H","TX","31","17","http://docquery.fec.gov/cgi-bin/fecimg/?202510069790678240","","DOWELL, STEVEN CLAY JR","20 BLACKJACK CIRCLE","","BELTON","TX","76513","2025-08-22","$103.30","IN-KIND - FUNDRAISER DINNER AT CORYELL COUNTY REPUBLICAN WOMEN PAC","","","","","SB17.4167",""
"C00916551","STEVE DOWELL FOR CONGRESS","H6TX31128","DOWELL, STEVEN CLAY JR","2026","H","TX","31","17","http://docquery.fec.gov/cgi-bin/fecimg/?202510069790678240","","DOWELL, STEVEN CLAY JR","20 BLACKJACK CIRCLE","","BELTON","TX","76513","2025-08-24","$178.59","IN-KIND - DOOR HANGERS CARDSTOCK AT VISTAPRINT.COM","","","","","SB17.4174",""
"C00916551","STEVE DOWELL FOR CONGRESS","H6TX31128","DOWELL, STEVEN CLAY JR","2026","H","TX","31","17","http://docquery.fec.gov/cgi-bin/fecimg/?202510069790678240","","DOWELL, STEVEN CLAY JR","20 BLACKJACK CIRCLE","","BELTON","TX","76513","2025-08-28","$35.15","IN-KIND - WEBSITE & EMAIL SERVICES AT GODADDY.COM","","","","","SB17.4169",""
"C00916551","STEVE DOWELL FOR CONGRESS","H6TX31128","DOWELL, STEVEN CLAY JR","2026","H","TX","31","17","http://docquery.fec.gov/cgi-bin/fecimg/?202510069790678241","","DOWELL, STEVEN CLAY JR","20 BLACKJACK CIRCLE","","BELTON","TX","76513","2025-08-29","$95.00","IN-KIND - FORT HOOD GUN SHOW BOOTH AT OLD CROW PRODUCTIONS","","","","","SB17.4168",""
"C00371203","JOHN CARTER FOR CONGRESS","H2TX31044","CARTER, JOHN R REP.","2026","H","TX","31","17","http://docquery.fec.gov/cgi-bin/fecimg/?202507159763362238","","SPEEDY STOP 95","551 UNIVERSITY BLVD","","SANDY","TX","78665","2025-04-23","$42.00","TRAVEL - FUEL","X","MEMO","002","Travel Expenses","0038448-0049",""
"C00371203","JOHN CARTER FOR CONGRESS","H2TX31044","CARTER, JOHN R REP.","2026","H","TX","31","17","http://docquery.fec.gov/cgi-bin/fecimg/?202507159763362238","","MAGGIANO'S","10910 DOMAIN DR","","AUSTIN","TX","787587757","2025-04-23","$5,025.00","EVENT - CATERING","X","MEMO","003","Solicitation and Fundraising Expenses ","0038448-0050",""
"C00371203","JOHN CARTER FOR CONGRESS","H2TX31044","CARTER, JOHN R REP.","2026","H","TX","31","17","http://docquery.fec.gov/cgi-bin/fecimg/?202507159763362239","","SUSAN LILLY & COMPANY","1005 CONGRESS AVE","","AUSTIN","TX","787012463","2025-04-23","$3,608.93","POLITICAL STRATEGY CONSULTING","X","MEMO","001","Administrative/Salary/Overhead Expenses ","0038448-0051",""
"C00371203","JOHN CARTER FOR CONGRESS","H2TX31044","CARTER, JOHN R REP.","2026","H","TX","31","17","http://docquery.fec.gov/cgi-bin/fecimg/?202507159763362239","","CHASE - CARD MEMBER SERVICES","PO BOX 6294","","CAROL STREAM","IL","601976294","2025-04-23","-$15,000.00","CLEAR CC PAYMENT","X","MEMO","001","Administrative/Salary/Overhead Expenses ","0038448-0053",""
"C00371203","JOHN CARTER FOR CONGRESS","H2TX31044","CARTER, JOHN R REP.","2026","H","TX","31","17","http://docquery.fec.gov/cgi-bin/fecimg/?202507159763362239","","SUSAN LILLY & COMPANY","1005 CONGRESS AVE","","AUSTIN","TX","787012463","2025-04-23","$3,566.40","POLITICAL STRATEGY CONSULTING","X","MEMO","001","Administrative/Salary/Overhead Expenses ","0038448-0054",""
"C00371203","JOHN CARTER FOR CONGRESS","H2TX31044","CARTER, JOHN R REP.","2026","H","TX","31","17","http://docquery.fec.gov/cgi-bin/fecimg/?202507159763362240","","SUSAN LILLY & COMPANY","1005 CONGRESS AVE","","AUSTIN","TX","787012463","2025-04-23","$1,855.05","POLITICAL STRATEGY CONSULTING","X","MEMO","001","Administrative/Salary/Overhead Expenses ","0038448-0055",""
"C00371203","JOHN CARTER FOR CONGRESS","H2TX31044","CARTER, JOHN R REP.","2026","H","TX","31","17","http://docquery.fec.gov/cgi-bin/fecimg/?202507159763362240","","TUMI","499 THORNALL ST","","EDISON","NJ","08837","2025-04-23","$219.85","EVENT - SUPPLIES","X","MEMO","003","Solicitation and Fundraising Expenses ","0038448-0056",""
"C00371203","JOHN CARTER FOR CONGRESS","H2TX31044","CARTER, JOHN R REP.","2026","H","TX","31","17","http://docquery.fec.gov/cgi-bin/fecimg/?202507159763362240","","HEB","100 W PALM VALLEY BLVD","","ROUND ROCK","TX","78664","2025-04-23","$383.02","MEETING - FOOD & BEVERAGE","X","MEMO","007","Campaign Event Expenses","0038448-0057",""
"C00371203","JOHN CARTER FOR CONGRESS","H2TX31044","CARTER, JOHN R REP.","2026","H","TX","31","17","http://docquery.fec.gov/cgi-bin/fecimg/?202507159763362241","","CHASE - CARD MEMBER SERVICES","PO BOX 6294","","CAROL STREAM","IL","601976294","2025-04-23","$40.00","MERCHANT SERVICE FEE","X","MEMO","001","Administrative/Salary/Overhead Expenses ","0038448-0059",""
"C00371203","JOHN CARTER FOR CONGRESS","H2TX31044","CARTER, JOHN R REP.","2026","H","TX","31","17","http://docquery.fec.gov/cgi-bin/fecimg/?202507159763362241","","CHASE - CARD MEMBER SERVICES","PO BOX 6294","","CAROL STREAM","IL","601976294","2025-04-23","$702.84","MERCHANT SERVICE FEE","X","MEMO","001","Administrative/Salary/Overhead Expenses ","0038448-0060",""
"C00371203","JOHN CARTER FOR CONGRESS","H2TX31044","CARTER, JOHN R REP.","2026","H","TX","31","17","http://docquery.fec.gov/cgi-bin/fecimg/?202507159763362241","","JCPENNEY","6501 LEGACY DR","","PLANO","TX","75024","2025-04-23","$389.68","EVENT - SUPPLIES","X","MEMO","003","Solicitation and Fundraising Expenses ","0038448-0061",""
"C00371203","JOHN CARTER FOR CONGRESS","H2TX31044","CARTER, JOHN R REP.","2026","H","TX","31","17","http://docquery.fec.gov/cgi-bin/fecimg/?202507159763362242","","APPLE.COM","ONE APPLE PARK WAY","","CUPERTINO","CA","95014","2025-04-23","$8.49","IT SERVICES","X","MEMO","001","Administrative/Salary/Overhead Expenses ","0038448-0064",""
"C00371203","JOHN CARTER FOR CONGRESS","H2TX31044","CARTER, JOHN R REP.","2026","H","TX","31","17","http://docquery.fec.gov/cgi-bin/fecimg/?202507159763362242","","LYFT RIDE","185 BERRY STREET","","SAN FRANCISCO","CA","941075705","2025-04-23","$14.17","TRAVEL - TAXI","X","MEMO","002","Travel Expenses","0038448-0065",""
"C00371203","JOHN CARTER FOR CONGRESS","H2TX31044","CARTER, JOHN R REP.","2026","H","TX","31","17","http://docquery.fec.gov/cgi-bin/fecimg/?202507159763362242","","HILTON GARDEN INN","7930 JONES BRANCH DRIVE","","MCLEAN","VA","22102","2025-04-23","$755.54","TRAVEL - LODGING","X","MEMO","002","Travel Expenses","0038448-0069",""
"C00371203","JOHN CARTER FOR CONGRESS","H2TX31044","CARTER, JOHN R REP.","2026","H","TX","31","17","http://docquery.fec.gov/cgi-bin/fecimg/?202507159763362243","","HILTON GARDEN INN","7930 JONES BRANCH DRIVE","","MCLEAN","VA","22102","2025-04-23","$762.54","TRAVEL - LODGING","X","MEMO","002","Travel Expenses","0038448-0070",""
"C00371203","JOHN CARTER FOR CONGRESS","H2TX31044","CARTER, JOHN R REP.","2026","H","TX","31","17","http://docquery.fec.gov/cgi-bin/fecimg/?202507159763362243","","HEB","100 W PALM VALLEY BLVD","","ROUND ROCK","TX","78664","2025-04-23","$49.12","MEETING - FOOD & BEVERAGE","X","MEMO","007","Campaign Event Expenses","0038448-0072",""
"C00371203","JOHN CARTER FOR CONGRESS","H2TX31044","CARTER, JOHN R REP.","2026","H","TX","31","17","http://docquery.fec.gov/cgi-bin/fecimg/?202507159763362243","","SPEEDY STOP 95","551 UNIVERSITY BLVD","","SANDY","TX","78665","2025-04-23","$42.70","TRAVEL - FUEL","X","MEMO","002","Travel Expenses","0038448-0073",""
"C00371203","JOHN CARTER FOR CONGRESS","H2TX31044","CARTER, JOHN R REP.","2026","H","TX","31","17","http://docquery.fec.gov/cgi-bin/fecimg/?202507159763362244","","HOME DEPOT","2551 S INTERSTATE 35","","ROUND ROCK","TX","786647314","2025-04-23","$23.77","OFFICE SUPPLIES","X","MEMO","001","Administrative/Salary/Overhead Expenses ","0038448-0074",""
"C00371203","JOHN CARTER FOR CONGRESS","H2TX31044","CARTER, JOHN R REP.","2026","H","TX","31","17","http://docquery.fec.gov/cgi-bin/fecimg/?202507159763362244","","APPLE.COM","ONE APPLE PARK WAY","","CUPERTINO","CA","95014","2025-04-23","$8.49","IT SERVICES","X","MEMO","001","Administrative/Salary/Overhead Expenses ","0038448-0075",""
"C00371203","JOHN CARTER FOR CONGRESS","H2TX31044","CARTER, JOHN R REP.","2026","H","TX","31","17","http://docquery.fec.gov/cgi-bin/fecimg/?202507159763362244","","HOME DEPOT","2551 S INTERSTATE 35","","ROUND ROCK","TX","786647314","2025-04-23","$22.60","OFFICE SUPPLIES","X","MEMO","001","Administrative/Salary/Overhead Expenses ","0038448-0076",""
"C00371203","JOHN CARTER FOR CONGRESS","H2TX31044","CARTER, JOHN R REP.","2026","H","TX","31","17","http://docquery.fec.gov/cgi-bin/fecimg/?202507159763362245","","HEB","100 W PALM VALLEY BLVD","","ROUND ROCK","TX","78664","2025-04-23","$296.70","EVENT - CATERING","X","MEMO","003","Solicitation and Fundraising Expenses ","0038448-0077",""
"C00371203","JOHN CARTER FOR CONGRESS","H2TX31044","CARTER, JOHN R REP.","2026","H","TX","31","17","http://docquery.fec.gov/cgi-bin/fecimg/?202507159763362245","","SPEEDY STOP 95","551 UNIVERSITY BLVD","","SANDY","TX","78665","2025-04-23","$14.85","TRAVEL - FUEL","X","MEMO","002","Travel Expenses","0038448-0078",""
"C00371203","JOHN CARTER FOR CONGRESS","H2TX31044","CARTER, JOHN R REP.","2026","H","TX","31","17","http://docquery.fec.gov/cgi-bin/fecimg/?202507159763362245","","SPEEDY STOP 95","551 UNIVERSITY BLVD","","SANDY","TX","78665","2025-04-23","$13.83","TRAVEL - FUEL","X","MEMO","002","Travel Expenses","0038448-0081",""
"C00371203","JOHN CARTER FOR CONGRESS","H2TX31044","CARTER, JOHN R REP.","2026","H","TX","31","17","http://docquery.fec.gov/cgi-bin/fecimg/?202507159763362246","","SOUTHWEST AIRLINE","8008 CEDAR SPRINGS RD","","DALLAS","TX","752352852","2025-04-23","$128.00","TRAVEL - AIRFARE","X","MEMO","002","Travel Expenses","0038448-0082",""
"C00371203","JOHN CARTER FOR CONGRESS","H2TX31044","CARTER, JOHN R REP.","2026","H","TX","31","17","http://docquery.fec.gov/cgi-bin/fecimg/?202507159763362263","","SPEEDY STOP 95","551 UNIVERSITY BLVD","","SANDY","TX","78665","2025-06-12","$60.60","TRAVEL - FUEL","X","MEMO","002","Travel Expenses","0038417-0022",""
"C00371203","JOHN CARTER FOR CONGRESS","H2TX31044","CARTER, JOHN R REP.","2026","H","TX","31","17","http://docquery.fec.gov/cgi-bin/fecimg/?202507159763362263","","TICKETMASTER","8800 W SUNSET BLVD","","WEST HOLLYWOOD","CA","900692105","2025-06-12","$80.12","EVENT - TICKET FEE","X","MEMO","003","Solicitation and Fundraising Expenses ","0038417-0025",""
"C00371203","JOHN CARTER FOR CONGRESS","H2TX31044","CARTER, JOHN R REP.","2026","H","TX","31","17","http://docquery.fec.gov/cgi-bin/fecimg/?202507159763362263","","TICKETMASTER","8800 W SUNSET BLVD","","WEST HOLLYWOOD","CA","900692105","2025-06-12","$1,816.96","EVENT - TICKETS","X","MEMO","003","Solicitation and Fundraising Expenses ","0038417-0026",""
"C00371203","JOHN CARTER FOR CONGRESS","H2TX31044","CARTER, JOHN R REP.","2026","H","TX","31","17","http://docquery.fec.gov/cgi-bin/fecimg/?202507159763362264","","EVOLVE VACATION RENTAL","717 17TH ST. STE 2100","","DENVER","CO","80202","2025-06-12","$451.33","TRAVEL - LODGING","X","MEMO","002","Travel Expenses","0038417-0028",""
"C00371203","JOHN CARTER FOR CONGRESS","H2TX31044","CARTER, JOHN R REP.","2026","H","TX","31","17","http://docquery.fec.gov/cgi-bin/fecimg/?202507159763362264","","LYFT RIDE","185 BERRY STREET","","SAN FRANCISCO","CA","941075705","2025-06-12","$18.47","TRAVEL - TAXI","X","MEMO","002","Travel Expenses","0038417-0029",""
"C00371203","JOHN CARTER FOR CONGRESS","H2TX31044","CARTER, JOHN R REP.","2026","H","TX","31","17","http://docquery.fec.gov/cgi-bin/fecimg/?202507159763362264","","CHARTER UP LLC","3340 PEACHTREE RD, NE","","ATLANTA","GA","30326","2025-06-12","$197.16","TRAVEL - BUS SERVICE","X","MEMO","002","Travel Expenses","0038417-0031",""
"C00371203","JOHN CARTER FOR CONGRESS","H2TX31044","CARTER, JOHN R REP.","2026","H","TX","31","17","http://docquery.fec.gov/cgi-bin/fecimg/?202507159763362265","","CHARTER UP LLC","3340 PEACHTREE RD, NE","","ATLANTA","GA","30326","2025-06-12","$1,774.00","TRAVEL - BUS SERVICE","X","MEMO","002","Travel Expenses","0038417-0032",""
"C00371203","JOHN CARTER FOR CONGRESS","H2TX31044","CARTER, JOHN R REP.","2026","H","TX","31","17","http://docquery.fec.gov/cgi-bin/fecimg/?202507159763362265","","CHARTER UP LLC","3340 PEACHTREE RD, NE","","ATLANTA","GA","30326","2025-06-12","$118.68","TRAVEL - TAXI","X","MEMO","002","Travel Expenses","0038417-0035",""
"C00371203","JOHN CARTER FOR CONGRESS","H2TX31044","CARTER, JOHN R REP.","2026","H","TX","31","17","http://docquery.fec.gov/cgi-bin/fecimg/?202507159763362265","","LYFT RIDE","185 BERRY STREET","","SAN FRANCISCO","CA","941075705","2025-06-12","$10.84","TRAVEL - TAXI","X","MEMO","002","Travel Expenses","0038417-0036",""
"C00371203","JOHN CARTER FOR CONGRESS","H2TX31044","CARTER, JOHN R REP.","2026","H","TX","31","17","http://docquery.fec.gov/cgi-bin/fecimg/?202507159763362266","","LYFT RIDE","185 BERRY STREET","","SAN FRANCISCO","CA","941075705","2025-06-12","$107.56","TRAVEL - TAXI","X","MEMO","002","Travel Expenses","0038417-0037",""
"C00371203","JOHN CARTER FOR CONGRESS","H2TX31044","CARTER, JOHN R REP.","2026","H","TX","31","17","http://docquery.fec.gov/cgi-bin/fecimg/?202507159763362266","","AMERICAN AIRLINES","PO BOX 619616","","DALLAS","TX","752619616","2025-06-12","$715.48","TRAVEL - AIRFARE","X","MEMO","002","Travel Expenses","0038417-0038",""
"C00371203","JOHN CARTER FOR CONGRESS","H2TX31044","CARTER, JOHN R REP.","2026","H","TX","31","17","http://docquery.fec.gov/cgi-bin/fecimg/?202507159763362266","","DICK'S CLOTHING & SPORTING","19000 LIMESTONE COMMERCIAL DR","","PFLUGERVILLE","TX","786604503","2025-06-12","$397.00","EVENT - SUPPLIES","X","MEMO","003","Solicitation and Fundraising Expenses ","0038417-0039",""
"C00371203","JOHN CARTER FOR CONGRESS","H2TX31044","CARTER, JOHN R REP.","2026","H","TX","31","17","http://docquery.fec.gov/cgi-bin/fecimg/?202507159763362267","","HOUSE OFFICE SUPPLY","B_217 LONGWORTH HOUSE OFFICE BLDG","","WASHINGTON","DC","20005","2025-06-12","$46.80","OFFICE SUPPLIES","X","MEMO","001","Administrative/Salary/Overhead Expenses ","0038417-0040",""
"C00371203","JOHN CARTER FOR CONGRESS","H2TX31044","CARTER, JOHN R REP.","2026","H","TX","31","17","http://docquery.fec.gov/cgi-bin/fecimg/?202507159763362267","","APPLE.COM","ONE APPLE PARK WAY","","CUPERTINO","CA","95014","2025-06-12","$8.49","IT SERVICES","X","MEMO","001","Administrative/Salary/Overhead Expenses ","0038417-0041",""
"C00371203","JOHN CARTER FOR CONGRESS","H2TX31044","CARTER, JOHN R REP.","2026","H","TX","31","17","http://docquery.fec.gov/cgi-bin/fecimg/?202507159763362267","","NORTH ITALIA","11506 CENTURY OAKS TER","STE 124","AUSTIN","TX","787588691","2025-06-12","$200.44","MEETING - FOOD & BEVERAGE","X","MEMO","007","Campaign Event Expenses","0038417-0042",""
"C00371203","JOHN CARTER FOR CONGRESS","H2TX31044","CARTER, JOHN R REP.","2026","H","TX","31","17","http://docquery.fec.gov/cgi-bin/fecimg/?202507159763362268","","ENTERPRISE RENT A CAR","2121A N MAYS ST","","ROUND ROCK","TX","786642144","2025-06-12","$732.06","TRAVEL - CAR RENTAL","X","MEMO","002","Travel Expenses","0038417-0043",""
"C00371203","JOHN CARTER FOR CONGRESS","H2TX31044","CARTER, JOHN R REP.","2026","H","TX","31","17","http://docquery.fec.gov/cgi-bin/fecimg/?202507159763362268","","SOUTHWEST AIRLINE","8008 CEDAR SPRINGS RD","","DALLAS","TX","752352852","2025-06-12","$688.68","TRAVEL - AIRFARE","X","MEMO","002","Travel Expenses","0038417-0045",""
"C00371203","JOHN CARTER FOR CONGRESS","H2TX31044","CARTER, JOHN R REP.","2026","H","TX","31","17","http://docquery.fec.gov/cgi-bin/fecimg/?202507159763362268","","DELTA AIRLINES","1001 INTERNATIONAL BLVD","","ATLANTA","GA","303541802","2025-06-12","$430.97","TRAVEL - AIRFARE","X","MEMO","002","Travel Expenses","0038417-0046",""
"C00371203","JOHN CARTER FOR CONGRESS","H2TX31044","CARTER, JOHN R REP.","2026","H","TX","31","17","http://docquery.fec.gov/cgi-bin/fecimg/?202507159763362269","","CLEARME.COM","85 10TH AVE, 9TH FLR","","NEW YORK","NY","10011","2025-06-12","$437.00","TRAVEL - SERVICE FEE","X","MEMO","002","Travel Expenses","0038417-0050",""
"C00371203","JOHN CARTER FOR CONGRESS","H2TX31044","CARTER, JOHN R REP.","2026","H","TX","31","17","http://docquery.fec.gov/cgi-bin/fecimg/?202507159763362269","","DELTA AIRLINES","1001 INTERNATIONAL BLVD","","ATLANTA","GA","303541802","2025-06-12","$430.97","TRAVEL - AIRFARE","X","MEMO","002","Travel Expenses","0038417-0051",""
"C00371203","JOHN CARTER FOR CONGRESS","H2TX31044","CARTER, JOHN R REP.","2026","H","TX","31","17","http://docquery.fec.gov/cgi-bin/fecimg/?202507159763362269","","SPEEDY STOP 95","551 UNIVERSITY BLVD","","SANDY","TX","78665","2025-06-12","$47.08","TRAVEL - FUEL","X","MEMO","002","Travel Expenses","0038417-0052",""
"C00371203","JOHN CARTER FOR CONGRESS","H2TX31044","CARTER, JOHN R REP.","2026","H","TX","31","17","http://docquery.fec.gov/cgi-bin/fecimg/?202507159763362270","","CELLULAR WORLD","1719, I-35","","ROUND ROCK","TX","78664","2025-06-12","$216.48","CELL PHONE SERVICE","X","MEMO","001","Administrative/Salary/Overhead Expenses ","0038417-0053",""
"C00371203","JOHN CARTER FOR CONGRESS","H2TX31044","CARTER, JOHN R REP.","2026","H","TX","31","17","http://docquery.fec.gov/cgi-bin/fecimg/?202507159763362270","","HILTON GARDEN INN","7930 JONES BRANCH DRIVE","","MCLEAN","VA","22102","2025-06-12","$1,538.41","TRAVEL - LODGING","X","MEMO","002","Travel Expenses","0038417-0054",""
"C00371203","JOHN CARTER FOR CONGRESS","H2TX31044","CARTER, JOHN R REP.","2026","H","TX","31","17","http://docquery.fec.gov/cgi-bin/fecimg/?202507159763362270","","HILTON GARDEN INN","7930 JONES BRANCH DRIVE","","MCLEAN","VA","22102","2025-06-12","$1,551.93","TRAVEL - LODGING","X","MEMO","002","Travel Expenses","0038417-0055",""
"C00371203","JOHN CARTER FOR CONGRESS","H2TX31044","CARTER, JOHN R REP.","2026","H","TX","31","17","http://docquery.fec.gov/cgi-bin/fecimg/?202507159763362271","","HEB","100 W PALM VALLEY BLVD","","ROUND ROCK","TX","78664","2025-06-12","$484.99","EVENT - CATERING","X","MEMO","003","Solicitation and Fundraising Expenses ","0038417-0056",""
"C00916551","STEVE DOWELL FOR CONGRESS","H6TX31128","DOWELL, STEVEN CLAY JR","2026","H","TX","31","17","http://docquery.fec.gov/cgi-bin/fecimg/?202510069790678238","","DOWELL, STEVEN CLAY JR","20 BLACKJACK CIRCLE","","BELTON","TX","76513","2025-08-05","$41.50","IN-KIND - BUSINESS CARDS, CANVA.COM","","","","","SB17.4152",""
"C00916551","STEVE DOWELL FOR CONGRESS","H6TX31128","DOWELL, STEVEN CLAY JR","2026","H","TX","31","17","http://docquery.fec.gov/cgi-bin/fecimg/?202510069790678238","","DOWELL, STEVEN CLAY JR","20 BLACKJACK CIRCLE","","BELTON","TX","76513","2025-08-06","$140.58","IN-KIND - WEBSITE & EMAIL SERVICES AT GODADDY.COM","","","","","SB17.4171",""
"C00371203","JOHN CARTER FOR CONGRESS","H2TX31044","CARTER, JOHN R REP.","2026","H","TX","31","17","http://docquery.fec.gov/cgi-bin/fecimg/?202507159763362230","","AT HOME","19000 LIMESTONE COMMERCIAL DR","","PFLUGERVILLE","TX","786604503","2025-04-23","$83.32","EVENT - SUPPLIES","X","MEMO","003","Solicitation and Fundraising Expenses ","0038448-0017",""
"C00898353","RAYMOND HAMDEN FOR CONGRESS","H6TX31086","HAMDEN, RAYMOND H II","2026","H","TX","31","17","http://docquery.fec.gov/cgi-bin/fecimg/?202507159763307541","","RAYMOND FOR CONGRESS","PO BOX 2008","","HARKER HEIGHTS","TX","76548","2025-04-29","$3,000.00","CONSULTING FEE","","","001","Administrative/Salary/Overhead Expenses ","SB17.4104",""
"C00898353","RAYMOND HAMDEN FOR CONGRESS","H6TX31086","HAMDEN, RAYMOND H II","2026","H","TX","31","17","http://docquery.fec.gov/cgi-bin/fecimg/?202507159763307541","","RAYMOND FOR CONGRESS","PO BOX 2008","","HARKER HEIGHTS","TX","76548","2025-05-23","$2,000.00","CONSULTING","","","001","Administrative/Salary/Overhead Expenses ","SB17.4106",""
"C00898353","RAYMOND HAMDEN FOR CONGRESS","H6TX31086","HAMDEN, RAYMOND H II","2026","H","TX","31","17","http://docquery.fec.gov/cgi-bin/fecimg/?202507159763307541","","RAYMOND FOR CONGRESS","PO BOX 2008","","HARKER HEIGHTS","TX","76548","2025-06-17","$750.00","SOCIAL MEDIA","","","001","Administrative/Salary/Overhead Expenses ","SB17.4105",""
"C00898239","VALENTINA FOR CONGRESS","H6TX31078","GOMEZ NORIEGA, VALENTINA","2026","H","TX","31","17","http://docquery.fec.gov/cgi-bin/fecimg/?202510159790802671","","BEST BUY","1015 W UNIVERSITY AVE","","GEORGETOWN","TX","78628","2025-07-14","$346.39","CAMPAIGN COMPUTER","","","001","Administrative/Salary/Overhead Expenses ","SB17.4806",""
"C00898239","VALENTINA FOR CONGRESS","H6TX31078","GOMEZ NORIEGA, VALENTINA","2026","H","TX","31","17","http://docquery.fec.gov/cgi-bin/fecimg/?202510159790802672","","FRONTIER AIRLINES","4545 AIRPORT WAY","","DENVER","CO","80239","2025-09-18","$623.86","FLIGHT EXPENSE","","","002","Travel Expenses","SB17.4817",""
"C00898239","VALENTINA FOR CONGRESS","H6TX31078","GOMEZ NORIEGA, VALENTINA","2026","H","TX","31","17","http://docquery.fec.gov/cgi-bin/fecimg/?202510159790802672","","GOMEZ, MAICOLL","201 NORTH MAIN ST","","NOLANVILLE","TX","76559","2025-09-05","$6,000.00","COST OF YARD SIGNS, & FLYERS","","","006","Campaign Materials","SB17.4814",""
"C00898353","RAYMOND HAMDEN FOR CONGRESS","H6TX31086","HAMDEN, RAYMOND H II","2026","H","TX","31","17","http://docquery.fec.gov/cgi-bin/fecimg/?202602099834288181","","BLUEBONNET BUZZ MARKETING","9009 BENBROOK BLVD","","FT WORTH","TX","76126","2025-10-20","$250.00","","","","","","SB17.4120",""
"C00898353","RAYMOND HAMDEN FOR CONGRESS","H6TX31086","HAMDEN, RAYMOND H II","2026","H","TX","31","17","http://docquery.fec.gov/cgi-bin/fecimg/?202602099834288181","","CENTRAL TEXAS REPLUBICAN WOMEN PAC","PO BOX","","BELTON","TX","76513","2025-10-12","$250.00","","","","","","SB17.4118",""
"C00898353","RAYMOND HAMDEN FOR CONGRESS","H6TX31086","HAMDEN, RAYMOND H II","2026","H","TX","31","17","http://docquery.fec.gov/cgi-bin/fecimg/?202602099834288181","","CLEARVIEW STRATEGIES","PO BOX","","AUSTIN","TX","76513","2025-11-12","$500.00","","","","003","Solicitation and Fundraising Expenses ","SB17.4142",""
"C00898353","RAYMOND HAMDEN FOR CONGRESS","H6TX31086","HAMDEN, RAYMOND H II","2026","H","TX","31","17","http://docquery.fec.gov/cgi-bin/fecimg/?202602099834288182","","H&H PRINTING","FM 439","","BELTON","TX","76513","2025-11-06","$487.50","","","","004","Advertising Expenses ","SB17.4141",""
"C00898353","RAYMOND HAMDEN FOR CONGRESS","H6TX31086","HAMDEN, RAYMOND H II","2026","H","TX","31","17","http://docquery.fec.gov/cgi-bin/fecimg/?202602099834288182","","H&H PRINTING","FM 439","","BELTON","TX","76513","2025-11-30","$.00","","","","","","SB17.4116",""
"C00898353","RAYMOND HAMDEN FOR CONGRESS","H6TX31086","HAMDEN, RAYMOND H II","2026","H","TX","31","17","http://docquery.fec.gov/cgi-bin/fecimg/?202602099834288182","","INEEDMYBANNER.COM","PO BOX 2103","","BELTON","TX","76513","2025-12-22","$11,285.00","","","","004","Advertising Expenses ","SB17.4144",""
"C00898353","RAYMOND HAMDEN FOR CONGRESS","H6TX31086","HAMDEN, RAYMOND H II","2026","H","TX","31","17","http://docquery.fec.gov/cgi-bin/fecimg/?202602099834288183","","KINGMAKER DATA","PO BOX","","CORPUS CHRISTI","TX","76513","2025-11-12","$13,500.00","","","","001","Administrative/Salary/Overhead Expenses ","SB17.4139",""
"C00898353","RAYMOND HAMDEN FOR CONGRESS","H6TX31086","HAMDEN, RAYMOND H II","2026","H","TX","31","17","http://docquery.fec.gov/cgi-bin/fecimg/?202602099834288183","","REPBULICAN PARTY OF TEXAS","PO BOX","","AUSTIN","TX","78664","2025-11-10","$3,125.00","","","","005","Polling Expenses","SB17.4137",""
"C00929653","CAMPAIGN COMMITTEE FOR GREG STOKER","H6TX31169","STOKER, GREGORY JAMES","2026","H","TX","31","17","http://docquery.fec.gov/cgi-bin/fecimg/?202603269856856295","","NATIONBUILDER","520 S GRAND AVE","2ND FLOOR","LOS ANGELES","CA","90071","2026-03-22","$1,585.73","NATIONBUILDER PAYMENT PROCESSING FEES","","","001","Administrative/Salary/Overhead Expenses ","SB17.4255",""
"C00929653","CAMPAIGN COMMITTEE FOR GREG STOKER","H6TX31169","STOKER, GREGORY JAMES","2026","H","TX","31","17","http://docquery.fec.gov/cgi-bin/fecimg/?202603269856856295","","PHO ANH","175 A EL CAMINO REAL","STE-C","MOUNTAIN VIEW","CA","94040","2026-01-26","$114.20","CAMPAIGN MEALS","","","002","Travel Expenses","SB17.4174",""
"C00929653","CAMPAIGN COMMITTEE FOR GREG STOKER","H6TX31169","STOKER, GREGORY JAMES","2026","H","TX","31","17","http://docquery.fec.gov/cgi-bin/fecimg/?202603269856856295","","SCHMIDT, ALYSSA","410 N 17TH ST","","MCALLEN","TX","78501","2026-02-11","$2,500.00","FIELD PROGRAM CONSULTANT","","","001","Administrative/Salary/Overhead Expenses ","SB17.4247",""
"C00929653","CAMPAIGN COMMITTEE FOR GREG STOKER","H6TX31169","STOKER, GREGORY JAMES","2026","H","TX","31","17","http://docquery.fec.gov/cgi-bin/fecimg/?202603269856856296","","SCHMIDT, ALYSSA","410 N 17TH ST","","MCALLEN","TX","78501","2026-03-11","$2,500.00","FIELD PROGRAM CONSULTANT FEE","","","001","Administrative/Salary/Overhead Expenses ","SB17.4308",""
"C00929653","CAMPAIGN COMMITTEE FOR GREG STOKER","H6TX31169","STOKER, GREGORY JAMES","2026","H","TX","31","17","http://docquery.fec.gov/cgi-bin/fecimg/?202603269856856296","","STAPLES INC","500 STAPLES DR","","FARMINGHAM","MA","01702","2026-01-22","$38.33","CAMPAIGN MATERIALS","","","006","Campaign Materials","SB17.4180",""
"C00929653","CAMPAIGN COMMITTEE FOR GREG STOKER","H6TX31169","STOKER, GREGORY JAMES","2026","H","TX","31","17","http://docquery.fec.gov/cgi-bin/fecimg/?202603269856856296","","STOKER, GREGORY JAMES","4020 N. MCARTHUR BLVD","STE122 #7320","IRVING","TX","75038","2026-02-10","$4,000.00","PAYROLL","","","001","Administrative/Salary/Overhead Expenses ","SB17.4251",""
"C00929653","CAMPAIGN COMMITTEE FOR GREG STOKER","H6TX31169","STOKER, GREGORY JAMES","2026","H","TX","31","17","http://docquery.fec.gov/cgi-bin/fecimg/?202603269856856297","","STOKER, GREGORY JAMES","4020 N. MCARTHUR BLVD","STE122 #7320","IRVING","TX","75038","2026-03-09","$4,000.00","PAYROLL","","","001","Administrative/Salary/Overhead Expenses ","SB17.4301",""
"C00929653","CAMPAIGN COMMITTEE FOR GREG STOKER","H6TX31169","STOKER, GREGORY JAMES","2026","H","TX","31","17","http://docquery.fec.gov/cgi-bin/fecimg/?202603269856856297","","UBER","1725 3RD ST","","SAN FRANCISCO","CA","94158","2026-01-26","$75.90","CANDIDATE UBER RIDE-CAMPAIGN EVENT","","","002","Travel Expenses","SB17.4173",""
"C00929653","CAMPAIGN COMMITTEE FOR GREG STOKER","H6TX31169","STOKER, GREGORY JAMES","2026","H","TX","31","17","http://docquery.fec.gov/cgi-bin/fecimg/?202603269856856297","","UBER","1725 3RD ST","","SAN FRANCISCO","CA","94158","2026-01-29","$43.98","CANDIDATE UBER RIDE- CAMPAIGN EVENT","","","002","Travel Expenses","SB17.4171",""
"C00929653","CAMPAIGN COMMITTEE FOR GREG STOKER","H6TX31169","STOKER, GREGORY JAMES","2026","H","TX","31","17","http://docquery.fec.gov/cgi-bin/fecimg/?202603269856856298","","UNITED AIRLINES","233 S WACKER DR WILLIS TOWER","","CHICAGO","IL","60606","2026-01-21","$352.48","JOSEPHINE GUILBEAU TRAVEL","","","002","Travel Expenses","SB17.4144",""
"C00929653","CAMPAIGN COMMITTEE FOR GREG STOKER","H6TX31169","STOKER, GREGORY JAMES","2026","H","TX","31","17","http://docquery.fec.gov/cgi-bin/fecimg/?202603269856856298","","UNITED AIRLINES","233 S WACKER DR WILLIS TOWER","","CHICAGO","IL","60606","2026-01-23","$12.63","CAMDIDATE FLIGHT EXPENSE","","","002","Travel Expenses","SB17.4179",""
"C00929653","CAMPAIGN COMMITTEE FOR GREG STOKER","H6TX31169","STOKER, GREGORY JAMES","2026","H","TX","31","17","http://docquery.fec.gov/cgi-bin/fecimg/?202603269856856298","","UNITED AIRLINES","233 S WACKER DR WILLIS TOWER","","CHICAGO","IL","60606","2026-01-26","$65.00","AIRTICKET CANDDIATE CALIFORNIA CAMPAIGN EVENT","","","002","Travel Expenses","SB17.4176",""
"C00929653","CAMPAIGN COMMITTEE FOR GREG STOKER","H6TX31169","STOKER, GREGORY JAMES","2026","H","TX","31","17","http://docquery.fec.gov/cgi-bin/fecimg/?202603269856856299","","UNITED AIRLINES","233 S WACKER DR WILLIS TOWER","","CHICAGO","IL","60606","2026-01-26","$31.16","CANDIDATE CAMPAIGN TRAVEL","","","002","Travel Expenses","SB17.4177",""
"C00929653","CAMPAIGN COMMITTEE FOR GREG STOKER","H6TX31169","STOKER, GREGORY JAMES","2026","H","TX","31","17","http://docquery.fec.gov/cgi-bin/fecimg/?202603269856856299","","UNITED AIRLINES","233 S WACKER DR WILLIS TOWER","","CHICAGO","IL","60606","2026-01-26","$62.34","CANDDIATE CAMPAIGN TRAVEL CALIFORNIA","","","002","Travel Expenses","SB17.4178",""
"C00929653","CAMPAIGN COMMITTEE FOR GREG STOKER","H6TX31169","STOKER, GREGORY JAMES","2026","H","TX","31","17","http://docquery.fec.gov/cgi-bin/fecimg/?202603269856856299","","UNITED AIRLINES","233 S WACKER DR WILLIS TOWER","","CHICAGO","IL","60606","2026-01-26","$450.97","CANDDIATE CALIFORNIA EVENT","","","002","Travel Expenses","SB17.4182",""
"C00907329","JUSTIN EARLY FOR CONGRESS","H6TX31094","EARLY, JUSTIN","2026","H","TX","31","17","http://docquery.fec.gov/cgi-bin/fecimg/?202601319808844128","","ACTBLUE TECHNICAL SERVICES","P.O. BOX 441146","","SOMERVILLE","MA","02144","2025-12-14","$9.90","CONTRIBUTION PROCESSING FEES","","","001","Administrative/Salary/Overhead Expenses ","B-421",""
"C00907329","JUSTIN EARLY FOR CONGRESS","H6TX31094","EARLY, JUSTIN","2026","H","TX","31","17","http://docquery.fec.gov/cgi-bin/fecimg/?202601319808844128","","ACTBLUE TECHNICAL SERVICES","P.O. BOX 441146","","SOMERVILLE","MA","02144","2025-12-21","$2.26","CONTRIBUTION PROCESSING FEES","","","001","Administrative/Salary/Overhead Expenses ","B-412",""
"C00907329","JUSTIN EARLY FOR CONGRESS","H6TX31094","EARLY, JUSTIN","2026","H","TX","31","17","http://docquery.fec.gov/cgi-bin/fecimg/?202601319808844128","","FLIPPIN, KENNETH","215 BRANCH STREET","","TAYLOR","TX","76574","2025-12-22","$1,000.00","CONSULTING FEES","","","001","Administrative/Salary/Overhead Expenses ","B-444",""
"C00907329","JUSTIN EARLY FOR CONGRESS","H6TX31094","EARLY, JUSTIN","2026","H","TX","31","17","http://docquery.fec.gov/cgi-bin/fecimg/?202601319808844129","","ACTBLUE TECHNICAL SERVICES","P.O. BOX 441146","","SOMERVILLE","MA","02144","2025-12-28","$2.62","CONTRIBUTION PROCESSING FEES","","","001","Administrative/Salary/Overhead Expenses ","B-407",""
"C00907329","JUSTIN EARLY FOR CONGRESS","H6TX31094","EARLY, JUSTIN","2026","H","TX","31","20A","http://docquery.fec.gov/cgi-bin/fecimg/?202601319808844130","","CHANDLER, JACK","4020 EAST ASTER DRIVE","","PHOENIX","AZ","85032","2025-10-14","-$500.00","REFUNDED CONTRIBUTION","","","010","Refunds of Contributions","B-335",""
"C00907329","JUSTIN EARLY FOR CONGRESS","H6TX31094","EARLY, JUSTIN","2026","H","TX","31","17","http://docquery.fec.gov/cgi-bin/fecimg/?202601319808844121","","ACTBLUE TECHNICAL SERVICES","P.O. BOX 441146","","SOMERVILLE","MA","02144","2025-10-02","$25.00","CONTRIBUTION PROCESSING FEES","","","001","Administrative/Salary/Overhead Expenses ","B-326",""
"C00907329","JUSTIN EARLY FOR CONGRESS","H6TX31094","EARLY, JUSTIN","2026","H","TX","31","17","http://docquery.fec.gov/cgi-bin/fecimg/?202601319808844121","","INTEGRATED SOLUTIONS: POLITICAL","4142 ADAMS AVENUE","SUITE 103-550","SAN DIEGO","CA","92116","2025-10-03","$450.00","COMPLIANCE SOFTWARE","","","001","Administrative/Salary/Overhead Expenses ","B-336",""
"C00907329","JUSTIN EARLY FOR CONGRESS","H6TX31094","EARLY, JUSTIN","2026","H","TX","31","17","http://docquery.fec.gov/cgi-bin/fecimg/?202601319808844121","","SUNRISE POLITICAL SOLUTIONS, INC","PO BOX 1004","","LA MESA","CA","91944","2025-10-03","$381.95","COMPLIANCE SERVICES","","","001","Administrative/Salary/Overhead Expenses ","B-337",""
"C00907329","JUSTIN EARLY FOR CONGRESS","H6TX31094","EARLY, JUSTIN","2026","H","TX","31","17","http://docquery.fec.gov/cgi-bin/fecimg/?202601319808844122","","ACTBLUE TECHNICAL SERVICES","P.O. BOX 441146","","SOMERVILLE","MA","02144","2025-10-04","$23.17","CONTRIBUTION PROCESSING FEES","","","001","Administrative/Salary/Overhead Expenses ","B-315",""
"C00907329","JUSTIN EARLY FOR CONGRESS","H6TX31094","EARLY, JUSTIN","2026","H","TX","31","17","http://docquery.fec.gov/cgi-bin/fecimg/?202601319808844122","","FLIPPIN, KENNETH","215 BRANCH STREET","","TAYLOR","TX","76574","2025-10-10","$1,000.00","CONSULTING FEES","","","001","Administrative/Salary/Overhead Expenses ","B-338",""
"C00907329","JUSTIN EARLY FOR CONGRESS","H6TX31094","EARLY, JUSTIN","2026","H","TX","31","17","http://docquery.fec.gov/cgi-bin/fecimg/?202601319808844122","","ACTBLUE TECHNICAL SERVICES","P.O. BOX 441146","","SOMERVILLE","MA","02144","2025-10-12","$16.81","CONTRIBUTION PROCESSING FEES","","","001","Administrative/Salary/Overhead Expenses ","B-308",""
"C00907329","JUSTIN EARLY FOR CONGRESS","H6TX31094","EARLY, JUSTIN","2026","H","TX","31","17","http://docquery.fec.gov/cgi-bin/fecimg/?202601319808844123","","TAYLOR, TREY","26 IRENE COURT","","BROOMFIELD","CO","80020","2025-10-16","$3,000.00","PERFORMANCE FEE","","","007","Campaign Event Expenses","B-345",""
"C00907329","JUSTIN EARLY FOR CONGRESS","H6TX31094","EARLY, JUSTIN","2026","H","TX","31","17","http://docquery.fec.gov/cgi-bin/fecimg/?202601319808844123","","ACTBLUE TECHNICAL SERVICES","P.O. BOX 441146","","SOMERVILLE","MA","02144","2025-10-19","$1.98","CONTRIBUTION PROCESSING FEES","","","001","Administrative/Salary/Overhead Expenses ","B-330",""
"C00907329","JUSTIN EARLY FOR CONGRESS","H6TX31094","EARLY, JUSTIN","2026","H","TX","31","17","http://docquery.fec.gov/cgi-bin/fecimg/?202601319808844123","","TAYLOR, TREY","26 IRENE COURT","","BROOMFIELD","CO","80020","2025-10-21","$3,000.00","PERFORMANCE FEE","","","007","Campaign Event Expenses","B-344",""
"C00907329","JUSTIN EARLY FOR CONGRESS","H6TX31094","EARLY, JUSTIN","2026","H","TX","31","17","http://docquery.fec.gov/cgi-bin/fecimg/?202601319808844124","","TAYLOR, TREY","26 IRENE COURT","","BROOMFIELD","CO","80020","2025-10-21","-$3,000.00","PERFORMANCE FEE","","","007","Campaign Event Expenses","B-346",""
"C00371203","JOHN CARTER FOR CONGRESS","H2TX31044","CARTER, JOHN R REP.","2026","H","TX","31","17","http://docquery.fec.gov/cgi-bin/fecimg/?202601309794990178","","HILL COUNTRY PAYROLL","1104 S MAYS ST","","ROUND ROCK","TX","786646773","2025-11-26","$2,338.62","SEE BELOW","","ITEMIZATION BELOW","001","Administrative/Salary/Overhead Expenses ","0038560",""
"C00371203","JOHN CARTER FOR CONGRESS","H2TX31044","CARTER, JOHN R REP.","2026","H","TX","31","17","http://docquery.fec.gov/cgi-bin/fecimg/?202601309794990178","","ROBERTSON AND CONSULTING LLC","516 ANDELE WAY","","LIBERTY HILL","TX","78642","2025-11-26","$2,338.62","POLITICAL STRATEGY CONSULTING","X","MEMO","001","Administrative/Salary/Overhead Expenses ","0038560-0001",""
"C00371203","JOHN CARTER FOR CONGRESS","H2TX31044","CARTER, JOHN R REP.","2026","H","TX","31","17","http://docquery.fec.gov/cgi-bin/fecimg/?202601309794990179","","HILL COUNTRY PAYROLL","1104 S MAYS ST","","ROUND ROCK","TX","786646773","2025-11-28","$101.32","PAYROLL SERVICES","","","001","Administrative/Salary/Overhead Expenses ","0038557",""
"C00371203","JOHN CARTER FOR CONGRESS","H2TX31044","CARTER, JOHN R REP.","2026","H","TX","31","17","http://docquery.fec.gov/cgi-bin/fecimg/?202601309794990179","","WINRED","PO BOX 9891","","ARLINGTON","VA","22219","2025-11-30","$369.95","EARMARK PROCESSING FEE","","","001","Administrative/Salary/Overhead Expenses ","0038629",""
"C00371203","JOHN CARTER FOR CONGRESS","H2TX31044","CARTER, JOHN R REP.","2026","H","TX","31","17","http://docquery.fec.gov/cgi-bin/fecimg/?202601309794990179","","DRUCKER LAWHON, LLP","317 15TH ST NE","","WASHINGTON","DC","200026501","2025-11-30","$2,533.26","FUNDRAISING CONSULTING","","","003","Solicitation and Fundraising Expenses ","0038572",""
"C00371203","JOHN CARTER FOR CONGRESS","H2TX31044","CARTER, JOHN R REP.","2026","H","TX","31","17","http://docquery.fec.gov/cgi-bin/fecimg/?202601309794990180","","MORGAN, MEREDITH & ASSOCIATES","22780 INDIAN CREEK DR","","DULLES","VA","201666746","2025-12-01","$1,532.74","REPORTING SERVICES","","","001","Administrative/Salary/Overhead Expenses ","0038573",""
"C00371203","JOHN CARTER FOR CONGRESS","H2TX31044","CARTER, JOHN R REP.","2026","H","TX","31","17","http://docquery.fec.gov/cgi-bin/fecimg/?202601309794990180","","CHASE - CARD MEMBER SERVICES","PO BOX 6294","","CAROL STREAM","IL","601976294","2025-12-01","$10,000.00","SEE BELOW","","ITEMIZATION BELOW","001","Administrative/Salary/Overhead Expenses ","0038550",""
"C00371203","JOHN CARTER FOR CONGRESS","H2TX31044","CARTER, JOHN R REP.","2026","H","TX","31","17","http://docquery.fec.gov/cgi-bin/fecimg/?202601309794990180","","SEATGEEK","902 BRAODWAY","","NEW YORK","NY","10010","2025-12-01","$52.60","EVENT - TICKETS","X","MEMO","003","Solicitation and Fundraising Expenses ","0038550-0001",""
"C00371203","JOHN CARTER FOR CONGRESS","H2TX31044","CARTER, JOHN R REP.","2026","H","TX","31","17","http://docquery.fec.gov/cgi-bin/fecimg/?202601309794990181","","CVS PHARMACY","1855 GATTIS SCHOOL RD","","ROUND ROCK","TX","786647428","2025-12-01","$828.73","CONSTITUENT GIFTS","X","MEMO","001","Administrative/Salary/Overhead Expenses ","0038550-0002",""
"C00371203","JOHN CARTER FOR CONGRESS","H2TX31044","CARTER, JOHN R REP.","2026","H","TX","31","17","http://docquery.fec.gov/cgi-bin/fecimg/?202601309794990187","","LYFT RIDE","185 BERRY STREET","","SAN FRANCISCO","CA","941075705","2025-12-01","$94.71","TRAVEL - TAXI","X","MEMO","002","Travel Expenses","0038550-0029",""
"C00371203","JOHN CARTER FOR CONGRESS","H2TX31044","CARTER, JOHN R REP.","2026","H","TX","31","17","http://docquery.fec.gov/cgi-bin/fecimg/?202601309794990187","","LYFT RIDE","185 BERRY STREET","","SAN FRANCISCO","CA","941075705","2025-12-01","$195.00","TRAVEL - TAXI","X","MEMO","002","Travel Expenses","0038550-0030",""
"C00371203","JOHN CARTER FOR CONGRESS","H2TX31044","CARTER, JOHN R REP.","2026","H","TX","31","17","http://docquery.fec.gov/cgi-bin/fecimg/?202601309794990188","","LYFT RIDE","185 BERRY STREET","","SAN FRANCISCO","CA","941075705","2025-12-01","$45.25","TRAVEL - TAXI","X","MEMO","002","Travel Expenses","0038550-0031",""
"C00371203","JOHN CARTER FOR CONGRESS","H2TX31044","CARTER, JOHN R REP.","2026","H","TX","31","17","http://docquery.fec.gov/cgi-bin/fecimg/?202601309794990188","","UBER","1455 MARKET ST","STE 400","SAN FRANCISCO","CA","941031355","2025-12-01","$44.96","TRAVEL - TAXI","X","MEMO","002","Travel Expenses","0038550-0032",""
"C00371203","JOHN CARTER FOR CONGRESS","H2TX31044","CARTER, JOHN R REP.","2026","H","TX","31","17","http://docquery.fec.gov/cgi-bin/fecimg/?202601309794990188","","LYFT RIDE","185 BERRY STREET","","SAN FRANCISCO","CA","941075705","2025-12-01","$265.68","TRAVEL - TAXI","X","MEMO","002","Travel Expenses","0038550-0034",""
"C00371203","JOHN CARTER FOR CONGRESS","H2TX31044","CARTER, JOHN R REP.","2026","H","TX","31","17","http://docquery.fec.gov/cgi-bin/fecimg/?202601309794990191","","AUSTIN ARTICLE","3600 PRESIDENTIAL BLVD","","AUSTIN","TX","787192363","2025-12-01","$15.26","OFFICE SUPPLIES","X","MEMO","001","Administrative/Salary/Overhead Expenses ","0038550-0043",""
"C00371203","JOHN CARTER FOR CONGRESS","H2TX31044","CARTER, JOHN R REP.","2026","H","TX","31","17","http://docquery.fec.gov/cgi-bin/fecimg/?202601309794990191","","VERIZON WIRELESS","PO BOX 660108","","DALLAS","TX","752660108","2025-12-03","$525.24","CELL PHONE SERVICE","","","001","Administrative/Salary/Overhead Expenses ","0038546",""
"C00371203","JOHN CARTER FOR CONGRESS","H2TX31044","CARTER, JOHN R REP.","2026","H","TX","31","17","http://docquery.fec.gov/cgi-bin/fecimg/?202601309794990161","","CHART HOUSE","231 YACHT CLUB WAY","","REDONDO BEACH","CA","90277","2025-10-09","$276.09","MEETING - FOOD & BEVERAGE","X","MEMO","007","Campaign Event Expenses","0038548-0015",""
"C00371203","JOHN CARTER FOR CONGRESS","H2TX31044","CARTER, JOHN R REP.","2026","H","TX","31","17","http://docquery.fec.gov/cgi-bin/fecimg/?202601309794990171","","H-E-B","603 LOUIS HENNA BLVD","","ROUND ROCK","TX","786647186","2025-11-12","$873.08","EVENT - CATERING","X","MEMO","003","Solicitation and Fundraising Expenses ","0038549-0004",""
"C00371203","JOHN CARTER FOR CONGRESS","H2TX31044","CARTER, JOHN R REP.","2026","H","TX","31","17","http://docquery.fec.gov/cgi-bin/fecimg/?202601309794990171","","APPLE.COM","ONE APPLE PARK WAY","","CUPERTINO","CA","95014","2025-11-12","$8.49","IT SERVICES","X","MEMO","001","Administrative/Salary/Overhead Expenses ","0038549-0005",""
"C00371203","JOHN CARTER FOR CONGRESS","H2TX31044","CARTER, JOHN R REP.","2026","H","TX","31","17","http://docquery.fec.gov/cgi-bin/fecimg/?202601309794990172","","H-E-B","603 LOUIS HENNA BLVD","","ROUND ROCK","TX","786647186","2025-11-12","$8.05","TRAVEL - FOOD & BEVERAGE","X","MEMO","002","Travel Expenses","0038549-0006",""
"C00371203","JOHN CARTER FOR CONGRESS","H2TX31044","CARTER, JOHN R REP.","2026","H","TX","31","17","http://docquery.fec.gov/cgi-bin/fecimg/?202601309794990172","","H-E-B","603 LOUIS HENNA BLVD","","ROUND ROCK","TX","786647186","2025-11-12","$127.02","EVENT - SUPPLIES","X","MEMO","003","Solicitation and Fundraising Expenses ","0038549-0007",""
"C00371203","JOHN CARTER FOR CONGRESS","H2TX31044","CARTER, JOHN R REP.","2026","H","TX","31","17","http://docquery.fec.gov/cgi-bin/fecimg/?202601309794990172","","THE UPS STORE","4500 WILLIAMS DR","","GEORGETOWN","TX","786331332","2025-11-12","$278.23","SHIPPING CHARGES","X","MEMO","001","Administrative/Salary/Overhead Expenses ","0038549-0008",""
"C00371203","JOHN CARTER FOR CONGRESS","H2TX31044","CARTER, JOHN R REP.","2026","H","TX","31","17","http://docquery.fec.gov/cgi-bin/fecimg/?202601309794990173","","SHELL OIL","511 N MAIN ST","","ELGIN","TX","786212656","2025-11-12","$37.45","TRAVEL - FUEL","X","MEMO","002","Travel Expenses","0038549-0009",""
"C00371203","JOHN CARTER FOR CONGRESS","H2TX31044","CARTER, JOHN R REP.","2026","H","TX","31","17","http://docquery.fec.gov/cgi-bin/fecimg/?202601309794990173","","CHASE - CARD MEMBER SERVICES","PO BOX 6294","","CAROL STREAM","IL","601976294","2025-11-12","$494.37","MERCHANT SERVICE FEE","X","MEMO","001","Administrative/Salary/Overhead Expenses ","0038549-0010",""
"C00371203","JOHN CARTER FOR CONGRESS","H2TX31044","CARTER, JOHN R REP.","2026","H","TX","31","17","http://docquery.fec.gov/cgi-bin/fecimg/?202601309794990173","","WALDORF HOTELS","9336 CIVIC CENTRO DRIVE BEVERLY","","BEVERLY HILLS","CA","90210","2025-11-12","$817.03","TRAVEL - LODGING","X","MEMO","002","Travel Expenses","0038549-0011",""
"C00371203","JOHN CARTER FOR CONGRESS","H2TX31044","CARTER, JOHN R REP.","2026","H","TX","31","17","http://docquery.fec.gov/cgi-bin/fecimg/?202601309794990174","","SOUTHWEST AIRLINE","8008 CEDAR SPRINGS RD","","DALLAS","TX","752352852","2025-11-12","$17.34","TRAVEL - SERVICE FEE","X","MEMO","002","Travel Expenses","0038549-0012",""
"C00371203","JOHN CARTER FOR CONGRESS","H2TX31044","CARTER, JOHN R REP.","2026","H","TX","31","17","http://docquery.fec.gov/cgi-bin/fecimg/?202601309794990174","","SOUTHWEST AIRLINE","8008 CEDAR SPRINGS RD","","DALLAS","TX","752352852","2025-11-12","-$608.96","REFUND: TRAVEL - AIRFARE","X","MEMO","002","Travel Expenses","0038549-0013",""
"C00371203","JOHN CARTER FOR CONGRESS","H2TX31044","CARTER, JOHN R REP.","2026","H","TX","31","17","http://docquery.fec.gov/cgi-bin/fecimg/?202601309794990174","","HOUSE OFFICE SUPPLY","B_217 LONGWORTH HOUSE OFFICE BLDG","","WASHINGTON","DC","20005","2025-11-12","$90.00","OFFICE SUPPLIES","X","MEMO","001","Administrative/Salary/Overhead Expenses ","0038549-0016",""
"C00371203","JOHN CARTER FOR CONGRESS","H2TX31044","CARTER, JOHN R REP.","2026","H","TX","31","17","http://docquery.fec.gov/cgi-bin/fecimg/?202601309794990175","","CAPITAL GRILLE","601 PENNSYLVANIA AVE NW","","WASHINGTON","DC","200042601","2025-11-12","$569.38","EVENT - CATERING","X","MEMO","003","Solicitation and Fundraising Expenses ","0038549-0017",""
"C00907329","JUSTIN EARLY FOR CONGRESS","H6TX31094","EARLY, JUSTIN","2026","H","TX","31","17","http://docquery.fec.gov/cgi-bin/fecimg/?202601319808844124","","ACTBLUE TECHNICAL SERVICES","P.O. BOX 441146","","SOMERVILLE","MA","02144","2025-10-22","$3.80","CONTRIBUTION PROCESSING FEES","","","001","Administrative/Salary/Overhead Expenses ","B-359",""
"C00907329","JUSTIN EARLY FOR CONGRESS","H6TX31094","EARLY, JUSTIN","2026","H","TX","31","17","http://docquery.fec.gov/cgi-bin/fecimg/?202601319808844124","","ACTBLUE TECHNICAL SERVICES","P.O. BOX 441146","","SOMERVILLE","MA","02144","2025-11-02","$5.83","CONTRIBUTION PROCESSING FEES","","","001","Administrative/Salary/Overhead Expenses ","B-353",""
"C00907329","JUSTIN EARLY FOR CONGRESS","H6TX31094","EARLY, JUSTIN","2026","H","TX","31","17","http://docquery.fec.gov/cgi-bin/fecimg/?202601319808844125","","INTEGRATED SOLUTIONS: POLITICAL","4142 ADAMS AVENUE","SUITE 103-550","SAN DIEGO","CA","92116","2025-11-04","$450.00","COMPLIANCE SOFTWARE","","","001","Administrative/Salary/Overhead Expenses ","B-366",""
"C00907329","JUSTIN EARLY FOR CONGRESS","H6TX31094","EARLY, JUSTIN","2026","H","TX","31","17","http://docquery.fec.gov/cgi-bin/fecimg/?202601319808844125","","ACTBLUE TECHNICAL SERVICES","P.O. BOX 441146","","SOMERVILLE","MA","02144","2025-11-08","$9.30","CONTRIBUTION PROCESSING FEES","","","001","Administrative/Salary/Overhead Expenses ","B-365",""
"C00907329","JUSTIN EARLY FOR CONGRESS","H6TX31094","EARLY, JUSTIN","2026","H","TX","31","17","http://docquery.fec.gov/cgi-bin/fecimg/?202601319808844125","","SUNRISE POLITICAL SOLUTIONS, INC","PO BOX 1004","","LA MESA","CA","91944","2025-11-12","$900.00","COMPLIANCE SERVICES","","","001","Administrative/Salary/Overhead Expenses ","B-376",""
"C00907329","JUSTIN EARLY FOR CONGRESS","H6TX31094","EARLY, JUSTIN","2026","H","TX","31","17","http://docquery.fec.gov/cgi-bin/fecimg/?202601319808844126","","ACTBLUE TECHNICAL SERVICES","P.O. BOX 441146","","SOMERVILLE","MA","02144","2025-11-15","$5.93","CONTRIBUTION PROCESSING FEES","","","001","Administrative/Salary/Overhead Expenses ","B-374",""
"C00907329","JUSTIN EARLY FOR CONGRESS","H6TX31094","EARLY, JUSTIN","2026","H","TX","31","17","http://docquery.fec.gov/cgi-bin/fecimg/?202601319808844126","","ACTBLUE TECHNICAL SERVICES","P.O. BOX 441146","","SOMERVILLE","MA","02144","2025-11-22","$31.86","CONTRIBUTION PROCESSING FEES","","","001","Administrative/Salary/Overhead Expenses ","B-390",""
"C00907329","JUSTIN EARLY FOR CONGRESS","H6TX31094","EARLY, JUSTIN","2026","H","TX","31","17","http://docquery.fec.gov/cgi-bin/fecimg/?202601319808844126","","ACTBLUE TECHNICAL SERVICES","P.O. BOX 441146","","SOMERVILLE","MA","02144","2025-11-30","$1.98","CONTRIBUTION PROCESSING FEES","","","001","Administrative/Salary/Overhead Expenses ","B-394",""
"C00907329","JUSTIN EARLY FOR CONGRESS","H6TX31094","EARLY, JUSTIN","2026","H","TX","31","17","http://docquery.fec.gov/cgi-bin/fecimg/?202601319808844127","","INTEGRATED SOLUTIONS: POLITICAL","4142 ADAMS AVENUE","SUITE 103-550","SAN DIEGO","CA","92116","2025-12-02","$450.00","COMPLIANCE SOFTWARE","","","001","Administrative/Salary/Overhead Expenses ","B-442",""
"C00907329","JUSTIN EARLY FOR CONGRESS","H6TX31094","EARLY, JUSTIN","2026","H","TX","31","17","http://docquery.fec.gov/cgi-bin/fecimg/?202601319808844127","","ACTBLUE TECHNICAL SERVICES","P.O. BOX 441146","","SOMERVILLE","MA","02144","2025-12-07","$44.86","CONTRIBUTION PROCESSING FEES","","","001","Administrative/Salary/Overhead Expenses ","B-433",""
"C00907329","JUSTIN EARLY FOR CONGRESS","H6TX31094","EARLY, JUSTIN","2026","H","TX","31","17","http://docquery.fec.gov/cgi-bin/fecimg/?202601319808844127","","SUNRISE POLITICAL SOLUTIONS, INC","PO BOX 1004","","LA MESA","CA","91944","2025-12-08","$387.50","COMPLIANCE SERVICES","","","001","Administrative/Salary/Overhead Expenses ","B-443",""
"C00371203","JOHN CARTER FOR CONGRESS","H2TX31044","CARTER, JOHN R REP.","2026","H","TX","31","17","http://docquery.fec.gov/cgi-bin/fecimg/?202601309794990189","","CHASE - CARD MEMBER SERVICES","PO BOX 6294","","CAROL STREAM","IL","601976294","2025-12-01","$40.00","MERCHANT SERVICE FEE","X","MEMO","001","Administrative/Salary/Overhead Expenses ","0038550-0035",""
"C00371203","JOHN CARTER FOR CONGRESS","H2TX31044","CARTER, JOHN R REP.","2026","H","TX","31","17","http://docquery.fec.gov/cgi-bin/fecimg/?202601309794990189","","HOMEWOOD SUITES","1025 ELM ST","","DALLAS","TX","752023113","2025-12-01","$270.18","TRAVEL - LODGING","X","MEMO","002","Travel Expenses","0038550-0036",""
"C00371203","JOHN CARTER FOR CONGRESS","H2TX31044","CARTER, JOHN R REP.","2026","H","TX","31","17","http://docquery.fec.gov/cgi-bin/fecimg/?202601309794990189","","LYFT RIDE","185 BERRY STREET","","SAN FRANCISCO","CA","941075705","2025-12-01","$52.63","TRAVEL - TAXI","X","MEMO","002","Travel Expenses","0038550-0037",""
"C00371203","JOHN CARTER FOR CONGRESS","H2TX31044","CARTER, JOHN R REP.","2026","H","TX","31","17","http://docquery.fec.gov/cgi-bin/fecimg/?202601309794990190","","HOMEWOOD SUITES","1025 ELM ST","","DALLAS","TX","752023113","2025-12-01","$270.18","TRAVEL - LODGING","X","MEMO","002","Travel Expenses","0038550-0038",""
"C00371203","JOHN CARTER FOR CONGRESS","H2TX31044","CARTER, JOHN R REP.","2026","H","TX","31","17","http://docquery.fec.gov/cgi-bin/fecimg/?202601309794990190","","CHASE - CARD MEMBER SERVICES","PO BOX 6294","","CAROL STREAM","IL","601976294","2025-12-01","$679.13","MERCHANT SERVICE FEE","X","MEMO","001","Administrative/Salary/Overhead Expenses ","0038550-0040",""
"C00371203","JOHN CARTER FOR CONGRESS","H2TX31044","CARTER, JOHN R REP.","2026","H","TX","31","17","http://docquery.fec.gov/cgi-bin/fecimg/?202601309794990190","","TICKETMASTER","8800 W SUNSET BLVD","","WEST HOLLYWOOD","CA","900692105","2025-12-01","$163.90","EVENT - TICKET","X","MEMO","003","Solicitation and Fundraising Expenses ","0038550-0041",""
"C00371203","JOHN CARTER FOR CONGRESS","H2TX31044","CARTER, JOHN R REP.","2026","H","TX","31","17","http://docquery.fec.gov/cgi-bin/fecimg/?202601309794990191","","WHITE HOUSE HISTORICAL ASSOCIATION","PO BOX 27624","","WASHINGTON","DC","200387624","2025-12-01","$3,396.94","CONSTITUENT GIFTS","X","MEMO","001","Administrative/Salary/Overhead Expenses ","0038550-0042",""
"C00371203","JOHN CARTER FOR CONGRESS","H2TX31044","CARTER, JOHN R REP.","2026","H","TX","31","17","http://docquery.fec.gov/cgi-bin/fecimg/?202601309794990157","","GEORGETOWN CHAMBER OF COMMERCE","1 CHAMBER WAY","","GEORGETOWN","TX","786264313","2025-10-02","$150.00","EVENT - TICKET","","","003","Solicitation and Fundraising Expenses ","0038561",""
"C00371203","JOHN CARTER FOR CONGRESS","H2TX31044","CARTER, JOHN R REP.","2026","H","TX","31","17","http://docquery.fec.gov/cgi-bin/fecimg/?202601309794990157","","DRUCKER LAWHON, LLP","317 15TH ST NE","","WASHINGTON","DC","200026501","2025-10-02","$15,555.65","FUNDRAISING CONSULTING","","","003","Solicitation and Fundraising Expenses ","0038562",""
"C00371203","JOHN CARTER FOR CONGRESS","H2TX31044","CARTER, JOHN R REP.","2026","H","TX","31","17","http://docquery.fec.gov/cgi-bin/fecimg/?202601309794990157","","VERIZON WIRELESS","PO BOX 660108","","DALLAS","TX","752660108","2025-10-03","$687.28","CELL PHONE SERVICE","","","001","Administrative/Salary/Overhead Expenses ","0038542",""
"C00371203","JOHN CARTER FOR CONGRESS","H2TX31044","CARTER, JOHN R REP.","2026","H","TX","31","17","http://docquery.fec.gov/cgi-bin/fecimg/?202601309794990158","","VERIZON WIRELESS","PO BOX 660108","","DALLAS","TX","752660108","2025-10-08","$1,055.49","CELL PHONE SERVICE","","","001","Administrative/Salary/Overhead Expenses ","0038543",""
"C00371203","JOHN CARTER FOR CONGRESS","H2TX31044","CARTER, JOHN R REP.","2026","H","TX","31","17","http://docquery.fec.gov/cgi-bin/fecimg/?202601309794990158","","DOMAIN NETWORKS","PO BOX 1280","","HENDERSONVILLE","NC","28793","2025-10-09","$722.00","IT SERVICES - WEBSITE","","","001","Administrative/Salary/Overhead Expenses ","0038567",""
"C00371203","JOHN CARTER FOR CONGRESS","H2TX31044","CARTER, JOHN R REP.","2026","H","TX","31","17","http://docquery.fec.gov/cgi-bin/fecimg/?202601309794990158","","MORGAN, MEREDITH & ASSOCIATES","22780 INDIAN CREEK DR","","DULLES","VA","201666746","2025-10-09","$722.50","REPORTING SERVICES","","","001","Administrative/Salary/Overhead Expenses ","0038566",""
"C00371203","JOHN CARTER FOR CONGRESS","H2TX31044","CARTER, JOHN R REP.","2026","H","TX","31","17","http://docquery.fec.gov/cgi-bin/fecimg/?202601309794990159","","CHASE - CARD MEMBER SERVICES","PO BOX 6294","","CAROL STREAM","IL","601976294","2025-10-09","$7,500.00","SEE BELOW","","ITEMIZATION BELOW","001","Administrative/Salary/Overhead Expenses ","0038548",""
"C00371203","JOHN CARTER FOR CONGRESS","H2TX31044","CARTER, JOHN R REP.","2026","H","TX","31","17","http://docquery.fec.gov/cgi-bin/fecimg/?202601309794990159","","APPLE.COM","ONE APPLE PARK WAY","","CUPERTINO","CA","95014","2025-10-09","$8.49","IT SERVICES","X","MEMO","001","Administrative/Salary/Overhead Expenses ","0038548-0001",""
"C00371203","JOHN CARTER FOR CONGRESS","H2TX31044","CARTER, JOHN R REP.","2026","H","TX","31","17","http://docquery.fec.gov/cgi-bin/fecimg/?202601309794990159","","CVS PHARMACY","1855 GATTIS SCHOOL RD","","ROUND ROCK","TX","786647428","2025-10-09","$12.31","OFFICE SUPPLIES","X","MEMO","001","Administrative/Salary/Overhead Expenses ","0038548-0004",""
"C00371203","JOHN CARTER FOR CONGRESS","H2TX31044","CARTER, JOHN R REP.","2026","H","TX","31","17","http://docquery.fec.gov/cgi-bin/fecimg/?202601309794990160","","CAPITOL HILL CLUB","300 1ST ST SE","","WASHINGTON","DC","200031801","2025-10-09","$78.59","MEETING - FOOD & BEVERAGE","X","MEMO","007","Campaign Event Expenses","0038548-0005",""
"C00371203","JOHN CARTER FOR CONGRESS","H2TX31044","CARTER, JOHN R REP.","2026","H","TX","31","17","http://docquery.fec.gov/cgi-bin/fecimg/?202601309794990160","","ENTERPRISE RENT A CAR","2121A N MAYS ST","","ROUND ROCK","TX","786642144","2025-10-09","$313.92","TRAVEL - CAR RENTAL","X","MEMO","002","Travel Expenses","0038548-0012",""
"C00371203","JOHN CARTER FOR CONGRESS","H2TX31044","CARTER, JOHN R REP.","2026","H","TX","31","17","http://docquery.fec.gov/cgi-bin/fecimg/?202601309794990160","","DELTA AIRLINES","1001 INTERNATIONAL BLVD","","ATLANTA","GA","303541802","2025-10-09","$35.00","TRAVEL - SERVICE FEE","X","MEMO","002","Travel Expenses","0038548-0013",""
"C00371203","JOHN CARTER FOR CONGRESS","H2TX31044","CARTER, JOHN R REP.","2026","H","TX","31","17","http://docquery.fec.gov/cgi-bin/fecimg/?202601309794990168","","WINRED","PO BOX 9891","","ARLINGTON","VA","22219","2025-10-31","$1.99","EARMARK PROCESSING FEE","","","001","Administrative/Salary/Overhead Expenses ","0038628",""
"C00929950","ELVIS FOR CONGRESS","H6TX31177","LOSSA, ELVIS ARTURO","2026","H","TX","31","17","http://docquery.fec.gov/cgi-bin/fecimg/?202602209837794153","","META PLATFORMS, INC.","1 HACKER WAY","","MENLO PARK","CA","94025","2026-01-16","$60.00","ONLINE ADVERTISING","","","","","SB17.4152",""
"C00929950","ELVIS FOR CONGRESS","H6TX31177","LOSSA, ELVIS ARTURO","2026","H","TX","31","17","http://docquery.fec.gov/cgi-bin/fecimg/?202602209837794153","","META PLATFORMS, INC.","1 HACKER WAY","","MENLO PARK","CA","94025","2026-01-20","$210.00","ONLINE ADVERTISING","","","","","SB17.4153",""
"C00929950","ELVIS FOR CONGRESS","H6TX31177","LOSSA, ELVIS ARTURO","2026","H","TX","31","17","http://docquery.fec.gov/cgi-bin/fecimg/?202602209837794153","","META PLATFORMS, INC.","1 HACKER WAY","","MENLO PARK","CA","94025","2026-01-21","$81.00","","","","","","SB17.4154",""
"C00929950","ELVIS FOR CONGRESS","H6TX31177","LOSSA, ELVIS ARTURO","2026","H","TX","31","17","http://docquery.fec.gov/cgi-bin/fecimg/?202602209837794154","","META PLATFORMS, INC.","1 HACKER WAY","","MENLO PARK","CA","94025","2026-01-23","$87.00","ONLINE ADVERTISING","","","","","SB17.4155",""
"C00929950","ELVIS FOR CONGRESS","H6TX31177","LOSSA, ELVIS ARTURO","2026","H","TX","31","17","http://docquery.fec.gov/cgi-bin/fecimg/?202602209837794154","","META PLATFORMS, INC.","1 HACKER WAY","","MENLO PARK","CA","94025","2026-01-26","$193.00","ONLINE ADVERTISING","","","","","SB17.4156",""
"C00929950","ELVIS FOR CONGRESS","H6TX31177","LOSSA, ELVIS ARTURO","2026","H","TX","31","17","http://docquery.fec.gov/cgi-bin/fecimg/?202602209837794154","","META PLATFORMS, INC.","1 HACKER WAY","","MENLO PARK","CA","94025","2026-01-28","$107.00","ONLINE ADVERTISING","","","","","SB17.4157",""
"C00929950","ELVIS FOR CONGRESS","H6TX31177","LOSSA, ELVIS ARTURO","2026","H","TX","31","17","http://docquery.fec.gov/cgi-bin/fecimg/?202602209837794155","","META PLATFORMS, INC.","1 HACKER WAY","","MENLO PARK","CA","94025","2026-01-29","$5.60","ONLINE ADVERTISING","","","","","SB17.4158",""
"C00929950","ELVIS FOR CONGRESS","H6TX31177","LOSSA, ELVIS ARTURO","2026","H","TX","31","17","http://docquery.fec.gov/cgi-bin/fecimg/?202602209837794155","","META PLATFORMS, INC.","1 HACKER WAY","","MENLO PARK","CA","94025","2026-01-30","$114.00","ONLINE ADVERTISING","","","","","SB17.4159",""
"C00929950","ELVIS FOR CONGRESS","H6TX31177","LOSSA, ELVIS ARTURO","2026","H","TX","31","17","http://docquery.fec.gov/cgi-bin/fecimg/?202602209837794155","","META PLATFORMS, INC.","1 HACKER WAY","","MENLO PARK","CA","94025","2026-02-02","$122.00","ONLINE ADVERTISING","","","","","SB17.4160",""
"C00929950","ELVIS FOR CONGRESS","H6TX31177","LOSSA, ELVIS ARTURO","2026","H","TX","31","17","http://docquery.fec.gov/cgi-bin/fecimg/?202602209837794156","","META PLATFORMS, INC.","1 HACKER WAY","","MENLO PARK","CA","94025","2026-02-05","$130.00","ONLINE ADVERTISING","","","","","SB17.4161",""
"C00929950","ELVIS FOR CONGRESS","H6TX31177","LOSSA, ELVIS ARTURO","2026","H","TX","31","17","http://docquery.fec.gov/cgi-bin/fecimg/?202602209837794156","","PRINTANDPIXEL","1310 RANCH RD 620 S","","AUSTIN","TX","78734","2026-01-06","$460.06","YARD SIGNS","","","","","SB17.4166",""
"C00371203","JOHN CARTER FOR CONGRESS","H2TX31044","CARTER, JOHN R REP.","2026","H","TX","31","17","http://docquery.fec.gov/cgi-bin/fecimg/?202601309794990168","","INTERNAL REVENUE SERVICE","DEPARTMENT OF THE TREASURY","","AUSTIN","TX","733010001","2025-10-31","$9.00","PAYROLL TAXES","","","001","Administrative/Salary/Overhead Expenses ","0038554",""
"C00371203","JOHN CARTER FOR CONGRESS","H2TX31044","CARTER, JOHN R REP.","2026","H","TX","31","17","http://docquery.fec.gov/cgi-bin/fecimg/?202601309794990169","","VERIZON WIRELESS","PO BOX 660108","","DALLAS","TX","752660108","2025-11-03","$529.16","CELL PHONE SERVICE","","","001","Administrative/Salary/Overhead Expenses ","0038544",""
"C00371203","JOHN CARTER FOR CONGRESS","H2TX31044","CARTER, JOHN R REP.","2026","H","TX","31","17","http://docquery.fec.gov/cgi-bin/fecimg/?202601309794990169","","DRUCKER LAWHON, LLP","317 15TH ST NE","","WASHINGTON","DC","200026501","2025-11-05","$3,950.00","FUNDRAISING CONSULTING","","","003","Solicitation and Fundraising Expenses ","0038569",""
"C00371203","JOHN CARTER FOR CONGRESS","H2TX31044","CARTER, JOHN R REP.","2026","H","TX","31","17","http://docquery.fec.gov/cgi-bin/fecimg/?202601309794990169","","MORGAN, MEREDITH & ASSOCIATES","22780 INDIAN CREEK DR","","DULLES","VA","201666746","2025-11-05","$875.00","REPORTING SERVICES","","","001","Administrative/Salary/Overhead Expenses ","0038568",""
"C00371203","JOHN CARTER FOR CONGRESS","H2TX31044","CARTER, JOHN R REP.","2026","H","TX","31","17","http://docquery.fec.gov/cgi-bin/fecimg/?202601309794990170","","VERIZON WIRELESS","PO BOX 660108","","DALLAS","TX","752660108","2025-11-10","$451.24","CELL PHONE SERVICE","","","001","Administrative/Salary/Overhead Expenses ","0038545",""
"C00371203","JOHN CARTER FOR CONGRESS","H2TX31044","CARTER, JOHN R REP.","2026","H","TX","31","17","http://docquery.fec.gov/cgi-bin/fecimg/?202601309794990170","","CHASE - CARD MEMBER SERVICES","PO BOX 6294","","CAROL STREAM","IL","601976294","2025-11-12","$5,000.00","SEE BELOW","","ITEMIZATION BELOW","001","Administrative/Salary/Overhead Expenses ","0038549",""
"C00371203","JOHN CARTER FOR CONGRESS","H2TX31044","CARTER, JOHN R REP.","2026","H","TX","31","17","http://docquery.fec.gov/cgi-bin/fecimg/?202601309794990170","","SEATGEEK","902 BRAODWAY","","NEW YORK","NY","10010","2025-11-12","$309.55","EVENT - TICKETS","X","MEMO","003","Solicitation and Fundraising Expenses ","0038549-0001",""
"C00371203","JOHN CARTER FOR CONGRESS","H2TX31044","CARTER, JOHN R REP.","2026","H","TX","31","17","http://docquery.fec.gov/cgi-bin/fecimg/?202601309794990171","","ACADEMY SPORTS","1351 S I-35","","ROUND ROCK","TX","786640000","2025-11-12","$197.51","EVENT - SUPPLIES","X","MEMO","003","Solicitation and Fundraising Expenses ","0038549-0003",""
"C00371203","JOHN CARTER FOR CONGRESS","H2TX31044","CARTER, JOHN R REP.","2026","H","TX","31","17","http://docquery.fec.gov/cgi-bin/fecimg/?202601309794990161","","SPYDER II","65 PIER AVE","","HERMOSA BEACH","CA","90254","2025-10-09","$257.24","CONSTITUENT GIFTS","X","MEMO","001","Administrative/Salary/Overhead Expenses ","0038548-0014",""
"C00371203","JOHN CARTER FOR CONGRESS","H2TX31044","CARTER, JOHN R REP.","2026","H","TX","31","17","http://docquery.fec.gov/cgi-bin/fecimg/?202601309794990162","","H-E-B","603 LOUIS HENNA BLVD","","ROUND ROCK","TX","786647186","2025-10-09","$467.27","EVENT - CATERING","X","MEMO","003","Solicitation and Fundraising Expenses ","0038548-0018",""
"C00371203","JOHN CARTER FOR CONGRESS","H2TX31044","CARTER, JOHN R REP.","2026","H","TX","31","17","http://docquery.fec.gov/cgi-bin/fecimg/?202601309794990162","","THE UPS STORE","4500 WILLIAMS DR","","GEORGETOWN","TX","786331332","2025-10-09","$34.96","SHIPPING CHARGES","X","MEMO","001","Administrative/Salary/Overhead Expenses ","0038548-0019",""
"C00371203","JOHN CARTER FOR CONGRESS","H2TX31044","CARTER, JOHN R REP.","2026","H","TX","31","17","http://docquery.fec.gov/cgi-bin/fecimg/?202601309794990163","","SOUTHWEST AIRLINE","8008 CEDAR SPRINGS RD","","DALLAS","TX","752352852","2025-10-09","$11.20","TRAVEL - SERVICE FEE","X","MEMO","002","Travel Expenses","0038548-0020",""
"C00371203","JOHN CARTER FOR CONGRESS","H2TX31044","CARTER, JOHN R REP.","2026","H","TX","31","17","http://docquery.fec.gov/cgi-bin/fecimg/?202601309794990163","","YMCA OF CENTRAL TEXAS","1812 N MAYS ST","","ROUND ROCK","TX","78664","2025-10-09","$1,500.00","EVENT - VENUE RENTAL","X","MEMO","003","Solicitation and Fundraising Expenses ","0038548-0024",""
"C00371203","JOHN CARTER FOR CONGRESS","H2TX31044","CARTER, JOHN R REP.","2026","H","TX","31","17","http://docquery.fec.gov/cgi-bin/fecimg/?202601309794990163","","APPLE.COM","ONE APPLE PARK WAY","","CUPERTINO","CA","95014","2025-10-09","$8.49","IT SERVICES","X","MEMO","001","Administrative/Salary/Overhead Expenses ","0038548-0025",""
"C00371203","JOHN CARTER FOR CONGRESS","H2TX31044","CARTER, JOHN R REP.","2026","H","TX","31","17","http://docquery.fec.gov/cgi-bin/fecimg/?202601309794990164","","UBER","1455 MARKET ST","STE 400","SAN FRANCISCO","CA","941031355","2025-10-09","$16.78","TRAVEL - TAXI","X","MEMO","002","Travel Expenses","0038548-0026",""
"C00371203","JOHN CARTER FOR CONGRESS","H2TX31044","CARTER, JOHN R REP.","2026","H","TX","31","17","http://docquery.fec.gov/cgi-bin/fecimg/?202601309794990164","","UBER","1455 MARKET ST","STE 400","SAN FRANCISCO","CA","941031355","2025-10-09","$16.81","TRAVEL - TAXI","X","MEMO","002","Travel Expenses","0038548-0027",""
"C00371203","JOHN CARTER FOR CONGRESS","H2TX31044","CARTER, JOHN R REP.","2026","H","TX","31","17","http://docquery.fec.gov/cgi-bin/fecimg/?202601309794990164","","SUDS DELUXE CAR WASH","2991 FM1460","","GEORGETOWN","TX","78626","2025-10-09","$99.97","CAMPAIGN VEHICLE MAINTENANCE","X","MEMO","001","Administrative/Salary/Overhead Expenses ","0038548-0028",""
"C00371203","JOHN CARTER FOR CONGRESS","H2TX31044","CARTER, JOHN R REP.","2026","H","TX","31","17","http://docquery.fec.gov/cgi-bin/fecimg/?202601309794990175","","WALGREENS","901 E PALM VALLEY BLVD","","ROUND ROCK","TX","786643209","2025-11-12","$17.57","OFFICE SUPPLIES","X","MEMO","001","Administrative/Salary/Overhead Expenses ","0038549-0018",""
"C00371203","JOHN CARTER FOR CONGRESS","H2TX31044","CARTER, JOHN R REP.","2026","H","TX","31","17","http://docquery.fec.gov/cgi-bin/fecimg/?202601309794990175","","APPLE.COM","ONE APPLE PARK WAY","","CUPERTINO","CA","95014","2025-11-12","$8.49","IT SERVICES","X","MEMO","001","Administrative/Salary/Overhead Expenses ","0038549-0019",""
"C00371203","JOHN CARTER FOR CONGRESS","H2TX31044","CARTER, JOHN R REP.","2026","H","TX","31","17","http://docquery.fec.gov/cgi-bin/fecimg/?202601309794990176","","WHATABURGER","1701 S BECKLEY RD","","GLENN HEIGHTS","TX","751548656","2025-11-12","$14.93","MEETING - FOOD & BEVERAGE","X","MEMO","007","Campaign Event Expenses","0038549-0020",""
"C00371203","JOHN CARTER FOR CONGRESS","H2TX31044","CARTER, JOHN R REP.","2026","H","TX","31","17","http://docquery.fec.gov/cgi-bin/fecimg/?202601309794990176","","ENTERPRISE RENT A CAR","2121A N MAYS ST","","ROUND ROCK","TX","786642144","2025-11-12","$415.67","TRAVEL - CAR RENTAL","X","MEMO","002","Travel Expenses","0038549-0022",""
"C00371203","JOHN CARTER FOR CONGRESS","H2TX31044","CARTER, JOHN R REP.","2026","H","TX","31","17","http://docquery.fec.gov/cgi-bin/fecimg/?202601309794990176","","HILTON HOTEL","500 E 4TH ST","","AUSTIN","TX","787013720","2025-11-12","$.01","TRAVEL - LODGING","X","MEMO","002","Travel Expenses","0038549-0023",""
"C00371203","JOHN CARTER FOR CONGRESS","H2TX31044","CARTER, JOHN R REP.","2026","H","TX","31","17","http://docquery.fec.gov/cgi-bin/fecimg/?202601309794990181","","SUDS DELUXE CAR WASH","2991 FM1460","","GEORGETOWN","TX","78626","2025-12-01","$99.97","CAMPAIGN VEHICLE MAINTENANCE","X","MEMO","001","Administrative/Salary/Overhead Expenses ","0038550-0004",""
"C00371203","JOHN CARTER FOR CONGRESS","H2TX31044","CARTER, JOHN R REP.","2026","H","TX","31","17","http://docquery.fec.gov/cgi-bin/fecimg/?202601309794990181","","APPLE.COM","ONE APPLE PARK WAY","","CUPERTINO","CA","95014","2025-12-01","$8.49","IT SERVICES","X","MEMO","001","Administrative/Salary/Overhead Expenses ","0038550-0005",""
"C00371203","JOHN CARTER FOR CONGRESS","H2TX31044","CARTER, JOHN R REP.","2026","H","TX","31","17","http://docquery.fec.gov/cgi-bin/fecimg/?202601309794990182","","TICKETMASTER","8800 W SUNSET BLVD","","WEST HOLLYWOOD","CA","900692105","2025-12-01","$330.16","EVENT - TICKETS","X","MEMO","003","Solicitation and Fundraising Expenses ","0038550-0007",""
"C00371203","JOHN CARTER FOR CONGRESS","H2TX31044","CARTER, JOHN R REP.","2026","H","TX","31","17","http://docquery.fec.gov/cgi-bin/fecimg/?202601309794990182","","LYFT RIDE","185 BERRY STREET","","SAN FRANCISCO","CA","941075705","2025-12-01","$80.57","TRAVEL - TAXI","X","MEMO","002","Travel Expenses","0038550-0008",""
"C00371203","JOHN CARTER FOR CONGRESS","H2TX31044","CARTER, JOHN R REP.","2026","H","TX","31","17","http://docquery.fec.gov/cgi-bin/fecimg/?202601309794990182","","APPLE.COM","ONE APPLE PARK WAY","","CUPERTINO","CA","95014","2025-12-01","$2.99","IT SERVICES","X","MEMO","001","Administrative/Salary/Overhead Expenses ","0038550-0009",""
"C00371203","JOHN CARTER FOR CONGRESS","H2TX31044","CARTER, JOHN R REP.","2026","H","TX","31","17","http://docquery.fec.gov/cgi-bin/fecimg/?202601309794990183","","TICKETMASTER","8800 W SUNSET BLVD","","WEST HOLLYWOOD","CA","900692105","2025-12-01","$474.00","EVENT - TICKET","X","MEMO","003","Solicitation and Fundraising Expenses ","0038550-0010",""
"C00371203","JOHN CARTER FOR CONGRESS","H2TX31044","CARTER, JOHN R REP.","2026","H","TX","31","17","http://docquery.fec.gov/cgi-bin/fecimg/?202601309794990183","","TICKETMASTER","8800 W SUNSET BLVD","","WEST HOLLYWOOD","CA","900692105","2025-12-01","$474.00","EVENT - TICKET","X","MEMO","003","Solicitation and Fundraising Expenses ","0038550-0013",""
"C00371203","JOHN CARTER FOR CONGRESS","H2TX31044","CARTER, JOHN R REP.","2026","H","TX","31","17","http://docquery.fec.gov/cgi-bin/fecimg/?202601309794990183","","TICKETMASTER","8800 W SUNSET BLVD","","WEST HOLLYWOOD","CA","900692105","2025-12-01","$582.00","EVENT - TICKET","X","MEMO","003","Solicitation and Fundraising Expenses ","0038550-0014",""
"C00371203","JOHN CARTER FOR CONGRESS","H2TX31044","CARTER, JOHN R REP.","2026","H","TX","31","17","http://docquery.fec.gov/cgi-bin/fecimg/?202601309794990184","","SPEEDY STOP 95","551 UNIVERSITY BLVD","","SANDY","TX","78665","2025-12-01","$66.50","TRAVEL - FUEL","X","MEMO","002","Travel Expenses","0038550-0015",""
"C00371203","JOHN CARTER FOR CONGRESS","H2TX31044","CARTER, JOHN R REP.","2026","H","TX","31","17","http://docquery.fec.gov/cgi-bin/fecimg/?202601309794990184","","APPLE.COM","ONE APPLE PARK WAY","","CUPERTINO","CA","95014","2025-12-01","$8.49","IT SERVICES","X","MEMO","001","Administrative/Salary/Overhead Expenses ","0038550-0016",""
"C00371203","JOHN CARTER FOR CONGRESS","H2TX31044","CARTER, JOHN R REP.","2026","H","TX","31","17","http://docquery.fec.gov/cgi-bin/fecimg/?202601309794990184","","LYFT RIDE","185 BERRY STREET","","SAN FRANCISCO","CA","941075705","2025-12-01","$29.20","TRAVEL - TAXI","X","MEMO","002","Travel Expenses","0038550-0018",""
"C00371203","JOHN CARTER FOR CONGRESS","H2TX31044","CARTER, JOHN R REP.","2026","H","TX","31","17","http://docquery.fec.gov/cgi-bin/fecimg/?202601309794990185","","H-E-B","603 LOUIS HENNA BLVD","","ROUND ROCK","TX","786647186","2025-12-01","$266.98","EVENT - CATERING","X","MEMO","003","Solicitation and Fundraising Expenses ","0038550-0019",""
"C00371203","JOHN CARTER FOR CONGRESS","H2TX31044","CARTER, JOHN R REP.","2026","H","TX","31","17","http://docquery.fec.gov/cgi-bin/fecimg/?202601309794990185","","THE UPS STORE","4500 WILLIAMS DR","","GEORGETOWN","TX","786331332","2025-12-01","$35.40","SHIPPING CHARGES","X","MEMO","001","Administrative/Salary/Overhead Expenses ","0038550-0021",""
"C00371203","JOHN CARTER FOR CONGRESS","H2TX31044","CARTER, JOHN R REP.","2026","H","TX","31","17","http://docquery.fec.gov/cgi-bin/fecimg/?202601309794990185","","APPLE.COM","ONE APPLE PARK WAY","","CUPERTINO","CA","95014","2025-12-01","$8.49","IT SERVICES","X","MEMO","001","Administrative/Salary/Overhead Expenses ","0038550-0022",""
"C00371203","JOHN CARTER FOR CONGRESS","H2TX31044","CARTER, JOHN R REP.","2026","H","TX","31","17","http://docquery.fec.gov/cgi-bin/fecimg/?202601309794990186","","LYFT RIDE","185 BERRY STREET","","SAN FRANCISCO","CA","941075705","2025-12-01","$135.92","TRAVEL - TAXI","X","MEMO","002","Travel Expenses","0038550-0023",""
"C00371203","JOHN CARTER FOR CONGRESS","H2TX31044","CARTER, JOHN R REP.","2026","H","TX","31","17","http://docquery.fec.gov/cgi-bin/fecimg/?202601309794990186","","LUPE TORTILLA","813 TEXAS AVE","","COLLEGE STATION","TX","77840","2025-12-01","$149.27","MEETING - FOOD & BEVERAGE","X","MEMO","007","Campaign Event Expenses","0038550-0024",""
"C00371203","JOHN CARTER FOR CONGRESS","H2TX31044","CARTER, JOHN R REP.","2026","H","TX","31","17","http://docquery.fec.gov/cgi-bin/fecimg/?202601309794990186","","CAPITAL GRILLE","601 PENNSYLVANIA AVE NW","","WASHINGTON","DC","200042601","2025-12-01","$262.41","MEETING - FOOD & BEVERAGE","X","MEMO","007","Campaign Event Expenses","0038550-0025",""
"C00371203","JOHN CARTER FOR CONGRESS","H2TX31044","CARTER, JOHN R REP.","2026","H","TX","31","17","http://docquery.fec.gov/cgi-bin/fecimg/?202601309794990187","","LYFT RIDE","185 BERRY STREET","","SAN FRANCISCO","CA","941075705","2025-12-01","$61.78","TRAVEL - TAXI","X","MEMO","002","Travel Expenses","0038550-0028",""
"C00371203","JOHN CARTER FOR CONGRESS","H2TX31044","CARTER, JOHN R REP.","2026","H","TX","31","17","http://docquery.fec.gov/cgi-bin/fecimg/?202601309794990192","","VERIZON WIRELESS","PO BOX 660108","","DALLAS","TX","752660108","2025-12-08","$448.18","CELL PHONE SERVICE","","","001","Administrative/Salary/Overhead Expenses ","0038547",""
"C00371203","JOHN CARTER FOR CONGRESS","H2TX31044","CARTER, JOHN R REP.","2026","H","TX","31","17","http://docquery.fec.gov/cgi-bin/fecimg/?202601309794990192","","DRUCKER LAWHON, LLP","317 15TH ST NE","","WASHINGTON","DC","200026501","2025-12-09","$2,569.74","FUNDRAISING CONSULTING","","","003","Solicitation and Fundraising Expenses ","0038576",""
"C00371203","JOHN CARTER FOR CONGRESS","H2TX31044","CARTER, JOHN R REP.","2026","H","TX","31","17","http://docquery.fec.gov/cgi-bin/fecimg/?202601309794990192","","TEXAS DOMAIN DIRECTORY","PO BOX 1220","","HENDERSONVILLE","NC","287931220","2025-12-12","$291.00","ADVERTISING","","","004","Advertising Expenses ","0038577",""
"C00371203","JOHN CARTER FOR CONGRESS","H2TX31044","CARTER, JOHN R REP.","2026","H","TX","31","17","http://docquery.fec.gov/cgi-bin/fecimg/?202601309794990193","","MORGAN, MEREDITH & ASSOCIATES","22780 INDIAN CREEK DR","","DULLES","VA","201666746","2025-12-12","$762.50","REPORTING SERVICES","","","001","Administrative/Salary/Overhead Expenses ","0038574",""
"C00371203","JOHN CARTER FOR CONGRESS","H2TX31044","CARTER, JOHN R REP.","2026","H","TX","31","17","http://docquery.fec.gov/cgi-bin/fecimg/?202601309794990193","","MORGAN, MEREDITH & ASSOCIATES","22780 INDIAN CREEK DR","","DULLES","VA","201666746","2025-12-12","$662.50","REPORTING SERVICES","","","001","Administrative/Salary/Overhead Expenses ","0038575",""
"C00371203","JOHN CARTER FOR CONGRESS","H2TX31044","CARTER, JOHN R REP.","2026","H","TX","31","17","http://docquery.fec.gov/cgi-bin/fecimg/?202601309794990193","","INTERNAL REVENUE SERVICE","DEPARTMENT OF THE TREASURY","","AUSTIN","TX","733010001","2025-12-15","$269.12","PAYROLL TAXES","","","001","Administrative/Salary/Overhead Expenses ","0038551",""
"C00371203","JOHN CARTER FOR CONGRESS","H2TX31044","CARTER, JOHN R REP.","2026","H","TX","31","17","http://docquery.fec.gov/cgi-bin/fecimg/?202601309794990194","","HILL COUNTRY PAYROLL","1104 S MAYS ST","","ROUND ROCK","TX","786646773","2025-12-30","$101.32","PAYROLL SERVICES","","","001","Administrative/Salary/Overhead Expenses ","0038558",""
"C00371203","JOHN CARTER FOR CONGRESS","H2TX31044","CARTER, JOHN R REP.","2026","H","TX","31","17","http://docquery.fec.gov/cgi-bin/fecimg/?202601309794990194","","HILL COUNTRY PAYROLL","1104 S MAYS ST","","ROUND ROCK","TX","786646773","2025-12-30","$2,620.10","SEE BELOW","","ITEMIZATION BELOW","001","Administrative/Salary/Overhead Expenses ","0038559",""
"C00371203","JOHN CARTER FOR CONGRESS","H2TX31044","CARTER, JOHN R REP.","2026","H","TX","31","17","http://docquery.fec.gov/cgi-bin/fecimg/?202601309794990194","","ROBERTSON AND CONSULTING LLC","516 ANDELE WAY","","LIBERTY HILL","TX","78642","2025-12-30","$2,620.10","POLITICAL STRATEGY CONSULTING","X","MEMO","001","Administrative/Salary/Overhead Expenses ","0038559-0001",""
"C00371203","JOHN CARTER FOR CONGRESS","H2TX31044","CARTER, JOHN R REP.","2026","H","TX","31","17","http://docquery.fec.gov/cgi-bin/fecimg/?202601309794990195","","WINRED","PO BOX 9891","","ARLINGTON","VA","22219","2025-12-31","$74.96","EARMARK PROCESSING FEE","","","001","Administrative/Salary/Overhead Expenses ","0038630",""
"C00371203","JOHN CARTER FOR CONGRESS","H2TX31044","CARTER, JOHN R REP.","2026","H","TX","31","20A","http://docquery.fec.gov/cgi-bin/fecimg/?202601309794990196","","COMPASS POINT GROUP LLC","11330 GOLF VIEW LANE","","NORTH PALM BEACH","FL","33408","2025-10-01","$200.00","REFUND OF CONTRIBUTION","","","010","Refunds of Contributions","0038645",""
"C00371203","JOHN CARTER FOR CONGRESS","H2TX31044","CARTER, JOHN R REP.","2026","H","TX","31","21","http://docquery.fec.gov/cgi-bin/fecimg/?202601309794990197","C00143743","REPUBLICAN PARTY OF TEXAS","PO BOX 2206","","AUSTIN","TX","787013334","2025-11-05","$3,125.00","POLITICAL CONTRIBUTION","","","011","Political Contributions","0038570",""
"C00371203","JOHN CARTER FOR CONGRESS","H2TX31044","CARTER, JOHN R REP.","2026","H","TX","31","21","http://docquery.fec.gov/cgi-bin/fecimg/?202601309794990197","C00762930","BE VICTORIOUS OVER DEMOCRATS PAC","PO BOX 630167","","IRVING","TX","75063","2025-11-05","$1,000.00","POLITICAL CONTRIBUTION","","","011","Political Contributions","0038571",""
"C00371203","JOHN CARTER FOR CONGRESS","H2TX31044","CARTER, JOHN R REP.","2026","H","TX","31","17","http://docquery.fec.gov/cgi-bin/fecimg/?202601309794990161","","SOUTHWEST AIRLINE","8008 CEDAR SPRINGS RD","","DALLAS","TX","752352852","2025-10-09","$86.00","TRAVEL - AIRFARE","X","MEMO","002","Travel Expenses","0038548-0016",""
"C00371203","JOHN CARTER FOR CONGRESS","H2TX31044","CARTER, JOHN R REP.","2026","H","TX","31","17","http://docquery.fec.gov/cgi-bin/fecimg/?202601309794990162","","HOMEWOOD SUITES","1025 ELM ST","","DALLAS","TX","752023113","2025-10-09","$1,462.12","TRAVEL - LODGING","X","MEMO","002","Travel Expenses","0038548-0017",""
"C00371203","JOHN CARTER FOR CONGRESS","H2TX31044","CARTER, JOHN R REP.","2026","H","TX","31","17","http://docquery.fec.gov/cgi-bin/fecimg/?202601309794990165","","APPLE.COM","ONE APPLE PARK WAY","","CUPERTINO","CA","95014","2025-10-09","$8.49","IT SERVICES","X","MEMO","001","Administrative/Salary/Overhead Expenses ","0038548-0029",""
"C00371203","JOHN CARTER FOR CONGRESS","H2TX31044","CARTER, JOHN R REP.","2026","H","TX","31","17","http://docquery.fec.gov/cgi-bin/fecimg/?202601309794990165","","APPLE.COM","ONE APPLE PARK WAY","","CUPERTINO","CA","95014","2025-10-09","$2.99","IT SERVICES","X","MEMO","001","Administrative/Salary/Overhead Expenses ","0038548-0030",""
"C00371203","JOHN CARTER FOR CONGRESS","H2TX31044","CARTER, JOHN R REP.","2026","H","TX","31","17","http://docquery.fec.gov/cgi-bin/fecimg/?202601309794990165","","APPLE.COM","ONE APPLE PARK WAY","","CUPERTINO","CA","95014","2025-10-09","$8.49","IT SERVICES","X","MEMO","001","Administrative/Salary/Overhead Expenses ","0038548-0032",""
"C00371203","JOHN CARTER FOR CONGRESS","H2TX31044","CARTER, JOHN R REP.","2026","H","TX","31","17","http://docquery.fec.gov/cgi-bin/fecimg/?202601309794990166","","HILTON HOTEL","500 E 4TH ST","","AUSTIN","TX","787013720","2025-10-09","$1,105.52","TRAVEL - LODGING","X","MEMO","002","Travel Expenses","0038548-0034",""
"C00371203","JOHN CARTER FOR CONGRESS","H2TX31044","CARTER, JOHN R REP.","2026","H","TX","31","17","http://docquery.fec.gov/cgi-bin/fecimg/?202601309794990166","","SEATGEEK","902 BRAODWAY","","NEW YORK","NY","10010","2025-10-09","$1,081.39","EVENT - TICKETS","X","MEMO","003","Solicitation and Fundraising Expenses ","0038548-0035",""
"C00371203","JOHN CARTER FOR CONGRESS","H2TX31044","CARTER, JOHN R REP.","2026","H","TX","31","17","http://docquery.fec.gov/cgi-bin/fecimg/?202601309794990166","","INTERNAL REVENUE SERVICE","DEPARTMENT OF THE TREASURY","","AUSTIN","TX","733010001","2025-10-15","$307.36","PAYROLL TAXES","","","001","Administrative/Salary/Overhead Expenses ","0038553",""
"C00371203","JOHN CARTER FOR CONGRESS","H2TX31044","CARTER, JOHN R REP.","2026","H","TX","31","17","http://docquery.fec.gov/cgi-bin/fecimg/?202601309794990167","","RYAN DATA & RESEARCH","PO BOX 202675","","AUSTIN","TX","787202675","2025-10-16","$1,410.00","POLITICAL STRATEGY CONSULTING","","","001","Administrative/Salary/Overhead Expenses ","0038563",""
"C00371203","JOHN CARTER FOR CONGRESS","H2TX31044","CARTER, JOHN R REP.","2026","H","TX","31","17","http://docquery.fec.gov/cgi-bin/fecimg/?202601309794990167","","MAYN SOURCE LLC","408 FAY DRIVE","","KILLEEN","TX","76542","2025-10-16","$1,350.00","ADVERTISING - SIGN INSTALLATION","","","004","Advertising Expenses ","0038564",""
"C00371203","JOHN CARTER FOR CONGRESS","H2TX31044","CARTER, JOHN R REP.","2026","H","TX","31","17","http://docquery.fec.gov/cgi-bin/fecimg/?202601309794990167","","ROUND ROCK CHAMBER OF COMMERCE","212 E MAIN ST","","ROUND ROCK","TX","786645245","2025-10-28","$500.00","EVENT - TICKETS","","","003","Solicitation and Fundraising Expenses ","0038565",""
"C00371203","JOHN CARTER FOR CONGRESS","H2TX31044","CARTER, JOHN R REP.","2026","H","TX","31","17","http://docquery.fec.gov/cgi-bin/fecimg/?202601309794990168","","HILL COUNTRY PAYROLL","1104 S MAYS ST","","ROUND ROCK","TX","786646773","2025-10-30","$98.29","PAYROLL SERVICES","","","001","Administrative/Salary/Overhead Expenses ","0038556",""
"C00371203","JOHN CARTER FOR CONGRESS","H2TX31044","CARTER, JOHN R REP.","2026","H","TX","31","17","http://docquery.fec.gov/cgi-bin/fecimg/?202601309794990177","","CVS PHARMACY","1855 GATTIS SCHOOL RD","","ROUND ROCK","TX","786647428","2025-11-12","$1,146.39","CONSTITUENT GIFTS","X","MEMO","001","Administrative/Salary/Overhead Expenses ","0038549-0024",""
"C00371203","JOHN CARTER FOR CONGRESS","H2TX31044","CARTER, JOHN R REP.","2026","H","TX","31","17","http://docquery.fec.gov/cgi-bin/fecimg/?202601309794990177","","DEMOCRACY ENGINE LLC, PAC","237 FLORIDA AVE, NW","","WASHINGTON","DC","20001","2025-11-13","$100.00","MERCHANT SERVICE FEE","","","001","Administrative/Salary/Overhead Expenses ","0038636",""
"C00371203","JOHN CARTER FOR CONGRESS","H2TX31044","CARTER, JOHN R REP.","2026","H","TX","31","17","http://docquery.fec.gov/cgi-bin/fecimg/?202601309794990177","","INTERNAL REVENUE SERVICE","DEPARTMENT OF THE TREASURY","","AUSTIN","TX","733010001","2025-11-17","$269.13","PAYROLL TAXES","","","001","Administrative/Salary/Overhead Expenses ","0038552",""
"C00371203","JOHN CARTER FOR CONGRESS","H2TX31044","CARTER, JOHN R REP.","2026","H","TX","31","17","http://docquery.fec.gov/cgi-bin/fecimg/?202601309794990178","","DEMOCRACY ENGINE LLC, PAC","237 FLORIDA AVE, NW","","WASHINGTON","DC","20001","2025-11-20","$1.27","EARMARK PROCESSING FEE","","","001","Administrative/Salary/Overhead Expenses ","0038637",""
"C00929653","CAMPAIGN COMMITTEE FOR GREG STOKER","H6TX31169","STOKER, GREGORY JAMES","2026","H","TX","31","17","http://docquery.fec.gov/cgi-bin/fecimg/?202603269856856289","","ANWAR, MUHAMMAD ALI","4020 N. MCARTHUR BLVD","STE 122 #7320","IRVING","TX","75038","2025-12-07","$3,125.00","CANDIDATE FILING FEE PAID TO TX SOS","","","","","SB17.4107",""
"C00929653","CAMPAIGN COMMITTEE FOR GREG STOKER","H6TX31169","STOKER, GREGORY JAMES","2026","H","TX","31","17","http://docquery.fec.gov/cgi-bin/fecimg/?202603269856856293","","INTERNAL REVENUE SERVICES","1111 CONSTITUTION AVE NW","","WASHINGTON","DC","20224","2026-02-10","$418.40","PAYROL EMPLOYER FICA CONTRIBUTION","","","001","Administrative/Salary/Overhead Expenses ","SB17.4252",""
"C00929653","CAMPAIGN COMMITTEE FOR GREG STOKER","H6TX31169","STOKER, GREGORY JAMES","2026","H","TX","31","17","http://docquery.fec.gov/cgi-bin/fecimg/?202603269856856294","","INTERNAL REVENUE SERVICES","1111 CONSTITUTION AVE NW","","WASHINGTON","DC","20224","2026-03-09","$418.40","PAYROL EMPLOYER FICA CONTRIBUTION","","","001","Administrative/Salary/Overhead Expenses ","SB17.4302",""
"C00929653","CAMPAIGN COMMITTEE FOR GREG STOKER","H6TX31169","STOKER, GREGORY JAMES","2026","H","TX","31","17","http://docquery.fec.gov/cgi-bin/fecimg/?202603269856856294","","NATIONBUILDER","520 S GRAND AVE","2ND FLOOR","LOS ANGELES","CA","90071","2026-02-13","$179.00","NATIONBUILDER WEB HOSTING","","","001","Administrative/Salary/Overhead Expenses ","SB17.4245",""
"C00929653","CAMPAIGN COMMITTEE FOR GREG STOKER","H6TX31169","STOKER, GREGORY JAMES","2026","H","TX","31","17","http://docquery.fec.gov/cgi-bin/fecimg/?202603269856856294","","NATIONBUILDER","520 S GRAND AVE","2ND FLOOR","LOS ANGELES","CA","90071","2026-03-13","$205.00","NATIONBUILDER WEBSITE HOSTING","","","001","Administrative/Salary/Overhead Expenses ","SB17.4307",""
"C00929950","ELVIS FOR CONGRESS","H6TX31177","LOSSA, ELVIS ARTURO","2026","H","TX","31","17","http://docquery.fec.gov/cgi-bin/fecimg/?202601319825868855","","LOSSA, ELVIS","3700 BEDROCK CT","","CEDAR PARK","TX","78613","2025-12-21","$1,000.00","REIMBURSEMENT FOR FILING FEE PAID BY CANDIDATE","","","","","SB17.4102",""
"C00929950","ELVIS FOR CONGRESS","H6TX31177","LOSSA, ELVIS ARTURO","2026","H","TX","31","17","http://docquery.fec.gov/cgi-bin/fecimg/?202601319825868855","","LOSSA, ELVIS","3700 BEDROCK CT","","CEDAR PARK","TX","78613","2025-12-27","$483.00","IN-KIND - OFFICE EQUIPMENT AND PRINTING SUPPLIES","","","","","SB17.4113",""
"C00929950","ELVIS FOR CONGRESS","H6TX31177","LOSSA, ELVIS ARTURO","2026","H","TX","31","17","http://docquery.fec.gov/cgi-bin/fecimg/?202601319825868855","","LOSSA, ELVIS","3700 BEDROCK CT","","CEDAR PARK","TX","78613","2025-12-30","$93.00","IN-KIND - OFFICE EQUIPMENT AND PRINTING SUPPLIES","","","","","SB17.4115",""
"C00898239","VALENTINA FOR CONGRESS","H6TX31078","GOMEZ NORIEGA, VALENTINA","2026","H","TX","31","17","http://docquery.fec.gov/cgi-bin/fecimg/?202601319825868888","","360ONLINEPRINT","3500 SOUTH DUPONT HIGHWAY","","DOVER","DE","19901","2025-12-05","$373.42","CAMPAIGN MATERIALS (FLYERS)","","","004","Advertising Expenses ","SB17.5412",""
"C00898239","VALENTINA FOR CONGRESS","H6TX31078","GOMEZ NORIEGA, VALENTINA","2026","H","TX","31","17","http://docquery.fec.gov/cgi-bin/fecimg/?202601319825868888","","360ONLINEPRINT","3500 SOUTH DUPONT HIGHWAY","","DOVER","DE","19901","2025-12-10","$373.42","CAMPAIGN FLYERS","","","006","Campaign Materials","SB17.5416",""
"C00898239","VALENTINA FOR CONGRESS","H6TX31078","GOMEZ NORIEGA, VALENTINA","2026","H","TX","31","17","http://docquery.fec.gov/cgi-bin/fecimg/?202601319825868888","","AIRBNB","888 BRANNAN STREET","","SAN FRACISCO","CA","94103","2025-12-16","$386.31","","","","002","Travel Expenses","SB17.5420",""
"C00898239","VALENTINA FOR CONGRESS","H6TX31078","GOMEZ NORIEGA, VALENTINA","2026","H","TX","31","17","http://docquery.fec.gov/cgi-bin/fecimg/?202601319825868889","","AMAZON","410 TERRY AVE N","","SEATTLE","WA","98109","2025-11-14","$977.49","SECURITY CAMERAS","","","001","Administrative/Salary/Overhead Expenses ","SB17.5390",""
"C00898239","VALENTINA FOR CONGRESS","H6TX31078","GOMEZ NORIEGA, VALENTINA","2026","H","TX","31","17","http://docquery.fec.gov/cgi-bin/fecimg/?202601319825868889","","AMAZON","410 TERRY AVE N","","SEATTLE","WA","98109","2025-11-15","$92.00","HEADSET FOR INTERVIEWS","","","004","Advertising Expenses ","SB17.5393",""
"C00898239","VALENTINA FOR CONGRESS","H6TX31078","GOMEZ NORIEGA, VALENTINA","2026","H","TX","31","17","http://docquery.fec.gov/cgi-bin/fecimg/?202601319825868889","","AMAZON","410 TERRY AVE N","","SEATTLE","WA","98109","2025-11-17","$270.61","2ND SET OF SECURITY CAMERAS FOR CAMPAIGN OFFICE","","","001","Administrative/Salary/Overhead Expenses ","SB17.5392",""
"C00898239","VALENTINA FOR CONGRESS","H6TX31078","GOMEZ NORIEGA, VALENTINA","2026","H","TX","31","17","http://docquery.fec.gov/cgi-bin/fecimg/?202601319825868890","","AMAZON","410 TERRY AVE N","","SEATTLE","WA","98109","2025-12-08","$96.50","ENVELOPES","","","004","Advertising Expenses ","SB17.5414",""
"C00898239","VALENTINA FOR CONGRESS","H6TX31078","GOMEZ NORIEGA, VALENTINA","2026","H","TX","31","17","http://docquery.fec.gov/cgi-bin/fecimg/?202601319825868890","","AMAZON","410 TERRY AVE N","","SEATTLE","WA","98109","2025-12-10","$289.71","RECORDING RAY BAN GLASSES","","","004","Advertising Expenses ","SB17.5415",""
"C00898239","VALENTINA FOR CONGRESS","H6TX31078","GOMEZ NORIEGA, VALENTINA","2026","H","TX","31","17","http://docquery.fec.gov/cgi-bin/fecimg/?202601319825868890","","AMAZON","410 TERRY AVE N","","SEATTLE","WA","98109","2025-12-19","$27.05","ENVELOPES","","","004","Advertising Expenses ","SB17.5426",""
"C00898239","VALENTINA FOR CONGRESS","H6TX31078","GOMEZ NORIEGA, VALENTINA","2026","H","TX","31","17","http://docquery.fec.gov/cgi-bin/fecimg/?202601319825868891","","AMAZON","410 TERRY AVE N","","SEATTLE","WA","98109","2025-12-19","$10.80","LABELS","","","004","Advertising Expenses ","SB17.5427",""
"C00898239","VALENTINA FOR CONGRESS","H6TX31078","GOMEZ NORIEGA, VALENTINA","2026","H","TX","31","17","http://docquery.fec.gov/cgi-bin/fecimg/?202601319825868891","","AMAZON","410 TERRY AVE N","","SEATTLE","WA","98109","2025-12-22","$627.84","PRINTER","","","001","Administrative/Salary/Overhead Expenses ","SB17.5428",""
"C00898239","VALENTINA FOR CONGRESS","H6TX31078","GOMEZ NORIEGA, VALENTINA","2026","H","TX","31","17","http://docquery.fec.gov/cgi-bin/fecimg/?202601319825868891","","AMAZON","410 TERRY AVE N","","SEATTLE","WA","98109","2025-12-22","$248.96","TONER","","","006","Campaign Materials","SB17.5429",""
"C00898239","VALENTINA FOR CONGRESS","H6TX31078","GOMEZ NORIEGA, VALENTINA","2026","H","TX","31","17","http://docquery.fec.gov/cgi-bin/fecimg/?202601319825868892","","AMAZON","410 TERRY AVE N","","SEATTLE","WA","98109","2025-12-24","$25.96","CUSTOM STAMP","","","004","Advertising Expenses ","SB17.5434",""
"C00898239","VALENTINA FOR CONGRESS","H6TX31078","GOMEZ NORIEGA, VALENTINA","2026","H","TX","31","17","http://docquery.fec.gov/cgi-bin/fecimg/?202601319825868892","","AMAZON","410 TERRY AVE N","","SEATTLE","WA","98109","2025-12-29","$589.81","LABELS & ENVELOPES","","","006","Campaign Materials","SB17.5435",""
"C00898239","VALENTINA FOR CONGRESS","H6TX31078","GOMEZ NORIEGA, VALENTINA","2026","H","TX","31","17","http://docquery.fec.gov/cgi-bin/fecimg/?202601319825868892","","COSTCO WHOLESALE","220 1A I-35","","GEORGETOWN","TX","78628","2025-11-03","$239.48","","","","","","SB17.5384",""
"C00898239","VALENTINA FOR CONGRESS","H6TX31078","GOMEZ NORIEGA, VALENTINA","2026","H","TX","31","17","http://docquery.fec.gov/cgi-bin/fecimg/?202601319825868893","","GOMEZ, MAICOLL","201 NORTH MAIN STREET","","NOLANVILLE","TX","76559","2025-10-16","$8,700.00","CAMPAIGN MANAGEMENT","","","001","Administrative/Salary/Overhead Expenses ","SB17.5383",""
"C00898239","VALENTINA FOR CONGRESS","H6TX31078","GOMEZ NORIEGA, VALENTINA","2026","H","TX","31","17","http://docquery.fec.gov/cgi-bin/fecimg/?202601319825868893","","GOMEZ, MAICOLL","201 NORTH MAIN STREET","","NOLANVILLE","TX","76559","2025-11-25","$8,000.00","CAMPAIGN MANAGEMENT","","","001","Administrative/Salary/Overhead Expenses ","SB17.5398",""
"C00898239","VALENTINA FOR CONGRESS","H6TX31078","GOMEZ NORIEGA, VALENTINA","2026","H","TX","31","17","http://docquery.fec.gov/cgi-bin/fecimg/?202601319825868893","","GOMEZ, MAICOLL","201 NORTH MAIN STREET","","NOLANVILLE","TX","76559","2025-12-11","$8,000.00","CAMPAIGN MANAGEMENT FEES","","","001","Administrative/Salary/Overhead Expenses ","SB17.5417",""
"C00898239","VALENTINA FOR CONGRESS","H6TX31078","GOMEZ NORIEGA, VALENTINA","2026","H","TX","31","17","http://docquery.fec.gov/cgi-bin/fecimg/?202601319825868894","","REPUBLICAN PARTY OF TEXAS","807 BRAZOS ST., SUITE 701","","AUSTIN","TX","78701","2025-12-03","$3,125.00","GOP BALLOT FEE","","","","","SB17.5407",""
"C00898239","VALENTINA FOR CONGRESS","H6TX31078","GOMEZ NORIEGA, VALENTINA","2026","H","TX","31","17","http://docquery.fec.gov/cgi-bin/fecimg/?202601319825868894","","SOUTHWEST AIRLINES","2702 LOVE FIELD DRIVE","","DALLAS","TX","75235","2025-12-17","$785.95","","","","002","Travel Expenses","SB17.5424",""
"C00371203","JOHN CARTER FOR CONGRESS","H2TX31044","CARTER, JOHN R REP.","2026","H","TX","31","17","http://docquery.fec.gov/cgi-bin/fecimg/?202510159791483033","","VERIZON WIRELESS","PO BOX 660108","","DALLAS","TX","752660108","2025-07-03","$519.25","CELL PHONE SERVICE","","","001","Administrative/Salary/Overhead Expenses ","0038478",""
"C00371203","JOHN CARTER FOR CONGRESS","H2TX31044","CARTER, JOHN R REP.","2026","H","TX","31","17","http://docquery.fec.gov/cgi-bin/fecimg/?202510159791483033","","VERIZON WIRELESS","PO BOX 660108","","DALLAS","TX","752660108","2025-07-08","$508.79","CELL PHONE SERVICE","","","001","Administrative/Salary/Overhead Expenses ","0038479",""
"C00371203","JOHN CARTER FOR CONGRESS","H2TX31044","CARTER, JOHN R REP.","2026","H","TX","31","17","http://docquery.fec.gov/cgi-bin/fecimg/?202510159791483033","","CHASE - CARD MEMBER SERVICES","PO BOX 6294","","CAROL STREAM","IL","601976294","2025-07-09","$45,000.00","SEE BELOW","","ITEMIZATION BELOW","001","Administrative/Salary/Overhead Expenses ","0038480",""
"C00371203","JOHN CARTER FOR CONGRESS","H2TX31044","CARTER, JOHN R REP.","2026","H","TX","31","17","http://docquery.fec.gov/cgi-bin/fecimg/?202510159791483034","","SALT TRADERS COASTAL","2850 N INTERSTATE 35","","ROUND ROCK","TX","786812402","2025-07-09","$151.58","MEETING - FOOD & BEVERAGE","X","MEMO","007","Campaign Event Expenses","0038480-0001",""
"C00371203","JOHN CARTER FOR CONGRESS","H2TX31044","CARTER, JOHN R REP.","2026","H","TX","31","17","http://docquery.fec.gov/cgi-bin/fecimg/?202510159791483034","","LYFT RIDE","185 BERRY STREET","","SAN FRANCISCO","CA","941075705","2025-07-09","$60.97","TRAVEL - TAXI","X","MEMO","002","Travel Expenses","0038480-0002",""
"C00371203","JOHN CARTER FOR CONGRESS","H2TX31044","CARTER, JOHN R REP.","2026","H","TX","31","17","http://docquery.fec.gov/cgi-bin/fecimg/?202510159791483034","","HISTORIC MAIL","421 EIGHTH AVENUE","","NEW YORK","NY","10001","2025-07-09","$159.99","CONSTITUENT GIFTS","X","MEMO","001","Administrative/Salary/Overhead Expenses ","0038480-0003",""
"C00371203","JOHN CARTER FOR CONGRESS","H2TX31044","CARTER, JOHN R REP.","2026","H","TX","31","17","http://docquery.fec.gov/cgi-bin/fecimg/?202510159791483035","","H-E-B","603 LOUIS HENNA BLVD","","ROUND ROCK","TX","786647186","2025-07-09","$106.93","MEETING - FOOD & BEVERAGE","X","MEMO","007","Campaign Event Expenses","0038480-0004",""
"C00371203","JOHN CARTER FOR CONGRESS","H2TX31044","CARTER, JOHN R REP.","2026","H","TX","31","17","http://docquery.fec.gov/cgi-bin/fecimg/?202510159791483035","","H-E-B","603 LOUIS HENNA BLVD","","ROUND ROCK","TX","786647186","2025-07-09","$115.53","EVENT - CATERING","X","MEMO","003","Solicitation and Fundraising Expenses ","0038480-0005",""
"C00371203","JOHN CARTER FOR CONGRESS","H2TX31044","CARTER, JOHN R REP.","2026","H","TX","31","17","http://docquery.fec.gov/cgi-bin/fecimg/?202510159791483035","","SPEEDY STOP 95","551 UNIVERSITY BLVD","","SANDY","TX","78665","2025-07-09","$56.25","TRAVEL - FUEL","X","MEMO","002","Travel Expenses","0038480-0007",""
"C00371203","JOHN CARTER FOR CONGRESS","H2TX31044","CARTER, JOHN R REP.","2026","H","TX","31","17","http://docquery.fec.gov/cgi-bin/fecimg/?202510159791483036","","APPLE.COM","ONE APPLE PARK WAY","","CUPERTINO","CA","95014","2025-07-09","$2.99","IT SERVICES","X","MEMO","001","Administrative/Salary/Overhead Expenses ","0038480-0008",""
"C00371203","JOHN CARTER FOR CONGRESS","H2TX31044","CARTER, JOHN R REP.","2026","H","TX","31","17","http://docquery.fec.gov/cgi-bin/fecimg/?202510159791483036","","SOUTHWEST AIRLINE","8008 CEDAR SPRINGS RD","","DALLAS","TX","752352852","2025-07-09","$250.00","TRAVEL - AIRFARE","X","MEMO","002","Travel Expenses","0038480-0009",""
"C00371203","JOHN CARTER FOR CONGRESS","H2TX31044","CARTER, JOHN R REP.","2026","H","TX","31","17","http://docquery.fec.gov/cgi-bin/fecimg/?202510159791483036","","SOUTHWEST AIRLINE","8008 CEDAR SPRINGS RD","","DALLAS","TX","752352852","2025-07-09","$250.00","TRAVEL - AIRFARE","X","MEMO","002","Travel Expenses","0038480-0010",""
"C00371203","JOHN CARTER FOR CONGRESS","H2TX31044","CARTER, JOHN R REP.","2026","H","TX","31","17","http://docquery.fec.gov/cgi-bin/fecimg/?202510159791483037","","UPS STORE","402A W PALM VALLEY BLVD","STE 302","ROUND ROCK","TX","786649996","2025-07-09","$50.12","SHIPPING CHARGES","X","MEMO","001","Administrative/Salary/Overhead Expenses ","0038480-0011",""
"C00371203","JOHN CARTER FOR CONGRESS","H2TX31044","CARTER, JOHN R REP.","2026","H","TX","31","17","http://docquery.fec.gov/cgi-bin/fecimg/?202510159791483037","","CHILI'S","LA FRONTERA CTR","","ROUND ROCK","TX","786830000","2025-07-09","$85.79","MEETING - FOOD & BEVERAGE","X","MEMO","007","Campaign Event Expenses","0038480-0012",""
"C00371203","JOHN CARTER FOR CONGRESS","H2TX31044","CARTER, JOHN R REP.","2026","H","TX","31","17","http://docquery.fec.gov/cgi-bin/fecimg/?202510159791483076","","STATION DC","2400 WEBBERVILLE RD","","AUSTIN","TX","78702","2025-07-14","$10,000.00","POLITICAL STRATEGY CONSULTING","X","MEMO","001","Administrative/Salary/Overhead Expenses ","0038481-0009",""
"C00371203","JOHN CARTER FOR CONGRESS","H2TX31044","CARTER, JOHN R REP.","2026","H","TX","31","17","http://docquery.fec.gov/cgi-bin/fecimg/?202510159791483076","","SEATGEEK","902 BRAODWAY","","NEW YORK","NY","10010","2025-07-14","$1,320.60","EVENT - TICKET","X","MEMO","003","Solicitation and Fundraising Expenses ","0038481-0010",""
"C00371203","JOHN CARTER FOR CONGRESS","H2TX31044","CARTER, JOHN R REP.","2026","H","TX","31","17","http://docquery.fec.gov/cgi-bin/fecimg/?202510159791483077","","H-E-B","603 LOUIS HENNA BLVD","","ROUND ROCK","TX","786647186","2025-07-14","$282.00","MEETING - FOOD & BEVERAGE","X","MEMO","007","Campaign Event Expenses","0038481-0011",""
"C00371203","JOHN CARTER FOR CONGRESS","H2TX31044","CARTER, JOHN R REP.","2026","H","TX","31","17","http://docquery.fec.gov/cgi-bin/fecimg/?202510159791483077","","CVS PHARMACY","1855 GATTIS SCHOOL RD","","ROUND ROCK","TX","786647428","2025-07-14","$750.00","CONSTITUENT GIFTS","X","MEMO","001","Administrative/Salary/Overhead Expenses ","0038481-0012",""
"C00371203","JOHN CARTER FOR CONGRESS","H2TX31044","CARTER, JOHN R REP.","2026","H","TX","31","17","http://docquery.fec.gov/cgi-bin/fecimg/?202510159791483077","","SPEEDY STOP 95","551 UNIVERSITY BLVD","","SANDY","TX","78665","2025-07-14","$52.00","TRAVEL - FUEL","X","MEMO","002","Travel Expenses","0038481-0013",""
"C00371203","JOHN CARTER FOR CONGRESS","H2TX31044","CARTER, JOHN R REP.","2026","H","TX","31","17","http://docquery.fec.gov/cgi-bin/fecimg/?202510159791483078","","APPLE.COM","ONE APPLE PARK WAY","","CUPERTINO","CA","95014","2025-07-14","$8.49","IT SERVICES","X","MEMO","001","Administrative/Salary/Overhead Expenses ","0038481-0014",""
"C00371203","JOHN CARTER FOR CONGRESS","H2TX31044","CARTER, JOHN R REP.","2026","H","TX","31","17","http://docquery.fec.gov/cgi-bin/fecimg/?202510159791483078","","H-E-B","603 LOUIS HENNA BLVD","","ROUND ROCK","TX","786647186","2025-07-14","$51.84","MEETING - FOOD & BEVERAGE","X","MEMO","007","Campaign Event Expenses","0038481-0015",""
"C00371203","JOHN CARTER FOR CONGRESS","H2TX31044","CARTER, JOHN R REP.","2026","H","TX","31","17","http://docquery.fec.gov/cgi-bin/fecimg/?202510159791483078","","TICKETMASTER","8800 W SUNSET BLVD","","WEST HOLLYWOOD","CA","900692105","2025-07-14","$1,190.00","EVENT - TICKET","X","MEMO","003","Solicitation and Fundraising Expenses ","0038481-0016",""
"C00371203","JOHN CARTER FOR CONGRESS","H2TX31044","CARTER, JOHN R REP.","2026","H","TX","31","17","http://docquery.fec.gov/cgi-bin/fecimg/?202510159791483079","","HUTTO CHAMBER OF COMMERCE","PO BOX 99","","HUTTO","TX","786340099","2025-07-14","$300.00","EVENT - TICKET","X","MEMO","003","Solicitation and Fundraising Expenses ","0038481-0018",""
"C00371203","JOHN CARTER FOR CONGRESS","H2TX31044","CARTER, JOHN R REP.","2026","H","TX","31","17","http://docquery.fec.gov/cgi-bin/fecimg/?202510159791483079","","CAPITOL HILL CLUB","300 1ST ST SE","","WASHINGTON","DC","200031801","2025-07-14","$304.47","MEETING - FOOD & BEVERAGE","X","MEMO","007","Campaign Event Expenses","0038481-0019",""
"C00371203","JOHN CARTER FOR CONGRESS","H2TX31044","CARTER, JOHN R REP.","2026","H","TX","31","17","http://docquery.fec.gov/cgi-bin/fecimg/?202510159791483079","","DELTA AIRLINES","1001 INTERNATIONAL BLVD","","ATLANTA","GA","303541802","2025-07-14","$66.00","TRAVEL - AIRFARE","X","MEMO","002","Travel Expenses","0038481-0020",""
"C00371203","JOHN CARTER FOR CONGRESS","H2TX31044","CARTER, JOHN R REP.","2026","H","TX","31","17","http://docquery.fec.gov/cgi-bin/fecimg/?202510159791483080","","APPLE.COM","ONE APPLE PARK WAY","","CUPERTINO","CA","95014","2025-07-14","$8.49","IT SERVICES","X","MEMO","001","Administrative/Salary/Overhead Expenses ","0038481-0021",""
"C00371203","JOHN CARTER FOR CONGRESS","H2TX31044","CARTER, JOHN R REP.","2026","H","TX","31","17","http://docquery.fec.gov/cgi-bin/fecimg/?202510159791483080","","SUDS DELUXE CAR WASH","2991 FM1460","","GEORGETOWN","TX","78626","2025-07-14","$15.17","CAMPAIGN VEHICLE MAINTENANCE","X","MEMO","001","Administrative/Salary/Overhead Expenses ","0038481-0022",""
"C00371203","JOHN CARTER FOR CONGRESS","H2TX31044","CARTER, JOHN R REP.","2026","H","TX","31","17","http://docquery.fec.gov/cgi-bin/fecimg/?202510159791483080","","INTERNAL REVENUE SERVICE","DEPARTMENT OF THE TREASURY","","AUSTIN","TX","733010001","2025-07-15","$307.39","PAYROLL TAXES","","","001","Administrative/Salary/Overhead Expenses ","0038482",""
"C00371203","JOHN CARTER FOR CONGRESS","H2TX31044","CARTER, JOHN R REP.","2026","H","TX","31","17","http://docquery.fec.gov/cgi-bin/fecimg/?202510159791483081","","DEMOCRACY ENGINE LLC, PAC","237 FLORIDA AVE, NW","","WASHINGTON","DC","20001","2025-07-28","$.10","EARMARK PROCESSING FEE","","","001","Administrative/Salary/Overhead Expenses ","0038476",""
"C00371203","JOHN CARTER FOR CONGRESS","H2TX31044","CARTER, JOHN R REP.","2026","H","TX","31","17","http://docquery.fec.gov/cgi-bin/fecimg/?202510159791483081","","HILL COUNTRY PAYROLL","1104 S MAYS ST","","ROUND ROCK","TX","786646773","2025-07-30","$101.32","PAYROLL SERVICES","","","001","Administrative/Salary/Overhead Expenses ","0038485",""
"C00371203","JOHN CARTER FOR CONGRESS","H2TX31044","CARTER, JOHN R REP.","2026","H","TX","31","17","http://docquery.fec.gov/cgi-bin/fecimg/?202510159791483081","","HILL COUNTRY PAYROLL","1104 S MAYS ST","","ROUND ROCK","TX","786646773","2025-07-30","$230.88","SEE BELOW","","ITEMIZATION BELOW","001","Administrative/Salary/Overhead Expenses ","0038484",""
"C00371203","JOHN CARTER FOR CONGRESS","H2TX31044","CARTER, JOHN R REP.","2026","H","TX","31","17","http://docquery.fec.gov/cgi-bin/fecimg/?202510159791483082","","RUGELY, CASH","1230 RED BUD LANE","","ROUND ROCK","TX","78664","2025-07-30","$230.88","PAYROLL","X","MEMO","001","Administrative/Salary/Overhead Expenses ","0038484-0001",""
"C00371203","JOHN CARTER FOR CONGRESS","H2TX31044","CARTER, JOHN R REP.","2026","H","TX","31","17","http://docquery.fec.gov/cgi-bin/fecimg/?202510159791483037","","CHILI'S","LA FRONTERA CTR","","ROUND ROCK","TX","786830000","2025-07-09","$121.98","MEETING - FOOD & BEVERAGE","X","MEMO","007","Campaign Event Expenses","0038480-0013",""
"C00371203","JOHN CARTER FOR CONGRESS","H2TX31044","CARTER, JOHN R REP.","2026","H","TX","31","17","http://docquery.fec.gov/cgi-bin/fecimg/?202510159791483038","","SOUTHWEST AIRLINE","8008 CEDAR SPRINGS RD","","DALLAS","TX","752352852","2025-07-09","$139.01","TRAVEL - AIRFARE","X","MEMO","002","Travel Expenses","0038480-0018",""
"C00371203","JOHN CARTER FOR CONGRESS","H2TX31044","CARTER, JOHN R REP.","2026","H","TX","31","17","http://docquery.fec.gov/cgi-bin/fecimg/?202510159791483038","","SOUTHWEST AIRLINE","8008 CEDAR SPRINGS RD","","DALLAS","TX","752352852","2025-07-09","$109.01","TRAVEL - AIRFARE","X","MEMO","002","Travel Expenses","0038480-0019",""
"C00371203","JOHN CARTER FOR CONGRESS","H2TX31044","CARTER, JOHN R REP.","2026","H","TX","31","17","http://docquery.fec.gov/cgi-bin/fecimg/?202510159791483038","","SOUTHWEST AIRLINE","8008 CEDAR SPRINGS RD","","DALLAS","TX","752352852","2025-07-09","$1,141.92","TRAVEL - AIRFARE","X","MEMO","002","Travel Expenses","0038480-0020",""
"C00371203","JOHN CARTER FOR CONGRESS","H2TX31044","CARTER, JOHN R REP.","2026","H","TX","31","17","http://docquery.fec.gov/cgi-bin/fecimg/?202510159791483039","","ENTERPRISE RENT A CAR","2121A N MAYS ST","","ROUND ROCK","TX","786642144","2025-07-09","$342.43","TRAVEL - CAR RENTAL","X","MEMO","002","Travel Expenses","0038480-0021",""
"C00371203","JOHN CARTER FOR CONGRESS","H2TX31044","CARTER, JOHN R REP.","2026","H","TX","31","17","http://docquery.fec.gov/cgi-bin/fecimg/?202510159791483039","","HILTON HOTEL","500 E 4TH ST","","AUSTIN","TX","787013720","2025-07-09","$353.19","TRAVEL - LODGING","X","MEMO","002","Travel Expenses","0038480-0022",""
"C00371203","JOHN CARTER FOR CONGRESS","H2TX31044","CARTER, JOHN R REP.","2026","H","TX","31","17","http://docquery.fec.gov/cgi-bin/fecimg/?202510159791483039","","HILTON HOTEL","500 E 4TH ST","","AUSTIN","TX","787013720","2025-07-09","$322.51","TRAVEL - LODGING","X","MEMO","002","Travel Expenses","0038480-0024",""
"C00371203","JOHN CARTER FOR CONGRESS","H2TX31044","CARTER, JOHN R REP.","2026","H","TX","31","17","http://docquery.fec.gov/cgi-bin/fecimg/?202510159791483040","","DELTA AIRLINES","1001 INTERNATIONAL BLVD","","ATLANTA","GA","303541802","2025-07-09","$253.18","TRAVEL - AIRFARE","X","MEMO","002","Travel Expenses","0038480-0025",""
"C00371203","JOHN CARTER FOR CONGRESS","H2TX31044","CARTER, JOHN R REP.","2026","H","TX","31","17","http://docquery.fec.gov/cgi-bin/fecimg/?202510159791483040","","DELTA AIRLINES","1001 INTERNATIONAL BLVD","","ATLANTA","GA","303541802","2025-07-09","$253.18","TRAVEL - AIRFARE","X","MEMO","002","Travel Expenses","0038480-0026",""
"C00371203","JOHN CARTER FOR CONGRESS","H2TX31044","CARTER, JOHN R REP.","2026","H","TX","31","17","http://docquery.fec.gov/cgi-bin/fecimg/?202510159791483040","","PAPPADEAUX SEAFOOD","6319 I-35 N.","","AUSTIN","TX","78752","2025-07-09","$162.69","MEETING - FOOD & BEVERAGE","X","MEMO","007","Campaign Event Expenses","0038480-0028",""
"C00371203","JOHN CARTER FOR CONGRESS","H2TX31044","CARTER, JOHN R REP.","2026","H","TX","31","17","http://docquery.fec.gov/cgi-bin/fecimg/?202510159791483041","","APPLE.COM","ONE APPLE PARK WAY","","CUPERTINO","CA","95014","2025-07-09","$93.48","IT SERVICES","X","MEMO","001","Administrative/Salary/Overhead Expenses ","0038480-0029",""
"C00371203","JOHN CARTER FOR CONGRESS","H2TX31044","CARTER, JOHN R REP.","2026","H","TX","31","17","http://docquery.fec.gov/cgi-bin/fecimg/?202510159791483041","","SHELL OIL","511 N MAIN ST","","ELGIN","TX","786212656","2025-07-09","$43.00","TRAVEL - FUEL","X","MEMO","002","Travel Expenses","0038480-0030",""
"C00371203","JOHN CARTER FOR CONGRESS","H2TX31044","CARTER, JOHN R REP.","2026","H","TX","31","17","http://docquery.fec.gov/cgi-bin/fecimg/?202510159791483041","","SOUTHWEST AIRLINE","8008 CEDAR SPRINGS RD","","DALLAS","TX","752352852","2025-07-09","$578.48","TRAVEL - AIRFARE","X","MEMO","002","Travel Expenses","0038480-0031",""
"C00371203","JOHN CARTER FOR CONGRESS","H2TX31044","CARTER, JOHN R REP.","2026","H","TX","31","17","http://docquery.fec.gov/cgi-bin/fecimg/?202510159791483042","","SPEEDY STOP 95","551 UNIVERSITY BLVD","","SANDY","TX","78665","2025-07-09","$42.75","TRAVEL - FUEL","X","MEMO","002","Travel Expenses","0038480-0033",""
"C00371203","JOHN CARTER FOR CONGRESS","H2TX31044","CARTER, JOHN R REP.","2026","H","TX","31","17","http://docquery.fec.gov/cgi-bin/fecimg/?202510159791483042","","H-E-B","603 LOUIS HENNA BLVD","","ROUND ROCK","TX","786647186","2025-07-09","$97.80","MEETING - FOOD & BEVERAGE","X","MEMO","007","Campaign Event Expenses","0038480-0034",""
"C00371203","JOHN CARTER FOR CONGRESS","H2TX31044","CARTER, JOHN R REP.","2026","H","TX","31","17","http://docquery.fec.gov/cgi-bin/fecimg/?202510159791483042","","H-E-B","603 LOUIS HENNA BLVD","","ROUND ROCK","TX","786647186","2025-07-09","$136.30","MEETING - FOOD & BEVERAGE","X","MEMO","007","Campaign Event Expenses","0038480-0035",""
"C00371203","JOHN CARTER FOR CONGRESS","H2TX31044","CARTER, JOHN R REP.","2026","H","TX","31","17","http://docquery.fec.gov/cgi-bin/fecimg/?202510159791483043","","AUSTIN ARTICLE","3600 PRESIDENTIAL BLVD","","AUSTIN","TX","787192363","2025-07-09","$91.99","OFFICE SUPPLIES","X","MEMO","001","Administrative/Salary/Overhead Expenses ","0038480-0036",""
"C00371203","JOHN CARTER FOR CONGRESS","H2TX31044","CARTER, JOHN R REP.","2026","H","TX","31","17","http://docquery.fec.gov/cgi-bin/fecimg/?202510159791483043","","DELTA AIRLINES","1001 INTERNATIONAL BLVD","","ATLANTA","GA","303541802","2025-07-09","$590.37","TRAVEL - AIRFARE","X","MEMO","002","Travel Expenses","0038480-0038",""
"C00371203","JOHN CARTER FOR CONGRESS","H2TX31044","CARTER, JOHN R REP.","2026","H","TX","31","17","http://docquery.fec.gov/cgi-bin/fecimg/?202510159791483043","","DELTA AIRLINES","1001 INTERNATIONAL BLVD","","ATLANTA","GA","303541802","2025-07-09","$9.99","TRAVEL - SERVICE FEE","X","MEMO","002","Travel Expenses","0038480-0039",""
"C00371203","JOHN CARTER FOR CONGRESS","H2TX31044","CARTER, JOHN R REP.","2026","H","TX","31","17","http://docquery.fec.gov/cgi-bin/fecimg/?202510159791483044","","SOUTHWEST AIRLINE","8008 CEDAR SPRINGS RD","","DALLAS","TX","752352852","2025-07-09","-$578.48","REFUND:TRAVEL - AIRFARE","X","MEMO","002","Travel Expenses","0038480-0040",""
"C00371203","JOHN CARTER FOR CONGRESS","H2TX31044","CARTER, JOHN R REP.","2026","H","TX","31","17","http://docquery.fec.gov/cgi-bin/fecimg/?202510159791483044","","SOUTHWEST AIRLINE","8008 CEDAR SPRINGS RD","","DALLAS","TX","752352852","2025-07-09","$260.48","TRAVEL - AIRFARE","X","MEMO","002","Travel Expenses","0038480-0041",""
"C00371203","JOHN CARTER FOR CONGRESS","H2TX31044","CARTER, JOHN R REP.","2026","H","TX","31","17","http://docquery.fec.gov/cgi-bin/fecimg/?202510159791483044","","SOUTHWEST AIRLINE","8008 CEDAR SPRINGS RD","","DALLAS","TX","752352852","2025-07-09","$504.95","TRAVEL - AIRFARE","X","MEMO","002","Travel Expenses","0038480-0042",""
"C00371203","JOHN CARTER FOR CONGRESS","H2TX31044","CARTER, JOHN R REP.","2026","H","TX","31","17","http://docquery.fec.gov/cgi-bin/fecimg/?202510159791483045","","APPLE.COM","ONE APPLE PARK WAY","","CUPERTINO","CA","95014","2025-07-09","$8.49","IT SERVICES","X","MEMO","001","Administrative/Salary/Overhead Expenses ","0038480-0043",""
"C00371203","JOHN CARTER FOR CONGRESS","H2TX31044","CARTER, JOHN R REP.","2026","H","TX","31","17","http://docquery.fec.gov/cgi-bin/fecimg/?202510159791483045","","TARGET","3101 JEFFERSON DAVIS HWY","","ALEXANDRIA","VA","223053042","2025-07-09","$46.46","OFFICE SUPPLIES","X","MEMO","001","Administrative/Salary/Overhead Expenses ","0038480-0044",""
"C00371203","JOHN CARTER FOR CONGRESS","H2TX31044","CARTER, JOHN R REP.","2026","H","TX","31","17","http://docquery.fec.gov/cgi-bin/fecimg/?202510159791483045","","HOME DEPOT","2551 S INTERSTATE 35","","ROUND ROCK","TX","786647314","2025-07-09","$210.99","EVENT - SUPPLIES","X","MEMO","003","Solicitation and Fundraising Expenses ","0038480-0045",""
"C00371203","JOHN CARTER FOR CONGRESS","H2TX31044","CARTER, JOHN R REP.","2026","H","TX","31","17","http://docquery.fec.gov/cgi-bin/fecimg/?202510159791483082","","SOUTHSTATE BANK","4420 SUNRISE","","ROUND ROCK","TX","78665","2025-07-31","$79.59","BANK SERVICE CHARGE","","","001","Administrative/Salary/Overhead Expenses ","0038487",""
"C00371203","JOHN CARTER FOR CONGRESS","H2TX31044","CARTER, JOHN R REP.","2026","H","TX","31","17","http://docquery.fec.gov/cgi-bin/fecimg/?202510159791483082","","WINRED","PO BOX 9891","","ARLINGTON","VA","22219","2025-07-31","$108.37","EARMARK PROCESSING FEE","","","001","Administrative/Salary/Overhead Expenses ","0038491",""
"C00371203","JOHN CARTER FOR CONGRESS","H2TX31044","CARTER, JOHN R REP.","2026","H","TX","31","17","http://docquery.fec.gov/cgi-bin/fecimg/?202510159791483083","","INTERNAL REVENUE SERVICE","DEPARTMENT OF THE TREASURY","","AUSTIN","TX","733010001","2025-07-31","$9.00","PAYROLL TAXES","","","001","Administrative/Salary/Overhead Expenses ","0038483",""
"C00371203","JOHN CARTER FOR CONGRESS","H2TX31044","CARTER, JOHN R REP.","2026","H","TX","31","17","http://docquery.fec.gov/cgi-bin/fecimg/?202510159791483083","","DRUCKER LAWHON, LLP","317 15TH ST NE","","WASHINGTON","DC","200026501","2025-08-01","$2,583.14","FUNDRAISING CONSULTING","","","003","Solicitation and Fundraising Expenses ","0038499",""
"C00371203","JOHN CARTER FOR CONGRESS","H2TX31044","CARTER, JOHN R REP.","2026","H","TX","31","17","http://docquery.fec.gov/cgi-bin/fecimg/?202510159791483083","","VERIZON WIRELESS","PO BOX 660108","","DALLAS","TX","752660108","2025-08-04","$521.26","CELL PHONE SERVICE","","","001","Administrative/Salary/Overhead Expenses ","0038493",""
"C00371203","JOHN CARTER FOR CONGRESS","H2TX31044","CARTER, JOHN R REP.","2026","H","TX","31","17","http://docquery.fec.gov/cgi-bin/fecimg/?202510159791483084","","VERIZON WIRELESS","PO BOX 660108","","DALLAS","TX","752660108","2025-08-08","$429.27","CELL PHONE SERVICE","","","001","Administrative/Salary/Overhead Expenses ","0038494",""
"C00371203","JOHN CARTER FOR CONGRESS","H2TX31044","CARTER, JOHN R REP.","2026","H","TX","31","17","http://docquery.fec.gov/cgi-bin/fecimg/?202510159791483084","","CHASE - CARD MEMBER SERVICES","PO BOX 6294","","CAROL STREAM","IL","601976294","2025-08-08","$15,000.00","SEE BELOW","","ITEMIZATION BELOW","001","Administrative/Salary/Overhead Expenses ","0038495",""
"C00371203","JOHN CARTER FOR CONGRESS","H2TX31044","CARTER, JOHN R REP.","2026","H","TX","31","17","http://docquery.fec.gov/cgi-bin/fecimg/?202510159791483084","","THE GOLF CLUB STAR RANCH","2500 FM 685","","HUTTO","TX","78634","2025-08-08","$4,516.19","EVENT - CATERING","X","MEMO","003","Solicitation and Fundraising Expenses ","0038495-0001",""
"C00371203","JOHN CARTER FOR CONGRESS","H2TX31044","CARTER, JOHN R REP.","2026","H","TX","31","17","http://docquery.fec.gov/cgi-bin/fecimg/?202510159791483085","","LEANDER CHAMBER OF COMMERCE","PO BOX 556","","LEANDER","TX","786460556","2025-08-08","$310.00","EVENT - TICKETS","X","MEMO","003","Solicitation and Fundraising Expenses ","0038495-0002",""
"C00371203","JOHN CARTER FOR CONGRESS","H2TX31044","CARTER, JOHN R REP.","2026","H","TX","31","17","http://docquery.fec.gov/cgi-bin/fecimg/?202510159791483085","","CEDAR PARK CHAMBER","PO BOX 805","","CEDAR PARK","TX","786300805","2025-08-08","$300.00","EVENT - TICKET","X","MEMO","003","Solicitation and Fundraising Expenses ","0038495-0003",""
"C00371203","JOHN CARTER FOR CONGRESS","H2TX31044","CARTER, JOHN R REP.","2026","H","TX","31","17","http://docquery.fec.gov/cgi-bin/fecimg/?202510159791483085","","DELTA AIRLINES","1001 INTERNATIONAL BLVD","","ATLANTA","GA","303541802","2025-08-08","$66.00","TRAVEL - AIRFARE","X","MEMO","002","Travel Expenses","0038495-0004",""
"C00371203","JOHN CARTER FOR CONGRESS","H2TX31044","CARTER, JOHN R REP.","2026","H","TX","31","17","http://docquery.fec.gov/cgi-bin/fecimg/?202510159791483086","","SUDS DELUXE CAR WASH","2991 FM1460","","GEORGETOWN","TX","78626","2025-08-08","$84.80","CAMPAIGN VEHICLE MAINTENANCE","X","MEMO","001","Administrative/Salary/Overhead Expenses ","0038495-0005",""
"C00371203","JOHN CARTER FOR CONGRESS","H2TX31044","CARTER, JOHN R REP.","2026","H","TX","31","17","http://docquery.fec.gov/cgi-bin/fecimg/?202510159791483086","","H-E-B","603 LOUIS HENNA BLVD","","ROUND ROCK","TX","786647186","2025-08-08","$122.28","MEETING - FOOD & BEVERAGE","X","MEMO","007","Campaign Event Expenses","0038495-0006",""
"C00371203","JOHN CARTER FOR CONGRESS","H2TX31044","CARTER, JOHN R REP.","2026","H","TX","31","17","http://docquery.fec.gov/cgi-bin/fecimg/?202510159791483086","","H-E-B","603 LOUIS HENNA BLVD","","ROUND ROCK","TX","786647186","2025-08-08","$88.40","MEETING - FOOD & BEVERAGE","X","MEMO","007","Campaign Event Expenses","0038495-0007",""
"C00371203","JOHN CARTER FOR CONGRESS","H2TX31044","CARTER, JOHN R REP.","2026","H","TX","31","17","http://docquery.fec.gov/cgi-bin/fecimg/?202510159791483087","","REPUBLIC CANTINA","43 N ST NW","","WASHINGTON","DC","20005","2025-08-08","$245.63","MEETING - FOOD & BEVERAGE","X","MEMO","007","Campaign Event Expenses","0038495-0008",""
"C00371203","JOHN CARTER FOR CONGRESS","H2TX31044","CARTER, JOHN R REP.","2026","H","TX","31","17","http://docquery.fec.gov/cgi-bin/fecimg/?202510159791483087","","H-E-B","603 LOUIS HENNA BLVD","","ROUND ROCK","TX","786647186","2025-08-08","$9.70","TRAVEL - FOOD & BEVERAGE","X","MEMO","002","Travel Expenses","0038495-0009",""
"C00371203","JOHN CARTER FOR CONGRESS","H2TX31044","CARTER, JOHN R REP.","2026","H","TX","31","17","http://docquery.fec.gov/cgi-bin/fecimg/?202510159791483087","","SHELL OIL","511 N MAIN ST","","ELGIN","TX","786212656","2025-08-08","$26.15","TRAVEL - FUEL","X","MEMO","002","Travel Expenses","0038495-0010",""
"C00371203","JOHN CARTER FOR CONGRESS","H2TX31044","CARTER, JOHN R REP.","2026","H","TX","31","17","http://docquery.fec.gov/cgi-bin/fecimg/?202510159791483088","","OFFICE DEPOT","120 SUNDANCE PKWY","","ROUND ROCK","TX","786817918","2025-08-08","$226.19","OFFICE SUPPLIES","X","MEMO","001","Administrative/Salary/Overhead Expenses ","0038495-0011",""
"C00371203","JOHN CARTER FOR CONGRESS","H2TX31044","CARTER, JOHN R REP.","2026","H","TX","31","17","http://docquery.fec.gov/cgi-bin/fecimg/?202510159791483088","","APPLE.COM","ONE APPLE PARK WAY","","CUPERTINO","CA","95014","2025-08-08","$2.99","IT SERVICES","X","MEMO","001","Administrative/Salary/Overhead Expenses ","0038495-0012",""
"C00371203","JOHN CARTER FOR CONGRESS","H2TX31044","CARTER, JOHN R REP.","2026","H","TX","31","17","http://docquery.fec.gov/cgi-bin/fecimg/?202510159791483088","","LEVY RESTAURANTS","980 N MICHIGAN AVE.","","CHICAGO","IL","606114501","2025-08-08","$66.64","MEETING - FOOD & BEVERAGE","X","MEMO","007","Campaign Event Expenses","0038495-0013",""
"C00371203","JOHN CARTER FOR CONGRESS","H2TX31044","CARTER, JOHN R REP.","2026","H","TX","31","17","http://docquery.fec.gov/cgi-bin/fecimg/?202510159791483089","","APPLE.COM","ONE APPLE PARK WAY","","CUPERTINO","CA","95014","2025-08-08","$8.49","IT SERVICES","X","MEMO","001","Administrative/Salary/Overhead Expenses ","0038495-0014",""
"C00371203","JOHN CARTER FOR CONGRESS","H2TX31044","CARTER, JOHN R REP.","2026","H","TX","31","17","http://docquery.fec.gov/cgi-bin/fecimg/?202510159791483089","","SPEEDY STOP 95","551 UNIVERSITY BLVD","","SANDY","TX","78665","2025-08-08","$39.00","TRAVEL - FUEL","X","MEMO","002","Travel Expenses","0038495-0015",""
"C00371203","JOHN CARTER FOR CONGRESS","H2TX31044","CARTER, JOHN R REP.","2026","H","TX","31","17","http://docquery.fec.gov/cgi-bin/fecimg/?202510159791483089","","ACADEMY SPORTS","1351 S I-35","","ROUND ROCK","TX","786640000","2025-08-08","$208.81","EVENT - SUPPLIES","X","MEMO","003","Solicitation and Fundraising Expenses ","0038495-0017",""
"C00371203","JOHN CARTER FOR CONGRESS","H2TX31044","CARTER, JOHN R REP.","2026","H","TX","31","17","http://docquery.fec.gov/cgi-bin/fecimg/?202510159791483090","","SOUTHWEST AIRLINE","8008 CEDAR SPRINGS RD","","DALLAS","TX","752352852","2025-08-08","$226.18","TRAVEL - AIRFARE","X","MEMO","002","Travel Expenses","0038495-0019",""
"C00371203","JOHN CARTER FOR CONGRESS","H2TX31044","CARTER, JOHN R REP.","2026","H","TX","31","17","http://docquery.fec.gov/cgi-bin/fecimg/?202510159791483090","","SOUTHWEST AIRLINE","8008 CEDAR SPRINGS RD","","DALLAS","TX","752352852","2025-08-08","$909.38","TRAVEL - AIRFARE","X","MEMO","002","Travel Expenses","0038495-0020",""
"C00371203","JOHN CARTER FOR CONGRESS","H2TX31044","CARTER, JOHN R REP.","2026","H","TX","31","17","http://docquery.fec.gov/cgi-bin/fecimg/?202510159791483046","","DELTA AIRLINES","1001 INTERNATIONAL BLVD","","ATLANTA","GA","303541802","2025-07-09","$9.99","TRAVEL - SERVICE FEE","X","MEMO","002","Travel Expenses","0038480-0046",""
"C00371203","JOHN CARTER FOR CONGRESS","H2TX31044","CARTER, JOHN R REP.","2026","H","TX","31","17","http://docquery.fec.gov/cgi-bin/fecimg/?202510159791483046","","TARGET","3101 JEFFERSON DAVIS HWY","","ALEXANDRIA","VA","223053042","2025-07-09","$500.83","EVENT - SUPPLIES","X","MEMO","003","Solicitation and Fundraising Expenses ","0038480-0047",""
"C00371203","JOHN CARTER FOR CONGRESS","H2TX31044","CARTER, JOHN R REP.","2026","H","TX","31","17","http://docquery.fec.gov/cgi-bin/fecimg/?202510159791483046","","DELTA AIRLINES","1001 INTERNATIONAL BLVD","","ATLANTA","GA","303541802","2025-07-09","$546.37","TRAVEL - AIRFARE","X","MEMO","002","Travel Expenses","0038480-0048",""
"C00371203","JOHN CARTER FOR CONGRESS","H2TX31044","CARTER, JOHN R REP.","2026","H","TX","31","17","http://docquery.fec.gov/cgi-bin/fecimg/?202510159791483047","","CVS PHARMACY","1855 GATTIS SCHOOL RD","","ROUND ROCK","TX","786647428","2025-07-09","$20.73","OFFICE SUPPLIES","X","MEMO","001","Administrative/Salary/Overhead Expenses ","0038480-0049",""
"C00371203","JOHN CARTER FOR CONGRESS","H2TX31044","CARTER, JOHN R REP.","2026","H","TX","31","17","http://docquery.fec.gov/cgi-bin/fecimg/?202510159791483047","","DOUBLETREE HOTEL","18740 INTERNATIONAL BLVD","","SEATAC","WA","981884234","2025-07-09","$173.63","TRAVEL - LODGING","X","MEMO","002","Travel Expenses","0038480-0050",""
"C00371203","JOHN CARTER FOR CONGRESS","H2TX31044","CARTER, JOHN R REP.","2026","H","TX","31","17","http://docquery.fec.gov/cgi-bin/fecimg/?202510159791483047","","CAPITOL HILL CLUB","300 1ST ST SE","","WASHINGTON","DC","200031801","2025-07-09","$2,462.27","EVENT - CATERING","X","MEMO","003","Solicitation and Fundraising Expenses ","0038480-0052",""
"C00371203","JOHN CARTER FOR CONGRESS","H2TX31044","CARTER, JOHN R REP.","2026","H","TX","31","17","http://docquery.fec.gov/cgi-bin/fecimg/?202510159791483048","","CVS PHARMACY","1855 GATTIS SCHOOL RD","","ROUND ROCK","TX","786647428","2025-07-09","$532.70","CONSTITUENT GIFTS","X","MEMO","001","Administrative/Salary/Overhead Expenses ","0038480-0053",""
"C00371203","JOHN CARTER FOR CONGRESS","H2TX31044","CARTER, JOHN R REP.","2026","H","TX","31","17","http://docquery.fec.gov/cgi-bin/fecimg/?202510159791483048","","APPLE.COM","ONE APPLE PARK WAY","","CUPERTINO","CA","95014","2025-07-09","$8.49","IT SERVICES","X","MEMO","001","Administrative/Salary/Overhead Expenses ","0038480-0054",""
"C00371203","JOHN CARTER FOR CONGRESS","H2TX31044","CARTER, JOHN R REP.","2026","H","TX","31","17","http://docquery.fec.gov/cgi-bin/fecimg/?202510159791483048","","DOUBLETREE HOTEL","18740 INTERNATIONAL BLVD","","SEATAC","WA","981884234","2025-07-09","$215.83","TRAVEL - LODGING","X","MEMO","002","Travel Expenses","0038480-0055",""
"C00371203","JOHN CARTER FOR CONGRESS","H2TX31044","CARTER, JOHN R REP.","2026","H","TX","31","17","http://docquery.fec.gov/cgi-bin/fecimg/?202510159791483049","","MI VIDA","575 7TH ST. NW","","WASHINGTON","DC","20004","2025-07-09","$435.46","MEETING - FOOD & BEVERAGE","X","MEMO","007","Campaign Event Expenses","0038480-0058",""
"C00371203","JOHN CARTER FOR CONGRESS","H2TX31044","CARTER, JOHN R REP.","2026","H","TX","31","17","http://docquery.fec.gov/cgi-bin/fecimg/?202510159791483049","","BAYLOR SCOTT & WHITE CENTRAL TEXAS FOUNDATION","2401 S 31ST ST","","TEMPLE","TX","765080001","2025-07-09","$1,000.00","EVENT - TICKETS","X","MEMO","003","Solicitation and Fundraising Expenses ","0038480-0059",""
"C00371203","JOHN CARTER FOR CONGRESS","H2TX31044","CARTER, JOHN R REP.","2026","H","TX","31","17","http://docquery.fec.gov/cgi-bin/fecimg/?202510159791483049","","MELTING POT","13343 RESEARCH BLVD","","AUSTIN","TX","78750","2025-07-09","$331.08","MEETING - FOOD & BEVERAGE","X","MEMO","007","Campaign Event Expenses","0038480-0061",""
"C00371203","JOHN CARTER FOR CONGRESS","H2TX31044","CARTER, JOHN R REP.","2026","H","TX","31","17","http://docquery.fec.gov/cgi-bin/fecimg/?202510159791483050","","SUSHI BY SCRATCH","603 BRAZOS ST","","AUSTIN","TX","78701","2025-07-09","$4,000.00","EVENT - CATERING","X","MEMO","003","Solicitation and Fundraising Expenses ","0038480-0062",""
"C00371203","JOHN CARTER FOR CONGRESS","H2TX31044","CARTER, JOHN R REP.","2026","H","TX","31","17","http://docquery.fec.gov/cgi-bin/fecimg/?202510159791483050","","WASHINGTON NATIONALS","1500 S CAPITOL ST. SE","","WASHINGTON","DC","20003","2025-07-09","$345.00","EVENT - TICKET","X","MEMO","003","Solicitation and Fundraising Expenses ","0038480-0063",""
"C00371203","JOHN CARTER FOR CONGRESS","H2TX31044","CARTER, JOHN R REP.","2026","H","TX","31","17","http://docquery.fec.gov/cgi-bin/fecimg/?202510159791483050","","LEVY RESTAURANTS","980 N MICHIGAN AVE.","","CHICAGO","IL","606114501","2025-07-09","$119.06","MEETING - FOOD & BEVERAGE","X","MEMO","007","Campaign Event Expenses","0038480-0064",""
"C00371203","JOHN CARTER FOR CONGRESS","H2TX31044","CARTER, JOHN R REP.","2026","H","TX","31","17","http://docquery.fec.gov/cgi-bin/fecimg/?202510159791483051","","H-E-B","603 LOUIS HENNA BLVD","","ROUND ROCK","TX","786647186","2025-07-09","$207.81","EVENT - CATERING","X","MEMO","003","Solicitation and Fundraising Expenses ","0038480-0065",""
"C00371203","JOHN CARTER FOR CONGRESS","H2TX31044","CARTER, JOHN R REP.","2026","H","TX","31","17","http://docquery.fec.gov/cgi-bin/fecimg/?202510159791483051","","DOUBLETREE HOTEL","18740 INTERNATIONAL BLVD","","SEATAC","WA","981884234","2025-07-09","$227.88","TRAVEL - LODGING","X","MEMO","002","Travel Expenses","0038480-0066",""
"C00371203","JOHN CARTER FOR CONGRESS","H2TX31044","CARTER, JOHN R REP.","2026","H","TX","31","17","http://docquery.fec.gov/cgi-bin/fecimg/?202510159791483051","","SUDS DELUXE CAR WASH","2991 FM1460","","GEORGETOWN","TX","78626","2025-07-09","$99.97","CAMPAIGN VEHICLE MAINTENANCE","X","MEMO","001","Administrative/Salary/Overhead Expenses ","0038480-0069",""
"C00371203","JOHN CARTER FOR CONGRESS","H2TX31044","CARTER, JOHN R REP.","2026","H","TX","31","17","http://docquery.fec.gov/cgi-bin/fecimg/?202510159791483052","","H-E-B","603 LOUIS HENNA BLVD","","ROUND ROCK","TX","786647186","2025-07-09","$41.90","MEETING - FOOD & BEVERAGE","X","MEMO","007","Campaign Event Expenses","0038480-0070",""
"C00371203","JOHN CARTER FOR CONGRESS","H2TX31044","CARTER, JOHN R REP.","2026","H","TX","31","17","http://docquery.fec.gov/cgi-bin/fecimg/?202510159791483052","","AUSTIN ARTICLE","3600 PRESIDENTIAL BLVD","","AUSTIN","TX","787192363","2025-07-09","$10.09","OFFICE SUPPLIES","X","MEMO","001","Administrative/Salary/Overhead Expenses ","0038480-0071",""
"C00371203","JOHN CARTER FOR CONGRESS","H2TX31044","CARTER, JOHN R REP.","2026","H","TX","31","17","http://docquery.fec.gov/cgi-bin/fecimg/?202510159791483052","","LEVY RESTAURANTS","980 N MICHIGAN AVE.","","CHICAGO","IL","606114501","2025-07-09","$14.29","TRAVEL - FOOD & BEVERAGE","X","MEMO","002","Travel Expenses","0038480-0072",""
"C00371203","JOHN CARTER FOR CONGRESS","H2TX31044","CARTER, JOHN R REP.","2026","H","TX","31","17","http://docquery.fec.gov/cgi-bin/fecimg/?202510159791483053","","WASHINGTON NATIONALS","1500 S CAPITOL ST. SE","","WASHINGTON","DC","20003","2025-07-09","$88.38","EVENT - TICKET","X","MEMO","003","Solicitation and Fundraising Expenses ","0038480-0073",""
"C00371203","JOHN CARTER FOR CONGRESS","H2TX31044","CARTER, JOHN R REP.","2026","H","TX","31","17","http://docquery.fec.gov/cgi-bin/fecimg/?202510159791483053","","APPLE.COM","ONE APPLE PARK WAY","","CUPERTINO","CA","95014","2025-07-09","$2.99","IT SERVICES","X","MEMO","001","Administrative/Salary/Overhead Expenses ","0038480-0074",""
"C00371203","JOHN CARTER FOR CONGRESS","H2TX31044","CARTER, JOHN R REP.","2026","H","TX","31","17","http://docquery.fec.gov/cgi-bin/fecimg/?202510159791483053","","APPLE.COM","ONE APPLE PARK WAY","","CUPERTINO","CA","95014","2025-07-09","$8.49","IT SERVICES","X","MEMO","001","Administrative/Salary/Overhead Expenses ","0038480-0078",""
"C00371203","JOHN CARTER FOR CONGRESS","H2TX31044","CARTER, JOHN R REP.","2026","H","TX","31","17","http://docquery.fec.gov/cgi-bin/fecimg/?202510159791483090","","SOUTHWEST AIRLINE","8008 CEDAR SPRINGS RD","","DALLAS","TX","752352852","2025-08-08","$188.48","TRAVEL - AIRFARE","X","MEMO","002","Travel Expenses","0038495-0021",""
"C00371203","JOHN CARTER FOR CONGRESS","H2TX31044","CARTER, JOHN R REP.","2026","H","TX","31","17","http://docquery.fec.gov/cgi-bin/fecimg/?202510159791483091","","SOUTHWEST AIRLINE","8008 CEDAR SPRINGS RD","","DALLAS","TX","752352852","2025-08-08","$129.08","TRAVEL - AIRFARE","X","MEMO","002","Travel Expenses","0038495-0022",""
"C00371203","JOHN CARTER FOR CONGRESS","H2TX31044","CARTER, JOHN R REP.","2026","H","TX","31","17","http://docquery.fec.gov/cgi-bin/fecimg/?202510159791483091","","SOUTHWEST AIRLINE","8008 CEDAR SPRINGS RD","","DALLAS","TX","752352852","2025-08-08","$40.00","TRAVEL - SERVICE FEE","X","MEMO","002","Travel Expenses","0038495-0023",""
"C00371203","JOHN CARTER FOR CONGRESS","H2TX31044","CARTER, JOHN R REP.","2026","H","TX","31","17","http://docquery.fec.gov/cgi-bin/fecimg/?202510159791483091","","SOUTHWEST AIRLINE","8008 CEDAR SPRINGS RD","","DALLAS","TX","752352852","2025-08-08","$646.96","TRAVEL - AIRFARE","X","MEMO","002","Travel Expenses","0038495-0024",""
"C00371203","JOHN CARTER FOR CONGRESS","H2TX31044","CARTER, JOHN R REP.","2026","H","TX","31","17","http://docquery.fec.gov/cgi-bin/fecimg/?202510159791483092","","SOUTHWEST AIRLINE","8008 CEDAR SPRINGS RD","","DALLAS","TX","752352852","2025-08-08","$286.30","TRAVEL - AIRFARE","X","MEMO","002","Travel Expenses","0038495-0025",""
"C00371203","JOHN CARTER FOR CONGRESS","H2TX31044","CARTER, JOHN R REP.","2026","H","TX","31","17","http://docquery.fec.gov/cgi-bin/fecimg/?202510159791483092","","SOUTHWEST AIRLINE","8008 CEDAR SPRINGS RD","","DALLAS","TX","752352852","2025-08-08","$608.96","TRAVEL - AIRFARE","X","MEMO","002","Travel Expenses","0038495-0026",""
"C00371203","JOHN CARTER FOR CONGRESS","H2TX31044","CARTER, JOHN R REP.","2026","H","TX","31","17","http://docquery.fec.gov/cgi-bin/fecimg/?202510159791483092","","DELTA AIRLINES","1001 INTERNATIONAL BLVD","","ATLANTA","GA","303541802","2025-08-08","$54.00","TRAVEL - AIRFARE","X","MEMO","002","Travel Expenses","0038495-0027",""
"C00371203","JOHN CARTER FOR CONGRESS","H2TX31044","CARTER, JOHN R REP.","2026","H","TX","31","17","http://docquery.fec.gov/cgi-bin/fecimg/?202510159791483093","","DELTA AIRLINES","1001 INTERNATIONAL BLVD","","ATLANTA","GA","303541802","2025-08-08","$54.00","TRAVEL - AIRFARE","X","MEMO","002","Travel Expenses","0038495-0028",""
"C00371203","JOHN CARTER FOR CONGRESS","H2TX31044","CARTER, JOHN R REP.","2026","H","TX","31","17","http://docquery.fec.gov/cgi-bin/fecimg/?202510159791483093","","APPLE.COM","ONE APPLE PARK WAY","","CUPERTINO","CA","95014","2025-08-08","$40.35","IT SERVICES","X","MEMO","001","Administrative/Salary/Overhead Expenses ","0038495-0029",""
"C00371203","JOHN CARTER FOR CONGRESS","H2TX31044","CARTER, JOHN R REP.","2026","H","TX","31","17","http://docquery.fec.gov/cgi-bin/fecimg/?202510159791483093","","CVS PHARMACY","1855 GATTIS SCHOOL RD","","ROUND ROCK","TX","786647428","2025-08-08","$17.73","OFFICE SUPPLIES","X","MEMO","001","Administrative/Salary/Overhead Expenses ","0038495-0030",""
"C00371203","JOHN CARTER FOR CONGRESS","H2TX31044","CARTER, JOHN R REP.","2026","H","TX","31","17","http://docquery.fec.gov/cgi-bin/fecimg/?202510159791483094","","SPEEDY STOP 95","551 UNIVERSITY BLVD","","SANDY","TX","78665","2025-08-08","$59.52","TRAVEL - FUEL","X","MEMO","002","Travel Expenses","0038495-0031",""
"C00371203","JOHN CARTER FOR CONGRESS","H2TX31044","CARTER, JOHN R REP.","2026","H","TX","31","17","http://docquery.fec.gov/cgi-bin/fecimg/?202510159791483094","","DELTA AIRLINES","1001 INTERNATIONAL BLVD","","ATLANTA","GA","303541802","2025-08-08","$79.99","TRAVEL - AIRFARE","X","MEMO","002","Travel Expenses","0038495-0032",""
"C00371203","JOHN CARTER FOR CONGRESS","H2TX31044","CARTER, JOHN R REP.","2026","H","TX","31","17","http://docquery.fec.gov/cgi-bin/fecimg/?202510159791483094","","DELTA AIRLINES","1001 INTERNATIONAL BLVD","","ATLANTA","GA","303541802","2025-08-08","$79.99","TRAVEL - AIRFARE","X","MEMO","002","Travel Expenses","0038495-0033",""
"C00371203","JOHN CARTER FOR CONGRESS","H2TX31044","CARTER, JOHN R REP.","2026","H","TX","31","17","http://docquery.fec.gov/cgi-bin/fecimg/?202510159791483095","","CHASE - CARD MEMBER SERVICES","PO BOX 6294","","CAROL STREAM","IL","601976294","2025-08-08","$47.40","MERCHANT SERVICE FEE","X","MEMO","001","Administrative/Salary/Overhead Expenses ","0038495-0034",""
"C00371203","JOHN CARTER FOR CONGRESS","H2TX31044","CARTER, JOHN R REP.","2026","H","TX","31","17","http://docquery.fec.gov/cgi-bin/fecimg/?202510159791483095","","UNITED AIRLINES","3600 PRESIDENTIAL BLVD","","AUSTIN","TX","787192363","2025-08-08","$77.99","TRAVEL - AIRFARE","X","MEMO","002","Travel Expenses","0038495-0035",""
"C00371203","JOHN CARTER FOR CONGRESS","H2TX31044","CARTER, JOHN R REP.","2026","H","TX","31","17","http://docquery.fec.gov/cgi-bin/fecimg/?202510159791483095","","UNITED AIRLINES","3600 PRESIDENTIAL BLVD","","AUSTIN","TX","787192363","2025-08-08","$155.99","TRAVEL - AIRFARE","X","MEMO","002","Travel Expenses","0038495-0036",""
"C00371203","JOHN CARTER FOR CONGRESS","H2TX31044","CARTER, JOHN R REP.","2026","H","TX","31","17","http://docquery.fec.gov/cgi-bin/fecimg/?202510159791483096","","CHASE - CARD MEMBER SERVICES","PO BOX 6294","","CAROL STREAM","IL","601976294","2025-08-08","$299.00","MERCHANT SERVICE FEE","X","MEMO","001","Administrative/Salary/Overhead Expenses ","0038495-0037",""
"C00371203","JOHN CARTER FOR CONGRESS","H2TX31044","CARTER, JOHN R REP.","2026","H","TX","31","17","http://docquery.fec.gov/cgi-bin/fecimg/?202510159791483096","","H-E-B","603 LOUIS HENNA BLVD","","ROUND ROCK","TX","786647186","2025-08-08","$42.30","MEETING - FOOD & BEVERAGE","X","MEMO","007","Campaign Event Expenses","0038495-0038",""
"C00371203","JOHN CARTER FOR CONGRESS","H2TX31044","CARTER, JOHN R REP.","2026","H","TX","31","17","http://docquery.fec.gov/cgi-bin/fecimg/?202510159791483096","","H-E-B","603 LOUIS HENNA BLVD","","ROUND ROCK","TX","786647186","2025-08-08","$266.68","MEETING - FOOD & BEVERAGE","X","MEMO","007","Campaign Event Expenses","0038495-0039",""
"C00371203","JOHN CARTER FOR CONGRESS","H2TX31044","CARTER, JOHN R REP.","2026","H","TX","31","17","http://docquery.fec.gov/cgi-bin/fecimg/?202510159791483097","","PEDONE'S PIZZA","1332 HERMOSA AVE","","HERMOSA BEACH","CA","90254","2025-08-08","$34.44","MEETING - FOOD & BEVERAGE","X","MEMO","007","Campaign Event Expenses","0038495-0043",""
"C00371203","JOHN CARTER FOR CONGRESS","H2TX31044","CARTER, JOHN R REP.","2026","H","TX","31","17","http://docquery.fec.gov/cgi-bin/fecimg/?202510159791483097","","HILTON GARDEN INN","7930 JONES BRANCH DRIVE","","MCLEAN","VA","22102","2025-08-08","$437.74","TRAVEL - LODGING","X","MEMO","002","Travel Expenses","0038495-0045",""
"C00371203","JOHN CARTER FOR CONGRESS","H2TX31044","CARTER, JOHN R REP.","2026","H","TX","31","17","http://docquery.fec.gov/cgi-bin/fecimg/?202510159791483097","","HILTON GARDEN INN","7930 JONES BRANCH DRIVE","","MCLEAN","VA","22102","2025-08-08","$855.23","TRAVEL - LODGING","X","MEMO","002","Travel Expenses","0038495-0047",""
"C00371203","JOHN CARTER FOR CONGRESS","H2TX31044","CARTER, JOHN R REP.","2026","H","TX","31","17","http://docquery.fec.gov/cgi-bin/fecimg/?202510159791483098","","PEDONE'S PIZZA","1332 HERMOSA AVE","","HERMOSA BEACH","CA","90254","2025-08-08","$161.87","EVENT - CATERING","X","MEMO","003","Solicitation and Fundraising Expenses ","0038495-0048",""
"C00371203","JOHN CARTER FOR CONGRESS","H2TX31044","CARTER, JOHN R REP.","2026","H","TX","31","17","http://docquery.fec.gov/cgi-bin/fecimg/?202510159791483098","","CHASE - CARD MEMBER SERVICES","PO BOX 6294","","CAROL STREAM","IL","601976294","2025-08-08","$24.28","MERCHANT SERVICE FEE","X","MEMO","001","Administrative/Salary/Overhead Expenses ","0038495-0049",""
"C00371203","JOHN CARTER FOR CONGRESS","H2TX31044","CARTER, JOHN R REP.","2026","H","TX","31","17","http://docquery.fec.gov/cgi-bin/fecimg/?202510159791483098","","HAMPTON INN & SUITES","7930 JONES BRANC DRIVE","","MCLEAN","VA","22102","2025-08-08","$170.00","TRAVEL - LODGING","X","MEMO","002","Travel Expenses","0038495-0050",""
"C00371203","JOHN CARTER FOR CONGRESS","H2TX31044","CARTER, JOHN R REP.","2026","H","TX","31","17","http://docquery.fec.gov/cgi-bin/fecimg/?202510159791483054","","H-E-B","603 LOUIS HENNA BLVD","","ROUND ROCK","TX","786647186","2025-07-09","$44.10","OFFICE SUPPLIES","X","MEMO","001","Administrative/Salary/Overhead Expenses ","0038480-0079",""
"C00371203","JOHN CARTER FOR CONGRESS","H2TX31044","CARTER, JOHN R REP.","2026","H","TX","31","17","http://docquery.fec.gov/cgi-bin/fecimg/?202510159791483054","","SOUTHWEST AIRLINE","8008 CEDAR SPRINGS RD","","DALLAS","TX","752352852","2025-07-09","$900.00","TRAVEL - AIRFARE","X","MEMO","002","Travel Expenses","0038480-0082",""
"C00371203","JOHN CARTER FOR CONGRESS","H2TX31044","CARTER, JOHN R REP.","2026","H","TX","31","17","http://docquery.fec.gov/cgi-bin/fecimg/?202510159791483054","","INTUIT SUPPLIES/ QUICKBOOKS","2632 MARINE WAY","","MOUNTAIN VIEW","CA","940431126","2025-07-09","$1,085.67","SOFTWARE FEE","X","MEMO","001","Administrative/Salary/Overhead Expenses ","0038480-0083",""
"C00371203","JOHN CARTER FOR CONGRESS","H2TX31044","CARTER, JOHN R REP.","2026","H","TX","31","17","http://docquery.fec.gov/cgi-bin/fecimg/?202510159791483055","","LYFT RIDE","185 BERRY STREET","","SAN FRANCISCO","CA","941075705","2025-07-09","$36.23","TRAVEL - TAXI","X","MEMO","002","Travel Expenses","0038480-0090",""
"C00371203","JOHN CARTER FOR CONGRESS","H2TX31044","CARTER, JOHN R REP.","2026","H","TX","31","17","http://docquery.fec.gov/cgi-bin/fecimg/?202510159791483055","","HILTON GARDEN INN","7930 JONES BRANCH DRIVE","","MCLEAN","VA","22102","2025-07-09","$224.16","TRAVEL - LODGING","X","MEMO","002","Travel Expenses","0038480-0091",""
"C00371203","JOHN CARTER FOR CONGRESS","H2TX31044","CARTER, JOHN R REP.","2026","H","TX","31","17","http://docquery.fec.gov/cgi-bin/fecimg/?202510159791483055","","DELTA AIRLINES","1001 INTERNATIONAL BLVD","","ATLANTA","GA","303541802","2025-07-09","$118.00","TRAVEL - AIRFARE","X","MEMO","002","Travel Expenses","0038480-0092",""
"C00371203","JOHN CARTER FOR CONGRESS","H2TX31044","CARTER, JOHN R REP.","2026","H","TX","31","17","http://docquery.fec.gov/cgi-bin/fecimg/?202510159791483056","","DELTA AIRLINES","1001 INTERNATIONAL BLVD","","ATLANTA","GA","303541802","2025-07-09","$118.00","TRAVEL - AIRFARE","X","MEMO","002","Travel Expenses","0038480-0093",""
"C00371203","JOHN CARTER FOR CONGRESS","H2TX31044","CARTER, JOHN R REP.","2026","H","TX","31","17","http://docquery.fec.gov/cgi-bin/fecimg/?202510159791483056","","SOUTHWEST AIRLINE","8008 CEDAR SPRINGS RD","","DALLAS","TX","752352852","2025-07-09","$78.00","TRAVEL - AIRFARE","X","MEMO","002","Travel Expenses","0038480-0094",""
"C00371203","JOHN CARTER FOR CONGRESS","H2TX31044","CARTER, JOHN R REP.","2026","H","TX","31","17","http://docquery.fec.gov/cgi-bin/fecimg/?202510159791483056","","SOUTHWEST AIRLINE","8008 CEDAR SPRINGS RD","","DALLAS","TX","752352852","2025-07-09","$874.97","TRAVEL - AIRFARE","X","MEMO","002","Travel Expenses","0038480-0095",""
"C00371203","JOHN CARTER FOR CONGRESS","H2TX31044","CARTER, JOHN R REP.","2026","H","TX","31","17","http://docquery.fec.gov/cgi-bin/fecimg/?202510159791483057","","HOMEWOOD SUITES","1025 ELM ST","","DALLAS","TX","752023113","2025-07-09","$498.07","TRAVEL - LODGING","X","MEMO","002","Travel Expenses","0038480-0096",""
"C00371203","JOHN CARTER FOR CONGRESS","H2TX31044","CARTER, JOHN R REP.","2026","H","TX","31","17","http://docquery.fec.gov/cgi-bin/fecimg/?202510159791483057","","HILTON GARDEN INN","7930 JONES BRANCH DRIVE","","MCLEAN","VA","22102","2025-07-09","$361.14","TRAVEL - LODGING","X","MEMO","002","Travel Expenses","0038480-0097",""
"C00371203","JOHN CARTER FOR CONGRESS","H2TX31044","CARTER, JOHN R REP.","2026","H","TX","31","17","http://docquery.fec.gov/cgi-bin/fecimg/?202510159791483057","","HILTON GARDEN INN","7930 JONES BRANCH DRIVE","","MCLEAN","VA","22102","2025-07-09","$349.86","TRAVEL - LODGING","X","MEMO","002","Travel Expenses","0038480-0098",""
"C00371203","JOHN CARTER FOR CONGRESS","H2TX31044","CARTER, JOHN R REP.","2026","H","TX","31","17","http://docquery.fec.gov/cgi-bin/fecimg/?202510159791483058","","APPLE.COM","ONE APPLE PARK WAY","","CUPERTINO","CA","95014","2025-07-09","$8.49","IT SERVICES","X","MEMO","001","Administrative/Salary/Overhead Expenses ","0038480-0099",""
"C00371203","JOHN CARTER FOR CONGRESS","H2TX31044","CARTER, JOHN R REP.","2026","H","TX","31","17","http://docquery.fec.gov/cgi-bin/fecimg/?202510159791483058","","ERAC SERVICES","110 S ONG ST, AMARILLO","","AMARILLO","TX","79106","2025-07-09","$120.49","TRAVEL - TOLL","X","MEMO","002","Travel Expenses","0038480-0100",""
"C00371203","JOHN CARTER FOR CONGRESS","H2TX31044","CARTER, JOHN R REP.","2026","H","TX","31","17","http://docquery.fec.gov/cgi-bin/fecimg/?202510159791483058","","SPEEDY STOP 95","551 UNIVERSITY BLVD","","SANDY","TX","78665","2025-07-09","$56.20","TRAVEL - FUEL","X","MEMO","002","Travel Expenses","0038480-0101",""
"C00371203","JOHN CARTER FOR CONGRESS","H2TX31044","CARTER, JOHN R REP.","2026","H","TX","31","17","http://docquery.fec.gov/cgi-bin/fecimg/?202510159791483059","","AUSTIN ARTICLE","3600 PRESIDENTIAL BLVD","","AUSTIN","TX","787192363","2025-07-09","$129.89","OFFICE SUPPLIES","X","MEMO","001","Administrative/Salary/Overhead Expenses ","0038480-0102",""
"C00371203","JOHN CARTER FOR CONGRESS","H2TX31044","CARTER, JOHN R REP.","2026","H","TX","31","17","http://docquery.fec.gov/cgi-bin/fecimg/?202510159791483059","","AUSTIN ARTICLE","3600 PRESIDENTIAL BLVD","","AUSTIN","TX","787192363","2025-07-09","$29.22","OFFICE SUPPLIES","X","MEMO","001","Administrative/Salary/Overhead Expenses ","0038480-0103",""
"C00371203","JOHN CARTER FOR CONGRESS","H2TX31044","CARTER, JOHN R REP.","2026","H","TX","31","17","http://docquery.fec.gov/cgi-bin/fecimg/?202510159791483059","","CVS PHARMACY","1855 GATTIS SCHOOL RD","","ROUND ROCK","TX","786647428","2025-07-09","$12.49","OFFICE SUPPLIES","X","MEMO","001","Administrative/Salary/Overhead Expenses ","0038480-0104",""
"C00371203","JOHN CARTER FOR CONGRESS","H2TX31044","CARTER, JOHN R REP.","2026","H","TX","31","17","http://docquery.fec.gov/cgi-bin/fecimg/?202510159791483060","","CAPITOL HILL CLUB","300 1ST ST SE","","WASHINGTON","DC","200031801","2025-07-09","$4,000.00","EVENT - CATERING","X","MEMO","003","Solicitation and Fundraising Expenses ","0038480-0105",""
"C00371203","JOHN CARTER FOR CONGRESS","H2TX31044","CARTER, JOHN R REP.","2026","H","TX","31","17","http://docquery.fec.gov/cgi-bin/fecimg/?202510159791483060","","APPLE.COM","ONE APPLE PARK WAY","","CUPERTINO","CA","95014","2025-07-09","$8.49","IT SERVICES","X","MEMO","001","Administrative/Salary/Overhead Expenses ","0038480-0106",""
"C00371203","JOHN CARTER FOR CONGRESS","H2TX31044","CARTER, JOHN R REP.","2026","H","TX","31","17","http://docquery.fec.gov/cgi-bin/fecimg/?202510159791483060","","CHASE - CARD MEMBER SERVICES","PO BOX 6294","","CAROL STREAM","IL","601976294","2025-07-09","$40.00","MERCHANT SERVICE FEE","X","MEMO","001","Administrative/Salary/Overhead Expenses ","0038480-0107",""
"C00371203","JOHN CARTER FOR CONGRESS","H2TX31044","CARTER, JOHN R REP.","2026","H","TX","31","17","http://docquery.fec.gov/cgi-bin/fecimg/?202510159791483061","","MYPLATES.COM","7301 RANCH ROAD 620N STE 155,346","","AUSTIN","TX","787264537","2025-07-09","$450.00","CAMPAIGN VEHICLE MAINTENANCE","X","MEMO","001","Administrative/Salary/Overhead Expenses ","0038480-0108",""
"C00371203","JOHN CARTER FOR CONGRESS","H2TX31044","CARTER, JOHN R REP.","2026","H","TX","31","17","http://docquery.fec.gov/cgi-bin/fecimg/?202510159791483061","","PEDONE'S PIZZA","1332 HERMOSA AVE","","HERMOSA BEACH","CA","90254","2025-07-09","$62.47","MEETING - FOOD & BEVERAGE","X","MEMO","007","Campaign Event Expenses","0038480-0109",""
"C00371203","JOHN CARTER FOR CONGRESS","H2TX31044","CARTER, JOHN R REP.","2026","H","TX","31","17","http://docquery.fec.gov/cgi-bin/fecimg/?202510159791483061","","CAPITOL HILL CLUB","300 1ST ST SE","","WASHINGTON","DC","200031801","2025-07-09","-$750.00","REFUND: MEETING - FOOD & BEVERAGE","X","MEMO","007","Campaign Event Expenses","0038480-0111",""
"C00371203","JOHN CARTER FOR CONGRESS","H2TX31044","CARTER, JOHN R REP.","2026","H","TX","31","17","http://docquery.fec.gov/cgi-bin/fecimg/?202510159791483062","","H-E-B","603 LOUIS HENNA BLVD","","ROUND ROCK","TX","786647186","2025-07-09","$214.36","MEETING - FOOD & BEVERAGE","X","MEMO","007","Campaign Event Expenses","0038480-0112",""
"C00371203","JOHN CARTER FOR CONGRESS","H2TX31044","CARTER, JOHN R REP.","2026","H","TX","31","17","http://docquery.fec.gov/cgi-bin/fecimg/?202510159791483099","","CAPITOL HILL CLUB","300 1ST ST SE","","WASHINGTON","DC","200031801","2025-08-08","$486.57","EVENT - CATERING","X","MEMO","003","Solicitation and Fundraising Expenses ","0038495-0053",""
"C00371203","JOHN CARTER FOR CONGRESS","H2TX31044","CARTER, JOHN R REP.","2026","H","TX","31","17","http://docquery.fec.gov/cgi-bin/fecimg/?202510159791483099","","PEDONE'S PIZZA","1332 HERMOSA AVE","","HERMOSA BEACH","CA","90254","2025-08-08","$130.00","MEETING - FOOD & BEVERAGE","X","MEMO","007","Campaign Event Expenses","0038495-0054",""
"C00371203","JOHN CARTER FOR CONGRESS","H2TX31044","CARTER, JOHN R REP.","2026","H","TX","31","17","http://docquery.fec.gov/cgi-bin/fecimg/?202510159791483099","","APPLE.COM","ONE APPLE PARK WAY","","CUPERTINO","CA","95014","2025-08-08","$8.49","IT SERVICES","X","MEMO","001","Administrative/Salary/Overhead Expenses ","0038495-0055",""
"C00371203","JOHN CARTER FOR CONGRESS","H2TX31044","CARTER, JOHN R REP.","2026","H","TX","31","17","http://docquery.fec.gov/cgi-bin/fecimg/?202510159791483100","","SOUTHWEST AIRLINE","8008 CEDAR SPRINGS RD","","DALLAS","TX","752352852","2025-08-08","$1,113.95","TRAVEL - AIRFARE","X","MEMO","002","Travel Expenses","0038495-0056",""
"C00371203","JOHN CARTER FOR CONGRESS","H2TX31044","CARTER, JOHN R REP.","2026","H","TX","31","17","http://docquery.fec.gov/cgi-bin/fecimg/?202510159791483100","","ENTERPRISE RENT A CAR","2121A N MAYS ST","","ROUND ROCK","TX","786642144","2025-08-08","$603.31","TRAVEL - CAR RENTAL","X","MEMO","002","Travel Expenses","0038495-0057",""
"C00371203","JOHN CARTER FOR CONGRESS","H2TX31044","CARTER, JOHN R REP.","2026","H","TX","31","17","http://docquery.fec.gov/cgi-bin/fecimg/?202510159791483100","","DEMOCRACY ENGINE LLC, PAC","237 FLORIDA AVE, NW","","WASHINGTON","DC","20001","2025-08-11","$.05","EARMARK PROCESSING FEE","","","001","Administrative/Salary/Overhead Expenses ","0038508",""
"C00371203","JOHN CARTER FOR CONGRESS","H2TX31044","CARTER, JOHN R REP.","2026","H","TX","31","17","http://docquery.fec.gov/cgi-bin/fecimg/?202510159791483101","","INTERNAL REVENUE SERVICE","DEPARTMENT OF THE TREASURY","","AUSTIN","TX","733010001","2025-08-15","$307.36","PAYROLL TAXES","","","001","Administrative/Salary/Overhead Expenses ","0038496",""
"C00371203","JOHN CARTER FOR CONGRESS","H2TX31044","CARTER, JOHN R REP.","2026","H","TX","31","17","http://docquery.fec.gov/cgi-bin/fecimg/?202510159791483101","","HILL COUNTRY PAYROLL","1104 S MAYS ST","","ROUND ROCK","TX","786646773","2025-08-28","$101.32","PAYROLL SERVICES","","","001","Administrative/Salary/Overhead Expenses ","0038497",""
"C00371203","JOHN CARTER FOR CONGRESS","H2TX31044","CARTER, JOHN R REP.","2026","H","TX","31","17","http://docquery.fec.gov/cgi-bin/fecimg/?202510159791483101","","HILL COUNTRY PAYROLL","1104 S MAYS ST","","ROUND ROCK","TX","786646773","2025-08-28","$230.87","SEE BELOW","","ITEMIZATION BELOW","001","Administrative/Salary/Overhead Expenses ","0038498",""
"C00371203","JOHN CARTER FOR CONGRESS","H2TX31044","CARTER, JOHN R REP.","2026","H","TX","31","17","http://docquery.fec.gov/cgi-bin/fecimg/?202510159791483102","","RUGELY, CASH","1230 RED BUD LANE","","ROUND ROCK","TX","78664","2025-08-28","$230.87","PAYROLL","X","MEMO","001","Administrative/Salary/Overhead Expenses ","0038498-0001",""
"C00371203","JOHN CARTER FOR CONGRESS","H2TX31044","CARTER, JOHN R REP.","2026","H","TX","31","17","http://docquery.fec.gov/cgi-bin/fecimg/?202510159791483102","","WINRED","PO BOX 9891","","ARLINGTON","VA","22219","2025-08-30","$141.28","EARMARK PROCESSING FEE","","","001","Administrative/Salary/Overhead Expenses ","0038515",""
"C00371203","JOHN CARTER FOR CONGRESS","H2TX31044","CARTER, JOHN R REP.","2026","H","TX","31","17","http://docquery.fec.gov/cgi-bin/fecimg/?202510159791483102","","VERIZON WIRELESS","PO BOX 660108","","DALLAS","TX","752660108","2025-09-03","$515.21","CELL PHONE SERVICE","","","001","Administrative/Salary/Overhead Expenses ","0038534",""
"C00371203","JOHN CARTER FOR CONGRESS","H2TX31044","CARTER, JOHN R REP.","2026","H","TX","31","17","http://docquery.fec.gov/cgi-bin/fecimg/?202510159791483103","","VERIZON WIRELESS","PO BOX 660108","","DALLAS","TX","752660108","2025-09-08","$726.47","CELL PHONE SERVICE","","","001","Administrative/Salary/Overhead Expenses ","0038535",""
"C00371203","JOHN CARTER FOR CONGRESS","H2TX31044","CARTER, JOHN R REP.","2026","H","TX","31","17","http://docquery.fec.gov/cgi-bin/fecimg/?202510159791483103","","INTEG","PO BOX 23007","","WACO","TX","76702","2025-09-09","$292.28","EVENT - SUPPLIES","","","003","Solicitation and Fundraising Expenses ","0038513",""
"C00371203","JOHN CARTER FOR CONGRESS","H2TX31044","CARTER, JOHN R REP.","2026","H","TX","31","17","http://docquery.fec.gov/cgi-bin/fecimg/?202510159791483103","","DRUCKER LAWHON, LLP","317 15TH ST NE","","WASHINGTON","DC","200026501","2025-09-09","$5,505.04","FUNDRAISING CONSULTING","","","003","Solicitation and Fundraising Expenses ","0038511",""
"C00371203","JOHN CARTER FOR CONGRESS","H2TX31044","CARTER, JOHN R REP.","2026","H","TX","31","17","http://docquery.fec.gov/cgi-bin/fecimg/?202510159791483104","","MORGAN, MEREDITH & ASSOCIATES","22780 INDIAN CREEK DR","","DULLES","VA","201666746","2025-09-09","$2,936.23","REPORTING SERVICES","","","001","Administrative/Salary/Overhead Expenses ","0038510",""
"C00371203","JOHN CARTER FOR CONGRESS","H2TX31044","CARTER, JOHN R REP.","2026","H","TX","31","17","http://docquery.fec.gov/cgi-bin/fecimg/?202510159791483104","","SOUTHSTATE BANK","4420 SUNRISE","","ROUND ROCK","TX","78665","2025-09-10","$57.89","BANK SERVICE CHARGE","","","001","Administrative/Salary/Overhead Expenses ","0038539",""
"C00371203","JOHN CARTER FOR CONGRESS","H2TX31044","CARTER, JOHN R REP.","2026","H","TX","31","17","http://docquery.fec.gov/cgi-bin/fecimg/?202510159791483104","","INTERNAL REVENUE SERVICE","DEPARTMENT OF THE TREASURY","","AUSTIN","TX","733010001","2025-09-15","$307.39","PAYROLL TAXES","","","001","Administrative/Salary/Overhead Expenses ","0038536",""
"C00371203","JOHN CARTER FOR CONGRESS","H2TX31044","CARTER, JOHN R REP.","2026","H","TX","31","17","http://docquery.fec.gov/cgi-bin/fecimg/?202510159791483105","","DEMOCRACY ENGINE LLC, PAC","237 FLORIDA AVE, NW","","WASHINGTON","DC","20001","2025-09-16","$125.05","EARMARK PROCESSING FEE","","","001","Administrative/Salary/Overhead Expenses ","0038516",""
"C00371203","JOHN CARTER FOR CONGRESS","H2TX31044","CARTER, JOHN R REP.","2026","H","TX","31","17","http://docquery.fec.gov/cgi-bin/fecimg/?202510159791483105","","DEMOCRACY ENGINE LLC, PAC","237 FLORIDA AVE, NW","","WASHINGTON","DC","20001","2025-09-16","$150.00","EARMARK PROCESSING FEE","","","001","Administrative/Salary/Overhead Expenses ","0038517",""
"C00371203","JOHN CARTER FOR CONGRESS","H2TX31044","CARTER, JOHN R REP.","2026","H","TX","31","17","http://docquery.fec.gov/cgi-bin/fecimg/?202510159791483105","","DEMOCRACY ENGINE LLC, PAC","237 FLORIDA AVE, NW","","WASHINGTON","DC","20001","2025-09-16","$300.00","EARMARK PROCESSING FEE","","","001","Administrative/Salary/Overhead Expenses ","0038518",""
"C00371203","JOHN CARTER FOR CONGRESS","H2TX31044","CARTER, JOHN R REP.","2026","H","TX","31","17","http://docquery.fec.gov/cgi-bin/fecimg/?202510159791483106","","HILL COUNTRY PAYROLL","1104 S MAYS ST","","ROUND ROCK","TX","786646773","2025-09-29","$101.32","PAYROLL SERVICES","","","001","Administrative/Salary/Overhead Expenses ","0038537",""
"C00371203","JOHN CARTER FOR CONGRESS","H2TX31044","CARTER, JOHN R REP.","2026","H","TX","31","17","http://docquery.fec.gov/cgi-bin/fecimg/?202510159791483106","","HILL COUNTRY PAYROLL","1104 S MAYS ST","","ROUND ROCK","TX","786646773","2025-09-29","$230.88","SEE BELOW","","ITEMIZATION BELOW","001","Administrative/Salary/Overhead Expenses ","0038538",""
"C00371203","JOHN CARTER FOR CONGRESS","H2TX31044","CARTER, JOHN R REP.","2026","H","TX","31","17","http://docquery.fec.gov/cgi-bin/fecimg/?202510159791483106","","RUGELY, CASH","1230 RED BUD LANE","","ROUND ROCK","TX","78664","2025-09-29","$230.88","PAYROLL","X","MEMO","001","Administrative/Salary/Overhead Expenses ","0038538-0001",""
"C00371203","JOHN CARTER FOR CONGRESS","H2TX31044","CARTER, JOHN R REP.","2026","H","TX","31","17","http://docquery.fec.gov/cgi-bin/fecimg/?202510159791483062","","H-E-B","603 LOUIS HENNA BLVD","","ROUND ROCK","TX","786647186","2025-07-09","$176.85","MEETING - FOOD & BEVERAGE","X","MEMO","007","Campaign Event Expenses","0038480-0113",""
"C00371203","JOHN CARTER FOR CONGRESS","H2TX31044","CARTER, JOHN R REP.","2026","H","TX","31","17","http://docquery.fec.gov/cgi-bin/fecimg/?202510159791483062","","SOUTHWEST AIRLINE","8008 CEDAR SPRINGS RD","","DALLAS","TX","752352852","2025-07-09","$474.48","TRAVEL - AIRFARE","X","MEMO","002","Travel Expenses","0038480-0114",""
"C00371203","JOHN CARTER FOR CONGRESS","H2TX31044","CARTER, JOHN R REP.","2026","H","TX","31","17","http://docquery.fec.gov/cgi-bin/fecimg/?202510159791483063","","APPLE.COM","ONE APPLE PARK WAY","","CUPERTINO","CA","95014","2025-07-09","$8.49","IT SERVICES","X","MEMO","001","Administrative/Salary/Overhead Expenses ","0038480-0115",""
"C00371203","JOHN CARTER FOR CONGRESS","H2TX31044","CARTER, JOHN R REP.","2026","H","TX","31","17","http://docquery.fec.gov/cgi-bin/fecimg/?202510159791483063","","SPEEDY STOP 95","551 UNIVERSITY BLVD","","SANDY","TX","78665","2025-07-09","$64.00","TRAVEL - FUEL","X","MEMO","002","Travel Expenses","0038480-0116",""
"C00371203","JOHN CARTER FOR CONGRESS","H2TX31044","CARTER, JOHN R REP.","2026","H","TX","31","17","http://docquery.fec.gov/cgi-bin/fecimg/?202510159791483063","","SEATGEEK","902 BRAODWAY","","NEW YORK","NY","10010","2025-07-09","$605.29","EVENT - TICKET","X","MEMO","003","Solicitation and Fundraising Expenses ","0038480-0117",""
"C00371203","JOHN CARTER FOR CONGRESS","H2TX31044","CARTER, JOHN R REP.","2026","H","TX","31","17","http://docquery.fec.gov/cgi-bin/fecimg/?202510159791483064","","H-E-B","603 LOUIS HENNA BLVD","","ROUND ROCK","TX","786647186","2025-07-09","$333.17","MEETING - FOOD & BEVERAGE","X","MEMO","007","Campaign Event Expenses","0038480-0118",""
"C00371203","JOHN CARTER FOR CONGRESS","H2TX31044","CARTER, JOHN R REP.","2026","H","TX","31","17","http://docquery.fec.gov/cgi-bin/fecimg/?202510159791483064","","CAPITOL HILL CLUB","300 1ST ST SE","","WASHINGTON","DC","200031801","2025-07-09","$5,093.19","EVENT - CATERING","X","MEMO","003","Solicitation and Fundraising Expenses ","0038480-0119",""
"C00371203","JOHN CARTER FOR CONGRESS","H2TX31044","CARTER, JOHN R REP.","2026","H","TX","31","17","http://docquery.fec.gov/cgi-bin/fecimg/?202510159791483064","","CAPITOL HILL CLUB","300 1ST ST SE","","WASHINGTON","DC","200031801","2025-07-09","$170.36","MEETING - FOOD & BEVERAGE","X","MEMO","007","Campaign Event Expenses","0038480-0120",""
"C00371203","JOHN CARTER FOR CONGRESS","H2TX31044","CARTER, JOHN R REP.","2026","H","TX","31","17","http://docquery.fec.gov/cgi-bin/fecimg/?202510159791483065","","EDDIE V'S PRIME SEAFOOD","304 E 5TH STREET","","AUSTIN","TX","78701","2025-07-09","$252.81","MEETING - FOOD & BEVERAGE","X","MEMO","007","Campaign Event Expenses","0038480-0121",""
"C00371203","JOHN CARTER FOR CONGRESS","H2TX31044","CARTER, JOHN R REP.","2026","H","TX","31","17","http://docquery.fec.gov/cgi-bin/fecimg/?202510159791483065","","H-E-B","603 LOUIS HENNA BLVD","","ROUND ROCK","TX","786647186","2025-07-09","$144.97","MEETING - FOOD & BEVERAGE","X","MEMO","007","Campaign Event Expenses","0038480-0123",""
"C00371203","JOHN CARTER FOR CONGRESS","H2TX31044","CARTER, JOHN R REP.","2026","H","TX","31","17","http://docquery.fec.gov/cgi-bin/fecimg/?202510159791483065","","SUDS DELUXE CAR WASH","2991 FM1460","","GEORGETOWN","TX","78626","2025-07-09","$99.97","CAMPAIGN VEHICLE MAINTENANCE","X","MEMO","001","Administrative/Salary/Overhead Expenses ","0038480-0124",""
"C00371203","JOHN CARTER FOR CONGRESS","H2TX31044","CARTER, JOHN R REP.","2026","H","TX","31","17","http://docquery.fec.gov/cgi-bin/fecimg/?202510159791483066","","LEVY RESTAURANTS","980 N MICHIGAN AVE.","","CHICAGO","IL","606114501","2025-07-09","$135.31","MEETING - FOOD & BEVERAGE","X","MEMO","007","Campaign Event Expenses","0038480-0125",""
"C00371203","JOHN CARTER FOR CONGRESS","H2TX31044","CARTER, JOHN R REP.","2026","H","TX","31","17","http://docquery.fec.gov/cgi-bin/fecimg/?202510159791483066","","LEVY RESTAURANTS","980 N MICHIGAN AVE.","","CHICAGO","IL","606114501","2025-07-09","$13.78","TRAVEL - FOOD & BEVERAGE","X","MEMO","002","Travel Expenses","0038480-0126",""
"C00371203","JOHN CARTER FOR CONGRESS","H2TX31044","CARTER, JOHN R REP.","2026","H","TX","31","17","http://docquery.fec.gov/cgi-bin/fecimg/?202510159791483066","","GODADDY.COM","14455 N HAYDEN RD","STE 226","SCOTTSDALE","AZ","852606993","2025-07-09","$102.21","IT SERVICES","X","MEMO","001","Administrative/Salary/Overhead Expenses ","0038480-0127",""
"C00371203","JOHN CARTER FOR CONGRESS","H2TX31044","CARTER, JOHN R REP.","2026","H","TX","31","17","http://docquery.fec.gov/cgi-bin/fecimg/?202510159791483067","","LEVY RESTAURANTS","980 N MICHIGAN AVE.","","CHICAGO","IL","606114501","2025-07-09","$12.98","TRAVEL - FOOD & BEVERAGE","X","MEMO","002","Travel Expenses","0038480-0128",""
"C00371203","JOHN CARTER FOR CONGRESS","H2TX31044","CARTER, JOHN R REP.","2026","H","TX","31","17","http://docquery.fec.gov/cgi-bin/fecimg/?202510159791483067","","APPLE.COM","ONE APPLE PARK WAY","","CUPERTINO","CA","95014","2025-07-09","$8.49","IT SERVICES","X","MEMO","001","Administrative/Salary/Overhead Expenses ","0038480-0129",""
"C00371203","JOHN CARTER FOR CONGRESS","H2TX31044","CARTER, JOHN R REP.","2026","H","TX","31","17","http://docquery.fec.gov/cgi-bin/fecimg/?202510159791483067","","APPLE.COM","ONE APPLE PARK WAY","","CUPERTINO","CA","95014","2025-07-09","$2.99","IT SERVICES","X","MEMO","001","Administrative/Salary/Overhead Expenses ","0038480-0130",""
"C00371203","JOHN CARTER FOR CONGRESS","H2TX31044","CARTER, JOHN R REP.","2026","H","TX","31","17","http://docquery.fec.gov/cgi-bin/fecimg/?202510159791483068","","HEB CENTER","3750 GATTIS SCHOOL RD","","ROUND ROCK","TX","786644642","2025-07-09","$212.13","EVENT - TICKET","X","MEMO","003","Solicitation and Fundraising Expenses ","0038480-0131",""
"C00371203","JOHN CARTER FOR CONGRESS","H2TX31044","CARTER, JOHN R REP.","2026","H","TX","31","17","http://docquery.fec.gov/cgi-bin/fecimg/?202510159791483068","","GODADDY.COM","14455 N HAYDEN RD","STE 226","SCOTTSDALE","AZ","852606993","2025-07-09","$217.34","IT SERVICES","X","MEMO","001","Administrative/Salary/Overhead Expenses ","0038480-0132",""
"C00371203","JOHN CARTER FOR CONGRESS","H2TX31044","CARTER, JOHN R REP.","2026","H","TX","31","17","http://docquery.fec.gov/cgi-bin/fecimg/?202510159791483068","","APPLE.COM","ONE APPLE PARK WAY","","CUPERTINO","CA","95014","2025-07-09","$8.49","IT SERVICES","X","MEMO","001","Administrative/Salary/Overhead Expenses ","0038480-0133",""
"C00371203","JOHN CARTER FOR CONGRESS","H2TX31044","CARTER, JOHN R REP.","2026","H","TX","31","17","http://docquery.fec.gov/cgi-bin/fecimg/?202510159791483069","","LEVY RESTAURANTS","980 N MICHIGAN AVE.","","CHICAGO","IL","606114501","2025-07-09","$514.14","MEETING - FOOD & BEVERAGE","X","MEMO","007","Campaign Event Expenses","0038480-0136",""
"C00371203","JOHN CARTER FOR CONGRESS","H2TX31044","CARTER, JOHN R REP.","2026","H","TX","31","17","http://docquery.fec.gov/cgi-bin/fecimg/?202510159791483069","","ERAC SERVICES","110 S ONG ST, AMARILLO","","AMARILLO","TX","79106","2025-07-09","$54.94","TRAVEL - TOLL FEE","X","MEMO","002","Travel Expenses","0038480-0137",""
"C00371203","JOHN CARTER FOR CONGRESS","H2TX31044","CARTER, JOHN R REP.","2026","H","TX","31","17","http://docquery.fec.gov/cgi-bin/fecimg/?202510159791483069","","FREYTAGS NORTHWEST FLORIST","2211 W ANDERSON LN","","AUSTIN","TX","787571223","2025-07-09","$217.05","EVENT - SUPPLIES","X","MEMO","003","Solicitation and Fundraising Expenses ","0038480-0138",""
"C00371203","JOHN CARTER FOR CONGRESS","H2TX31044","CARTER, JOHN R REP.","2026","H","TX","31","17","http://docquery.fec.gov/cgi-bin/fecimg/?202510159791483070","","TICKETMASTER","8800 W SUNSET BLVD","","WEST HOLLYWOOD","CA","900692105","2025-07-09","$1,270.81","EVENT - TICKET","X","MEMO","003","Solicitation and Fundraising Expenses ","0038480-0139",""
"C00371203","JOHN CARTER FOR CONGRESS","H2TX31044","CARTER, JOHN R REP.","2026","H","TX","31","17","http://docquery.fec.gov/cgi-bin/fecimg/?202510159791483107","","WINRED","PO BOX 9891","","ARLINGTON","VA","22219","2025-09-30","$110.35","EARMARK PROCESSING FEE","","","001","Administrative/Salary/Overhead Expenses ","0038527",""
"C00371203","JOHN CARTER FOR CONGRESS","H2TX31044","CARTER, JOHN R REP.","2026","H","TX","31","17","http://docquery.fec.gov/cgi-bin/fecimg/?202510159791483070","","APPLE.COM","ONE APPLE PARK WAY","","CUPERTINO","CA","95014","2025-07-09","$8.49","IT SERVICES","X","MEMO","001","Administrative/Salary/Overhead Expenses ","0038480-0140",""
"C00371203","JOHN CARTER FOR CONGRESS","H2TX31044","CARTER, JOHN R REP.","2026","H","TX","31","17","http://docquery.fec.gov/cgi-bin/fecimg/?202510159791483070","","ERAC SERVICES","110 S ONG ST, AMARILLO","","AMARILLO","TX","79106","2025-07-09","$3.96","TRAVEL - TOLL FEE","X","MEMO","002","Travel Expenses","0038480-0141",""
"C00371203","JOHN CARTER FOR CONGRESS","H2TX31044","CARTER, JOHN R REP.","2026","H","TX","31","17","http://docquery.fec.gov/cgi-bin/fecimg/?202510159791483071","","SOUTHWEST AIRLINE","8008 CEDAR SPRINGS RD","","DALLAS","TX","752352852","2025-07-09","$120.00","TRAVEL - AIRFARE","X","MEMO","002","Travel Expenses","0038480-0142",""
"C00371203","JOHN CARTER FOR CONGRESS","H2TX31044","CARTER, JOHN R REP.","2026","H","TX","31","17","http://docquery.fec.gov/cgi-bin/fecimg/?202510159791483071","","H-E-B","603 LOUIS HENNA BLVD","","ROUND ROCK","TX","786647186","2025-07-09","$75.01","MEETING - FOOD & BEVERAGE","X","MEMO","007","Campaign Event Expenses","0038480-0144",""
"C00371203","JOHN CARTER FOR CONGRESS","H2TX31044","CARTER, JOHN R REP.","2026","H","TX","31","17","http://docquery.fec.gov/cgi-bin/fecimg/?202510159791483071","","CHASE - CARD MEMBER SERVICES","PO BOX 6294","","CAROL STREAM","IL","601976294","2025-07-09","$1,128.93","MERCHANT SERVICE FEE","X","MEMO","001","Administrative/Salary/Overhead Expenses ","0038480-0146",""
"C00371203","JOHN CARTER FOR CONGRESS","H2TX31044","CARTER, JOHN R REP.","2026","H","TX","31","17","http://docquery.fec.gov/cgi-bin/fecimg/?202510159791483072","","HAYWIRE","11501 ROCK ROSE AVE","","AUSTIN","TX","78758","2025-07-09","$219.06","MEETING - FOOD & BEVERAGE","X","MEMO","007","Campaign Event Expenses","0038480-0148",""
"C00371203","JOHN CARTER FOR CONGRESS","H2TX31044","CARTER, JOHN R REP.","2026","H","TX","31","17","http://docquery.fec.gov/cgi-bin/fecimg/?202510159791483072","","SOUNDBALANCE","3500 N TERMINAL RD TERM C","","HOUSTON","TX","77032","2025-07-09","$436.22","EVENT - SUPPLIES","X","MEMO","003","Solicitation and Fundraising Expenses ","0038480-0150",""
"C00371203","JOHN CARTER FOR CONGRESS","H2TX31044","CARTER, JOHN R REP.","2026","H","TX","31","17","http://docquery.fec.gov/cgi-bin/fecimg/?202510159791483072","","HOUSE OF REPRESENTATIVES","RAYBURN HOUSE OFFICE BLDG","","WASHINGTON","DC","20515","2025-07-09","$26.17","MEETING - FOOD & BEVERAGE","X","MEMO","007","Campaign Event Expenses","0038480-0151",""
"C00371203","JOHN CARTER FOR CONGRESS","H2TX31044","CARTER, JOHN R REP.","2026","H","TX","31","17","http://docquery.fec.gov/cgi-bin/fecimg/?202510159791483073","","PGA TOUR SUPERSTORE","10515 N MOPAC EXPRESSWAY TOLL RD","","AUSTIN","TX","78759","2025-07-09","$3,864.82","EVENT - SUPPLIES","X","MEMO","003","Solicitation and Fundraising Expenses ","0038480-0154",""
"C00371203","JOHN CARTER FOR CONGRESS","H2TX31044","CARTER, JOHN R REP.","2026","H","TX","31","17","http://docquery.fec.gov/cgi-bin/fecimg/?202510159791483073","","CHASE - CARD MEMBER SERVICES","PO BOX 6294","","CAROL STREAM","IL","601976294","2025-07-14","$15,000.00","SEE BELOW","","ITEMIZATION BELOW","001","Administrative/Salary/Overhead Expenses ","0038481",""
"C00371203","JOHN CARTER FOR CONGRESS","H2TX31044","CARTER, JOHN R REP.","2026","H","TX","31","17","http://docquery.fec.gov/cgi-bin/fecimg/?202510159791483073","","PGA TOUR SUPERSTORE","10515 N MOPAC EXPRESSWAY TOLL RD","","AUSTIN","TX","78759","2025-07-14","$2,965.01","EVENT - SUPPLIES","X","MEMO","003","Solicitation and Fundraising Expenses ","0038481-0001",""
"C00371203","JOHN CARTER FOR CONGRESS","H2TX31044","CARTER, JOHN R REP.","2026","H","TX","31","17","http://docquery.fec.gov/cgi-bin/fecimg/?202510159791483074","","PGA TOUR SUPERSTORE","10515 N MOPAC EXPRESSWAY TOLL RD","","AUSTIN","TX","78759","2025-07-14","-$4,537.11","REFUND: EVENT - SUPPLIES","X","MEMO","003","Solicitation and Fundraising Expenses ","0038481-0002",""
"C00371203","JOHN CARTER FOR CONGRESS","H2TX31044","CARTER, JOHN R REP.","2026","H","TX","31","17","http://docquery.fec.gov/cgi-bin/fecimg/?202510159791483074","","H-E-B","603 LOUIS HENNA BLVD","","ROUND ROCK","TX","786647186","2025-07-14","-$43.30","REFUND:EVENT - SUPPLIES","X","MEMO","003","Solicitation and Fundraising Expenses ","0038481-0003",""
"C00371203","JOHN CARTER FOR CONGRESS","H2TX31044","CARTER, JOHN R REP.","2026","H","TX","31","17","http://docquery.fec.gov/cgi-bin/fecimg/?202510159791483074","","SPEEDY STOP 95","551 UNIVERSITY BLVD","","SANDY","TX","78665","2025-07-14","$62.96","TRAVEL - FUEL","X","MEMO","002","Travel Expenses","0038481-0004",""
"C00371203","JOHN CARTER FOR CONGRESS","H2TX31044","CARTER, JOHN R REP.","2026","H","TX","31","17","http://docquery.fec.gov/cgi-bin/fecimg/?202510159791483075","","VERIZON WIRELESS","PO BOX 660108","","DALLAS","TX","752660108","2025-07-14","$404.43","CELL PHONE SERVICE","X","MEMO","001","Administrative/Salary/Overhead Expenses ","0038481-0005",""
"C00371203","JOHN CARTER FOR CONGRESS","H2TX31044","CARTER, JOHN R REP.","2026","H","TX","31","17","http://docquery.fec.gov/cgi-bin/fecimg/?202510159791483075","","VERIZON WIRELESS","PO BOX 660108","","DALLAS","TX","752660108","2025-07-14","$504.15","CELL PHONE SERVICE","X","MEMO","001","Administrative/Salary/Overhead Expenses ","0038481-0006",""
"C00371203","JOHN CARTER FOR CONGRESS","H2TX31044","CARTER, JOHN R REP.","2026","H","TX","31","17","http://docquery.fec.gov/cgi-bin/fecimg/?202510159791483075","","THE GOLF CLUB STAR RANCH","2500 FM 685","","HUTTO","TX","78634","2025-07-14","$1,186.60","EVENT - CATERING","X","MEMO","003","Solicitation and Fundraising Expenses ","0038481-0007",""
"C00371203","JOHN CARTER FOR CONGRESS","H2TX31044","CARTER, JOHN R REP.","2026","H","TX","31","17","http://docquery.fec.gov/cgi-bin/fecimg/?202510159791483076","","SHELL OIL","511 N MAIN ST","","ELGIN","TX","786212656","2025-07-14","$44.30","TRAVEL - FUEL","X","MEMO","002","Travel Expenses","0038481-0008",""
"C00907329","JUSTIN EARLY FOR CONGRESS","H6TX31094","EARLY, JUSTIN","2026","H","TX","31","17","http://docquery.fec.gov/cgi-bin/fecimg/?202510159791596776","","INTEGRATED SOLUTIONS: POLITICAL","4142 ADAMS AVENUE","SUITE 103-550","SAN DIEGO","CA","92116","2025-07-02","$250.00","COMPLIANCE SOFTWARE","","","001","Administrative/Salary/Overhead Expenses ","B-106",""
"C00907329","JUSTIN EARLY FOR CONGRESS","H6TX31094","EARLY, JUSTIN","2026","H","TX","31","17","http://docquery.fec.gov/cgi-bin/fecimg/?202510159791596776","","1926 PRINTS","1912 SOUTH 5TH STREET","#439","WACO","TX","76706","2025-07-02","$10,000.00","CAMPAIGN WEBSITE AND GENERAL CONSULTING","","","001","Administrative/Salary/Overhead Expenses ","B-112",""
"C00907329","JUSTIN EARLY FOR CONGRESS","H6TX31094","EARLY, JUSTIN","2026","H","TX","31","17","http://docquery.fec.gov/cgi-bin/fecimg/?202510159791596776","","SUNRISE POLITICAL SOLUTIONS, INC","PO BOX 1004","","LA MESA","CA","91944","2025-07-03","$425.00","COMPLIANCE SERVICES","","","001","Administrative/Salary/Overhead Expenses ","B-108",""
"C00907329","JUSTIN EARLY FOR CONGRESS","H6TX31094","EARLY, JUSTIN","2026","H","TX","31","17","http://docquery.fec.gov/cgi-bin/fecimg/?202510159791596777","","ACTBLUE TECHNICAL SERVICES","P.O. BOX 441146","","SOMERVILLE","MA","02144","2025-07-11","$513.08","CONTRIBUTION PROCESSING FEES","","","001","Administrative/Salary/Overhead Expenses ","B-120",""
"C00907329","JUSTIN EARLY FOR CONGRESS","H6TX31094","EARLY, JUSTIN","2026","H","TX","31","17","http://docquery.fec.gov/cgi-bin/fecimg/?202510159791596777","","1926 PRINTS","1912 SOUTH 5TH STREET","#439","WACO","TX","76706","2025-07-17","$2,009.00","CAMPAIGN WEBSITE AND GENERAL CONSULTING","","","001","Administrative/Salary/Overhead Expenses ","B-157",""
"C00907329","JUSTIN EARLY FOR CONGRESS","H6TX31094","EARLY, JUSTIN","2026","H","TX","31","17","http://docquery.fec.gov/cgi-bin/fecimg/?202510159791596777","","JOHNSON SMITH CONSULTING LLC","222 MIDLAND AVENUE","APT 5104","LEXINGTON","KY","40508","2025-07-21","$1,750.00","CONSULTING FEES","","","001","Administrative/Salary/Overhead Expenses ","B-160",""
"C00907329","JUSTIN EARLY FOR CONGRESS","H6TX31094","EARLY, JUSTIN","2026","H","TX","31","17","http://docquery.fec.gov/cgi-bin/fecimg/?202510159791596778","","ACTBLUE TECHNICAL SERVICES","P.O. BOX 441146","","SOMERVILLE","MA","02144","2025-07-21","$9.10","CONTRIBUTION PROCESSING FEES","","","001","Administrative/Salary/Overhead Expenses ","B-149",""
"C00907329","JUSTIN EARLY FOR CONGRESS","H6TX31094","EARLY, JUSTIN","2026","H","TX","31","17","http://docquery.fec.gov/cgi-bin/fecimg/?202510159791596778","","SLICK TEXT","301 EAST 2ND STREET","SUITE 304","JAMESTOWN","NY","14701","2025-07-23","$150.00","TEXTING SERVICES","","","001","Administrative/Salary/Overhead Expenses ","B-162",""
"C00907329","JUSTIN EARLY FOR CONGRESS","H6TX31094","EARLY, JUSTIN","2026","H","TX","31","17","http://docquery.fec.gov/cgi-bin/fecimg/?202510159791596778","","PRINT MAIL PRO","9011 TUSCANY WAY","SUITE 200","AUSTIN","TX","78710","2025-07-25","$802.95","MAIL/PRINTING","","","004","Advertising Expenses ","B-163",""
"C00907329","JUSTIN EARLY FOR CONGRESS","H6TX31094","EARLY, JUSTIN","2026","H","TX","31","17","http://docquery.fec.gov/cgi-bin/fecimg/?202510159791596779","","SLICK TEXT","301 EAST 2ND STREET","SUITE 304","JAMESTOWN","NY","14701","2025-07-25","$337.40","TEXTING SERVICES","","","001","Administrative/Salary/Overhead Expenses ","B-164",""
"C00907329","JUSTIN EARLY FOR CONGRESS","H6TX31094","EARLY, JUSTIN","2026","H","TX","31","17","http://docquery.fec.gov/cgi-bin/fecimg/?202510159791596779","","PRINT MAIL PRO","9011 TUSCANY WAY","SUITE 200","AUSTIN","TX","78710","2025-07-25","$313.23","MAIL/PRINTING","","","004","Advertising Expenses ","B-166",""
"C00907329","JUSTIN EARLY FOR CONGRESS","H6TX31094","EARLY, JUSTIN","2026","H","TX","31","17","http://docquery.fec.gov/cgi-bin/fecimg/?202510159791596779","","ACTBLUE TECHNICAL SERVICES","P.O. BOX 441146","","SOMERVILLE","MA","02144","2025-07-19","$21.54","CONTRIBUTION PROCESSING FEES","","","001","Administrative/Salary/Overhead Expenses ","B-155",""
"C00907329","JUSTIN EARLY FOR CONGRESS","H6TX31094","EARLY, JUSTIN","2026","H","TX","31","17","http://docquery.fec.gov/cgi-bin/fecimg/?202510159791596780","","1926 PRINTS","1912 SOUTH 5TH STREET","#439","WACO","TX","76706","2025-07-30","$5,000.00","CAMPAIGN WEBSITE AND GENERAL CONSULTING","","","001","Administrative/Salary/Overhead Expenses ","B-165",""
"C00907329","JUSTIN EARLY FOR CONGRESS","H6TX31094","EARLY, JUSTIN","2026","H","TX","31","17","http://docquery.fec.gov/cgi-bin/fecimg/?202510159791596780","","GRASSROOTS ANALYTICS, INC","806 7TH STREET NORTHWEST","STE 3","WASHINGTON","DC","20001","2025-08-01","$250.00","FUNDRAISING SOFTWARE","","","003","Solicitation and Fundraising Expenses ","B-250",""
"C00907329","JUSTIN EARLY FOR CONGRESS","H6TX31094","EARLY, JUSTIN","2026","H","TX","31","17","http://docquery.fec.gov/cgi-bin/fecimg/?202510159791596780","","SUNRISE POLITICAL SOLUTIONS, INC","PO BOX 1004","","LA MESA","CA","91944","2025-08-04","$412.50","COMPLIANCE SERVICES","","","001","Administrative/Salary/Overhead Expenses ","B-248",""
"C00907329","JUSTIN EARLY FOR CONGRESS","H6TX31094","EARLY, JUSTIN","2026","H","TX","31","17","http://docquery.fec.gov/cgi-bin/fecimg/?202510159791596781","","INTEGRATED SOLUTIONS: POLITICAL","4142 ADAMS AVENUE","SUITE 103-550","SAN DIEGO","CA","92116","2025-08-04","$250.00","COMPLIANCE SOFTWARE","","","001","Administrative/Salary/Overhead Expenses ","B-249",""
"C00907329","JUSTIN EARLY FOR CONGRESS","H6TX31094","EARLY, JUSTIN","2026","H","TX","31","17","http://docquery.fec.gov/cgi-bin/fecimg/?202510159791596781","","ACTBLUE TECHNICAL SERVICES","P.O. BOX 441146","","SOMERVILLE","MA","02144","2025-07-04","$18.18","CONTRIBUTION PROCESSING FEES","","","001","Administrative/Salary/Overhead Expenses ","B-129",""
"C00907329","JUSTIN EARLY FOR CONGRESS","H6TX31094","EARLY, JUSTIN","2026","H","TX","31","17","http://docquery.fec.gov/cgi-bin/fecimg/?202510159791596781","","ACTBLUE TECHNICAL SERVICES","P.O. BOX 441146","","SOMERVILLE","MA","02144","2025-07-26","$30.12","CONTRIBUTION PROCESSING FEES","","","001","Administrative/Salary/Overhead Expenses ","B-140",""
"C00907329","JUSTIN EARLY FOR CONGRESS","H6TX31094","EARLY, JUSTIN","2026","H","TX","31","17","http://docquery.fec.gov/cgi-bin/fecimg/?202510159791596782","","ACTBLUE TECHNICAL SERVICES","P.O. BOX 441146","","SOMERVILLE","MA","02144","2025-08-01","$.99","CONTRIBUTION PROCESSING FEES","","","001","Administrative/Salary/Overhead Expenses ","B-143",""
"C00907329","JUSTIN EARLY FOR CONGRESS","H6TX31094","EARLY, JUSTIN","2026","H","TX","31","17","http://docquery.fec.gov/cgi-bin/fecimg/?202510159791596782","","ACTBLUE TECHNICAL SERVICES","P.O. BOX 441146","","SOMERVILLE","MA","02144","2025-08-09","$26.53","CONTRIBUTION PROCESSING FEES","","","001","Administrative/Salary/Overhead Expenses ","B-233",""
"C00907329","JUSTIN EARLY FOR CONGRESS","H6TX31094","EARLY, JUSTIN","2026","H","TX","31","17","http://docquery.fec.gov/cgi-bin/fecimg/?202510159791596782","","1926 PRINTS","1912 SOUTH 5TH STREET","#439","WACO","TX","76706","2025-08-12","$108.96","CAMPAIGN WEBSITE AND GENERAL CONSULTING","","","001","Administrative/Salary/Overhead Expenses ","B-247",""
"C00907329","JUSTIN EARLY FOR CONGRESS","H6TX31094","EARLY, JUSTIN","2026","H","TX","31","17","http://docquery.fec.gov/cgi-bin/fecimg/?202510159791596783","","1926 PRINTS","1912 SOUTH 5TH STREET","#439","WACO","TX","76706","2025-08-13","$543.62","CAMPAIGN WEBSITE AND GENERAL CONSULTING","","","001","Administrative/Salary/Overhead Expenses ","B-246",""
"C00907329","JUSTIN EARLY FOR CONGRESS","H6TX31094","EARLY, JUSTIN","2026","H","TX","31","17","http://docquery.fec.gov/cgi-bin/fecimg/?202510159791596783","","EARLY, JUSTIN","PO BOX 2209","","GEORGETOWN","TX","78627","2025-08-13","$41.34","IN KIND:  IN-KIND: PRINTING","","","","","B-283",""
"C00907329","JUSTIN EARLY FOR CONGRESS","H6TX31094","EARLY, JUSTIN","2026","H","TX","31","17","http://docquery.fec.gov/cgi-bin/fecimg/?202510159791596783","","JOHNSON SMITH CONSULTING LLC","222 MIDLAND AVENUE","APT 5104","LEXINGTON","KY","40508","2025-08-18","$1,750.00","CONSULTING FEES","","","001","Administrative/Salary/Overhead Expenses ","B-245",""
"C00907329","JUSTIN EARLY FOR CONGRESS","H6TX31094","EARLY, JUSTIN","2026","H","TX","31","17","http://docquery.fec.gov/cgi-bin/fecimg/?202510159791596784","","ACTBLUE TECHNICAL SERVICES","P.O. BOX 441146","","SOMERVILLE","MA","02144","2025-08-16","$13.19","CONTRIBUTION PROCESSING FEES","","","001","Administrative/Salary/Overhead Expenses ","B-220",""
"C00907329","JUSTIN EARLY FOR CONGRESS","H6TX31094","EARLY, JUSTIN","2026","H","TX","31","17","http://docquery.fec.gov/cgi-bin/fecimg/?202510159791596784","","INTEGRATED SOLUTIONS: POLITICAL","4142 ADAMS AVENUE","SUITE 103-550","SAN DIEGO","CA","92116","2025-08-19","$200.00","COMPLIANCE SOFTWARE","","","001","Administrative/Salary/Overhead Expenses ","B-244",""
"C00907329","JUSTIN EARLY FOR CONGRESS","H6TX31094","EARLY, JUSTIN","2026","H","TX","31","17","http://docquery.fec.gov/cgi-bin/fecimg/?202510159791596784","","EARLY, JUSTIN","PO BOX 2209","","GEORGETOWN","TX","78627","2025-08-21","$6,249.43","IN KIND:  IN-KIND: EVENT VENUE RENTAL","","","","","B-279",""
"C00907329","JUSTIN EARLY FOR CONGRESS","H6TX31094","EARLY, JUSTIN","2026","H","TX","31","17","http://docquery.fec.gov/cgi-bin/fecimg/?202510159791596785","","THE VINYARD AT FLORENCE","111 VIA FRANCESCO","","FLORENCE","TX","76527","2025-08-21","$6,249.43","IN KIND:  EVENT VENUE RENTAL - HORS D'OEUVRES AND REFRESHMENTS INCLUDED","X","MEMO: SUBVENDOR OF-JUSTIN EARLY","","","B-280","B-279"
"C00907329","JUSTIN EARLY FOR CONGRESS","H6TX31094","EARLY, JUSTIN","2026","H","TX","31","17","http://docquery.fec.gov/cgi-bin/fecimg/?202510159791596785","","SLICK TEXT","301 EAST 2ND STREET","SUITE 304","JAMESTOWN","NY","14701","2025-08-25","$329.36","TEXTING SERVICES","","","003","Solicitation and Fundraising Expenses ","B-243",""
"C00907329","JUSTIN EARLY FOR CONGRESS","H6TX31094","EARLY, JUSTIN","2026","H","TX","31","17","http://docquery.fec.gov/cgi-bin/fecimg/?202510159791596785","","ACTBLUE TECHNICAL SERVICES","P.O. BOX 441146","","SOMERVILLE","MA","02144","2025-08-24","$21.74","CONTRIBUTION PROCESSING FEES","","","001","Administrative/Salary/Overhead Expenses ","B-209",""
"C00907329","JUSTIN EARLY FOR CONGRESS","H6TX31094","EARLY, JUSTIN","2026","H","TX","31","17","http://docquery.fec.gov/cgi-bin/fecimg/?202510159791596786","","EARLY, JUSTIN","PO BOX 2209","","GEORGETOWN","TX","78627","2025-08-26","$191.87","IN KIND:  IN-KIND: SOFTWARE SUBSCRIPTION","","","","","B-285",""
"C00907329","JUSTIN EARLY FOR CONGRESS","H6TX31094","EARLY, JUSTIN","2026","H","TX","31","17","http://docquery.fec.gov/cgi-bin/fecimg/?202510159791596786","","EARLY, JUSTIN","PO BOX 2209","","GEORGETOWN","TX","78627","2025-08-28","$2,500.00","IN KIND:  IN-KIND: FUNDRAISING CONSULTANT INVOICE","","","","","B-277",""
"C00907329","JUSTIN EARLY FOR CONGRESS","H6TX31094","EARLY, JUSTIN","2026","H","TX","31","17","http://docquery.fec.gov/cgi-bin/fecimg/?202510159791596786","","JOHNSON SMITH CONSULTING LLC","222 MIDLAND AVENUE","APT 5104","LEXINGTON","KY","40508","2025-08-28","$2,500.00","IN KIND:  FUNDRAISING CONSULTING","X","MEMO: SUBVENDOR OF-JUSTIN EARLY","","","B-278","B-277"
"C00907329","JUSTIN EARLY FOR CONGRESS","H6TX31094","EARLY, JUSTIN","2026","H","TX","31","17","http://docquery.fec.gov/cgi-bin/fecimg/?202510159791596787","","EARLY, JUSTIN","PO BOX 2209","","GEORGETOWN","TX","78627","2025-09-01","$51.99","IN KIND:  IN-KIND: WEB SERVICES","","","","","B-295",""
"C00907329","JUSTIN EARLY FOR CONGRESS","H6TX31094","EARLY, JUSTIN","2026","H","TX","31","17","http://docquery.fec.gov/cgi-bin/fecimg/?202510159791596787","","ACTBLUE TECHNICAL SERVICES","P.O. BOX 441146","","SOMERVILLE","MA","02144","2025-08-30","$3.17","CONTRIBUTION PROCESSING FEES","","","001","Administrative/Salary/Overhead Expenses ","B-192",""
"C00907329","JUSTIN EARLY FOR CONGRESS","H6TX31094","EARLY, JUSTIN","2026","H","TX","31","17","http://docquery.fec.gov/cgi-bin/fecimg/?202510159791596787","","INTEGRATED SOLUTIONS: POLITICAL","4142 ADAMS AVENUE","SUITE 103-550","SAN DIEGO","CA","92116","2025-09-03","$450.00","COMPLIANCE SOFTWARE","","","001","Administrative/Salary/Overhead Expenses ","B-265",""
"C00907329","JUSTIN EARLY FOR CONGRESS","H6TX31094","EARLY, JUSTIN","2026","H","TX","31","17","http://docquery.fec.gov/cgi-bin/fecimg/?202510159791596788","","EARLY, JUSTIN","PO BOX 2209","","GEORGETOWN","TX","78627","2025-09-03","$400.00","IN KIND:  IN-KIND: SPEECH COACHING SERVICES","","","","","B-289",""
"C00907329","JUSTIN EARLY FOR CONGRESS","H6TX31094","EARLY, JUSTIN","2026","H","TX","31","17","http://docquery.fec.gov/cgi-bin/fecimg/?202510159791596788","","DKR STRATEGIES, LLC","PO BOX 150771","","AUSTIN","TX","78715","2025-09-03","$400.00","IN KIND:  SPEECH COACHING SERVICES","X","MEMO: SUBVENDOR OF-JUSTIN EARLY","","","B-290","B-289"
"C00907329","JUSTIN EARLY FOR CONGRESS","H6TX31094","EARLY, JUSTIN","2026","H","TX","31","17","http://docquery.fec.gov/cgi-bin/fecimg/?202510159791596788","","SUNRISE POLITICAL SOLUTIONS, INC","PO BOX 1004","","LA MESA","CA","91944","2025-09-04","$375.00","COMPLIANCE SERVICES","","","001","Administrative/Salary/Overhead Expenses ","B-266",""
"C00907329","JUSTIN EARLY FOR CONGRESS","H6TX31094","EARLY, JUSTIN","2026","H","TX","31","17","http://docquery.fec.gov/cgi-bin/fecimg/?202510159791596789","","EARLY, JUSTIN","PO BOX 2209","","GEORGETOWN","TX","78627","2025-09-04","$50.00","IN KIND:  IN-KIND: WEB SERVICES","","","","","B-291",""
"C00907329","JUSTIN EARLY FOR CONGRESS","H6TX31094","EARLY, JUSTIN","2026","H","TX","31","17","http://docquery.fec.gov/cgi-bin/fecimg/?202510159791596789","","ACTBLUE TECHNICAL SERVICES","P.O. BOX 441146","","SOMERVILLE","MA","02144","2025-09-06","$72.31","CONTRIBUTION PROCESSING FEES","","","001","Administrative/Salary/Overhead Expenses ","B-187",""
"C00907329","JUSTIN EARLY FOR CONGRESS","H6TX31094","EARLY, JUSTIN","2026","H","TX","31","17","http://docquery.fec.gov/cgi-bin/fecimg/?202510159791596789","","EARLY, JUSTIN","PO BOX 2209","","GEORGETOWN","TX","78627","2025-09-09","$25.00","IN KIND:  IN-KIND: SOFTWARE SUBSCRIPTION","","","","","B-281",""
"C00907329","JUSTIN EARLY FOR CONGRESS","H6TX31094","EARLY, JUSTIN","2026","H","TX","31","17","http://docquery.fec.gov/cgi-bin/fecimg/?202510159791596790","","EARLY, JUSTIN","PO BOX 2209","","GEORGETOWN","TX","78627","2025-09-09","$271.20","IN KIND:  IN-KIND: EVENT VENUE RENTAL","","","","","B-287",""
"C00907329","JUSTIN EARLY FOR CONGRESS","H6TX31094","EARLY, JUSTIN","2026","H","TX","31","17","http://docquery.fec.gov/cgi-bin/fecimg/?202510159791596790","","PEERSPACE","548 MARKET ST.","PMB 96966","SAN FRANCISCO","CA","94104","2025-09-09","$271.20","IN KIND:  EVENT VENUE RENTAL","X","MEMO: SUBVENDOR OF-JUSTIN EARLY","","","B-288","B-287"
"C00907329","JUSTIN EARLY FOR CONGRESS","H6TX31094","EARLY, JUSTIN","2026","H","TX","31","17","http://docquery.fec.gov/cgi-bin/fecimg/?202510159791596790","","ACTBLUE TECHNICAL SERVICES","P.O. BOX 441146","","SOMERVILLE","MA","02144","2025-09-11","$34.78","CONTRIBUTION PROCESSING FEES","","","001","Administrative/Salary/Overhead Expenses ","B-178",""
"C00907329","JUSTIN EARLY FOR CONGRESS","H6TX31094","EARLY, JUSTIN","2026","H","TX","31","17","http://docquery.fec.gov/cgi-bin/fecimg/?202510159791596791","","EARLY, JUSTIN","PO BOX 2209","","GEORGETOWN","TX","78627","2025-09-18","$61.27","IN KIND:  IN-KIND: PRINTING","","","","","B-293",""
"C00907329","JUSTIN EARLY FOR CONGRESS","H6TX31094","EARLY, JUSTIN","2026","H","TX","31","17","http://docquery.fec.gov/cgi-bin/fecimg/?202510159791596791","","ACTBLUE TECHNICAL SERVICES","P.O. BOX 441146","","SOMERVILLE","MA","02144","2025-09-21","$.20","CONTRIBUTION PROCESSING FEES","","","001","Administrative/Salary/Overhead Expenses ","B-169",""
"C00907329","JUSTIN EARLY FOR CONGRESS","H6TX31094","EARLY, JUSTIN","2026","H","TX","31","17","http://docquery.fec.gov/cgi-bin/fecimg/?202510159791596791","","JOHNSON SMITH CONSULTING LLC","222 MIDLAND AVENUE","APT 5104","LEXINGTON","KY","40508","2025-09-23","$2,500.00","CONSULTING FEES","","","001","Administrative/Salary/Overhead Expenses ","B-268",""
"C00907329","JUSTIN EARLY FOR CONGRESS","H6TX31094","EARLY, JUSTIN","2026","H","TX","31","17","http://docquery.fec.gov/cgi-bin/fecimg/?202510159791596792","","SLICK TEXT","301 EAST 2ND STREET","SUITE 304","JAMESTOWN","NY","14701","2025-09-25","$319.00","TEXTING SERVICES","","","003","Solicitation and Fundraising Expenses ","B-269",""
"C00907329","JUSTIN EARLY FOR CONGRESS","H6TX31094","EARLY, JUSTIN","2026","H","TX","31","17","http://docquery.fec.gov/cgi-bin/fecimg/?202510159791596792","","ACTBLUE TECHNICAL SERVICES","P.O. BOX 441146","","SOMERVILLE","MA","02144","2025-09-27","$29.87","CONTRIBUTION PROCESSING FEES","","","001","Administrative/Salary/Overhead Expenses ","B-242",""
"C00907329","JUSTIN EARLY FOR CONGRESS","H6TX31094","EARLY, JUSTIN","2026","H","TX","31","21","http://docquery.fec.gov/cgi-bin/fecimg/?202510159791596793","C00099267","TEXAS DEMOCRATIC PARTY","314 E HIGHLAND MALL BLVD, STE 508","","AUSTIN","TX","78752","2025-07-21","$1,000.00","CONTRIBUTION","","","011","Political Contributions","B-276",""
"C00925834","DR. DAVID BERRY FOR CONGRESS","H6TX31144","BERRY, DAVID LEE DR.","2026","H","TX","31","17","http://docquery.fec.gov/cgi-bin/fecimg/?202601309795277251","","BEST BUY","12909 SHOPS PKWY","","BEE CAVE","TX","78738","2025-12-10","$217.62","OFFICE EQUIPMENT","","","","","SB17.4153",""
"C00925834","DR. DAVID BERRY FOR CONGRESS","H6TX31144","BERRY, DAVID LEE DR.","2026","H","TX","31","17","http://docquery.fec.gov/cgi-bin/fecimg/?202601309795277251","","CANVA","440 PACIFIC AVE,","","SAN FRANCISCO","CA","94111","2025-11-28","$340.99","SUBSCRIPTION","","","","","SB17.4143",""
"C00925834","DR. DAVID BERRY FOR CONGRESS","H6TX31144","BERRY, DAVID LEE DR.","2026","H","TX","31","17","http://docquery.fec.gov/cgi-bin/fecimg/?202601309795277251","","EDGERTON STRATEGIES","1540 KELLER PARKWAY #108-402","","KELLER","TX","76248","2025-12-23","$10,000.00","STRATEGIC MANAGMENT CONSULTING","","","","","SB17.4155",""
"C00925834","DR. DAVID BERRY FOR CONGRESS","H6TX31144","BERRY, DAVID LEE DR.","2026","H","TX","31","17","http://docquery.fec.gov/cgi-bin/fecimg/?202601309795277252","","POLI-FI STRATEGIES","2529 E BOSTON ST","","GILBERT","AZ","85295","2025-12-31","$1,500.00","FUNDRAISING CONSULTING SERVICES","","","","","SB17.4157",""
"C00925834","DR. DAVID BERRY FOR CONGRESS","H6TX31144","BERRY, DAVID LEE DR.","2026","H","TX","31","17","http://docquery.fec.gov/cgi-bin/fecimg/?202601309795277252","","REPUBLICAN PARTY OF TEXAS","PO BOX 2206","","AUSTIN","TX","78768","2025-11-18","$3,125.00","FILING FEE","","","","","SB17.4139",""
"C00925834","DR. DAVID BERRY FOR CONGRESS","H6TX31144","BERRY, DAVID LEE DR.","2026","H","TX","31","17","http://docquery.fec.gov/cgi-bin/fecimg/?202601309795277252","","SOL MARKETING CONCEPTS INC.","8500 APPALOOSA RUN","","AUSTIN","TX","78737","2025-11-17","$2,500.00","MARKETING CONSULTING","","","","","SB17.4137",""
"C00925834","DR. DAVID BERRY FOR CONGRESS","H6TX31144","BERRY, DAVID LEE DR.","2026","H","TX","31","17","http://docquery.fec.gov/cgi-bin/fecimg/?202601309795277253","","SOL MARKETING CONCEPTS INC.","8500 APPALOOSA RUN","","AUSTIN","TX","78737","2025-11-20","$2,059.00","MARKETING CONSULTING","","","","","SB17.4142",""
"C00925834","DR. DAVID BERRY FOR CONGRESS","H6TX31144","BERRY, DAVID LEE DR.","2026","H","TX","31","17","http://docquery.fec.gov/cgi-bin/fecimg/?202601309795277253","","VISTAPRINT","95 HAYDEN AVE","","LEXINGTON","MA","02421","2025-12-05","$603.19","PRINTING","","","","","SB17.4149",""
"C00863621","WHITLOW FOR CONGRESS","H4TX31081","WHITLOW, STUART NORMAN MR.","2026","H","TX","31","17","http://docquery.fec.gov/cgi-bin/fecimg/?202601319808856761","","NORTH COMPASS POLITICAL LLC","405 WEST GREENLAWN AVE.","SUITE G11#1","LANSING","MI","48910","2025-11-12","$2,500.00","POLITICAL CONSULTING SERVICES","","","001","Administrative/Salary/Overhead Expenses ","SB17.6727",""
"C00863621","WHITLOW FOR CONGRESS","H4TX31081","WHITLOW, STUART NORMAN MR.","2026","H","TX","31","17","http://docquery.fec.gov/cgi-bin/fecimg/?202601319808856761","","NORTH COMPASS POLITICAL LLC","405 WEST GREENLAWN AVE.","SUITE G11#1","LANSING","MI","48910","2025-11-13","$3,700.00","POLITICAL CONSULTING SERVICES","","","001","Administrative/Salary/Overhead Expenses ","SB17.6728",""
"C00863621","WHITLOW FOR CONGRESS","H4TX31081","WHITLOW, STUART NORMAN MR.","2026","H","TX","31","17","http://docquery.fec.gov/cgi-bin/fecimg/?202601319808856761","","NORTH COMPASS POLITICAL LLC","405 WEST GREENLAWN AVE.","SUITE G11#1","LANSING","MI","48910","2025-12-01","$3,502.00","POLITICAL CONSULTING SERVICES","","","001","Administrative/Salary/Overhead Expenses ","SB17.6731",""
"C00863621","WHITLOW FOR CONGRESS","H4TX31081","WHITLOW, STUART NORMAN MR.","2026","H","TX","31","17","http://docquery.fec.gov/cgi-bin/fecimg/?202601319808856762","","NORTH COMPASS POLITICAL LLC","405 WEST GREENLAWN AVE.","SUITE G11#1","LANSING","MI","48910","2025-12-02","$13,500.00","POLITICAL CONSULTING SERVICES","","","001","Administrative/Salary/Overhead Expenses ","SB17.6732",""
"C00863621","WHITLOW FOR CONGRESS","H4TX31081","WHITLOW, STUART NORMAN MR.","2026","H","TX","31","17","http://docquery.fec.gov/cgi-bin/fecimg/?202601319808856762","","NORTH COMPASS POLITICAL LLC","405 WEST GREENLAWN AVE.","SUITE G11#1","LANSING","MI","48910","2025-12-08","$500.00","POLITICAL CONSULTING SERVICES","","","001","Administrative/Salary/Overhead Expenses ","SB17.6734",""
"C00863621","WHITLOW FOR CONGRESS","H4TX31081","WHITLOW, STUART NORMAN MR.","2026","H","TX","31","17","http://docquery.fec.gov/cgi-bin/fecimg/?202601319808856762","","NORTH COMPASS POLITICAL LLC","405 WEST GREENLAWN AVE.","SUITE G11#1","LANSING","MI","48910","2025-12-09","$3,125.00","POLITICAL CONSULTING SERVICES","","","001","Administrative/Salary/Overhead Expenses ","SB17.6735",""
"C00863621","WHITLOW FOR CONGRESS","H4TX31081","WHITLOW, STUART NORMAN MR.","2026","H","TX","31","17","http://docquery.fec.gov/cgi-bin/fecimg/?202601319808856763","","NORTH COMPASS POLITICAL LLC","405 WEST GREENLAWN AVE.","SUITE G11#1","LANSING","MI","48910","2025-12-25","$3,500.00","POLITICAL CONSULTING SERVICES","","","001","Administrative/Salary/Overhead Expenses ","SB17.6736",""
"C00863621","WHITLOW FOR CONGRESS","H4TX31081","WHITLOW, STUART NORMAN MR.","2026","H","TX","31","17","http://docquery.fec.gov/cgi-bin/fecimg/?202601319808856763","","NUMERICK, KEVIN","370 FARMSTEAD LANE","","TRAVERSE CITY","MI","49685","2025-11-03","$500.00","POLITICAL CONSULTING SERVICES","","","001","Administrative/Salary/Overhead Expenses ","SB17.6717",""
"C00863621","WHITLOW FOR CONGRESS","H4TX31081","WHITLOW, STUART NORMAN MR.","2026","H","TX","31","17","http://docquery.fec.gov/cgi-bin/fecimg/?202601319808856763","","NUMERICK, KEVIN","370 FARMSTEAD LANE","","TRAVERSE CITY","MI","49685","2025-11-04","$500.00","POLITICAL CONSULTING SERVICES","","","001","Administrative/Salary/Overhead Expenses ","SB17.6719",""
"C00863621","WHITLOW FOR CONGRESS","H4TX31081","WHITLOW, STUART NORMAN MR.","2026","H","TX","31","17","http://docquery.fec.gov/cgi-bin/fecimg/?202601319808856764","","NUMERICK, KEVIN","370 FARMSTEAD LANE","","TRAVERSE CITY","MI","49685","2025-11-05","$500.00","POLITICAL CONSULTING SERVICES","","","001","Administrative/Salary/Overhead Expenses ","SB17.6720",""
"C00863621","WHITLOW FOR CONGRESS","H4TX31081","WHITLOW, STUART NORMAN MR.","2026","H","TX","31","17","http://docquery.fec.gov/cgi-bin/fecimg/?202601319808856764","","NUMERICK, KEVIN","370 FARMSTEAD LANE","","TRAVERSE CITY","MI","49685","2025-11-06","$500.00","POLITICAL CONSULTING SERVICES","","","001","Administrative/Salary/Overhead Expenses ","SB17.6721",""
"C00863621","WHITLOW FOR CONGRESS","H4TX31081","WHITLOW, STUART NORMAN MR.","2026","H","TX","31","17","http://docquery.fec.gov/cgi-bin/fecimg/?202601319808856764","","NUMERICK, KEVIN","370 FARMSTEAD LANE","","TRAVERSE CITY","MI","49685","2025-11-07","$500.00","POLITICAL CONSULTING SERVICES","","","001","Administrative/Salary/Overhead Expenses ","SB17.6722",""
"C00863621","WHITLOW FOR CONGRESS","H4TX31081","WHITLOW, STUART NORMAN MR.","2026","H","TX","31","17","http://docquery.fec.gov/cgi-bin/fecimg/?202601319808856765","","NUMERICK, KEVIN","370 FARMSTEAD LANE","","TRAVERSE CITY","MI","49685","2025-11-11","$300.00","POLITICAL CONSULTING SERVICES","","","001","Administrative/Salary/Overhead Expenses ","SB17.6723",""
"C00863621","WHITLOW FOR CONGRESS","H4TX31081","WHITLOW, STUART NORMAN MR.","2026","H","TX","31","17","http://docquery.fec.gov/cgi-bin/fecimg/?202601319808856765","","TEXAS DEMOCRATIC PARTY","314 E. HIGHLAND BLVD.","","AUSTIN","TX","78752","2025-11-02","$2,200.00","DATA SERVICES","","","003","Solicitation and Fundraising Expenses ","SB17.6715",""
"C00863621","WHITLOW FOR CONGRESS","H4TX31081","WHITLOW, STUART NORMAN MR.","2026","H","TX","31","19A","http://docquery.fec.gov/cgi-bin/fecimg/?202601319808856766","H4TX31081","WHITLOW, STUART NORMAN","910 QUEST PKWY.","APT. 6113","CEDAR PARK","TX","78613","2025-10-15","$7,500.00","LOAN REPAYMENT","","","","","SB19A.6706",""
"C00863621","WHITLOW FOR CONGRESS","H4TX31081","WHITLOW, STUART NORMAN MR.","2026","H","TX","31","19A","http://docquery.fec.gov/cgi-bin/fecimg/?202601319808856766","H4TX31081","WHITLOW, STUART NORMAN","910 QUEST PKWY.","APT. 6113","CEDAR PARK","TX","78613","2025-11-11","$200.00","LOAN REPAYMENT","","","","","SB19A.6724",""
"C00863621","WHITLOW FOR CONGRESS","H4TX31081","WHITLOW, STUART NORMAN MR.","2026","H","TX","31","19A","http://docquery.fec.gov/cgi-bin/fecimg/?202601319808856766","H4TX31081","WHITLOW, STUART NORMAN","910 QUEST PKWY.","APT. 6113","CEDAR PARK","TX","78613","2025-11-21","$74.64","LOAN REPAYMENT","","","","","SB19A.6725",""
"C00863621","WHITLOW FOR CONGRESS","H4TX31081","WHITLOW, STUART NORMAN MR.","2026","H","TX","31","17","http://docquery.fec.gov/cgi-bin/fecimg/?202601319808856758","","ACTBLUE TECHNICAL SERVICES","P.O. BOX 441146","","SOMERVILLE","MA","02144","2025-11-24","$252.00","DIGITAL SERVICES","","","003","Solicitation and Fundraising Expenses ","SB17.6756",""
"C00863621","WHITLOW FOR CONGRESS","H4TX31081","WHITLOW, STUART NORMAN MR.","2026","H","TX","31","17","http://docquery.fec.gov/cgi-bin/fecimg/?202601319808856758","","ACTBLUE TECHNICAL SERVICES","P.O. BOX 441146","","SOMERVILLE","MA","02144","2025-12-17","$500.00","DIGITAL SERVICES","","","003","Solicitation and Fundraising Expenses ","SB17.6755",""
"C00863621","WHITLOW FOR CONGRESS","H4TX31081","WHITLOW, STUART NORMAN MR.","2026","H","TX","31","17","http://docquery.fec.gov/cgi-bin/fecimg/?202601319808856758","","ACTBLUE TECHNICAL SERVICES","P.O. BOX 441146","","SOMERVILLE","MA","02144","2025-12-21","$1.19","CREDIT CARD PROCESSING FEE","","","003","Solicitation and Fundraising Expenses ","SB17.6744",""
"C00863621","WHITLOW FOR CONGRESS","H4TX31081","WHITLOW, STUART NORMAN MR.","2026","H","TX","31","17","http://docquery.fec.gov/cgi-bin/fecimg/?202601319808856759","","ANGEL FIRE MEDIA LLC","7336 ANGEL FIRE DRIVE","","PLANO","TX","75025","2025-12-02","$650.00","DIGITAL ADVERTISING SERVICES","","","003","Solicitation and Fundraising Expenses ","SB17.6749",""
"C00863621","WHITLOW FOR CONGRESS","H4TX31081","WHITLOW, STUART NORMAN MR.","2026","H","TX","31","17","http://docquery.fec.gov/cgi-bin/fecimg/?202601319808856759","","CORTES, JACOB","1901 RUNNING BROOK DRIVE","","AUSTIN","TX","78723","2025-10-29","$3,000.00","FIELD PROGRAM MANAGEMENT","","","001","Administrative/Salary/Overhead Expenses ","SB17.6711",""
"C00863621","WHITLOW FOR CONGRESS","H4TX31081","WHITLOW, STUART NORMAN MR.","2026","H","TX","31","17","http://docquery.fec.gov/cgi-bin/fecimg/?202601319808856759","","HARRIS, GABRIELLE","1100 LAZY LANE","","MCKINNEY","TX","75072","2025-12-02","$1,000.00","SOCIAL MEDIA SERVICES","","","004","Advertising Expenses ","SB17.6753",""
"C00863621","WHITLOW FOR CONGRESS","H4TX31081","WHITLOW, STUART NORMAN MR.","2026","H","TX","31","17","http://docquery.fec.gov/cgi-bin/fecimg/?202601319808856760","","NGP","7600 METROPOLIS DRIVE","","AUSTIN","TX","78744","2025-12-31","$559.65","SOFTWARE","","","001","Administrative/Salary/Overhead Expenses ","SB17.6745",""
"C00863621","WHITLOW FOR CONGRESS","H4TX31081","WHITLOW, STUART NORMAN MR.","2026","H","TX","31","17","http://docquery.fec.gov/cgi-bin/fecimg/?202601319808856760","","NORTH COMPASS POLITICAL LLC","405 WEST GREENLAWN AVE.","SUITE G11#1","LANSING","MI","48910","2025-11-01","$2,500.00","POLITICAL CONSULTING SERVICES","","","001","Administrative/Salary/Overhead Expenses ","SB17.6713",""
"C00863621","WHITLOW FOR CONGRESS","H4TX31081","WHITLOW, STUART NORMAN MR.","2026","H","TX","31","17","http://docquery.fec.gov/cgi-bin/fecimg/?202601319808856760","","NORTH COMPASS POLITICAL LLC","405 WEST GREENLAWN AVE.","SUITE G11#1","LANSING","MI","48910","2025-11-03","$1,000.00","POLITICAL CONSULTING SERVICES","","","001","Administrative/Salary/Overhead Expenses ","SB17.6716",""
"C00916551","STEVE DOWELL FOR CONGRESS","H6TX31128","DOWELL, STEVEN CLAY JR","2026","H","TX","31","17","http://docquery.fec.gov/cgi-bin/fecimg/?202601299794300178","","DOWELL, STEVEN CLAY JR","20 BLACKJACK CIRCLE","","BELTON","TX","76513","2025-10-03","$260.73","IN-KIND - CONVENTION BOOTH - TEXAS FEDERATION OF REPUBLICAN WOMEN","","","","","SB17.4278",""
"C00916551","STEVE DOWELL FOR CONGRESS","H6TX31128","DOWELL, STEVEN CLAY JR","2026","H","TX","31","17","http://docquery.fec.gov/cgi-bin/fecimg/?202601299794300178","","DOWELL, STEVEN CLAY JR","20 BLACKJACK CIRCLE","","BELTON","TX","76513","2025-10-03","$256.25","IN-KIND - TICKETS - CENTRAL TEXAS REPUBLICAN WOMEN PAC","","","","","SB17.4279",""
"C00916551","STEVE DOWELL FOR CONGRESS","H6TX31128","DOWELL, STEVEN CLAY JR","2026","H","TX","31","17","http://docquery.fec.gov/cgi-bin/fecimg/?202601299794300178","","DOWELL, STEVEN CLAY JR","20 BLACKJACK CIRCLE","","BELTON","TX","76513","2025-10-09","$3,000.00","IN-KIND - FUNDRAISER PERFORMANCE - TREY TAYLOR COUNTRY MUSIC SINGER","","","","","SB17.4277",""
"C00916551","STEVE DOWELL FOR CONGRESS","H6TX31128","DOWELL, STEVEN CLAY JR","2026","H","TX","31","17","http://docquery.fec.gov/cgi-bin/fecimg/?202601299794300179","","DOWELL, STEVEN CLAY JR","20 BLACKJACK CIRCLE","","BELTON","TX","76513","2025-10-16","$104.48","IN-KIND - DINNER TICKET - CORYELL COUNTY GOP","","","","","SB17.4305",""
"C00916551","STEVE DOWELL FOR CONGRESS","H6TX31128","DOWELL, STEVEN CLAY JR","2026","H","TX","31","17","http://docquery.fec.gov/cgi-bin/fecimg/?202601299794300179","","DOWELL, STEVEN CLAY JR","20 BLACKJACK CIRCLE","","BELTON","TX","76513","2025-10-20","$21.00","IN-KIND - LUNCH TICKET - LEANDER AREA REPUBLICAN WOMEN","","","","","SB17.4304",""
"C00916551","STEVE DOWELL FOR CONGRESS","H6TX31128","DOWELL, STEVEN CLAY JR","2026","H","TX","31","17","http://docquery.fec.gov/cgi-bin/fecimg/?202601299794300179","","DOWELL, STEVEN CLAY JR","20 BLACKJACK CIRCLE","","BELTON","TX","76513","2025-10-23","$24.00","IN-KIND - PARKING - MARINA GARAGE SAN ANTONIO, LAZ PARKING AUSTIN","","","","","SB17.4303",""
"C00916551","STEVE DOWELL FOR CONGRESS","H6TX31128","DOWELL, STEVEN CLAY JR","2026","H","TX","31","17","http://docquery.fec.gov/cgi-bin/fecimg/?202601299794300180","","DOWELL, STEVEN CLAY JR","20 BLACKJACK CIRCLE","","BELTON","TX","76513","2025-11-02","$79.82","IN-KIND - CAMPAIGN VOLUNTEER DRINKS - BARROW BREWING COMPANY","","","","","SB17.4302",""
"C00916551","STEVE DOWELL FOR CONGRESS","H6TX31128","DOWELL, STEVEN CLAY JR","2026","H","TX","31","17","http://docquery.fec.gov/cgi-bin/fecimg/?202601299794300180","","DOWELL, STEVEN CLAY JR","20 BLACKJACK CIRCLE","","BELTON","TX","76513","2025-11-04","$500.00","IN-KIND - SHOOTING COMPETITION BOOTH - TNT EVENTS LLC","","","","","SB17.4301",""
"C00916551","STEVE DOWELL FOR CONGRESS","H6TX31128","DOWELL, STEVEN CLAY JR","2026","H","TX","31","17","http://docquery.fec.gov/cgi-bin/fecimg/?202601299794300180","","DOWELL, STEVEN CLAY JR","20 BLACKJACK CIRCLE","","BELTON","TX","76513","2025-11-06","$699.99","IN-KIND - FUNDRAISER FOOD - BACKYARD BBQ","","","","","SB17.4300",""
"C00916551","STEVE DOWELL FOR CONGRESS","H6TX31128","DOWELL, STEVEN CLAY JR","2026","H","TX","31","17","http://docquery.fec.gov/cgi-bin/fecimg/?202601299794300181","","DOWELL, STEVEN CLAY JR","20 BLACKJACK CIRCLE","","BELTON","TX","76513","2025-11-23","$212.16","IN-KIND - CAMPAIGN POSTCARDS - VISTAPRINT","","","","","SB17.4299",""
"C00916551","STEVE DOWELL FOR CONGRESS","H6TX31128","DOWELL, STEVEN CLAY JR","2026","H","TX","31","17","http://docquery.fec.gov/cgi-bin/fecimg/?202601299794300181","","DOWELL, STEVEN CLAY JR","20 BLACKJACK CIRCLE","","BELTON","TX","76513","2025-11-26","$76.00","IN-KIND - CHRISTMAS PARADE - CITY OF LIBERTY HILL, SALADO CHAMBER OF COMMERCE","","","","","SB17.4298",""
"C00916551","STEVE DOWELL FOR CONGRESS","H6TX31128","DOWELL, STEVEN CLAY JR","2026","H","TX","31","17","http://docquery.fec.gov/cgi-bin/fecimg/?202601299794300181","","DOWELL, STEVEN CLAY JR","20 BLACKJACK CIRCLE","","BELTON","TX","76513","2025-11-28","$35.15","IN-KIND - EMAIL SERVICE - GODADDY.COM","","","","","SB17.4297",""
"C00916551","STEVE DOWELL FOR CONGRESS","H6TX31128","DOWELL, STEVEN CLAY JR","2026","H","TX","31","17","http://docquery.fec.gov/cgi-bin/fecimg/?202601299794300182","","DOWELL, STEVEN CLAY JR","20 BLACKJACK CIRCLE","","BELTON","TX","76513","2025-12-01","$541.25","IN-KIND - CAMPAIGN T-SHIRTS - RED'S CUSTOM TEE'S BELTON","","","","","SB17.4295",""
"C00916551","STEVE DOWELL FOR CONGRESS","H6TX31128","DOWELL, STEVEN CLAY JR","2026","H","TX","31","17","http://docquery.fec.gov/cgi-bin/fecimg/?202601299794300182","","DOWELL, STEVEN CLAY JR","20 BLACKJACK CIRCLE","","BELTON","TX","76513","2025-12-28","$300.00","IN-KIND - HEADSHOTS - JIMMY DABOUL PHOTOGRAPHY","","","","","SB17.4296",""
"C00916551","STEVE DOWELL FOR CONGRESS","H6TX31128","DOWELL, STEVEN CLAY JR","2026","H","TX","31","17","http://docquery.fec.gov/cgi-bin/fecimg/?202601299794300182","","DOWELL, STEVEN CLAY JR","20 BLACKJACK CIRCLE","","BELTON","TX","76513","2025-12-29","$873.34","IN-KIND - GAS - CEFCO, BUCEE'S, S MART","","","","","SB17.4294",""
"C00916551","STEVE DOWELL FOR CONGRESS","H6TX31128","DOWELL, STEVEN CLAY JR","2026","H","TX","31","17","http://docquery.fec.gov/cgi-bin/fecimg/?202601299794300183","","DOWELL, STEVEN CLAY JR","20 BLACKJACK CIRCLE","","BELTON","TX","76513","2025-12-30","$2,639.36","IN-KIND - ADS - FACEBOOK, TEMPLE DAILY TELEGRAM, KILLEEN DAILY HERALD, BELTON JOURNAL","","","","","SB17.4293",""
"C00929653","CAMPAIGN COMMITTEE FOR GREG STOKER","H6TX31169","STOKER, GREGORY JAMES","2026","H","TX","31","17","http://docquery.fec.gov/cgi-bin/fecimg/?202604049856979485","","NATIONBUILDER","520 S GRAND AVE","2ND FLOOR","LOS ANGELES","CA","90071","2026-03-29","$60.39","NATIONBUILDER PAYMENT PROCESSING","","","001","Administrative/Salary/Overhead Expenses ","SB17.4326",""
"C00929653","CAMPAIGN COMMITTEE FOR GREG STOKER","H6TX31169","STOKER, GREGORY JAMES","2026","H","TX","31","17","http://docquery.fec.gov/cgi-bin/fecimg/?202604049856979485","","SCOTTISH INN","6201 E HWY","","AUSTIN","TX","78723","2026-03-30","$140.00","","","","002","Travel Expenses","SB17.4331",""
"C00916551","STEVE DOWELL FOR CONGRESS","H6TX31128","DOWELL, STEVEN CLAY JR","2026","H","TX","31","17","http://docquery.fec.gov/cgi-bin/fecimg/?202601299794300183","","STEVE DOWELL FOR CONGRESS","20 BLACKJACK CIR","","BELTON","TX","76513","2025-12-01","$3,135.00","STATE BALLOT FILING FEE - REPUBLICAN PARTY OF TEXAS","","","001","Administrative/Salary/Overhead Expenses ","SB17.4257",""
"C00916551","STEVE DOWELL FOR CONGRESS","H6TX31128","DOWELL, STEVEN CLAY JR","2026","H","TX","31","17","http://docquery.fec.gov/cgi-bin/fecimg/?202601299794300183","","STEVE DOWELL FOR CONGRESS","20 BLACKJACK CIR","","BELTON","TX","76513","2025-12-02","$685.00","ADVERTISEMENT - BILLBOARD - JAMES MAYNARD","","","004","Advertising Expenses ","SB17.4267",""
"C00916551","STEVE DOWELL FOR CONGRESS","H6TX31128","DOWELL, STEVEN CLAY JR","2026","H","TX","31","17","http://docquery.fec.gov/cgi-bin/fecimg/?202601299794300184","","STEVE DOWELL FOR CONGRESS","20 BLACKJACK CIR","","BELTON","TX","76513","2025-12-08","$690.00","ADVERTISEMENT - MAGAZINE - SUN RAYS MAGAZINE","","","004","Advertising Expenses ","SB17.4268",""
"C00916551","STEVE DOWELL FOR CONGRESS","H6TX31128","DOWELL, STEVEN CLAY JR","2026","H","TX","31","17","http://docquery.fec.gov/cgi-bin/fecimg/?202601299794300184","","STEVE DOWELL FOR CONGRESS","20 BLACKJACK CIR","","BELTON","TX","76513","2025-12-11","$899.30","ADVERTISEMENT - RADIO - IHEART MEDIA INC.","","","004","Advertising Expenses ","SB17.4269",""
"C00916551","STEVE DOWELL FOR CONGRESS","H6TX31128","DOWELL, STEVEN CLAY JR","2026","H","TX","31","17","http://docquery.fec.gov/cgi-bin/fecimg/?202601299794300184","","STEVE DOWELL FOR CONGRESS","20 BLACKJACK CIR","","BELTON","TX","76513","2025-12-17","$1,867.31","ADVERTISEMENT - YARD SIGNS - CUSTOM SIGNS BELTON","","","004","Advertising Expenses ","SB17.4270",""
"C00916551","STEVE DOWELL FOR CONGRESS","H6TX31128","DOWELL, STEVEN CLAY JR","2026","H","TX","31","17","http://docquery.fec.gov/cgi-bin/fecimg/?202601299794300185","","STEVE DOWELL FOR CONGRESS","20 BLACKJACK CIR","","BELTON","TX","76513","2025-12-17","$162.38","ADVERTISEMENT - YARD SIGNS - CUSTOM SIGNS BELTON","","","004","Advertising Expenses ","SB17.4271",""
"C00916551","STEVE DOWELL FOR CONGRESS","H6TX31128","DOWELL, STEVEN CLAY JR","2026","H","TX","31","17","http://docquery.fec.gov/cgi-bin/fecimg/?202601299794300185","","STEVE DOWELL FOR CONGRESS","20 BLACKJACK CIR","","BELTON","TX","76513","2025-12-19","$103.92","VOLUNTEER T-SHIRTS - RED'S CUSTOM TEE'S BELTON","","","006","Campaign Materials","SB17.4272",""
"C00919480","WILLIAM ABEL FOR CONGRESS","H6TX31136","ABEL, WILLIAM P","2026","H","TX","31","17","http://docquery.fec.gov/cgi-bin/fecimg/?202602159834323098","","BAILEY, CLINTON","445 BELLA ROSE","","BELTON","TX","76513","2026-01-15","$500.00","IN-KIND -","","","","","SB17.4103",""
"C00919480","WILLIAM ABEL FOR CONGRESS","H6TX31136","ABEL, WILLIAM P","2026","H","TX","31","17","http://docquery.fec.gov/cgi-bin/fecimg/?202602159834323098","","CAMP, SHAWN","2707 E BUSINESS 190","","COPPERAS COVE","TX","76522","2026-02-10","$1,000.00","IN-KIND -","","","","","SB17.4100",""
"C00919480","WILLIAM ABEL FOR CONGRESS","H6TX31136","ABEL, WILLIAM P","2026","H","TX","31","17","http://docquery.fec.gov/cgi-bin/fecimg/?202602159834323098","","ABEL, WILLIAM P","311 BARBER DR","","COPPERAS COVE","TX","76522","2026-02-02","$276.00","IN-KIND -","","","","","SB17.4108",""
"C00929950","ELVIS FOR CONGRESS","H6TX31177","LOSSA, ELVIS ARTURO","2026","H","TX","31","21","http://docquery.fec.gov/cgi-bin/fecimg/?202602209837794157","","LOSSA, ELVIS","3700 BEDROCK CT","","CEDAR PARK","TX","78613","2026-01-23","$4,000.00","LOAN REPAYMENT (CANDIDATE)","","","","","SB21.4164",""
"C00929950","ELVIS FOR CONGRESS","H6TX31177","LOSSA, ELVIS ARTURO","2026","H","TX","31","17","http://docquery.fec.gov/cgi-bin/fecimg/?202602209837794152","","META PLATFORMS, INC.","1 HACKER WAY","","MENLO PARK","CA","94025","2026-01-13","$47.00","ONLINE ADVERTISING","","","","","SB17.4149",""
"C00929950","ELVIS FOR CONGRESS","H6TX31177","LOSSA, ELVIS ARTURO","2026","H","TX","31","17","http://docquery.fec.gov/cgi-bin/fecimg/?202602209837794152","","META PLATFORMS, INC.","1 HACKER WAY","","MENLO PARK","CA","94025","2026-01-14","$51.00","ONLINE ADVERTISING","","","","","SB17.4150",""
"C00929950","ELVIS FOR CONGRESS","H6TX31177","LOSSA, ELVIS ARTURO","2026","H","TX","31","17","http://docquery.fec.gov/cgi-bin/fecimg/?202602209837794152","","META PLATFORMS, INC.","1 HACKER WAY","","MENLO PARK","CA","94025","2026-01-15","$55.00","ONLINE ADVERTISING","","","","","SB17.4151",""
"C00693051","GARAPATI FOR CONGRESS","H0TX31030","GARAPATI, ABHIRAM","2026","H","TX","31","17","http://docquery.fec.gov/cgi-bin/fecimg/?202512229793852699","","MCCONNEL, JACK","","","","","","2025-09-30","$10,000.00","CAMPAIGN STRATEGY","","","","","SB17.4106",""
"C00693051","GARAPATI FOR CONGRESS","H0TX31030","GARAPATI, ABHIRAM","2026","H","TX","31","17","http://docquery.fec.gov/cgi-bin/fecimg/?202512229793852719","","MCCONNEL, JACK","","","","","","2025-12-22","$6,000.00","CAMPAIGN STRATEGY","","","","","SB17.4109",""
"C00916551","STEVE DOWELL FOR CONGRESS","H6TX31128","DOWELL, STEVEN CLAY JR","2026","H","TX","31","17","http://docquery.fec.gov/cgi-bin/fecimg/?202604149857219494","","DOWELL, STEVEN CLAY JR","20 BLACKJACK CIRCLE","","BELTON","TX","76513","2026-03-06","$1,800.00","IN-KIND - ADVERTISEMENT - MEDIA - TEMPLE DAILY TELEGRAM","","","","","SB17.4430",""
"C00916551","STEVE DOWELL FOR CONGRESS","H6TX31128","DOWELL, STEVEN CLAY JR","2026","H","TX","31","17","http://docquery.fec.gov/cgi-bin/fecimg/?202604149857219494","","STEVE DOWELL FOR CONGRESS","20 BLACKJACK CIR","","BELTON","TX","76513","2026-02-17","$1,172.75","ADVERTISEMENT - MAIL - USPS","","","004","Advertising Expenses ","SB17.4425",""
"C00916551","STEVE DOWELL FOR CONGRESS","H6TX31128","DOWELL, STEVEN CLAY JR","2026","H","TX","31","17","http://docquery.fec.gov/cgi-bin/fecimg/?202604149857219494","","STEVE DOWELL FOR CONGRESS","20 BLACKJACK CIR","","BELTON","TX","76513","2026-02-17","$240.00","MEET & GREET - MAD HATTERS","","","003","Solicitation and Fundraising Expenses ","SB17.4426",""
"C00916551","STEVE DOWELL FOR CONGRESS","H6TX31128","DOWELL, STEVEN CLAY JR","2026","H","TX","31","17","http://docquery.fec.gov/cgi-bin/fecimg/?202604149857219495","","STEVE DOWELL FOR CONGRESS","20 BLACKJACK CIR","","BELTON","TX","76513","2026-02-24","$263.91","ADVERTISEMENT - STATE OF THE WEXFORD","","","004","Advertising Expenses ","SB17.4427",""
"C00916551","STEVE DOWELL FOR CONGRESS","H6TX31128","DOWELL, STEVEN CLAY JR","2026","H","TX","31","17","http://docquery.fec.gov/cgi-bin/fecimg/?202604149857219495","","STEVE DOWELL FOR CONGRESS","20 BLACKJACK CIR","","BELTON","TX","76513","2026-03-06","$2,600.00","ADVERTISEMENT - MEDIA - TEMPLE DAILY TELEGRAM","","","","","SB17.4428",""
"C00916551","STEVE DOWELL FOR CONGRESS","H6TX31128","DOWELL, STEVEN CLAY JR","2026","H","TX","31","17","http://docquery.fec.gov/cgi-bin/fecimg/?202604149857219495","","STEVE DOWELL FOR CONGRESS","20 BLACKJACK CIR","","BELTON","TX","76513","2026-03-12","$1,395.39","ADVERTISEMENT - ONLINE - FACEBOOK","","","004","Advertising Expenses ","SB17.4424",""
"C00898239","VALENTINA FOR CONGRESS","H6TX31078","GOMEZ NORIEGA, VALENTINA","2026","H","TX","31","17","http://docquery.fec.gov/cgi-bin/fecimg/?202604159863100464","","AIRBNB","888 BRANNAN ST","","SAN  FRANCISCO","CA","94103","2026-02-23","$260.77","","","","002","Travel Expenses","SB17.4475",""
"C00898239","VALENTINA FOR CONGRESS","H6TX31078","GOMEZ NORIEGA, VALENTINA","2026","H","TX","31","17","http://docquery.fec.gov/cgi-bin/fecimg/?202604159863100464","","AMAZON.COM","410 TERRY AVE N","","SEATTLE","WA","98109","2026-02-17","$432.90","ENVELOPES","","","","","SB17.4466",""
"C00898239","VALENTINA FOR CONGRESS","H6TX31078","GOMEZ NORIEGA, VALENTINA","2026","H","TX","31","17","http://docquery.fec.gov/cgi-bin/fecimg/?202604159863100464","","AMAZON.COM","410 TERRY AVE N","","SEATTLE","WA","98109","2026-02-17","$68.60","LABELS","","","","","SB17.4467",""
"C00898239","VALENTINA FOR CONGRESS","H6TX31078","GOMEZ NORIEGA, VALENTINA","2026","H","TX","31","17","http://docquery.fec.gov/cgi-bin/fecimg/?202604159863100465","","APPLE","1 APPLE PARK WAY","","CUPERTINO","CA","95014","2026-02-17","$214.28","SUBSCRIPTION","","","","","SB17.4468",""
"C00898239","VALENTINA FOR CONGRESS","H6TX31078","GOMEZ NORIEGA, VALENTINA","2026","H","TX","31","17","http://docquery.fec.gov/cgi-bin/fecimg/?202604159863100465","","APPLE","1 APPLE PARK WAY","","CUPERTINO","CA","95014","2026-02-17","$54.11","SUBSCRIPTION FEE","","","","","SB17.4470",""
"C00898239","VALENTINA FOR CONGRESS","H6TX31078","GOMEZ NORIEGA, VALENTINA","2026","H","TX","31","17","http://docquery.fec.gov/cgi-bin/fecimg/?202604159863100465","","APPLE","1 APPLE PARK WAY","","CUPERTINO","CA","95014","2026-03-16","$54.11","MONTHLY SUBCRIPTION","","","001","Administrative/Salary/Overhead Expenses ","SB17.4488",""
"C00898239","VALENTINA FOR CONGRESS","H6TX31078","GOMEZ NORIEGA, VALENTINA","2026","H","TX","31","17","http://docquery.fec.gov/cgi-bin/fecimg/?202604159863100466","","GOMEZ, MAICOLL","201 NORTH MAIN ST #16","","NOLANVILLE","TX","76559","2026-03-01","$10,000.00","CAMPAIGN MANAGEMENT","","","001","Administrative/Salary/Overhead Expenses ","SB17.4489",""
"C00898239","VALENTINA FOR CONGRESS","H6TX31078","GOMEZ NORIEGA, VALENTINA","2026","H","TX","31","17","http://docquery.fec.gov/cgi-bin/fecimg/?202604159863100466","","GOMEZ, MAICOLL","201 NORTH MAIN ST #16","","NOLANVILLE","TX","76559","2026-03-30","$15,000.00","","","","001","Administrative/Salary/Overhead Expenses ","SB17.4493",""
"C00898239","VALENTINA FOR CONGRESS","H6TX31078","GOMEZ NORIEGA, VALENTINA","2026","H","TX","31","17","http://docquery.fec.gov/cgi-bin/fecimg/?202604159863100466","","UNITED AIRLINES","233 S. WACKER DRIVE, WILLIS TOWER","","CHICAGO","IL","60606","2026-02-24","$1,804.80","FLIGHTS","","","002","Travel Expenses","SB17.4479",""
"C00898239","VALENTINA FOR CONGRESS","H6TX31078","GOMEZ NORIEGA, VALENTINA","2026","H","TX","31","17","http://docquery.fec.gov/cgi-bin/fecimg/?202604159863100467","","WIX.COM","100 GANSEVOORT STREET","","NEW YORK","NY","10014","2026-02-27","$541.25","ADS","","","004","Advertising Expenses ","SB17.4483",""
"C00928614","OFFER VINCE SHAMWOW SHLOMI FOR CONGRESS","H6TX31151","SHLOMI, OFFER VINCE","2026","H","TX","31","17","http://docquery.fec.gov/cgi-bin/fecimg/?202604059856982900","","FIRST RESOURCE BANK","7449 VILLAGE DR","","LINO LAKES","MN","550141181","2026-02-23","$17.00","BANK FEES","","","001","Administrative/Salary/Overhead Expenses ","B30D689CDD16549B5B0E",""
"C00928614","OFFER VINCE SHAMWOW SHLOMI FOR CONGRESS","H6TX31151","SHLOMI, OFFER VINCE","2026","H","TX","31","17","http://docquery.fec.gov/cgi-bin/fecimg/?202604059856982901","","FIRST RESOURCE BANK","7449 VILLAGE DR","","LINO LAKES","MN","550141181","2026-02-25","$17.00","BANK FEES","","","001","Administrative/Salary/Overhead Expenses ","B62F276CA94204272B30",""
"C00928614","OFFER VINCE SHAMWOW SHLOMI FOR CONGRESS","H6TX31151","SHLOMI, OFFER VINCE","2026","H","TX","31","17","http://docquery.fec.gov/cgi-bin/fecimg/?202604059856982901","","FIRST RESOURCE BANK","7449 VILLAGE DR","","LINO LAKES","MN","550141181","2026-02-25","$17.00","BANK FEES","","","001","Administrative/Salary/Overhead Expenses ","B0262C6DA7ABB4888AED",""
"C00928614","OFFER VINCE SHAMWOW SHLOMI FOR CONGRESS","H6TX31151","SHLOMI, OFFER VINCE","2026","H","TX","31","17","http://docquery.fec.gov/cgi-bin/fecimg/?202604059856982901","","FIRST RESOURCE BANK","7449 VILLAGE DR","","LINO LAKES","MN","550141181","2026-02-25","$17.00","BANK FEES","","","001","Administrative/Salary/Overhead Expenses ","B2CCEDD2F85E44387897",""
"C00928614","OFFER VINCE SHAMWOW SHLOMI FOR CONGRESS","H6TX31151","SHLOMI, OFFER VINCE","2026","H","TX","31","17","http://docquery.fec.gov/cgi-bin/fecimg/?202604059856982902","","FIRST RESOURCE BANK","7449 VILLAGE DR","","LINO LAKES","MN","550141181","2026-03-03","$17.00","BANK FEES","","","001","Administrative/Salary/Overhead Expenses ","B18E3E3D0B2114EB29D4",""
"C00928614","OFFER VINCE SHAMWOW SHLOMI FOR CONGRESS","H6TX31151","SHLOMI, OFFER VINCE","2026","H","TX","31","17","http://docquery.fec.gov/cgi-bin/fecimg/?202604059856982902","","POLITICAL COMMUNICATIONS ADVERTISING","11 E 44TH ST","RM 301","NEW YORK","NY","100170065","2026-02-20","$60,000.00","MEDIA PLACEMENT","","","001","Administrative/Salary/Overhead Expenses ","BEC3C9B5ADC3047F1AFD",""
"C00928614","OFFER VINCE SHAMWOW SHLOMI FOR CONGRESS","H6TX31151","SHLOMI, OFFER VINCE","2026","H","TX","31","17","http://docquery.fec.gov/cgi-bin/fecimg/?202604059856982902","","POLITICAL COMMUNICATIONS ADVERTISING","11 E 44TH ST","RM 301","NEW YORK","NY","100170065","2026-02-25","$10,000.00","MEDIA PLACEMENT","","","001","Administrative/Salary/Overhead Expenses ","BE7E1BBA9BA124C9489B",""
"C00928614","OFFER VINCE SHAMWOW SHLOMI FOR CONGRESS","H6TX31151","SHLOMI, OFFER VINCE","2026","H","TX","31","17","http://docquery.fec.gov/cgi-bin/fecimg/?202604059856982903","","PROJO1 LLC","568 SIERRA MORENA ST","","LAS VEGAS","NV","891444511","2026-03-18","$615.00","CAMPAIGN CONSULTING","","","001","Administrative/Salary/Overhead Expenses ","B21C260C3BD7E4DCF9E3",""
"C00928614","OFFER VINCE SHAMWOW SHLOMI FOR CONGRESS","H6TX31151","SHLOMI, OFFER VINCE","2026","H","TX","31","17","http://docquery.fec.gov/cgi-bin/fecimg/?202604059856982903","","RIGHTPATH LLC","5310 TUSCARAWAS RD","","BETHESDA","MD","208163124","2026-02-12","$45,000.00","DIRECT MAIL","","","001","Administrative/Salary/Overhead Expenses ","B2C4B4E28AFA14A3C9E7",""
"C00928614","OFFER VINCE SHAMWOW SHLOMI FOR CONGRESS","H6TX31151","SHLOMI, OFFER VINCE","2026","H","TX","31","17","http://docquery.fec.gov/cgi-bin/fecimg/?202604059856982903","","RIGHTPATH LLC","5310 TUSCARAWAS RD","","BETHESDA","MD","208163124","2026-02-24","$14,000.00","DIRECT MAIL","","","001","Administrative/Salary/Overhead Expenses ","B94121833BB6B411A8BD",""
"C00928614","OFFER VINCE SHAMWOW SHLOMI FOR CONGRESS","H6TX31151","SHLOMI, OFFER VINCE","2026","H","TX","31","17","http://docquery.fec.gov/cgi-bin/fecimg/?202604059856982904","","RIGHTPATH LLC","5310 TUSCARAWAS RD","","BETHESDA","MD","208163124","2026-02-25","$4,033.80","DIRECT MAIL","","","001","Administrative/Salary/Overhead Expenses ","B4E52E457E84344049FD",""
"C00898239","VALENTINA FOR CONGRESS","H6TX31078","GOMEZ NORIEGA, VALENTINA","2026","H","TX","31","17","http://docquery.fec.gov/cgi-bin/fecimg/?202604159863100467","","WIX.COM","100 GANSEVOORT STREET","","NEW YORK","NY","10014","2026-02-27","$9,700.00","","","","004","Advertising Expenses ","SB17.4485",""
"C00898239","VALENTINA FOR CONGRESS","H6TX31078","GOMEZ NORIEGA, VALENTINA","2026","H","TX","31","17","http://docquery.fec.gov/cgi-bin/fecimg/?202604159863100467","","WIX.COM","100 GANSEVOORT STREET","","NEW YORK","NY","10014","2026-03-27","$542.00","","","","004","Advertising Expenses ","SB17.4492",""
"C00928614","OFFER VINCE SHAMWOW SHLOMI FOR CONGRESS","H6TX31151","SHLOMI, OFFER VINCE","2026","H","TX","31","17","http://docquery.fec.gov/cgi-bin/fecimg/?202604059856982904","","SAME DAY PROCESSING","502 6TH ST","","HUDSON","WI","540161783","2026-03-06","$1,055.00","ACCOUNTING CONSULTING","","","001","Administrative/Salary/Overhead Expenses ","B40585B05F2074AD5833",""
"C00928614","OFFER VINCE SHAMWOW SHLOMI FOR CONGRESS","H6TX31151","SHLOMI, OFFER VINCE","2026","H","TX","31","17","http://docquery.fec.gov/cgi-bin/fecimg/?202604059856982904","","SHLOMI, OFFER VINCE","1680 MICHIGAN AVE SUITE 700","","MIAMI BEACH","FL","33139","2026-02-27","$8,000.00","IN-KIND:GUEST AND GRAY LAW FIRM","","","","","B4A08BFF7ABAE4C33B74",""
"C00928614","OFFER VINCE SHAMWOW SHLOMI FOR CONGRESS","H6TX31151","SHLOMI, OFFER VINCE","2026","H","TX","31","17","http://docquery.fec.gov/cgi-bin/fecimg/?202604059856982905","","WILLIAMS, KYLE","810 FLOWER ST","STE 314","LOS ANGELES","CA","900174638","2026-03-03","$5,000.00","CAMPAIGN CONSULTING","","","001","Administrative/Salary/Overhead Expenses ","B330C9585A6CD4A6A8E3",""
"C00928614","OFFER VINCE SHAMWOW SHLOMI FOR CONGRESS","H6TX31151","SHLOMI, OFFER VINCE","2026","H","TX","31","17","http://docquery.fec.gov/cgi-bin/fecimg/?202604059856982905","","WOODWARD LAW, PLLC","27499 RIVERVIEW CENTER BLVD","STE 259","BONITA SPRINGS","FL","341344359","2026-02-23","$6,000.00","LEGAL CONSULTING","","","001","Administrative/Salary/Overhead Expenses ","BD6670B88CEE34F159AA",""
"C00928614","OFFER VINCE SHAMWOW SHLOMI FOR CONGRESS","H6TX31151","SHLOMI, OFFER VINCE","2026","H","TX","31","17","http://docquery.fec.gov/cgi-bin/fecimg/?202604059856982900","","FIRST RESOURCE BANK","7449 VILLAGE DR","","LINO LAKES","MN","550141181","2026-02-12","$17.00","BANK FEES","","","001","Administrative/Salary/Overhead Expenses ","B016133A9E53D4245AB8",""
"C00928614","OFFER VINCE SHAMWOW SHLOMI FOR CONGRESS","H6TX31151","SHLOMI, OFFER VINCE","2026","H","TX","31","17","http://docquery.fec.gov/cgi-bin/fecimg/?202604059856982900","","FIRST RESOURCE BANK","7449 VILLAGE DR","","LINO LAKES","MN","550141181","2026-02-20","$17.00","BANK FEES","","","001","Administrative/Salary/Overhead Expenses ","B232F5354E42F4203AE0",""
"C00863621","WHITLOW FOR CONGRESS","H4TX31081","WHITLOW, STUART NORMAN MR.","2026","H","TX","31","17","http://docquery.fec.gov/cgi-bin/fecimg/?202510159791562262","","AMERICAN PRINTING AND MAILING","1606 HEADWAY CIRCLE","","AUSTIN","TX","78754","2025-09-08","$296.76","PRINTING","","","004","Advertising Expenses ","SB17.6702",""
"C00863621","WHITLOW FOR CONGRESS","H4TX31081","WHITLOW, STUART NORMAN MR.","2026","H","TX","31","17","http://docquery.fec.gov/cgi-bin/fecimg/?202510159791562262","","CORTES, JACOB","1901 RUNNING BROOK DRIVE","","AUSTIN","TX","78723","2025-09-27","$4,000.00","FIELD PROGRAM MANAGEMENT","","","001","Administrative/Salary/Overhead Expenses ","SB17.6700",""
"C00898239","VALENTINA FOR CONGRESS","H6TX31078","GOMEZ NORIEGA, VALENTINA","2026","H","TX","31","17","http://docquery.fec.gov/cgi-bin/fecimg/?202510159790802671","","AIRBNB","888 BRANNAN STREET","","SAN FRANCISCO","CA","94103","2025-07-29","$282.46","TRAVEL EXPENSE-AIRBNB","","","002","Travel Expenses","SB17.4808",""
"C00898239","VALENTINA FOR CONGRESS","H6TX31078","GOMEZ NORIEGA, VALENTINA","2026","H","TX","31","17","http://docquery.fec.gov/cgi-bin/fecimg/?202510159790802671","","AIRBNB","888 BRANNAN STREET","","SAN FRANCISCO","CA","94103","2025-09-18","$389.98","LUGGAGE EXPENSE","","","002","Travel Expenses","SB17.4816",""
"C00898239","VALENTINA FOR CONGRESS","H6TX31078","GOMEZ NORIEGA, VALENTINA","2026","H","TX","31","17","http://docquery.fec.gov/cgi-bin/fecimg/?202510159790802672","","STACCATO EVENT","1275 COUNTY ROAD 233","","FLORENCE","TX","76527","2025-08-18","$216.50","STACCATO RANGE/SHOOTING PRODUCTION","","","004","Advertising Expenses ","SB17.4812",""
"C00898239","VALENTINA FOR CONGRESS","H6TX31078","GOMEZ NORIEGA, VALENTINA","2026","H","TX","31","17","http://docquery.fec.gov/cgi-bin/fecimg/?202510159790802673","","TURO","111 SUTTER ST FL12","","SAN FRANCISCO","CA","94104","2025-09-22","$201.02","CAR RENTAL DURING TRAVEL FOR FUNDRAISING","","","003","Solicitation and Fundraising Expenses ","SB17.4821",""
"C00898353","RAYMOND HAMDEN FOR CONGRESS","H6TX31086","HAMDEN, RAYMOND H II","2026","H","TX","31","17","http://docquery.fec.gov/cgi-bin/fecimg/?202510159791567684","","HANES, EVA","UNKNOWN","","WACO","TX","76701","2025-07-07","$750.00","SOCIAL MEDIA","","","004","Advertising Expenses ","SB17.4164",""
"C00898353","RAYMOND HAMDEN FOR CONGRESS","H6TX31086","HAMDEN, RAYMOND H II","2026","H","TX","31","17","http://docquery.fec.gov/cgi-bin/fecimg/?202510159791567684","","HANES, EVA","UNKNOWN","","WACO","TX","76701","2025-08-04","$750.00","SOCIAL MEDIA","","","004","Advertising Expenses ","SB17.4166",""
"C00371203","JOHN CARTER FOR CONGRESS","H2TX31044","CARTER, JOHN R REP.","2026","H","TX","31","17","http://docquery.fec.gov/cgi-bin/fecimg/?202504159755641716","","SOUTHWEST AIRLINE","8008 CEDAR SPRINGS RD","","DALLAS","TX","752352852","2025-01-16","$11.20","TRAVEL - SERVICE FEE","X","MEMO","002","Travel Expenses","0038309-0083",""
"C00371203","JOHN CARTER FOR CONGRESS","H2TX31044","CARTER, JOHN R REP.","2026","H","TX","31","17","http://docquery.fec.gov/cgi-bin/fecimg/?202504159755641717","","SOUTHWEST AIRLINE","8008 CEDAR SPRINGS RD","","DALLAS","TX","752352852","2025-01-16","$11.20","TRAVEL - SERVICE FEE","X","MEMO","002","Travel Expenses","0038309-0084",""
"C00371203","JOHN CARTER FOR CONGRESS","H2TX31044","CARTER, JOHN R REP.","2026","H","TX","31","17","http://docquery.fec.gov/cgi-bin/fecimg/?202504159755641697","","AT HOME","19000 LIMESTONE COMMERCIAL DR","","PFLUGERVILLE","TX","786604503","2025-01-16","-$27.05","REFUND:EVENT - SUPPLIES","X","MEMO","003","Solicitation and Fundraising Expenses ","0038309-0003",""
"C00371203","JOHN CARTER FOR CONGRESS","H2TX31044","CARTER, JOHN R REP.","2026","H","TX","31","17","http://docquery.fec.gov/cgi-bin/fecimg/?202504159755641697","","SOUTHWEST AIRLINE","8008 CEDAR SPRINGS RD","","DALLAS","TX","752352852","2025-01-16","-$293.98","REFUNG: TRAVEL - AIRFARE","X","MEMO","002","Travel Expenses","0038309-0004",""
"C00371203","JOHN CARTER FOR CONGRESS","H2TX31044","CARTER, JOHN R REP.","2026","H","TX","31","17","http://docquery.fec.gov/cgi-bin/fecimg/?202504159755641698","","ENTERPRISE RENT A CAR","2121A N MAYS ST","","ROUND ROCK","TX","786642144","2025-01-16","-$1,058.73","REFUND:TRAVEL - CAR RENTAL","X","MEMO","002","Travel Expenses","0038309-0005",""
"C00371203","JOHN CARTER FOR CONGRESS","H2TX31044","CARTER, JOHN R REP.","2026","H","TX","31","17","http://docquery.fec.gov/cgi-bin/fecimg/?202504159755641698","","THE UPS STORE","4500 WILLIAMS DR","","GEORGETOWN","TX","786331332","2025-01-16","$462.40","SHIPPING CHARGES","X","MEMO","001","Administrative/Salary/Overhead Expenses ","0038309-0006",""
"C00371203","JOHN CARTER FOR CONGRESS","H2TX31044","CARTER, JOHN R REP.","2026","H","TX","31","17","http://docquery.fec.gov/cgi-bin/fecimg/?202504159755641698","","APPLE.COM","ONE APPLE PARK WAY","","CUPERTINO","CA","95014","2025-01-16","$11.68","IT SERVICES","X","MEMO","001","Administrative/Salary/Overhead Expenses ","0038309-0007",""
"C00371203","JOHN CARTER FOR CONGRESS","H2TX31044","CARTER, JOHN R REP.","2026","H","TX","31","17","http://docquery.fec.gov/cgi-bin/fecimg/?202504159755641699","","APPLE.COM","ONE APPLE PARK WAY","","CUPERTINO","CA","95014","2025-01-16","$8.49","IT SERVICES","X","MEMO","001","Administrative/Salary/Overhead Expenses ","0038309-0008",""
"C00371203","JOHN CARTER FOR CONGRESS","H2TX31044","CARTER, JOHN R REP.","2026","H","TX","31","17","http://docquery.fec.gov/cgi-bin/fecimg/?202504159755641699","","I LOVE LA T1","13701 CIMARRON AVENUE","","GARDENA","CA","90249","2025-01-16","$279.76","TRAVEL - FOOD & BEVERAGE","X","MEMO","002","Travel Expenses","0038309-0009",""
"C00371203","JOHN CARTER FOR CONGRESS","H2TX31044","CARTER, JOHN R REP.","2026","H","TX","31","17","http://docquery.fec.gov/cgi-bin/fecimg/?202504159755641699","","SPEEDY STOP 95","551 UNIVERSITY BLVD","","SANDY","TX","78665","2025-01-16","$28.50","TRAVEL - FUEL","X","MEMO","002","Travel Expenses","0038309-0013",""
"C00371203","JOHN CARTER FOR CONGRESS","H2TX31044","CARTER, JOHN R REP.","2026","H","TX","31","17","http://docquery.fec.gov/cgi-bin/fecimg/?202504159755641700","","SOUTHWEST AIRLINE","8008 CEDAR SPRINGS RD","","DALLAS","TX","752352852","2025-01-16","$482.98","TRAVEL - AIRFARE","X","MEMO","002","Travel Expenses","0038309-0015",""
"C00371203","JOHN CARTER FOR CONGRESS","H2TX31044","CARTER, JOHN R REP.","2026","H","TX","31","17","http://docquery.fec.gov/cgi-bin/fecimg/?202504159755641720","","SPEEDY STOP 95","551 UNIVERSITY BLVD","","SANDY","TX","78665","2025-01-16","$58.21","TRAVEL - FUEL","X","MEMO","002","Travel Expenses","0038309-0098",""
"C00371203","JOHN CARTER FOR CONGRESS","H2TX31044","CARTER, JOHN R REP.","2026","H","TX","31","17","http://docquery.fec.gov/cgi-bin/fecimg/?202504159755641720","","CHASE - CARD MEMBER SERVICES","PO BOX 6294","","CAROL STREAM","IL","601976294","2025-01-16","$791.41","MERCHANT SERVICE FEE","X","MEMO","001","Administrative/Salary/Overhead Expenses ","0038309-0099",""
"C00371203","JOHN CARTER FOR CONGRESS","H2TX31044","CARTER, JOHN R REP.","2026","H","TX","31","17","http://docquery.fec.gov/cgi-bin/fecimg/?202504159755641721","","APPLE.COM","ONE APPLE PARK WAY","","CUPERTINO","CA","95014","2025-01-16","$8.49","IT SERVICES","X","MEMO","001","Administrative/Salary/Overhead Expenses ","0038309-0100",""
"C00371203","JOHN CARTER FOR CONGRESS","H2TX31044","CARTER, JOHN R REP.","2026","H","TX","31","17","http://docquery.fec.gov/cgi-bin/fecimg/?202504159755641721","","H-E-B","603 LOUIS HENNA BLVD","","ROUND ROCK","TX","786647186","2025-01-16","$12.80","MEETING - FOOD & BEVERAGE","X","MEMO","007","Campaign Event Expenses","0038309-0103",""
"C00371203","JOHN CARTER FOR CONGRESS","H2TX31044","CARTER, JOHN R REP.","2026","H","TX","31","17","http://docquery.fec.gov/cgi-bin/fecimg/?202504159755641721","","H-E-B","603 LOUIS HENNA BLVD","","ROUND ROCK","TX","786647186","2025-01-16","$14.44","MEETING - FOOD & BEVERAGE","X","MEMO","007","Campaign Event Expenses","0038309-0104",""
"C00919480","WILLIAM ABEL FOR CONGRESS","H6TX31136","ABEL, WILLIAM P","2026","H","TX","31","17","http://docquery.fec.gov/cgi-bin/fecimg/?202601119793939824","","ABEL, WILLIAM P","311 BARBER DR","","COPPERAS COVE","TX","76522","2025-10-24","$699.48","IN-KIND - VISTA PRINT","","","","","SB17.4119",""
"C00919480","WILLIAM ABEL FOR CONGRESS","H6TX31136","ABEL, WILLIAM P","2026","H","TX","31","17","http://docquery.fec.gov/cgi-bin/fecimg/?202601119793939824","","ABEL, WILLIAM P","311 BARBER DR","","COPPERAS COVE","TX","76522","2025-10-27","$414.36","IN-KIND -","","","","","SB17.4115",""
"C00919480","WILLIAM ABEL FOR CONGRESS","H6TX31136","ABEL, WILLIAM P","2026","H","TX","31","17","http://docquery.fec.gov/cgi-bin/fecimg/?202601119793939824","","ABEL, WILLIAM P","311 BARBER DR","","COPPERAS COVE","TX","76522","2025-10-27","$155.69","IN-KIND - VISTA PRINT","","","","","SB17.4123",""
"C00919480","WILLIAM ABEL FOR CONGRESS","H6TX31136","ABEL, WILLIAM P","2026","H","TX","31","17","http://docquery.fec.gov/cgi-bin/fecimg/?202601119793939825","","MCSHANE LLC, DBA:RMC","6950 OBANNON DR","","LAS VEGAS","NV","89117","2025-10-07","$1,200.00","WEBSITE DESIGN","","","001","Administrative/Salary/Overhead Expenses ","SB17.4105",""
"C00919480","WILLIAM ABEL FOR CONGRESS","H6TX31136","ABEL, WILLIAM P","2026","H","TX","31","17","http://docquery.fec.gov/cgi-bin/fecimg/?202601119793939825","","REPUBLICAN PARTY OF TEXAS","PO BOX 2206","","AUSTIN","TX","78768","2025-12-04","$3,125.00","FILING FEE","","","001","Administrative/Salary/Overhead Expenses ","SB17.4110",""
"C00371203","JOHN CARTER FOR CONGRESS","H2TX31044","CARTER, JOHN R REP.","2026","H","TX","31","17","http://docquery.fec.gov/cgi-bin/fecimg/?202504159755641707","","AT HOME","19000 LIMESTONE COMMERCIAL DR","","PFLUGERVILLE","TX","786604503","2025-01-16","$43.29","EVENT - SUPPLIES","X","MEMO","003","Solicitation and Fundraising Expenses ","0038309-0047",""
"C00371203","JOHN CARTER FOR CONGRESS","H2TX31044","CARTER, JOHN R REP.","2026","H","TX","31","17","http://docquery.fec.gov/cgi-bin/fecimg/?202504159755641707","","AT HOME","19000 LIMESTONE COMMERCIAL DR","","PFLUGERVILLE","TX","786604503","2025-01-16","$216.45","EVENT - SUPPLIES","X","MEMO","003","Solicitation and Fundraising Expenses ","0038309-0048",""
"C00371203","JOHN CARTER FOR CONGRESS","H2TX31044","CARTER, JOHN R REP.","2026","H","TX","31","17","http://docquery.fec.gov/cgi-bin/fecimg/?202504159755641708","","H-E-B","603 LOUIS HENNA BLVD","","ROUND ROCK","TX","786647186","2025-01-16","$440.63","EVENT - CATERING","X","MEMO","003","Solicitation and Fundraising Expenses ","0038309-0049",""
"C00371203","JOHN CARTER FOR CONGRESS","H2TX31044","CARTER, JOHN R REP.","2026","H","TX","31","17","http://docquery.fec.gov/cgi-bin/fecimg/?202504159755641708","","ENTERPRISE RENT A CAR","2121A N MAYS ST","","ROUND ROCK","TX","786642144","2025-01-16","$1,058.73","TRAVEL - CAR RENTAL","X","MEMO","002","Travel Expenses","0038309-0051",""
"C00371203","JOHN CARTER FOR CONGRESS","H2TX31044","CARTER, JOHN R REP.","2026","H","TX","31","17","http://docquery.fec.gov/cgi-bin/fecimg/?202504159755641708","","SPEEDY STOP 95","551 UNIVERSITY BLVD","","SANDY","TX","78665","2025-01-16","$40.30","TRAVEL - FUEL","X","MEMO","002","Travel Expenses","0038309-0052",""
"C00371203","JOHN CARTER FOR CONGRESS","H2TX31044","CARTER, JOHN R REP.","2026","H","TX","31","17","http://docquery.fec.gov/cgi-bin/fecimg/?202504159755641709","","H-E-B","603 LOUIS HENNA BLVD","","ROUND ROCK","TX","786647186","2025-01-16","$13.65","CAMPAIGN VEHICLE MAINTENANCE","X","MEMO","001","Administrative/Salary/Overhead Expenses ","0038309-0053",""
"C00371203","JOHN CARTER FOR CONGRESS","H2TX31044","CARTER, JOHN R REP.","2026","H","TX","31","17","http://docquery.fec.gov/cgi-bin/fecimg/?202504159755641709","","APPLE.COM","ONE APPLE PARK WAY","","CUPERTINO","CA","95014","2025-01-16","$8.49","IT SERVICES","X","MEMO","001","Administrative/Salary/Overhead Expenses ","0038309-0054",""
"C00371203","JOHN CARTER FOR CONGRESS","H2TX31044","CARTER, JOHN R REP.","2026","H","TX","31","17","http://docquery.fec.gov/cgi-bin/fecimg/?202504159755641709","","H-E-B","603 LOUIS HENNA BLVD","","ROUND ROCK","TX","786647186","2025-01-16","$9.86","MEETING - FOOD & BEVERAGE","X","MEMO","007","Campaign Event Expenses","0038309-0055",""
"C00371203","JOHN CARTER FOR CONGRESS","H2TX31044","CARTER, JOHN R REP.","2026","H","TX","31","17","http://docquery.fec.gov/cgi-bin/fecimg/?202504159755641710","","HOME DEPOT","2551 S INTERSTATE 35","","ROUND ROCK","TX","786647314","2025-01-16","$771.52","EVENT - SUPPLIES","X","MEMO","003","Solicitation and Fundraising Expenses ","0038309-0056",""
"C00371203","JOHN CARTER FOR CONGRESS","H2TX31044","CARTER, JOHN R REP.","2026","H","TX","31","17","http://docquery.fec.gov/cgi-bin/fecimg/?202504159755641736","","CHASE - CARD MEMBER SERVICES","PO BOX 6294","","CAROL STREAM","IL","601976294","2025-03-31","$15,000.00","CC PREPAYMENT","","","001","Administrative/Salary/Overhead Expenses ","0038311",""
"C00371203","JOHN CARTER FOR CONGRESS","H2TX31044","CARTER, JOHN R REP.","2026","H","TX","31","17","http://docquery.fec.gov/cgi-bin/fecimg/?202504159755641736","","WINRED","PO BOX 9891","","ARLINGTON","VA","22219","2025-03-31","$2,417.28","EARMARK PROCESSING FEE","","","001","Administrative/Salary/Overhead Expenses ","0038297",""
"C00371203","JOHN CARTER FOR CONGRESS","H2TX31044","CARTER, JOHN R REP.","2026","H","TX","31","17","http://docquery.fec.gov/cgi-bin/fecimg/?202504159755641737","","HILL COUNTRY PAYROLL","1104 S MAYS ST","","ROUND ROCK","TX","786646773","2025-03-31","$96.56","PAYROLL SERVICES","","","001","Administrative/Salary/Overhead Expenses ","0038317",""
"C00371203","JOHN CARTER FOR CONGRESS","H2TX31044","CARTER, JOHN R REP.","2026","H","TX","31","17","http://docquery.fec.gov/cgi-bin/fecimg/?202504159755641710","","LYFT RIDE","185 BERRY STREET","","SAN FRANCISCO","CA","941075705","2025-01-16","$99.50","TRAVEL - TAXI","X","MEMO","002","Travel Expenses","0038309-0058",""
"C00371203","JOHN CARTER FOR CONGRESS","H2TX31044","CARTER, JOHN R REP.","2026","H","TX","31","17","http://docquery.fec.gov/cgi-bin/fecimg/?202504159755641717","","SOUTHWEST AIRLINE","8008 CEDAR SPRINGS RD","","DALLAS","TX","752352852","2025-01-16","$5.60","TRAVEL - SERVICE FEE","X","MEMO","002","Travel Expenses","0038309-0085",""
"C00371203","JOHN CARTER FOR CONGRESS","H2TX31044","CARTER, JOHN R REP.","2026","H","TX","31","17","http://docquery.fec.gov/cgi-bin/fecimg/?202504159755641717","","SOUTHWEST AIRLINE","8008 CEDAR SPRINGS RD","","DALLAS","TX","752352852","2025-01-16","$5.60","TRAVEL - SERVICE FEE","X","MEMO","002","Travel Expenses","0038309-0086",""
"C00371203","JOHN CARTER FOR CONGRESS","H2TX31044","CARTER, JOHN R REP.","2026","H","TX","31","17","http://docquery.fec.gov/cgi-bin/fecimg/?202504159755641718","","SOUTHWEST AIRLINE","8008 CEDAR SPRINGS RD","","DALLAS","TX","752352852","2025-01-16","$5.60","TRAVEL - SERVICE FEE","X","MEMO","002","Travel Expenses","0038309-0087",""
"C00371203","JOHN CARTER FOR CONGRESS","H2TX31044","CARTER, JOHN R REP.","2026","H","TX","31","17","http://docquery.fec.gov/cgi-bin/fecimg/?202504159755641718","","SOUTHWEST AIRLINE","8008 CEDAR SPRINGS RD","","DALLAS","TX","752352852","2025-01-16","$11.20","TRAVEL - SERVICE FEE","X","MEMO","002","Travel Expenses","0038309-0088",""
"C00371203","JOHN CARTER FOR CONGRESS","H2TX31044","CARTER, JOHN R REP.","2026","H","TX","31","17","http://docquery.fec.gov/cgi-bin/fecimg/?202504159755641718","","SOUTHWEST AIRLINE","8008 CEDAR SPRINGS RD","","DALLAS","TX","752352852","2025-01-16","$11.20","TRAVEL - SERVICE FEE","X","MEMO","002","Travel Expenses","0038309-0089",""
"C00371203","JOHN CARTER FOR CONGRESS","H2TX31044","CARTER, JOHN R REP.","2026","H","TX","31","17","http://docquery.fec.gov/cgi-bin/fecimg/?202504159755641719","","SPEEDY STOP 95","551 UNIVERSITY BLVD","","SANDY","TX","78665","2025-01-16","$60.50","TRAVEL - FUEL","X","MEMO","002","Travel Expenses","0038309-0093",""
"C00371203","JOHN CARTER FOR CONGRESS","H2TX31044","CARTER, JOHN R REP.","2026","H","TX","31","17","http://docquery.fec.gov/cgi-bin/fecimg/?202504159755641719","","APPLE.COM","ONE APPLE PARK WAY","","CUPERTINO","CA","95014","2025-01-16","$8.49","IT SERVICES","X","MEMO","001","Administrative/Salary/Overhead Expenses ","0038309-0094",""
"C00371203","JOHN CARTER FOR CONGRESS","H2TX31044","CARTER, JOHN R REP.","2026","H","TX","31","17","http://docquery.fec.gov/cgi-bin/fecimg/?202504159755641719","","H-E-B","603 LOUIS HENNA BLVD","","ROUND ROCK","TX","786647186","2025-01-16","$331.22","EVENT - CATERING","X","MEMO","003","Solicitation and Fundraising Expenses ","0038309-0095",""
"C00371203","JOHN CARTER FOR CONGRESS","H2TX31044","CARTER, JOHN R REP.","2026","H","TX","31","17","http://docquery.fec.gov/cgi-bin/fecimg/?202504159755641700","","HOMEWOOD SUITES","1025 ELM ST","","DALLAS","TX","752023113","2025-01-16","$13.59","TRAVEL - LODGING","X","MEMO","002","Travel Expenses","0038309-0016",""
"C00371203","JOHN CARTER FOR CONGRESS","H2TX31044","CARTER, JOHN R REP.","2026","H","TX","31","17","http://docquery.fec.gov/cgi-bin/fecimg/?202504159755641700","","LYFT RIDE","185 BERRY STREET","","SAN FRANCISCO","CA","941075705","2025-01-16","$14.29","TRAVEL - TAXI","X","MEMO","002","Travel Expenses","0038309-0017",""
"C00371203","JOHN CARTER FOR CONGRESS","H2TX31044","CARTER, JOHN R REP.","2026","H","TX","31","17","http://docquery.fec.gov/cgi-bin/fecimg/?202504159755641701","","SPEEDY STOP 95","551 UNIVERSITY BLVD","","SANDY","TX","78665","2025-01-16","$45.86","TRAVEL - FUEL","X","MEMO","002","Travel Expenses","0038309-0020",""
"C00371203","JOHN CARTER FOR CONGRESS","H2TX31044","CARTER, JOHN R REP.","2026","H","TX","31","17","http://docquery.fec.gov/cgi-bin/fecimg/?202504159755641701","","HOME DEPOT","2551 S INTERSTATE 35","","ROUND ROCK","TX","786647314","2025-01-16","$211.28","EVENT - SUPPLIES","X","MEMO","003","Solicitation and Fundraising Expenses ","0038309-0021",""
"C00371203","JOHN CARTER FOR CONGRESS","H2TX31044","CARTER, JOHN R REP.","2026","H","TX","31","17","http://docquery.fec.gov/cgi-bin/fecimg/?202504159755641701","","APPLE.COM","ONE APPLE PARK WAY","","CUPERTINO","CA","95014","2025-01-16","$8.49","IT SERVICES","X","MEMO","001","Administrative/Salary/Overhead Expenses ","0038309-0024",""
"C00371203","JOHN CARTER FOR CONGRESS","H2TX31044","CARTER, JOHN R REP.","2026","H","TX","31","17","http://docquery.fec.gov/cgi-bin/fecimg/?202504159755641702","","H-E-B","603 LOUIS HENNA BLVD","","ROUND ROCK","TX","786647186","2025-01-16","$164.70","EVENT - SUPPLIES","X","MEMO","003","Solicitation and Fundraising Expenses ","0038309-0025",""
"C00371203","JOHN CARTER FOR CONGRESS","H2TX31044","CARTER, JOHN R REP.","2026","H","TX","31","17","http://docquery.fec.gov/cgi-bin/fecimg/?202504159755641702","","APPLE.COM","ONE APPLE PARK WAY","","CUPERTINO","CA","95014","2025-01-16","$8.49","IT SERVICES","X","MEMO","001","Administrative/Salary/Overhead Expenses ","0038309-0026",""
"C00371203","JOHN CARTER FOR CONGRESS","H2TX31044","CARTER, JOHN R REP.","2026","H","TX","31","17","http://docquery.fec.gov/cgi-bin/fecimg/?202504159755641702","","LOWE'S","13201 RANCH ROAD 620 N","","AUSTIN","TX","787171011","2025-01-16","$973.17","EVENT - SUPPLIES","X","MEMO","003","Solicitation and Fundraising Expenses ","0038309-0029",""
"C00371203","JOHN CARTER FOR CONGRESS","H2TX31044","CARTER, JOHN R REP.","2026","H","TX","31","17","http://docquery.fec.gov/cgi-bin/fecimg/?202504159755641703","","LYFT RIDE","185 BERRY STREET","","SAN FRANCISCO","CA","941075705","2025-01-16","$7.00","TRAVEL - TAXI","X","MEMO","002","Travel Expenses","0038309-0030",""
"C00371203","JOHN CARTER FOR CONGRESS","H2TX31044","CARTER, JOHN R REP.","2026","H","TX","31","17","http://docquery.fec.gov/cgi-bin/fecimg/?202504159755641703","","SUDS DELUXE CAR WASH","2991 FM1460","","GEORGETOWN","TX","78626","2025-01-16","$99.97","CAMPAIGN VEHICLE MAINTENANCE","X","MEMO","001","Administrative/Salary/Overhead Expenses ","0038309-0031",""
"C00371203","JOHN CARTER FOR CONGRESS","H2TX31044","CARTER, JOHN R REP.","2026","H","TX","31","17","http://docquery.fec.gov/cgi-bin/fecimg/?202504159755641703","","H-E-B","603 LOUIS HENNA BLVD","","ROUND ROCK","TX","786647186","2025-01-16","$165.61","EVENT - CATERING","X","MEMO","003","Solicitation and Fundraising Expenses ","0038309-0032",""
"C00371203","JOHN CARTER FOR CONGRESS","H2TX31044","CARTER, JOHN R REP.","2026","H","TX","31","17","http://docquery.fec.gov/cgi-bin/fecimg/?202504159755641704","","LYFT RIDE","185 BERRY STREET","","SAN FRANCISCO","CA","941075705","2025-01-16","$18.02","TRAVEL - TAXI","X","MEMO","002","Travel Expenses","0038309-0033",""
"C00371203","JOHN CARTER FOR CONGRESS","H2TX31044","CARTER, JOHN R REP.","2026","H","TX","31","17","http://docquery.fec.gov/cgi-bin/fecimg/?202504159755641704","","SPEEDY STOP 95","551 UNIVERSITY BLVD","","SANDY","TX","78665","2025-01-16","$67.45","TRAVEL - FUEL","X","MEMO","002","Travel Expenses","0038309-0034",""
"C00371203","JOHN CARTER FOR CONGRESS","H2TX31044","CARTER, JOHN R REP.","2026","H","TX","31","17","http://docquery.fec.gov/cgi-bin/fecimg/?202504159755641704","","APPLE.COM","ONE APPLE PARK WAY","","CUPERTINO","CA","95014","2025-01-16","$2.99","IT SERVICES","X","MEMO","001","Administrative/Salary/Overhead Expenses ","0038309-0036",""
"C00371203","JOHN CARTER FOR CONGRESS","H2TX31044","CARTER, JOHN R REP.","2026","H","TX","31","17","http://docquery.fec.gov/cgi-bin/fecimg/?202504159755641705","","LYFT RIDE","185 BERRY STREET","","SAN FRANCISCO","CA","941075705","2025-01-16","$15.96","TRAVEL - TAXI","X","MEMO","002","Travel Expenses","0038309-0038",""
"C00371203","JOHN CARTER FOR CONGRESS","H2TX31044","CARTER, JOHN R REP.","2026","H","TX","31","17","http://docquery.fec.gov/cgi-bin/fecimg/?202504159755641705","","LYFT RIDE","185 BERRY STREET","","SAN FRANCISCO","CA","941075705","2025-01-16","$50.03","TRAVEL - TAXI","X","MEMO","002","Travel Expenses","0038309-0040",""
"C00371203","JOHN CARTER FOR CONGRESS","H2TX31044","CARTER, JOHN R REP.","2026","H","TX","31","17","http://docquery.fec.gov/cgi-bin/fecimg/?202504159755641705","","APPLE.COM","ONE APPLE PARK WAY","","CUPERTINO","CA","95014","2025-01-16","$25.48","IT SERVICES","X","MEMO","001","Administrative/Salary/Overhead Expenses ","0038309-0041",""
"C00371203","JOHN CARTER FOR CONGRESS","H2TX31044","CARTER, JOHN R REP.","2026","H","TX","31","17","http://docquery.fec.gov/cgi-bin/fecimg/?202504159755641706","","SPEEDY STOP 95","551 UNIVERSITY BLVD","","SANDY","TX","78665","2025-01-16","$15.89","TRAVEL - FUEL","X","MEMO","002","Travel Expenses","0038309-0042",""
"C00371203","JOHN CARTER FOR CONGRESS","H2TX31044","CARTER, JOHN R REP.","2026","H","TX","31","17","http://docquery.fec.gov/cgi-bin/fecimg/?202504159755641706","","APPLE.COM","ONE APPLE PARK WAY","","CUPERTINO","CA","95014","2025-01-16","$12.74","IT SERVICES","X","MEMO","001","Administrative/Salary/Overhead Expenses ","0038309-0043",""
"C00371203","JOHN CARTER FOR CONGRESS","H2TX31044","CARTER, JOHN R REP.","2026","H","TX","31","17","http://docquery.fec.gov/cgi-bin/fecimg/?202504159755641706","","SOUTHWEST AIRLINE","8008 CEDAR SPRINGS RD","","DALLAS","TX","752352852","2025-01-16","$787.97","TRAVEL - AIRFARE","X","MEMO","002","Travel Expenses","0038309-0045",""
"C00371203","JOHN CARTER FOR CONGRESS","H2TX31044","CARTER, JOHN R REP.","2026","H","TX","31","17","http://docquery.fec.gov/cgi-bin/fecimg/?202504159755641707","","SOUTHWEST AIRLINE","8008 CEDAR SPRINGS RD","","DALLAS","TX","752352852","2025-01-16","$5.60","TRAVEL - SERVICE FEE","X","MEMO","002","Travel Expenses","0038309-0046",""
"C00371203","JOHN CARTER FOR CONGRESS","H2TX31044","CARTER, JOHN R REP.","2026","H","TX","31","17","http://docquery.fec.gov/cgi-bin/fecimg/?202504159755641694","","VERIZON WIRELESS","PO BOX 660108","","DALLAS","TX","752660108","2025-01-03","$507.81","CELL PHONE SERVICE","","","001","Administrative/Salary/Overhead Expenses ","0038300",""
"C00371203","JOHN CARTER FOR CONGRESS","H2TX31044","CARTER, JOHN R REP.","2026","H","TX","31","17","http://docquery.fec.gov/cgi-bin/fecimg/?202504159755641694","","VERIZON WIRELESS","PO BOX 660108","","DALLAS","TX","752660108","2025-01-08","$839.60","CELL PHONE SERVICE","","","001","Administrative/Salary/Overhead Expenses ","0038301",""
"C00371203","JOHN CARTER FOR CONGRESS","H2TX31044","CARTER, JOHN R REP.","2026","H","TX","31","17","http://docquery.fec.gov/cgi-bin/fecimg/?202504159755641694","","SUSAN LILLY & COMPANY","1005 CONGRESS AVE","","AUSTIN","TX","787012463","2025-01-15","$7,000.00","FUNDRAISING CONSULTING","","","003","Solicitation and Fundraising Expenses ","0038321",""
"C00371203","JOHN CARTER FOR CONGRESS","H2TX31044","CARTER, JOHN R REP.","2026","H","TX","31","17","http://docquery.fec.gov/cgi-bin/fecimg/?202504159755641695","","DRUCKER LAWHON, LLP","317 15TH ST NE","","WASHINGTON","DC","200026501","2025-01-15","$3,218.45","FUNDRAISING CONSULTING","","","003","Solicitation and Fundraising Expenses ","0038323",""
"C00371203","JOHN CARTER FOR CONGRESS","H2TX31044","CARTER, JOHN R REP.","2026","H","TX","31","17","http://docquery.fec.gov/cgi-bin/fecimg/?202504159755641710","","LYFT RIDE","185 BERRY STREET","","SAN FRANCISCO","CA","941075705","2025-01-16","$41.04","TRAVEL - TAXI","X","MEMO","002","Travel Expenses","0038309-0059",""
"C00371203","JOHN CARTER FOR CONGRESS","H2TX31044","CARTER, JOHN R REP.","2026","H","TX","31","17","http://docquery.fec.gov/cgi-bin/fecimg/?202504159755641711","","CHASE - CARD MEMBER SERVICES","PO BOX 6294","","CAROL STREAM","IL","601976294","2025-01-16","$550.00","MERCHANT SERVICE FEE","X","MEMO","001","Administrative/Salary/Overhead Expenses ","0038309-0060",""
"C00371203","JOHN CARTER FOR CONGRESS","H2TX31044","CARTER, JOHN R REP.","2026","H","TX","31","17","http://docquery.fec.gov/cgi-bin/fecimg/?202504159755641711","","CHASE - CARD MEMBER SERVICES","PO BOX 6294","","CAROL STREAM","IL","601976294","2025-01-16","$1,150.29","MERCHANT SERVICE FEE","X","MEMO","001","Administrative/Salary/Overhead Expenses ","0038309-0061",""
"C00371203","JOHN CARTER FOR CONGRESS","H2TX31044","CARTER, JOHN R REP.","2026","H","TX","31","17","http://docquery.fec.gov/cgi-bin/fecimg/?202504159755641711","","HILTON HOTEL","500 E 4TH ST","","AUSTIN","TX","787013720","2025-01-16","$546.84","TRAVEL - LODGING","X","MEMO","002","Travel Expenses","0038309-0062",""
"C00371203","JOHN CARTER FOR CONGRESS","H2TX31044","CARTER, JOHN R REP.","2026","H","TX","31","17","http://docquery.fec.gov/cgi-bin/fecimg/?202504159755641712","","WALGREENS","901 E PALM VALLEY BLVD","","ROUND ROCK","TX","786643209","2025-01-16","$111.72","CONSTITUENT GIFTS","X","MEMO","001","Administrative/Salary/Overhead Expenses ","0038309-0063",""
"C00371203","JOHN CARTER FOR CONGRESS","H2TX31044","CARTER, JOHN R REP.","2026","H","TX","31","17","http://docquery.fec.gov/cgi-bin/fecimg/?202504159755641712","","SPEEDY STOP 95","551 UNIVERSITY BLVD","","SANDY","TX","78665","2025-01-16","$42.69","TRAVEL - FUEL","X","MEMO","002","Travel Expenses","0038309-0064",""
"C00371203","JOHN CARTER FOR CONGRESS","H2TX31044","CARTER, JOHN R REP.","2026","H","TX","31","17","http://docquery.fec.gov/cgi-bin/fecimg/?202504159755641712","","WALGREENS","901 E PALM VALLEY BLVD","","ROUND ROCK","TX","786643209","2025-01-16","$146.22","CONSTITUENT GIFTS","X","MEMO","001","Administrative/Salary/Overhead Expenses ","0038309-0066",""
"C00371203","JOHN CARTER FOR CONGRESS","H2TX31044","CARTER, JOHN R REP.","2026","H","TX","31","17","http://docquery.fec.gov/cgi-bin/fecimg/?202504159755641713","","APPLE.COM","ONE APPLE PARK WAY","","CUPERTINO","CA","95014","2025-01-16","$8.49","IT SERVICES","X","MEMO","001","Administrative/Salary/Overhead Expenses ","0038309-0068",""
"C00371203","JOHN CARTER FOR CONGRESS","H2TX31044","CARTER, JOHN R REP.","2026","H","TX","31","17","http://docquery.fec.gov/cgi-bin/fecimg/?202504159755641713","","REPUBLIC CANTINA","43 N ST NW","","WASHINGTON","DC","20005","2025-01-16","$892.98","EVENT - CATERING","X","MEMO","003","Solicitation and Fundraising Expenses ","0038309-0070",""
"C00371203","JOHN CARTER FOR CONGRESS","H2TX31044","CARTER, JOHN R REP.","2026","H","TX","31","17","http://docquery.fec.gov/cgi-bin/fecimg/?202504159755641695","","DRUCKER LAWHON, LLP","317 15TH ST NE","","WASHINGTON","DC","200026501","2025-01-15","$5,640.14","FUNDRAISING CONSULTING","","","003","Solicitation and Fundraising Expenses ","0038324",""
"C00371203","JOHN CARTER FOR CONGRESS","H2TX31044","CARTER, JOHN R REP.","2026","H","TX","31","17","http://docquery.fec.gov/cgi-bin/fecimg/?202504159755641720","","SALTGRASS STEAK HOUSE","2300 S INTERSTATE 35","","ROUND ROCK","TX","786817903","2025-01-16","$460.75","MEETING - FOOD & BEVERAGE","X","MEMO","007","Campaign Event Expenses","0038309-0096",""
"C00371203","JOHN CARTER FOR CONGRESS","H2TX31044","CARTER, JOHN R REP.","2026","H","TX","31","17","http://docquery.fec.gov/cgi-bin/fecimg/?202504159755641730","","RUGELY, CASH","1230 RED BUD LANE","","ROUND ROCK","TX","78664","2025-03-31","$230.88","PAYROLL","X","MEMO","001","Administrative/Salary/Overhead Expenses ","0038318-0001",""
"C00371203","JOHN CARTER FOR CONGRESS","H2TX31044","CARTER, JOHN R REP.","2026","H","TX","31","17","http://docquery.fec.gov/cgi-bin/fecimg/?202504159755641730","","WINRED","PO BOX 9891","","ARLINGTON","VA","22219","2025-01-31","$132.08","EARMARK PROCESSING FEE","","","001","Administrative/Salary/Overhead Expenses ","0038295",""
"C00371203","JOHN CARTER FOR CONGRESS","H2TX31044","CARTER, JOHN R REP.","2026","H","TX","31","17","http://docquery.fec.gov/cgi-bin/fecimg/?202504159755641731","","VERIZON WIRELESS","PO BOX 660108","","DALLAS","TX","752660108","2025-02-04","$510.42","CELL PHONE SERVICE","","","001","Administrative/Salary/Overhead Expenses ","0038302",""
"C00371203","JOHN CARTER FOR CONGRESS","H2TX31044","CARTER, JOHN R REP.","2026","H","TX","31","17","http://docquery.fec.gov/cgi-bin/fecimg/?202504159755641731","","CHASE - CARD MEMBER SERVICES","PO BOX 6294","","CAROL STREAM","IL","601976294","2025-02-10","$2,000.00","CC PREPAYMENT","","","001","Administrative/Salary/Overhead Expenses ","0038310",""
"C00371203","JOHN CARTER FOR CONGRESS","H2TX31044","CARTER, JOHN R REP.","2026","H","TX","31","17","http://docquery.fec.gov/cgi-bin/fecimg/?202504159755641731","","VERIZON WIRELESS","PO BOX 660108","","DALLAS","TX","752660108","2025-02-10","$765.69","CELL PHONE SERVICE","","","001","Administrative/Salary/Overhead Expenses ","0038303",""
"C00371203","JOHN CARTER FOR CONGRESS","H2TX31044","CARTER, JOHN R REP.","2026","H","TX","31","17","http://docquery.fec.gov/cgi-bin/fecimg/?202504159755641732","","INTERNAL REVENUE SERVICE","DEPARTMENT OF THE TREASURY","","AUSTIN","TX","733010001","2025-02-18","$307.39","PAYROLL TAXES","","","001","Administrative/Salary/Overhead Expenses ","0038307",""
"C00371203","JOHN CARTER FOR CONGRESS","H2TX31044","CARTER, JOHN R REP.","2026","H","TX","31","17","http://docquery.fec.gov/cgi-bin/fecimg/?202504159755641732","","HILL COUNTRY PAYROLL","1104 S MAYS ST","","ROUND ROCK","TX","786646773","2025-02-27","$99.72","PAYROLL SERVICES","","","001","Administrative/Salary/Overhead Expenses ","0038319",""
"C00371203","JOHN CARTER FOR CONGRESS","H2TX31044","CARTER, JOHN R REP.","2026","H","TX","31","17","http://docquery.fec.gov/cgi-bin/fecimg/?202504159755641732","","HILL COUNTRY PAYROLL","1104 S MAYS ST","","ROUND ROCK","TX","786646773","2025-02-27","$230.87","SEE BELOW","","ITEMIZATION BELOW","001","Administrative/Salary/Overhead Expenses ","0038320",""
"C00371203","JOHN CARTER FOR CONGRESS","H2TX31044","CARTER, JOHN R REP.","2026","H","TX","31","17","http://docquery.fec.gov/cgi-bin/fecimg/?202504159755641733","","RUGELY, CASH","1230 RED BUD LANE","","ROUND ROCK","TX","78664","2025-02-27","$230.87","PAYROLL","X","MEMO","001","Administrative/Salary/Overhead Expenses ","0038320-0001",""
"C00371203","JOHN CARTER FOR CONGRESS","H2TX31044","CARTER, JOHN R REP.","2026","H","TX","31","17","http://docquery.fec.gov/cgi-bin/fecimg/?202504159755641733","","WINRED","PO BOX 9891","","ARLINGTON","VA","22219","2025-02-28","$120.26","EARMARK PROCESSING FEE","","","001","Administrative/Salary/Overhead Expenses ","0038296",""
"C00371203","JOHN CARTER FOR CONGRESS","H2TX31044","CARTER, JOHN R REP.","2026","H","TX","31","17","http://docquery.fec.gov/cgi-bin/fecimg/?202504159755641733","","DRUCKER LAWHON, LLP","317 15TH ST NE","","WASHINGTON","DC","200026501","2025-02-28","$5,100.00","FUNDRAISING CONSULTING","","","003","Solicitation and Fundraising Expenses ","0038338",""
"C00371203","JOHN CARTER FOR CONGRESS","H2TX31044","CARTER, JOHN R REP.","2026","H","TX","31","17","http://docquery.fec.gov/cgi-bin/fecimg/?202504159755641734","","MY SAFE DOMAIN","530-B HARKLE ROAD","","SANTA FE","NM","87505","2025-02-28","$295.00","IT SERVICES","","","001","Administrative/Salary/Overhead Expenses ","0038339",""
"C00371203","JOHN CARTER FOR CONGRESS","H2TX31044","CARTER, JOHN R REP.","2026","H","TX","31","17","http://docquery.fec.gov/cgi-bin/fecimg/?202504159755641734","","MORGAN, MEREDITH & ASSOCIATES","22780 INDIAN CREEK DR","","DULLES","VA","201666746","2025-02-28","$2,042.98","REPORTING SERVICES","","","001","Administrative/Salary/Overhead Expenses ","0038337",""
"C00371203","JOHN CARTER FOR CONGRESS","H2TX31044","CARTER, JOHN R REP.","2026","H","TX","31","17","http://docquery.fec.gov/cgi-bin/fecimg/?202504159755641734","","WOOD, TIMOTHY","97 JAN LN","","GEORGETOWN","TX","786268107","2025-02-28","$3,900.00","STORAGE - SIGNS","","","001","Administrative/Salary/Overhead Expenses ","0038336",""
"C00371203","JOHN CARTER FOR CONGRESS","H2TX31044","CARTER, JOHN R REP.","2026","H","TX","31","17","http://docquery.fec.gov/cgi-bin/fecimg/?202504159755641735","","VERIZON WIRELESS","PO BOX 660108","","DALLAS","TX","752660108","2025-03-04","$522.16","CELL PHONE SERVICE","","","001","Administrative/Salary/Overhead Expenses ","0038304",""
"C00371203","JOHN CARTER FOR CONGRESS","H2TX31044","CARTER, JOHN R REP.","2026","H","TX","31","17","http://docquery.fec.gov/cgi-bin/fecimg/?202504159755641728","","CHASE - CARD MEMBER SERVICES","PO BOX 6294","","CAROL STREAM","IL","601976294","2025-01-16","$606.62","MERCHANT SERVICE FEE","X","MEMO","001","Administrative/Salary/Overhead Expenses ","0038309-0138",""
"C00371203","JOHN CARTER FOR CONGRESS","H2TX31044","CARTER, JOHN R REP.","2026","H","TX","31","17","http://docquery.fec.gov/cgi-bin/fecimg/?202504159755641728","","SUSAN LILLY & COMPANY","1005 CONGRESS AVE","","AUSTIN","TX","787012463","2025-01-27","$7,000.00","FUNDRAISING CONSULTING","","","003","Solicitation and Fundraising Expenses ","0038332",""
"C00371203","JOHN CARTER FOR CONGRESS","H2TX31044","CARTER, JOHN R REP.","2026","H","TX","31","17","http://docquery.fec.gov/cgi-bin/fecimg/?202504159755641729","","HILL COUNTRY PAYROLL","1104 S MAYS ST","","ROUND ROCK","TX","786646773","2025-01-30","$193.98","PAYROLL SERVICES","","","001","Administrative/Salary/Overhead Expenses ","0038312",""
"C00371203","JOHN CARTER FOR CONGRESS","H2TX31044","CARTER, JOHN R REP.","2026","H","TX","31","17","http://docquery.fec.gov/cgi-bin/fecimg/?202504159755641729","","HILL COUNTRY PAYROLL","1104 S MAYS ST","","ROUND ROCK","TX","786646773","2025-01-30","$230.87","SEE BELOW","","ITEMIZATION BELOW","001","Administrative/Salary/Overhead Expenses ","0038313",""
"C00371203","JOHN CARTER FOR CONGRESS","H2TX31044","CARTER, JOHN R REP.","2026","H","TX","31","17","http://docquery.fec.gov/cgi-bin/fecimg/?202504159755641729","","RUGELY, CASH","1230 RED BUD LANE","","ROUND ROCK","TX","78664","2025-01-30","$230.87","PAYROLL","X","MEMO","001","Administrative/Salary/Overhead Expenses ","0038313-0001",""
"C00371203","JOHN CARTER FOR CONGRESS","H2TX31044","CARTER, JOHN R REP.","2026","H","TX","31","17","http://docquery.fec.gov/cgi-bin/fecimg/?202504159755641735","","VERIZON WIRELESS","PO BOX 660108","","DALLAS","TX","752660108","2025-03-10","$500.05","CELL PHONE SERVICE","","","001","Administrative/Salary/Overhead Expenses ","0038305",""
"C00371203","JOHN CARTER FOR CONGRESS","H2TX31044","CARTER, JOHN R REP.","2026","H","TX","31","17","http://docquery.fec.gov/cgi-bin/fecimg/?202504159755641735","","INTERNAL REVENUE SERVICE","DEPARTMENT OF THE TREASURY","","AUSTIN","TX","733010001","2025-03-17","$307.39","PAYROLL TAXES","","","001","Administrative/Salary/Overhead Expenses ","0038306",""
"C00371203","JOHN CARTER FOR CONGRESS","H2TX31044","CARTER, JOHN R REP.","2026","H","TX","31","17","http://docquery.fec.gov/cgi-bin/fecimg/?202504159755641736","","STACCATO RANCH","1275 CO. ROAD 233","","FLORENCE","TX","76527","2025-03-29","$14,575.65","EVENT - VENUE RENTAL","","","003","Solicitation and Fundraising Expenses ","0038340",""
"C00371203","JOHN CARTER FOR CONGRESS","H2TX31044","CARTER, JOHN R REP.","2026","H","TX","31","17","http://docquery.fec.gov/cgi-bin/fecimg/?202504159755641730","","HILL COUNTRY PAYROLL","1104 S MAYS ST","","ROUND ROCK","TX","786646773","2025-01-30","$230.87","SEE BELOW","","ITEMIZATION BELOW","001","Administrative/Salary/Overhead Expenses ","0038318",""
"C00371203","JOHN CARTER FOR CONGRESS","H2TX31044","CARTER, JOHN R REP.","2026","H","TX","31","17","http://docquery.fec.gov/cgi-bin/fecimg/?202504159755641713","","APPLE.COM","ONE APPLE PARK WAY","","CUPERTINO","CA","95014","2025-01-16","$8.49","IT SERVICES","X","MEMO","001","Administrative/Salary/Overhead Expenses ","0038309-0071",""
"C00371203","JOHN CARTER FOR CONGRESS","H2TX31044","CARTER, JOHN R REP.","2026","H","TX","31","17","http://docquery.fec.gov/cgi-bin/fecimg/?202504159755641714","","SUDS DELUXE CAR WASH","2991 FM1460","","GEORGETOWN","TX","78626","2025-01-16","$99.97","CAMPAIGN VEHICLE MAINTENANCE","X","MEMO","001","Administrative/Salary/Overhead Expenses ","0038309-0072",""
"C00371203","JOHN CARTER FOR CONGRESS","H2TX31044","CARTER, JOHN R REP.","2026","H","TX","31","17","http://docquery.fec.gov/cgi-bin/fecimg/?202504159755641714","","EVENT BRITE","95 THIRD STREET, 2ND FLOOR","","SAN FRANCISCO","CA","94103","2025-01-16","$1,567.43","EVT - TICKETS REAGAN DINNER","X","MEMO","001","Administrative/Salary/Overhead Expenses ","0038309-0073",""
"C00371203","JOHN CARTER FOR CONGRESS","H2TX31044","CARTER, JOHN R REP.","2026","H","TX","31","17","http://docquery.fec.gov/cgi-bin/fecimg/?202504159755641714","","APPLE.COM","ONE APPLE PARK WAY","","CUPERTINO","CA","95014","2025-01-16","$2.99","IT SERVICES","X","MEMO","001","Administrative/Salary/Overhead Expenses ","0038309-0076",""
"C00371203","JOHN CARTER FOR CONGRESS","H2TX31044","CARTER, JOHN R REP.","2026","H","TX","31","17","http://docquery.fec.gov/cgi-bin/fecimg/?202504159755641715","","APPLE.COM","ONE APPLE PARK WAY","","CUPERTINO","CA","95014","2025-01-16","$25.48","IT SERVICES","X","MEMO","001","Administrative/Salary/Overhead Expenses ","0038309-0077",""
"C00371203","JOHN CARTER FOR CONGRESS","H2TX31044","CARTER, JOHN R REP.","2026","H","TX","31","17","http://docquery.fec.gov/cgi-bin/fecimg/?202504159755641715","","H-E-B","603 LOUIS HENNA BLVD","","ROUND ROCK","TX","786647186","2025-01-16","$500.62","EVENT - CATERING","X","MEMO","003","Solicitation and Fundraising Expenses ","0038309-0078",""
"C00371203","JOHN CARTER FOR CONGRESS","H2TX31044","CARTER, JOHN R REP.","2026","H","TX","31","17","http://docquery.fec.gov/cgi-bin/fecimg/?202504159755641715","","VALERO","625 CHRIS KELLEY BLVD","","HUTTO","TX","786345399","2025-01-16","$56.50","TRAVEL - FUEL","X","MEMO","002","Travel Expenses","0038309-0079",""
"C00371203","JOHN CARTER FOR CONGRESS","H2TX31044","CARTER, JOHN R REP.","2026","H","TX","31","17","http://docquery.fec.gov/cgi-bin/fecimg/?202504159755641716","","SOUTHWEST AIRLINE","8008 CEDAR SPRINGS RD","","DALLAS","TX","752352852","2025-01-16","$11.20","TRAVEL - SERVICE FEE","X","MEMO","002","Travel Expenses","0038309-0081",""
"C00371203","JOHN CARTER FOR CONGRESS","H2TX31044","CARTER, JOHN R REP.","2026","H","TX","31","17","http://docquery.fec.gov/cgi-bin/fecimg/?202504159755641716","","SOUTHWEST AIRLINE","8008 CEDAR SPRINGS RD","","DALLAS","TX","752352852","2025-01-16","$11.20","TRAVEL - SERVICE FEE","X","MEMO","002","Travel Expenses","0038309-0082",""
"C00371203","JOHN CARTER FOR CONGRESS","H2TX31044","CARTER, JOHN R REP.","2026","H","TX","31","17","http://docquery.fec.gov/cgi-bin/fecimg/?202504159755641695","","INTERNAL REVENUE SERVICE","DEPARTMENT OF THE TREASURY","","AUSTIN","TX","733010001","2025-01-15","$2,190.51","PAYROLL TAXES","","","001","Administrative/Salary/Overhead Expenses ","0038308",""
"C00371203","JOHN CARTER FOR CONGRESS","H2TX31044","CARTER, JOHN R REP.","2026","H","TX","31","17","http://docquery.fec.gov/cgi-bin/fecimg/?202504159755641696","","MORGAN, MEREDITH & ASSOCIATES","22780 INDIAN CREEK DR","","DULLES","VA","201666746","2025-01-15","$1,596.64","REPORTING SERVICES","","","001","Administrative/Salary/Overhead Expenses ","0038322",""
"C00371203","JOHN CARTER FOR CONGRESS","H2TX31044","CARTER, JOHN R REP.","2026","H","TX","31","17","http://docquery.fec.gov/cgi-bin/fecimg/?202504159755641696","","CHASE - CARD MEMBER SERVICES","PO BOX 6294","","CAROL STREAM","IL","601976294","2025-01-16","$27,150.00","SEE BELOW","","ITEMIZATION BELOW","001","Administrative/Salary/Overhead Expenses ","0038309",""
"C00371203","JOHN CARTER FOR CONGRESS","H2TX31044","CARTER, JOHN R REP.","2026","H","TX","31","17","http://docquery.fec.gov/cgi-bin/fecimg/?202504159755641696","","SOUTHWEST AIRLINE","8008 CEDAR SPRINGS RD","","DALLAS","TX","752352852","2025-01-16","-$157.98","REFUND: TRAVEL - AIRFARE","X","MEMO","002","Travel Expenses","0038309-0001",""
"C00371203","JOHN CARTER FOR CONGRESS","H2TX31044","CARTER, JOHN R REP.","2026","H","TX","31","17","http://docquery.fec.gov/cgi-bin/fecimg/?202504159755641697","","SOUTHWEST AIRLINE","8008 CEDAR SPRINGS RD","","DALLAS","TX","752352852","2025-01-16","-$20.00","REFUND: TRAVEL - SERVICE FEE","X","MEMO","002","Travel Expenses","0038309-0002",""
"C00898239","VALENTINA FOR CONGRESS","H6TX31078","GOMEZ NORIEGA, VALENTINA","2026","H","TX","31","17","http://docquery.fec.gov/cgi-bin/fecimg/?202507159763272368","","AIR BNB","888 BRANNAN STREET","","SAN FRANCISCO","CA","94103","2025-05-26","$368.47","AIR BNB STAY IN LAS FOR FUNDRAISING","","","002","Travel Expenses","SB17.4390",""
"C00898239","VALENTINA FOR CONGRESS","H6TX31078","GOMEZ NORIEGA, VALENTINA","2026","H","TX","31","17","http://docquery.fec.gov/cgi-bin/fecimg/?202507159763272368","","FRONTIER AIRLINES","4545 AIPORT WAY","","DENVER","CO","80239","2025-05-26","$480.26","FLIGHT EXPENSE","","","002","Travel Expenses","SB17.4388",""
"C00898239","VALENTINA FOR CONGRESS","H6TX31078","GOMEZ NORIEGA, VALENTINA","2026","H","TX","31","17","http://docquery.fec.gov/cgi-bin/fecimg/?202507159763272368","","TURO INC","111 SUTTER STREET","","SAN FRANCISCO","CA","94104","2025-05-26","$315.17","CAR RENTAL","","","002","Travel Expenses","SB17.4392",""
"C00907329","JUSTIN EARLY FOR CONGRESS","H6TX31094","EARLY, JUSTIN","2026","H","TX","31","17","http://docquery.fec.gov/cgi-bin/fecimg/?202507159763382416","","INTEGRATED SOLUTIONS: POLITICAL","4142 ADAMS AVENUE","SUITE 103-550","SAN DIEGO","CA","92116","2025-06-17","$225.00","COMPLIANCE SOFTWARE","","","001","Administrative/Salary/Overhead Expenses ","B-105",""
"C00907329","JUSTIN EARLY FOR CONGRESS","H6TX31094","EARLY, JUSTIN","2026","H","TX","31","17","http://docquery.fec.gov/cgi-bin/fecimg/?202507159763382416","","SUNRISE POLITICAL SOLUTIONS, INC","PO BOX 1004","","LA MESA","CA","91944","2025-06-18","$2,500.00","COMPLIANCE SERVICES","","","001","Administrative/Salary/Overhead Expenses ","B-107",""
"C00907329","JUSTIN EARLY FOR CONGRESS","H6TX31094","EARLY, JUSTIN","2026","H","TX","31","17","http://docquery.fec.gov/cgi-bin/fecimg/?202507159763382416","","ACTBLUE TECHNICAL SERVICES","P.O. BOX 441146","","SOMERVILLE","MA","02144","2025-06-30","$249.18","CONTRIBUTION PROCESSING FEES","","","001","Administrative/Salary/Overhead Expenses ","B-116",""
"C00898353","RAYMOND HAMDEN FOR CONGRESS","H6TX31086","HAMDEN, RAYMOND H II","2026","H","TX","31","19A","http://docquery.fec.gov/cgi-bin/fecimg/?202604149857158295","H6TX31086","HAMDEN, RAYMOND HARRY","PO BOX 2008","","HARKER HEIGHTS","TX","76548","2026-03-04","$102,598.64","REPAYMENT OF PERSONAL FUNDS LOAN","","","009","Loan Repayments","SB19A.4117",""
"C00898353","RAYMOND HAMDEN FOR CONGRESS","H6TX31086","HAMDEN, RAYMOND H II","2026","H","TX","31","19A","http://docquery.fec.gov/cgi-bin/fecimg/?202604149857158295","H6TX31086","HAMDEN, RAYMOND HARRY","PO BOX 2008","","HARKER HEIGHTS","TX","76548","2026-03-04","$5,642.90","REPAYMENT OF LOAN","","","009","Loan Repayments","SB19A.4120",""
"C00898239","VALENTINA FOR CONGRESS","H6TX31078","GOMEZ NORIEGA, VALENTINA","2026","H","TX","31","17","http://docquery.fec.gov/cgi-bin/fecimg/?202602199834763721","","AIRBNB","888 BRANNAN STREET","","SAN FRANCISCO","CA","94103","2026-01-28","$230.77","","","","002","Travel Expenses","SB17.5111",""
"C00898239","VALENTINA FOR CONGRESS","H6TX31078","GOMEZ NORIEGA, VALENTINA","2026","H","TX","31","17","http://docquery.fec.gov/cgi-bin/fecimg/?202602199834763721","","AIRBNB","888 BRANNAN STREET","","SAN FRANCISCO","CA","94103","2026-01-29","$262.24","","","","002","Travel Expenses","SB17.5114",""
"C00898239","VALENTINA FOR CONGRESS","H6TX31078","GOMEZ NORIEGA, VALENTINA","2026","H","TX","31","17","http://docquery.fec.gov/cgi-bin/fecimg/?202602199834763722","","AIRBNB","888 BRANNAN STREET","","SAN FRANCISCO","CA","94103","2026-02-04","$570.76","","","","002","Travel Expenses","SB17.5116",""
"C00916551","STEVE DOWELL FOR CONGRESS","H6TX31128","DOWELL, STEVEN CLAY JR","2026","H","TX","31","17","http://docquery.fec.gov/cgi-bin/fecimg/?202602199834764485","","STEVE DOWELL FOR CONGRESS","20 BLACKJACK CIR","","BELTON","TX","76513","2026-01-05","$1,650.00","ADVERTISEMENT - MAGAZINE - SUN RAYS MAGAZINE","","","004","Advertising Expenses ","SB17.4383",""
"C00916551","STEVE DOWELL FOR CONGRESS","H6TX31128","DOWELL, STEVEN CLAY JR","2026","H","TX","31","17","http://docquery.fec.gov/cgi-bin/fecimg/?202602199834764486","","STEVE DOWELL FOR CONGRESS","20 BLACKJACK CIR","","BELTON","TX","76513","2026-01-14","$1,541.47","CAMPAIGN POSTCARDS - VISTAPRINT","","","006","Campaign Materials","SB17.4387",""
"C00916551","STEVE DOWELL FOR CONGRESS","H6TX31128","DOWELL, STEVEN CLAY JR","2026","H","TX","31","17","http://docquery.fec.gov/cgi-bin/fecimg/?202602199834764486","","STEVE DOWELL FOR CONGRESS","20 BLACKJACK CIR","","BELTON","TX","76513","2026-02-02","$1,201.57","ADVERTISEMENT - YARD SIGNS - CUSTOM SIGNS BELTON","","","004","Advertising Expenses ","SB17.4386",""
"C00916551","STEVE DOWELL FOR CONGRESS","H6TX31128","DOWELL, STEVEN CLAY JR","2026","H","TX","31","17","http://docquery.fec.gov/cgi-bin/fecimg/?202602199834764486","","STEVE DOWELL FOR CONGRESS","20 BLACKJACK CIR","","BELTON","TX","76513","2026-02-02","$316.68","FUNDRAISER - BOLD REPUBLIC BREWING","","","007","Campaign Event Expenses","SB17.4389",""
"C00916551","STEVE DOWELL FOR CONGRESS","H6TX31128","DOWELL, STEVEN CLAY JR","2026","H","TX","31","17","http://docquery.fec.gov/cgi-bin/fecimg/?202602199834764487","","STEVE DOWELL FOR CONGRESS","20 BLACKJACK CIR","","BELTON","TX","76513","2026-02-09","$400.00","ADVERTISEMENT - NEWSPAPER - HIGHLANDER BURNET BULLETIN","","","004","Advertising Expenses ","SB17.4384",""
"C00916551","STEVE DOWELL FOR CONGRESS","H6TX31128","DOWELL, STEVEN CLAY JR","2026","H","TX","31","17","http://docquery.fec.gov/cgi-bin/fecimg/?202602199834764487","","STEVE DOWELL FOR CONGRESS","20 BLACKJACK CIR","","BELTON","TX","76513","2026-02-09","$94.80","FOOD - SOUTHSIDE TAVERN, THE FEED MILL, DEAD FISH GRILL, BOLD REPUBLICAN BREWING","","","007","Campaign Event Expenses","SB17.4388",""
"C00916551","STEVE DOWELL FOR CONGRESS","H6TX31128","DOWELL, STEVEN CLAY JR","2026","H","TX","31","17","http://docquery.fec.gov/cgi-bin/fecimg/?202602199834764487","","STEVE DOWELL FOR CONGRESS","20 BLACKJACK CIR","","BELTON","TX","76513","2026-02-11","$7,013.75","ADVERTISEMENT - BILLBOARDS - LAMAR","","","004","Advertising Expenses ","SB17.4382",""
"C00916551","STEVE DOWELL FOR CONGRESS","H6TX31128","DOWELL, STEVEN CLAY JR","2026","H","TX","31","17","http://docquery.fec.gov/cgi-bin/fecimg/?202602199834764488","","STEVE DOWELL FOR CONGRESS","20 BLACKJACK CIR","","BELTON","TX","76513","2026-02-11","$501.64","ADVERTISEMENT - ONLINE - FACEBOOK, LIBERTY HILL INDEPENDENT","","","004","Advertising Expenses ","SB17.4385",""
"C00863621","WHITLOW FOR CONGRESS","H4TX31081","WHITLOW, STUART NORMAN MR.","2026","H","TX","31","17","http://docquery.fec.gov/cgi-bin/fecimg/?202602199834791149","","HARRIS, GABRIELLE","1100 LAZY LANE","","MCKINNEY","TX","75072","2026-02-03","$1,000.00","SOCIAL MEDIA SERVICES","","","001","Administrative/Salary/Overhead Expenses ","SB17.6791",""
"C00863621","WHITLOW FOR CONGRESS","H4TX31081","WHITLOW, STUART NORMAN MR.","2026","H","TX","31","17","http://docquery.fec.gov/cgi-bin/fecimg/?202602199834791149","","HILDNER, JONATHAN","205B N GRAY ST","","KILEEN","TX","76541","2026-02-02","$5,000.00","POLITICAL CONSULTING SERVICES","","","001","Administrative/Salary/Overhead Expenses ","SB17.6789",""
"C00898239","VALENTINA FOR CONGRESS","H6TX31078","GOMEZ NORIEGA, VALENTINA","2026","H","TX","31","17","http://docquery.fec.gov/cgi-bin/fecimg/?202602199834763722","","AMAZON.COM INC","410 TERRY AVE. NORTH","","SEATTLE","WA","98109","2026-01-02","$314.35","","","","006","Campaign Materials","SB17.5076",""
"C00898239","VALENTINA FOR CONGRESS","H6TX31078","GOMEZ NORIEGA, VALENTINA","2026","H","TX","31","17","http://docquery.fec.gov/cgi-bin/fecimg/?202602199834763723","","AMAZON.COM INC","410 TERRY AVE. NORTH","","SEATTLE","WA","98109","2026-01-09","$384.16","ENVELOPES","","","006","Campaign Materials","SB17.5090",""
"C00898239","VALENTINA FOR CONGRESS","H6TX31078","GOMEZ NORIEGA, VALENTINA","2026","H","TX","31","17","http://docquery.fec.gov/cgi-bin/fecimg/?202602199834763723","","AMAZON.COM INC","410 TERRY AVE. NORTH","","SEATTLE","WA","98109","2026-01-12","$867.11","MAILERS","","","004","Advertising Expenses ","SB17.5091",""
"C00898239","VALENTINA FOR CONGRESS","H6TX31078","GOMEZ NORIEGA, VALENTINA","2026","H","TX","31","17","http://docquery.fec.gov/cgi-bin/fecimg/?202602199834763723","","AMAZON.COM INC","410 TERRY AVE. NORTH","","SEATTLE","WA","98109","2026-01-15","$421.08","TONER","","","001","Administrative/Salary/Overhead Expenses ","SB17.5097",""
"C00898239","VALENTINA FOR CONGRESS","H6TX31078","GOMEZ NORIEGA, VALENTINA","2026","H","TX","31","17","http://docquery.fec.gov/cgi-bin/fecimg/?202602199834763724","","AMAZON.COM INC","410 TERRY AVE. NORTH","","SEATTLE","WA","98109","2026-01-15","$230.81","MAILERS","","","004","Advertising Expenses ","SB17.5098",""
"C00863621","WHITLOW FOR CONGRESS","H4TX31081","WHITLOW, STUART NORMAN MR.","2026","H","TX","31","17","http://docquery.fec.gov/cgi-bin/fecimg/?202602199834791145","","ACTBLUE TECHNICAL SERVICES","P.O. BOX 441146","","SOMERVILLE","MA","02144","2026-01-18","$114.32","CREDIT CARD PROCESSING FEE","","","003","Solicitation and Fundraising Expenses ","SB17.6880",""
"C00863621","WHITLOW FOR CONGRESS","H4TX31081","WHITLOW, STUART NORMAN MR.","2026","H","TX","31","17","http://docquery.fec.gov/cgi-bin/fecimg/?202602199834791146","","ACTBLUE TECHNICAL SERVICES","P.O. BOX 441146","","SOMERVILLE","MA","02144","2026-01-25","$25.45","CREDIT CARD PROCESSING FEE","","","003","Solicitation and Fundraising Expenses ","SB17.6881",""
"C00863621","WHITLOW FOR CONGRESS","H4TX31081","WHITLOW, STUART NORMAN MR.","2026","H","TX","31","17","http://docquery.fec.gov/cgi-bin/fecimg/?202602199834791146","","ACTBLUE TECHNICAL SERVICES","P.O. BOX 441146","","SOMERVILLE","MA","02144","2026-02-01","$25.84","CREDIT CARD PROCESSING FEE","","","003","Solicitation and Fundraising Expenses ","SB17.6943",""
"C00863621","WHITLOW FOR CONGRESS","H4TX31081","WHITLOW, STUART NORMAN MR.","2026","H","TX","31","17","http://docquery.fec.gov/cgi-bin/fecimg/?202602199834791146","","ACTBLUE TECHNICAL SERVICES","P.O. BOX 441146","","SOMERVILLE","MA","02144","2026-02-08","$66.79","CREDIT CARD PROCESSING FEE","","","003","Solicitation and Fundraising Expenses ","SB17.6944",""
"C00863621","WHITLOW FOR CONGRESS","H4TX31081","WHITLOW, STUART NORMAN MR.","2026","H","TX","31","17","http://docquery.fec.gov/cgi-bin/fecimg/?202602199834791147","","ACTBLUE TECHNICAL SERVICES","P.O. BOX 441146","","SOMERVILLE","MA","02144","2026-02-11","$7.91","CREDIT CARD PROCESSING FEE","","","003","Solicitation and Fundraising Expenses ","SB17.6976",""
"C00928614","OFFER VINCE SHAMWOW SHLOMI FOR CONGRESS","H6TX31151","SHLOMI, OFFER VINCE","2026","H","TX","31","17","http://docquery.fec.gov/cgi-bin/fecimg/?202602199834760920","","FIRST RESOURCE BANK","7449 VILLAGE DR","","LINO LAKES","MN","550141181","2026-02-10","$17.00","BANK FEES","","","001","Administrative/Salary/Overhead Expenses ","B707AF66D89DB4A7B9A1",""
"C00928614","OFFER VINCE SHAMWOW SHLOMI FOR CONGRESS","H6TX31151","SHLOMI, OFFER VINCE","2026","H","TX","31","17","http://docquery.fec.gov/cgi-bin/fecimg/?202602199834760920","","FIRST RESOURCE BANK","7449 VILLAGE DR","","LINO LAKES","MN","550141181","2026-02-11","$17.00","BANK FEES","","","001","Administrative/Salary/Overhead Expenses ","B907C70D9BC0F4B6FA90",""
"C00925834","DR. DAVID BERRY FOR CONGRESS","H6TX31144","BERRY, DAVID LEE DR.","2026","H","TX","31","19A","http://docquery.fec.gov/cgi-bin/fecimg/?202602199834770709","H6TX31144","BERRY, DAVID LEE DR.","PO BOX 160","","SPICEWOOD","TX","78669","2026-02-05","$100.00","LOAN REPAYMENT","","","","","SB19A.4173",""
"C00925834","DR. DAVID BERRY FOR CONGRESS","H6TX31144","BERRY, DAVID LEE DR.","2026","H","TX","31","19A","http://docquery.fec.gov/cgi-bin/fecimg/?202602199834770709","H6TX31144","BERRY, DAVID LEE DR.","PO BOX 160","","SPICEWOOD","TX","78669","2026-02-05","$4,392.79","LOAN REPAYMENT","","","","","SB19A.4174",""
"C00925834","DR. DAVID BERRY FOR CONGRESS","H6TX31144","BERRY, DAVID LEE DR.","2026","H","TX","31","20A","http://docquery.fec.gov/cgi-bin/fecimg/?202602199834770710","","ALLEN, JACK","PO BOX 341214","","AUSTIN","TX","78734","2026-01-20","$500.00","CONTRIBUTION REFUND","","","","","SB20A.4165",""
"C00925834","DR. DAVID BERRY FOR CONGRESS","H6TX31144","BERRY, DAVID LEE DR.","2026","H","TX","31","20A","http://docquery.fec.gov/cgi-bin/fecimg/?202602199834770710","","BERRY, JAMES","4120 HAWTHORNE AVE","","DALLAS","TX","75219","2026-01-06","$3,500.00","CONTRIBUTION REFUND","","","","","SB20A.4168",""
"C00925834","DR. DAVID BERRY FOR CONGRESS","H6TX31144","BERRY, DAVID LEE DR.","2026","H","TX","31","20A","http://docquery.fec.gov/cgi-bin/fecimg/?202602199834770710","","BROWN, ROSEMARY","1008 SWALLOW DR","","MANCHACA","TX","78652","2026-01-09","$300.00","CONTRIBUTION REFUND","","","","","SB20A.4169",""
"C00925834","DR. DAVID BERRY FOR CONGRESS","H6TX31144","BERRY, DAVID LEE DR.","2026","H","TX","31","20A","http://docquery.fec.gov/cgi-bin/fecimg/?202602199834770711","","KELLER, ERIC","13410 WISTERWOOD ST","","AUSTIN","TX","78729","2026-01-02","$2,000.00","CONTRIBUTION REFUND","","","","","SB20A.4164",""
"C00925834","DR. DAVID BERRY FOR CONGRESS","H6TX31144","BERRY, DAVID LEE DR.","2026","H","TX","31","20A","http://docquery.fec.gov/cgi-bin/fecimg/?202602199834770711","","STEWART, JASON","112 MAGDALENE WAY","","LIBERTY HILL","TX","78642","2026-01-02","$250.00","CONTRIBUTION REFUND","","","","","SB20A.4160",""
"C00925834","DR. DAVID BERRY FOR CONGRESS","H6TX31144","BERRY, DAVID LEE DR.","2026","H","TX","31","20A","http://docquery.fec.gov/cgi-bin/fecimg/?202602199834770711","","STEWART, ROBIN","112 MAGDALENE WAY","","LIBERTY HILL","TX","78642","2026-01-02","$250.00","CONTRIBUTION REFUND","","","","","SB20A.4161",""
"C00925834","DR. DAVID BERRY FOR CONGRESS","H6TX31144","BERRY, DAVID LEE DR.","2026","H","TX","31","20A","http://docquery.fec.gov/cgi-bin/fecimg/?202602199834770712","","TELLE, ELDA","17730 W REED PARK RD.","","JONESTOWN","TX","78645","2026-01-02","$500.00","CONTRIBUTION REFUND","","","","","SB20A.4167",""
"C00925834","DR. DAVID BERRY FOR CONGRESS","H6TX31144","BERRY, DAVID LEE DR.","2026","H","TX","31","20A","http://docquery.fec.gov/cgi-bin/fecimg/?202602199834770712","","TOLER, SHARON","505 LITTLE ROAD","","JARRELL","TX","76537","2026-01-02","$3,500.00","CONTRIBUTION REFUND","","","","","SB20A.4163",""
"C00863621","WHITLOW FOR CONGRESS","H4TX31081","WHITLOW, STUART NORMAN MR.","2026","H","TX","31","17","http://docquery.fec.gov/cgi-bin/fecimg/?202602199834791145","","ACTBLUE TECHNICAL SERVICES","P.O. BOX 441146","","SOMERVILLE","MA","02144","2026-01-04","$5.94","CREDIT CARD PROCESSING FEE","","","003","Solicitation and Fundraising Expenses ","SB17.6836",""
"C00863621","WHITLOW FOR CONGRESS","H4TX31081","WHITLOW, STUART NORMAN MR.","2026","H","TX","31","17","http://docquery.fec.gov/cgi-bin/fecimg/?202602199834791145","","ACTBLUE TECHNICAL SERVICES","P.O. BOX 441146","","SOMERVILLE","MA","02144","2026-01-11","$6.07","CREDIT CARD PROCESSING FEE","","","003","Solicitation and Fundraising Expenses ","SB17.6849",""
"C00907329","JUSTIN EARLY FOR CONGRESS","H6TX31094","EARLY, JUSTIN","2026","H","TX","31","17","http://docquery.fec.gov/cgi-bin/fecimg/?202602199834816209","","ACTBLUE TECHNICAL SERVICES","P.O. BOX 441146","","SOMERVILLE","MA","02144","2026-01-02","$5.34","CONTRIBUTION PROCESSING FEES","","","001","Administrative/Salary/Overhead Expenses ","B-402",""
"C00907329","JUSTIN EARLY FOR CONGRESS","H6TX31094","EARLY, JUSTIN","2026","H","TX","31","17","http://docquery.fec.gov/cgi-bin/fecimg/?202602199834816209","","ACTBLUE TECHNICAL SERVICES","P.O. BOX 441146","","SOMERVILLE","MA","02144","2026-01-02","$.40","CONTRIBUTION PROCESSING FEES","","","001","Administrative/Salary/Overhead Expenses ","B-438",""
"C00907329","JUSTIN EARLY FOR CONGRESS","H6TX31094","EARLY, JUSTIN","2026","H","TX","31","17","http://docquery.fec.gov/cgi-bin/fecimg/?202602199834816209","","INTEGRATED SOLUTIONS: POLITICAL","4142 ADAMS AVENUE","SUITE 103-550","SAN DIEGO","CA","92116","2026-01-05","$450.00","COMPLIANCE SOFTWARE","","","001","Administrative/Salary/Overhead Expenses ","B-643",""
"C00907329","JUSTIN EARLY FOR CONGRESS","H6TX31094","EARLY, JUSTIN","2026","H","TX","31","17","http://docquery.fec.gov/cgi-bin/fecimg/?202602199834816210","","SUNRISE POLITICAL SOLUTIONS, INC","PO BOX 1004","","LA MESA","CA","91944","2026-01-09","$375.00","COMPLIANCE SERVICES","","","001","Administrative/Salary/Overhead Expenses ","B-645",""
"C00907329","JUSTIN EARLY FOR CONGRESS","H6TX31094","EARLY, JUSTIN","2026","H","TX","31","17","http://docquery.fec.gov/cgi-bin/fecimg/?202602199834816210","","ACTBLUE TECHNICAL SERVICES","P.O. BOX 441146","","SOMERVILLE","MA","02144","2026-01-11","$31.26","CONTRIBUTION PROCESSING FEES","","","001","Administrative/Salary/Overhead Expenses ","B-634",""
"C00907329","JUSTIN EARLY FOR CONGRESS","H6TX31094","EARLY, JUSTIN","2026","H","TX","31","17","http://docquery.fec.gov/cgi-bin/fecimg/?202602199834816210","","FLIPPIN, KENNETH","215 BRANCH STREET","","TAYLOR","TX","76574","2026-01-14","$1,250.00","CONSULTING FEES","","","001","Administrative/Salary/Overhead Expenses ","B-646",""
"C00907329","JUSTIN EARLY FOR CONGRESS","H6TX31094","EARLY, JUSTIN","2026","H","TX","31","17","http://docquery.fec.gov/cgi-bin/fecimg/?202602199834816211","","AMERICAN PRINTING AND MAILING","1606 HEADWAY CIRCLE","","AUSTIN","TX","78754","2026-01-16","$822.64","PRINTING","","","006","Campaign Materials","B-547",""
"C00907329","JUSTIN EARLY FOR CONGRESS","H6TX31094","EARLY, JUSTIN","2026","H","TX","31","17","http://docquery.fec.gov/cgi-bin/fecimg/?202602199834816211","","ACTBLUE TECHNICAL SERVICES","P.O. BOX 441146","","SOMERVILLE","MA","02144","2026-01-18","$3.95","CONTRIBUTION PROCESSING FEES","","","001","Administrative/Salary/Overhead Expenses ","B-636",""
"C00907329","JUSTIN EARLY FOR CONGRESS","H6TX31094","EARLY, JUSTIN","2026","H","TX","31","17","http://docquery.fec.gov/cgi-bin/fecimg/?202602199834816211","","EVERYACTION INC","750 17TH STREET NORTHWEST","3RD FLOOR","WASHINGTON","DC","20006","2026-01-21","$3,223.32","FUNDRAISING SOFTWARE","","","001","Administrative/Salary/Overhead Expenses ","B-647",""
"C00907329","JUSTIN EARLY FOR CONGRESS","H6TX31094","EARLY, JUSTIN","2026","H","TX","31","17","http://docquery.fec.gov/cgi-bin/fecimg/?202602199834816212","","AMERICAN PRINTING AND MAILING","1606 HEADWAY CIRCLE","","AUSTIN","TX","78754","2026-01-22","$6,973.84","PRINTING","","","006","Campaign Materials","B-596",""
"C00907329","JUSTIN EARLY FOR CONGRESS","H6TX31094","EARLY, JUSTIN","2026","H","TX","31","17","http://docquery.fec.gov/cgi-bin/fecimg/?202602199834816212","","ACTBLUE TECHNICAL SERVICES","P.O. BOX 441146","","SOMERVILLE","MA","02144","2026-01-25","$8.39","CONTRIBUTION PROCESSING FEES","","","001","Administrative/Salary/Overhead Expenses ","B-638",""
"C00907329","JUSTIN EARLY FOR CONGRESS","H6TX31094","EARLY, JUSTIN","2026","H","TX","31","17","http://docquery.fec.gov/cgi-bin/fecimg/?202602199834816212","","AMERICAN PRINTING AND MAILING","1606 HEADWAY CIRCLE","","AUSTIN","TX","78754","2026-01-30","$323.97","PRINTING","","","006","Campaign Materials","B-605",""
"C00907329","JUSTIN EARLY FOR CONGRESS","H6TX31094","EARLY, JUSTIN","2026","H","TX","31","17","http://docquery.fec.gov/cgi-bin/fecimg/?202602199834816213","","AMERICAN PRINTING AND MAILING","1606 HEADWAY CIRCLE","","AUSTIN","TX","78754","2026-01-30","$1,546.77","PRINTING","","","006","Campaign Materials","B-606",""
"C00898239","VALENTINA FOR CONGRESS","H6TX31078","GOMEZ NORIEGA, VALENTINA","2026","H","TX","31","17","http://docquery.fec.gov/cgi-bin/fecimg/?202602199834763722","","AIRBNB","888 BRANNAN STREET","","SAN FRANCISCO","CA","94103","2026-02-11","$287.55","LODGING","","","002","Travel Expenses","SB17.5124",""
"C00907329","JUSTIN EARLY FOR CONGRESS","H6TX31094","EARLY, JUSTIN","2026","H","TX","31","17","http://docquery.fec.gov/cgi-bin/fecimg/?202602199834816213","","ACTBLUE TECHNICAL SERVICES","P.O. BOX 441146","","SOMERVILLE","MA","02144","2026-02-01","$51.17","CONTRIBUTION PROCESSING FEES","","","001","Administrative/Salary/Overhead Expenses ","B-640",""
"C00907329","JUSTIN EARLY FOR CONGRESS","H6TX31094","EARLY, JUSTIN","2026","H","TX","31","17","http://docquery.fec.gov/cgi-bin/fecimg/?202602199834816214","","SUNRISE POLITICAL SOLUTIONS, INC","PO BOX 1004","","LA MESA","CA","91944","2026-02-02","$742.50","COMPLIANCE SERVICES","","","001","Administrative/Salary/Overhead Expenses ","B-676",""
"C00907329","JUSTIN EARLY FOR CONGRESS","H6TX31094","EARLY, JUSTIN","2026","H","TX","31","17","http://docquery.fec.gov/cgi-bin/fecimg/?202602199834816214","","INTEGRATED SOLUTIONS: POLITICAL","4142 ADAMS AVENUE","SUITE 103-550","SAN DIEGO","CA","92116","2026-02-03","$450.00","COMPLIANCE SOFTWARE","","","001","Administrative/Salary/Overhead Expenses ","B-644",""
"C00907329","JUSTIN EARLY FOR CONGRESS","H6TX31094","EARLY, JUSTIN","2026","H","TX","31","17","http://docquery.fec.gov/cgi-bin/fecimg/?202602199834816214","","ACTBLUE TECHNICAL SERVICES","P.O. BOX 441146","","SOMERVILLE","MA","02144","2026-02-08","$47.48","CONTRIBUTION PROCESSING FEES","","","001","Administrative/Salary/Overhead Expenses ","B-642",""
"C00907329","JUSTIN EARLY FOR CONGRESS","H6TX31094","EARLY, JUSTIN","2026","H","TX","31","17","http://docquery.fec.gov/cgi-bin/fecimg/?202602199834816215","","ACTBLUE TECHNICAL SERVICES","P.O. BOX 441146","","SOMERVILLE","MA","02144","2026-02-11","$22.54","CONTRIBUTION PROCESSING FEES","","","001","Administrative/Salary/Overhead Expenses ","B-672",""
"C00898353","RAYMOND HAMDEN FOR CONGRESS","H6TX31086","HAMDEN, RAYMOND H II","2026","H","TX","31","17","http://docquery.fec.gov/cgi-bin/fecimg/?202602209834829888","","CENTRAL TEXAS REPUBLICAN WOMEN PAC","PO BOX 24","","BELTON","TX","76513","2026-01-28","$1,000.00","CHECK","","","011","Political Contributions","SB17.4131",""
"C00898353","RAYMOND HAMDEN FOR CONGRESS","H6TX31086","HAMDEN, RAYMOND H II","2026","H","TX","31","17","http://docquery.fec.gov/cgi-bin/fecimg/?202602209834829888","","FACEBOOK","UNKNOWN","","WILMINGTON","DE","19801","2026-02-18","$89.60","ACH","","","004","Advertising Expenses ","SB17.4127",""
"C00898353","RAYMOND HAMDEN FOR CONGRESS","H6TX31086","HAMDEN, RAYMOND H II","2026","H","TX","31","17","http://docquery.fec.gov/cgi-bin/fecimg/?202602209834829888","","INEEDMYBANNER.COM","UNKNOWN","","HOLLAND","TX","76513","2026-02-07","$299.55","","","","006","Campaign Materials","SB17.4142",""
"C00898353","RAYMOND HAMDEN FOR CONGRESS","H6TX31086","HAMDEN, RAYMOND H II","2026","H","TX","31","17","http://docquery.fec.gov/cgi-bin/fecimg/?202602209834829889","","TRACTOR SUPPLY","620 W US HIGHWAY 190","","BELTON","TX","76513","2026-01-15","$259.28","","","","004","Advertising Expenses ","SB17.4139",""
"C00898353","RAYMOND HAMDEN FOR CONGRESS","H6TX31086","HAMDEN, RAYMOND H II","2026","H","TX","31","17","http://docquery.fec.gov/cgi-bin/fecimg/?202602209834829889","","TRACTOR SUPPLY","620 W US HIGHWAY 190","","BELTON","TX","76513","2026-01-31","$432.13","POS","","","004","Advertising Expenses ","SB17.4133",""
"C00928614","OFFER VINCE SHAMWOW SHLOMI FOR CONGRESS","H6TX31151","SHLOMI, OFFER VINCE","2026","H","TX","31","17","http://docquery.fec.gov/cgi-bin/fecimg/?202602199834760920","","FIRST RESOURCE BANK","7449 VILLAGE DR","","LINO LAKES","MN","550141181","2026-02-11","$17.00","BANK FEES","","","001","Administrative/Salary/Overhead Expenses ","BB4727E1B7EE742EDA0B",""
"C00928614","OFFER VINCE SHAMWOW SHLOMI FOR CONGRESS","H6TX31151","SHLOMI, OFFER VINCE","2026","H","TX","31","17","http://docquery.fec.gov/cgi-bin/fecimg/?202602199834760921","","POLITICAL COMMUNICATIONS ADVERTISING","11 E 44TH ST","RM 301","NEW YORK","NY","100170065","2026-01-28","$46,336.13","DIGITAL ADVERTISING","","","001","Administrative/Salary/Overhead Expenses ","B96FAA6AD7BF94180A16",""
"C00928614","OFFER VINCE SHAMWOW SHLOMI FOR CONGRESS","H6TX31151","SHLOMI, OFFER VINCE","2026","H","TX","31","17","http://docquery.fec.gov/cgi-bin/fecimg/?202602199834760921","","POLITICAL COMMUNICATIONS ADVERTISING","11 E 44TH ST","RM 301","NEW YORK","NY","100170065","2026-02-05","$28,366.34","DIGITAL ADVERTISING","","","001","Administrative/Salary/Overhead Expenses ","B56ADE0F1C2A44824912",""
"C00928614","OFFER VINCE SHAMWOW SHLOMI FOR CONGRESS","H6TX31151","SHLOMI, OFFER VINCE","2026","H","TX","31","17","http://docquery.fec.gov/cgi-bin/fecimg/?202602199834760921","","POLITICAL COMMUNICATIONS ADVERTISING","11 E 44TH ST","RM 301","NEW YORK","NY","100170065","2026-02-11","$53,572.16","DIGITAL ADVERTISING","","","001","Administrative/Salary/Overhead Expenses ","B1E86707B1B254180B15",""
"C00928614","OFFER VINCE SHAMWOW SHLOMI FOR CONGRESS","H6TX31151","SHLOMI, OFFER VINCE","2026","H","TX","31","17","http://docquery.fec.gov/cgi-bin/fecimg/?202602199834760922","","PROJO1 LLC","568 SIERRA MORENA ST","","LAS VEGAS","NV","891444511","2026-01-28","$4,100.00","CAMPAIGN CONSULTING","","","001","Administrative/Salary/Overhead Expenses ","B666478E38C23431FA16",""
"C00928614","OFFER VINCE SHAMWOW SHLOMI FOR CONGRESS","H6TX31151","SHLOMI, OFFER VINCE","2026","H","TX","31","17","http://docquery.fec.gov/cgi-bin/fecimg/?202602199834760926","","SHLOMI, OFFER VINCE","1680 MICHIGAN AVE SUITE 700","","MIAMI BEACH","FL","33139","2026-01-15","$1,000.00","IN-KIND:PROJO1 LLC","","","","","B974A52FEF491428EBC9",""
"C00928614","OFFER VINCE SHAMWOW SHLOMI FOR CONGRESS","H6TX31151","SHLOMI, OFFER VINCE","2026","H","TX","31","17","http://docquery.fec.gov/cgi-bin/fecimg/?202602199834760927","","WILLIAMS, KYLE","810 FLOWER ST","STE 314","LOS ANGELES","CA","900174638","2026-01-17","$1,750.00","CAMPAIGN CONSULTING","","","001","Administrative/Salary/Overhead Expenses ","BAA2F38D899794AF0948",""
"C00928614","OFFER VINCE SHAMWOW SHLOMI FOR CONGRESS","H6TX31151","SHLOMI, OFFER VINCE","2026","H","TX","31","17","http://docquery.fec.gov/cgi-bin/fecimg/?202602199834760927","","WILLIAMS, KYLE","810 FLOWER ST","STE 314","LOS ANGELES","CA","900174638","2026-01-21","$250.00","CAMPAIGN CONSULTING","","","001","Administrative/Salary/Overhead Expenses ","BFE541C642E7946B3B8F",""
"C00925834","DR. DAVID BERRY FOR CONGRESS","H6TX31144","BERRY, DAVID LEE DR.","2026","H","TX","31","17","http://docquery.fec.gov/cgi-bin/fecimg/?202602199834770708","","BERRY, DAVID LEE DR.","PO BOX 160","","SPICEWOOD","TX","78669","2026-02-06","$700.00","IN-KIND - COMPLIANCE SERVICES","","","","","SB17.4176",""
"C00925834","DR. DAVID BERRY FOR CONGRESS","H6TX31144","BERRY, DAVID LEE DR.","2026","H","TX","31","17","http://docquery.fec.gov/cgi-bin/fecimg/?202602199834770708","","PAC MANAGEMENT SERVICES LLC","10521 JUDICIAL DR","STE 200A","FAIRFAX","VA","22030","2026-02-06","$700.00","CANDIDATE IN-KIND: COMPLIANCE SERVICES","X","","","","SB17.4177",""
"C00898239","VALENTINA FOR CONGRESS","H6TX31078","GOMEZ NORIEGA, VALENTINA","2026","H","TX","31","17","http://docquery.fec.gov/cgi-bin/fecimg/?202602199834763724","","AMAZON.COM INC","410 TERRY AVE. NORTH","","SEATTLE","WA","98109","2026-01-20","$1,331.12","MAILERS","","","004","Advertising Expenses ","SB17.5099",""
"C00898239","VALENTINA FOR CONGRESS","H6TX31078","GOMEZ NORIEGA, VALENTINA","2026","H","TX","31","17","http://docquery.fec.gov/cgi-bin/fecimg/?202602199834763724","","APPLE INC","12545 RIATA VISTA CIR","","AUSTIN","TX","78727","2026-02-09","$648.42","PHONE","","","001","Administrative/Salary/Overhead Expenses ","SB17.5118",""
"C00898239","VALENTINA FOR CONGRESS","H6TX31078","GOMEZ NORIEGA, VALENTINA","2026","H","TX","31","17","http://docquery.fec.gov/cgi-bin/fecimg/?202602199834763725","","COSTCO WHOLESALE","2201 N. I-35","","GEORGETOWN","TX","78626","2026-01-09","$272.80","","","","007","Campaign Event Expenses","SB17.5088",""
"C00898239","VALENTINA FOR CONGRESS","H6TX31078","GOMEZ NORIEGA, VALENTINA","2026","H","TX","31","17","http://docquery.fec.gov/cgi-bin/fecimg/?202602199834763720","","360ONLINEPRINT","3500 SOUTH DUPONT HIGHWAY","","DOVER","DE","19901","2026-01-05","$420.29","MAILERS","","","004","Advertising Expenses ","SB17.5080",""
"C00898239","VALENTINA FOR CONGRESS","H6TX31078","GOMEZ NORIEGA, VALENTINA","2026","H","TX","31","17","http://docquery.fec.gov/cgi-bin/fecimg/?202602199834763720","","360ONLINEPRINT","3500 SOUTH DUPONT HIGHWAY","","DOVER","DE","19901","2026-01-08","$417.73","MAILERS","","","006","Campaign Materials","SB17.5086",""
"C00898239","VALENTINA FOR CONGRESS","H6TX31078","GOMEZ NORIEGA, VALENTINA","2026","H","TX","31","17","http://docquery.fec.gov/cgi-bin/fecimg/?202602199834763720","","360ONLINEPRINT","3500 SOUTH DUPONT HIGHWAY","","DOVER","DE","19901","2026-01-13","$420.29","","","","006","Campaign Materials","SB17.5094",""
"C00898239","VALENTINA FOR CONGRESS","H6TX31078","GOMEZ NORIEGA, VALENTINA","2026","H","TX","31","17","http://docquery.fec.gov/cgi-bin/fecimg/?202602199834763721","","360ONLINEPRINT","3500 SOUTH DUPONT HIGHWAY","","DOVER","DE","19901","2026-01-21","$779.34","MAILERS","","","004","Advertising Expenses ","SB17.5107",""
"C00863621","WHITLOW FOR CONGRESS","H4TX31081","WHITLOW, STUART NORMAN MR.","2026","H","TX","31","17","http://docquery.fec.gov/cgi-bin/fecimg/?202602199834791152","","THE POLITICAL GROUP","P.O. BOX 29693","","SAN ANTONIO","TX","78229","2026-01-27","$6,921.34","PHONE BANKING SERVICES","","","004","Advertising Expenses ","SB17.6783",""
"C00863621","WHITLOW FOR CONGRESS","H4TX31081","WHITLOW, STUART NORMAN MR.","2026","H","TX","31","19A","http://docquery.fec.gov/cgi-bin/fecimg/?202602199834791153","H4TX31081","WHITLOW, STUART NORMAN","910 QUEST PKWY.","APT. 6113","CEDAR PARK","TX","78613","2026-01-31","$2.15","LOAN REPAYMENT","","","","","SB19A.6802",""
"C00863621","WHITLOW FOR CONGRESS","H4TX31081","WHITLOW, STUART NORMAN MR.","2026","H","TX","31","19A","http://docquery.fec.gov/cgi-bin/fecimg/?202602199834791153","H4TX31081","WHITLOW, STUART NORMAN","910 QUEST PKWY.","APT. 6113","CEDAR PARK","TX","78613","2026-02-02","$5.40","LOAN REPAYMENT","","","","","SB19A.6803",""
"C00863621","WHITLOW FOR CONGRESS","H4TX31081","WHITLOW, STUART NORMAN MR.","2026","H","TX","31","19A","http://docquery.fec.gov/cgi-bin/fecimg/?202602199834791153","H4TX31081","WHITLOW, STUART NORMAN","910 QUEST PKWY.","APT. 6113","CEDAR PARK","TX","78613","2026-02-03","$14.06","LOAN REPAYMENT","","","","","SB19A.6804",""
"C00863621","WHITLOW FOR CONGRESS","H4TX31081","WHITLOW, STUART NORMAN MR.","2026","H","TX","31","19A","http://docquery.fec.gov/cgi-bin/fecimg/?202602199834791154","H4TX31081","WHITLOW, STUART NORMAN","910 QUEST PKWY.","APT. 6113","CEDAR PARK","TX","78613","2026-02-05","$101.00","","","","","","SB19A.6966",""
"C00863621","WHITLOW FOR CONGRESS","H4TX31081","WHITLOW, STUART NORMAN MR.","2026","H","TX","31","19A","http://docquery.fec.gov/cgi-bin/fecimg/?202602199834791154","H4TX31081","WHITLOW, STUART NORMAN","910 QUEST PKWY.","APT. 6113","CEDAR PARK","TX","78613","2026-02-11","$.99","LOAN REPAYMENT","","","","","SB19A.6805",""
"C00898239","VALENTINA FOR CONGRESS","H6TX31078","GOMEZ NORIEGA, VALENTINA","2026","H","TX","31","17","http://docquery.fec.gov/cgi-bin/fecimg/?202602199834763725","","CREEPY GOAT GRAPHICS","1309 LEANDER DR #302","","LEANDER","TX","78641","2026-01-13","$893.06","SIGNS","","","004","Advertising Expenses ","SB17.5095",""
"C00898239","VALENTINA FOR CONGRESS","H6TX31078","GOMEZ NORIEGA, VALENTINA","2026","H","TX","31","17","http://docquery.fec.gov/cgi-bin/fecimg/?202602199834763725","","CREEPY GOAT GRAPHICS","1309 LEANDER DR #302","","LEANDER","TX","78641","2026-01-23","$1,006.72","SIGNS","","","004","Advertising Expenses ","SB17.5109",""
"C00898239","VALENTINA FOR CONGRESS","H6TX31078","GOMEZ NORIEGA, VALENTINA","2026","H","TX","31","17","http://docquery.fec.gov/cgi-bin/fecimg/?202602199834763726","","GOMEZ, MAICOLL","201 NORTH MAIN STREET #16","","NOLANVILLE","TX","76559","2026-01-06","$9,000.00","CAMPAIGN MANAGER","","","001","Administrative/Salary/Overhead Expenses ","SB17.5084",""
"C00898239","VALENTINA FOR CONGRESS","H6TX31078","GOMEZ NORIEGA, VALENTINA","2026","H","TX","31","17","http://docquery.fec.gov/cgi-bin/fecimg/?202602199834763726","","GOMEZ, MAICOLL","201 NORTH MAIN STREET #16","","NOLANVILLE","TX","76559","2026-01-21","$9,500.00","CAMPAIGN MANAGEMENT","","","001","Administrative/Salary/Overhead Expenses ","SB17.5108",""
"C00898239","VALENTINA FOR CONGRESS","H6TX31078","GOMEZ NORIEGA, VALENTINA","2026","H","TX","31","17","http://docquery.fec.gov/cgi-bin/fecimg/?202602199834763726","","GOMEZ, MAICOLL","201 NORTH MAIN STREET #16","","NOLANVILLE","TX","76559","2026-01-28","$9,500.00","CAMPAIGN MANAGEMENT","","","001","Administrative/Salary/Overhead Expenses ","SB17.5113",""
"C00898239","VALENTINA FOR CONGRESS","H6TX31078","GOMEZ NORIEGA, VALENTINA","2026","H","TX","31","17","http://docquery.fec.gov/cgi-bin/fecimg/?202602199834763727","","SPIRIT AIRLINES","139 SOUTH COMPASS WAY","","DANIA BEACH","FL","33004","2026-02-11","$538.74","","","","002","Travel Expenses","SB17.5125",""
"C00898239","VALENTINA FOR CONGRESS","H6TX31078","GOMEZ NORIEGA, VALENTINA","2026","H","TX","31","17","http://docquery.fec.gov/cgi-bin/fecimg/?202602199834763727","","TURO INC","111 SUTTER STREET FLOOR 12","","SAN FRANCISCO","CA","94104","2026-02-11","$226.51","CAR RENTAL","","","002","Travel Expenses","SB17.5122",""
"C00898239","VALENTINA FOR CONGRESS","H6TX31078","GOMEZ NORIEGA, VALENTINA","2026","H","TX","31","17","http://docquery.fec.gov/cgi-bin/fecimg/?202602199834763727","","WILLIAMSON COUNTY REPUBLICAN PARTY","716 S ROCK ST","","GEORGETOWN","TX","78626","2026-01-13","$370.10","GOLDEN AGE GALA-DIDN'T TRESPASS, PURCHASED TICKETS","","","007","Campaign Event Expenses","SB17.5092",""
"C00898239","VALENTINA FOR CONGRESS","H6TX31078","GOMEZ NORIEGA, VALENTINA","2026","H","TX","31","17","http://docquery.fec.gov/cgi-bin/fecimg/?202602199834763728","","WIX.COM","100 GANSEVOORT STREET","","NEW YORK","NY","10014","2026-01-02","$220.83","ADS","","","004","Advertising Expenses ","SB17.5115",""
"C00898239","VALENTINA FOR CONGRESS","H6TX31078","GOMEZ NORIEGA, VALENTINA","2026","H","TX","31","17","http://docquery.fec.gov/cgi-bin/fecimg/?202602199834763728","","WIX.COM","100 GANSEVOORT STREET","","NEW YORK","NY","10014","2026-01-20","$220.83","","","","004","Advertising Expenses ","SB17.5103",""
"C00898239","VALENTINA FOR CONGRESS","H6TX31078","GOMEZ NORIEGA, VALENTINA","2026","H","TX","31","17","http://docquery.fec.gov/cgi-bin/fecimg/?202602199834763728","","WIX.COM","100 GANSEVOORT STREET","","NEW YORK","NY","10014","2026-01-27","$547.25","ADS","","","004","Advertising Expenses ","SB17.5110",""
"C00863621","WHITLOW FOR CONGRESS","H4TX31081","WHITLOW, STUART NORMAN MR.","2026","H","TX","31","17","http://docquery.fec.gov/cgi-bin/fecimg/?202602199834791149","","KINSCHERFF, RUSSELL","4103 RAMSEY AVENUE","","AUSTIN","TX","78756","2026-02-09","$3,365.40","VIDEO SERVICES","","","001","Administrative/Salary/Overhead Expenses ","SB17.6795",""
"C00863621","WHITLOW FOR CONGRESS","H4TX31081","WHITLOW, STUART NORMAN MR.","2026","H","TX","31","17","http://docquery.fec.gov/cgi-bin/fecimg/?202602199834791150","","NORTH COMPASS POLITICAL LLC","405 WEST GREENLAWN AVE.","SUITE G11#1","LANSING","MI","48910","2026-01-06","$13,500.00","POLITICAL CONSULTING SERVICES","","","001","Administrative/Salary/Overhead Expenses ","SB17.6761",""
"C00863621","WHITLOW FOR CONGRESS","H4TX31081","WHITLOW, STUART NORMAN MR.","2026","H","TX","31","17","http://docquery.fec.gov/cgi-bin/fecimg/?202602199834791150","","NORTH COMPASS POLITICAL LLC","405 WEST GREENLAWN AVE.","SUITE G11#1","LANSING","MI","48910","2026-01-12","$10,000.00","POLITICAL CONSULTING SERVICES","","","001","Administrative/Salary/Overhead Expenses ","SB17.6764",""
"C00863621","WHITLOW FOR CONGRESS","H4TX31081","WHITLOW, STUART NORMAN MR.","2026","H","TX","31","17","http://docquery.fec.gov/cgi-bin/fecimg/?202602199834791150","","NORTH COMPASS POLITICAL LLC","405 WEST GREENLAWN AVE.","SUITE G11#1","LANSING","MI","48910","2026-01-15","$6,200.00","POLITICAL CONSULTING SERVICES","","","001","Administrative/Salary/Overhead Expenses ","SB17.6766",""
"C00863621","WHITLOW FOR CONGRESS","H4TX31081","WHITLOW, STUART NORMAN MR.","2026","H","TX","31","17","http://docquery.fec.gov/cgi-bin/fecimg/?202602199834791151","","NORTH COMPASS POLITICAL LLC","405 WEST GREENLAWN AVE.","SUITE G11#1","LANSING","MI","48910","2026-02-02","$18,121.60","POLITICAL CONSULTING SERVICES","","","001","Administrative/Salary/Overhead Expenses ","SB17.6787",""
"C00863621","WHITLOW FOR CONGRESS","H4TX31081","WHITLOW, STUART NORMAN MR.","2026","H","TX","31","17","http://docquery.fec.gov/cgi-bin/fecimg/?202602199834791151","","NORTH COMPASS POLITICAL LLC","405 WEST GREENLAWN AVE.","SUITE G11#1","LANSING","MI","48910","2026-02-10","$23,304.30","POLITICAL CONSULTING SERVICES","","","001","Administrative/Salary/Overhead Expenses ","SB17.6796",""
"C00863621","WHITLOW FOR CONGRESS","H4TX31081","WHITLOW, STUART NORMAN MR.","2026","H","TX","31","17","http://docquery.fec.gov/cgi-bin/fecimg/?202602199834791151","","RENTSCH BREWERY","2500 NE INNER LOOP","","GEORGETOWN","TX","78626","2026-01-23","$705.38","EVENT SPACE RENTAL","","","007","Campaign Event Expenses","SB17.6780",""
"C00863621","WHITLOW FOR CONGRESS","H4TX31081","WHITLOW, STUART NORMAN MR.","2026","H","TX","31","17","http://docquery.fec.gov/cgi-bin/fecimg/?202602199834791152","","TEXAS AFL-CIO","1106 LAVACA ST.","","AUSTIN","TX","78701","2026-01-18","$750.00","CONVENTION TICKETS","","","004","Advertising Expenses ","SB17.6768",""
"C00863621","WHITLOW FOR CONGRESS","H4TX31081","WHITLOW, STUART NORMAN MR.","2026","H","TX","31","17","http://docquery.fec.gov/cgi-bin/fecimg/?202602199834791152","","TEXAS AFL-CIO","1106 LAVACA ST.","","AUSTIN","TX","78701","2026-01-24","$75.00","CONVENTION EXPENSE","","","004","Advertising Expenses ","SB17.6782",""
"C00907329","JUSTIN EARLY FOR CONGRESS","H6TX31094","EARLY, JUSTIN","2026","H","TX","31","17","http://docquery.fec.gov/cgi-bin/fecimg/?202602199834816213","","AMERICAN PRINTING AND MAILING","1606 HEADWAY CIRCLE","","AUSTIN","TX","78754","2026-01-30","$347.96","PRINTING","","","006","Campaign Materials","B-607",""
"C00916551","STEVE DOWELL FOR CONGRESS","H6TX31128","DOWELL, STEVEN CLAY JR","2026","H","TX","31","17","http://docquery.fec.gov/cgi-bin/fecimg/?202602199834764481","","DOWELL, STEVEN CLAY JR","20 BLACKJACK CIRCLE","","BELTON","TX","76513","2026-01-06","$628.38","IN-KIND - CAMPAIGN DATA - L2 INC","","","","","SB17.4379",""
"C00916551","STEVE DOWELL FOR CONGRESS","H6TX31128","DOWELL, STEVEN CLAY JR","2026","H","TX","31","17","http://docquery.fec.gov/cgi-bin/fecimg/?202602199834764481","","DOWELL, STEVEN CLAY JR","20 BLACKJACK CIRCLE","","BELTON","TX","76513","2026-01-11","$719.38","IN-KIND - CAMPAIGN POSTCARDS - VISTAPRINT","","","","","SB17.4378",""
"C00916551","STEVE DOWELL FOR CONGRESS","H6TX31128","DOWELL, STEVEN CLAY JR","2026","H","TX","31","17","http://docquery.fec.gov/cgi-bin/fecimg/?202602199834764481","","DOWELL, STEVEN CLAY JR","20 BLACKJACK CIRCLE","","BELTON","TX","76513","2026-01-14","$1,000.00","IN-KIND - ADVERTISEMENT - TEMPLE DAILY ADVERTISING","","","","","SB17.4363",""
"C00916551","STEVE DOWELL FOR CONGRESS","H6TX31128","DOWELL, STEVEN CLAY JR","2026","H","TX","31","17","http://docquery.fec.gov/cgi-bin/fecimg/?202602199834764482","","DOWELL, STEVEN CLAY JR","20 BLACKJACK CIRCLE","","BELTON","TX","76513","2026-01-19","$400.00","IN-KIND - ADVERTISEMENT - THE HIGHLANDER BURNET BULLETIN","","","","","SB17.4362",""
"C00916551","STEVE DOWELL FOR CONGRESS","H6TX31128","DOWELL, STEVEN CLAY JR","2026","H","TX","31","17","http://docquery.fec.gov/cgi-bin/fecimg/?202602199834764482","","DOWELL, STEVEN CLAY JR","20 BLACKJACK CIRCLE","","BELTON","TX","76513","2026-01-20","$1,545.00","IN-KIND - ADVERTISEMENT - LAMAR MEDIA","","","","","SB17.4365",""
"C00916551","STEVE DOWELL FOR CONGRESS","H6TX31128","DOWELL, STEVEN CLAY JR","2026","H","TX","31","17","http://docquery.fec.gov/cgi-bin/fecimg/?202602199834764482","","DOWELL, STEVEN CLAY JR","20 BLACKJACK CIRCLE","","BELTON","TX","76513","2026-01-20","$292.28","IN-KIND - CAMPAIGN SIGNS - TROPHIES CUSTOM SIGNS","","","","","SB17.4377",""
"C00916551","STEVE DOWELL FOR CONGRESS","H6TX31128","DOWELL, STEVEN CLAY JR","2026","H","TX","31","17","http://docquery.fec.gov/cgi-bin/fecimg/?202602199834764483","","DOWELL, STEVEN CLAY JR","20 BLACKJACK CIRCLE","","BELTON","TX","76513","2026-01-21","$300.00","IN-KIND - ADVERTISEMENT - WILLIAMSON COUNTY SUN","","","","","SB17.4361",""
"C00916551","STEVE DOWELL FOR CONGRESS","H6TX31128","DOWELL, STEVEN CLAY JR","2026","H","TX","31","17","http://docquery.fec.gov/cgi-bin/fecimg/?202602199834764483","","DOWELL, STEVEN CLAY JR","20 BLACKJACK CIRCLE","","BELTON","TX","76513","2026-01-22","$21.65","IN-KIND - CAMPAIGN T-SHIRTS - RED'S CUSTOM TEES BELTON","","","","","SB17.4376",""
"C00916551","STEVE DOWELL FOR CONGRESS","H6TX31128","DOWELL, STEVEN CLAY JR","2026","H","TX","31","17","http://docquery.fec.gov/cgi-bin/fecimg/?202602199834764483","","DOWELL, STEVEN CLAY JR","20 BLACKJACK CIRCLE","","BELTON","TX","76513","2026-01-24","$140.24","IN-KIND - VOLUNTEER EVENT - HIGHLANDS LOUNGE","","","","","SB17.4375",""
"C00916551","STEVE DOWELL FOR CONGRESS","H6TX31128","DOWELL, STEVEN CLAY JR","2026","H","TX","31","17","http://docquery.fec.gov/cgi-bin/fecimg/?202602199834764484","","DOWELL, STEVEN CLAY JR","20 BLACKJACK CIRCLE","","BELTON","TX","76513","2026-01-25","$2,000.00","IN-KIND - ADVERTISMENT - BEAU BURKETT MEDIA LP","","","","","SB17.4367",""
"C00916551","STEVE DOWELL FOR CONGRESS","H6TX31128","DOWELL, STEVEN CLAY JR","2026","H","TX","31","17","http://docquery.fec.gov/cgi-bin/fecimg/?202602199834764484","","DOWELL, STEVEN CLAY JR","20 BLACKJACK CIRCLE","","BELTON","TX","76513","2026-01-29","$250.00","IN-KIND - ADVERTISEMENT - LAMPASAS DISPATCH RECORD","","","","","SB17.4364",""
"C00916551","STEVE DOWELL FOR CONGRESS","H6TX31128","DOWELL, STEVEN CLAY JR","2026","H","TX","31","17","http://docquery.fec.gov/cgi-bin/fecimg/?202602199834764484","","DOWELL, STEVEN CLAY JR","20 BLACKJACK CIRCLE","","BELTON","TX","76513","2026-01-29","$320.00","IN-KIND - FOOD - NUEVO LEON MEAT MARKET","","","","","SB17.4394",""
"C00916551","STEVE DOWELL FOR CONGRESS","H6TX31128","DOWELL, STEVEN CLAY JR","2026","H","TX","31","17","http://docquery.fec.gov/cgi-bin/fecimg/?202602199834764485","","DOWELL, STEVEN CLAY JR","20 BLACKJACK CIRCLE","","BELTON","TX","76513","2026-02-02","$435.81","IN-KIND - ADVERTISEMENT - FACEBOOK","","","","","SB17.4366",""
"C00916551","STEVE DOWELL FOR CONGRESS","H6TX31128","DOWELL, STEVEN CLAY JR","2026","H","TX","31","17","http://docquery.fec.gov/cgi-bin/fecimg/?202602199834764485","","DOWELL, STEVEN CLAY JR","20 BLACKJACK CIRCLE","","BELTON","TX","76513","2026-02-03","$329.01","IN-KIND - GAS - CEFCO, CHEVRON, QUIKTRIP, CIRCLE K, SHELL","","","","","SB17.4374",""
"C00928614","OFFER VINCE SHAMWOW SHLOMI FOR CONGRESS","H6TX31151","SHLOMI, OFFER VINCE","2026","H","TX","31","17","http://docquery.fec.gov/cgi-bin/fecimg/?202602199834760922","","PROJO1 LLC","568 SIERRA MORENA ST","","LAS VEGAS","NV","891444511","2026-02-10","$3,600.00","CAMPAIGN CONSULTING","","","001","Administrative/Salary/Overhead Expenses ","BC0E5642BDF594D4792E",""
"C00928614","OFFER VINCE SHAMWOW SHLOMI FOR CONGRESS","H6TX31151","SHLOMI, OFFER VINCE","2026","H","TX","31","17","http://docquery.fec.gov/cgi-bin/fecimg/?202602199834760922","","PROJO1 LLC","568 SIERRA MORENA ST","","LAS VEGAS","NV","891444511","2026-02-11","$845.00","CAMPAIGN CONSULTING","","","001","Administrative/Salary/Overhead Expenses ","BB34718276E454F74ABF",""
"C00928614","OFFER VINCE SHAMWOW SHLOMI FOR CONGRESS","H6TX31151","SHLOMI, OFFER VINCE","2026","H","TX","31","17","http://docquery.fec.gov/cgi-bin/fecimg/?202602199834760923","","RIGHTPATH LLC","5310 TUSCARAWAS RD","","BETHESDA","MD","208163124","2026-01-06","$5,203.00","PRINTING","","","001","Administrative/Salary/Overhead Expenses ","B673383C64F814658A7E",""
"C00928614","OFFER VINCE SHAMWOW SHLOMI FOR CONGRESS","H6TX31151","SHLOMI, OFFER VINCE","2026","H","TX","31","17","http://docquery.fec.gov/cgi-bin/fecimg/?202602199834760923","","RIGHTPATH LLC","5310 TUSCARAWAS RD","","BETHESDA","MD","208163124","2026-02-06","$2,769.08","PRINTING","","","001","Administrative/Salary/Overhead Expenses ","B0F93EC9C598F44EA986",""
"C00928614","OFFER VINCE SHAMWOW SHLOMI FOR CONGRESS","H6TX31151","SHLOMI, OFFER VINCE","2026","H","TX","31","17","http://docquery.fec.gov/cgi-bin/fecimg/?202602199834760923","","SAME DAY PROCESSING","502 6TH ST","","HUDSON","WI","540161783","2026-01-08","$550.00","CAGING","","","001","Administrative/Salary/Overhead Expenses ","BCFF2F699E71248769A4",""
"C00928614","OFFER VINCE SHAMWOW SHLOMI FOR CONGRESS","H6TX31151","SHLOMI, OFFER VINCE","2026","H","TX","31","17","http://docquery.fec.gov/cgi-bin/fecimg/?202602199834760924","","SAME DAY PROCESSING","502 6TH ST","","HUDSON","WI","540161783","2026-01-28","$500.00","CAGING","","","001","Administrative/Salary/Overhead Expenses ","B4146DC771D2E426CA5F",""
"C00928614","OFFER VINCE SHAMWOW SHLOMI FOR CONGRESS","H6TX31151","SHLOMI, OFFER VINCE","2026","H","TX","31","17","http://docquery.fec.gov/cgi-bin/fecimg/?202602199834760924","","SAME DAY PROCESSING","502 6TH ST","","HUDSON","WI","540161783","2026-02-09","$555.00","CAGING","","","001","Administrative/Salary/Overhead Expenses ","B6920BB2F4B1946E6BA0",""
"C00928614","OFFER VINCE SHAMWOW SHLOMI FOR CONGRESS","H6TX31151","SHLOMI, OFFER VINCE","2026","H","TX","31","17","http://docquery.fec.gov/cgi-bin/fecimg/?202602199834760924","","SEWING INCUBATOR","5924 PACIFIC BLVD","STE 324","HUNTINGTON PARK","CA","902552929","2026-01-06","$2,380.00","PRINTING","","","001","Administrative/Salary/Overhead Expenses ","BA1FC0567793E413EA48",""
"C00928614","OFFER VINCE SHAMWOW SHLOMI FOR CONGRESS","H6TX31151","SHLOMI, OFFER VINCE","2026","H","TX","31","17","http://docquery.fec.gov/cgi-bin/fecimg/?202602199834760925","","SEWING INCUBATOR","5924 PACIFIC BLVD","STE 324","HUNTINGTON PARK","CA","902552929","2026-01-07","$2,380.00","PRINTING","","","001","Administrative/Salary/Overhead Expenses ","B0827E27DD3F046E89E5",""
"C00928614","OFFER VINCE SHAMWOW SHLOMI FOR CONGRESS","H6TX31151","SHLOMI, OFFER VINCE","2026","H","TX","31","17","http://docquery.fec.gov/cgi-bin/fecimg/?202602199834760925","","SEWING INCUBATOR","5924 PACIFIC BLVD","STE 324","HUNTINGTON PARK","CA","902552929","2026-01-13","$2,380.00","PRINTING","","","001","Administrative/Salary/Overhead Expenses ","BCFA3BBF0686E430AAA1",""
"C00928614","OFFER VINCE SHAMWOW SHLOMI FOR CONGRESS","H6TX31151","SHLOMI, OFFER VINCE","2026","H","TX","31","17","http://docquery.fec.gov/cgi-bin/fecimg/?202602199834760925","","SEWING INCUBATOR","5924 PACIFIC BLVD","STE 324","HUNTINGTON PARK","CA","902552929","2026-01-27","$2,380.00","PRINTING","","","001","Administrative/Salary/Overhead Expenses ","BC93AE067684748F6AF2",""
"C00928614","OFFER VINCE SHAMWOW SHLOMI FOR CONGRESS","H6TX31151","SHLOMI, OFFER VINCE","2026","H","TX","31","17","http://docquery.fec.gov/cgi-bin/fecimg/?202602199834760926","","SHLOMI, OFFER VINCE","1680 MICHIGAN AVE SUITE 700","","MIAMI BEACH","FL","33139","2026-01-01","$3,038.61","IN-KIND:CREDIT CARD REIMBURSEMENT","","","","","B2C95044F23A14543B47",""
"C00928614","OFFER VINCE SHAMWOW SHLOMI FOR CONGRESS","H6TX31151","SHLOMI, OFFER VINCE","2026","H","TX","31","17","http://docquery.fec.gov/cgi-bin/fecimg/?202602199834760926","","SHLOMI, OFFER VINCE","1680 MICHIGAN AVE SUITE 700","","MIAMI BEACH","FL","33139","2026-01-01","$10,221.16","IN-KIND:INKIND REIMBURSEMENT","","","","","BA59752E10E4541D39B8",""
"C00863621","WHITLOW FOR CONGRESS","H4TX31081","WHITLOW, STUART NORMAN MR.","2026","H","TX","31","17","http://docquery.fec.gov/cgi-bin/fecimg/?202602199834791147","","BIRDSONG, LESTER","135 MILLENIAL WAY","","BASTROP","TX","78602","2026-02-06","$4,200.00","SIGN PLACEMENT","","","001","Administrative/Salary/Overhead Expenses ","SB17.6793",""
"C00863621","WHITLOW FOR CONGRESS","H4TX31081","WHITLOW, STUART NORMAN MR.","2026","H","TX","31","17","http://docquery.fec.gov/cgi-bin/fecimg/?202602199834791147","","EVERYACTION","10801-2 N MOPAC EXPRESSWAY","","AUSTIN","TX","78759","2026-01-28","$559.65","DIGITAL CAMPAIGN SERVICES","","","001","Administrative/Salary/Overhead Expenses ","SB17.6785",""
"C00863621","WHITLOW FOR CONGRESS","H4TX31081","WHITLOW, STUART NORMAN MR.","2026","H","TX","31","17","http://docquery.fec.gov/cgi-bin/fecimg/?202602199834791148","","EXPEDIA, INC.","1111 EXPEDIA GROUP WAY W.","","SEATTLE","WA","98119","2026-02-06","$84.95","HOTEL","","","001","Administrative/Salary/Overhead Expenses ","SB17.6794",""
"C00863621","WHITLOW FOR CONGRESS","H4TX31081","WHITLOW, STUART NORMAN MR.","2026","H","TX","31","17","http://docquery.fec.gov/cgi-bin/fecimg/?202602199834791148","","EXPEDIA, INC.","1111 EXPEDIA GROUP WAY W.","","SEATTLE","WA","98119","2026-02-11","$102.54","HOTEL","","","002","Travel Expenses","SB17.6798",""
"C00863621","WHITLOW FOR CONGRESS","H4TX31081","WHITLOW, STUART NORMAN MR.","2026","H","TX","31","17","http://docquery.fec.gov/cgi-bin/fecimg/?202602199834791148","","HARRIS, GABRIELLE","1100 LAZY LANE","","MCKINNEY","TX","75072","2026-01-03","$1,000.00","SOCIAL MEDIA SERVICES","","","001","Administrative/Salary/Overhead Expenses ","SB17.6760",""
"C00371203","JOHN CARTER FOR CONGRESS","H2TX31044","CARTER, JOHN R REP.","2026","H","TX","31","17","http://docquery.fec.gov/cgi-bin/fecimg/?202602199834770992","","FACEBOOK","1 HACKER WAY","","MENLO PARK","CA","940251456","2026-01-05","$268.64","ADVERTISING","X","MEMO","004","Advertising Expenses ","0038649-0083",""
"C00371203","JOHN CARTER FOR CONGRESS","H2TX31044","CARTER, JOHN R REP.","2026","H","TX","31","17","http://docquery.fec.gov/cgi-bin/fecimg/?202602199834770993","","FACEBOOK","1 HACKER WAY","","MENLO PARK","CA","940251456","2026-01-05","$351.87","ADVERTISING","X","MEMO","004","Advertising Expenses ","0038649-0084",""
"C00371203","JOHN CARTER FOR CONGRESS","H2TX31044","CARTER, JOHN R REP.","2026","H","TX","31","17","http://docquery.fec.gov/cgi-bin/fecimg/?202602199834770993","","HOME DEPOT","2551 S INTERSTATE 35","","ROUND ROCK","TX","786647314","2026-01-05","$296.94","EVENT - SUPPLIES","X","MEMO","003","Solicitation and Fundraising Expenses ","0038649-0085",""
"C00371203","JOHN CARTER FOR CONGRESS","H2TX31044","CARTER, JOHN R REP.","2026","H","TX","31","17","http://docquery.fec.gov/cgi-bin/fecimg/?202602199834770993","","HOME DEPOT","2551 S INTERSTATE 35","","ROUND ROCK","TX","786647314","2026-01-05","$70.28","EVENT - SUPPLIES","X","MEMO","003","Solicitation and Fundraising Expenses ","0038649-0086",""
"C00371203","JOHN CARTER FOR CONGRESS","H2TX31044","CARTER, JOHN R REP.","2026","H","TX","31","17","http://docquery.fec.gov/cgi-bin/fecimg/?202602199834770994","","HOME DEPOT","2551 S INTERSTATE 35","","ROUND ROCK","TX","786647314","2026-01-05","$190.19","EVENT - SUPPLIES","X","MEMO","003","Solicitation and Fundraising Expenses ","0038649-0087",""
"C00371203","JOHN CARTER FOR CONGRESS","H2TX31044","CARTER, JOHN R REP.","2026","H","TX","31","17","http://docquery.fec.gov/cgi-bin/fecimg/?202602199834770994","","GOOGLE.COM","1600 AMPHITHEATRE PKWY","","MOUNTAIN VIEW","CA","940431351","2026-01-05","$21.64","IT SERVICES","X","MEMO","001","Administrative/Salary/Overhead Expenses ","0038649-0088",""
"C00371203","JOHN CARTER FOR CONGRESS","H2TX31044","CARTER, JOHN R REP.","2026","H","TX","31","17","http://docquery.fec.gov/cgi-bin/fecimg/?202602199834770994","","FACEBOOK","1 HACKER WAY","","MENLO PARK","CA","940251456","2026-01-05","$266.74","ADVERTISING","X","MEMO","004","Advertising Expenses ","0038649-0089",""
"C00371203","JOHN CARTER FOR CONGRESS","H2TX31044","CARTER, JOHN R REP.","2026","H","TX","31","17","http://docquery.fec.gov/cgi-bin/fecimg/?202602199834770995","","FACEBOOK","1 HACKER WAY","","MENLO PARK","CA","940251456","2026-01-05","$260.39","ADVERTISING","X","MEMO","004","Advertising Expenses ","0038649-0090",""
"C00371203","JOHN CARTER FOR CONGRESS","H2TX31044","CARTER, JOHN R REP.","2026","H","TX","31","17","http://docquery.fec.gov/cgi-bin/fecimg/?202602199834770995","","H-E-B","603 LOUIS HENNA BLVD","","ROUND ROCK","TX","786647186","2026-01-05","$416.29","EVENT - CATERING","X","MEMO","003","Solicitation and Fundraising Expenses ","0038649-0092",""
"C00371203","JOHN CARTER FOR CONGRESS","H2TX31044","CARTER, JOHN R REP.","2026","H","TX","31","17","http://docquery.fec.gov/cgi-bin/fecimg/?202602199834770995","","SPEEDY STOP 95","551 UNIVERSITY BLVD","","SANDY","TX","78665","2026-01-05","$24.00","TRAVEL - FUEL","X","MEMO","002","Travel Expenses","0038649-0093",""
"C00371203","JOHN CARTER FOR CONGRESS","H2TX31044","CARTER, JOHN R REP.","2026","H","TX","31","17","http://docquery.fec.gov/cgi-bin/fecimg/?202602199834770996","","FACEBOOK","1 HACKER WAY","","MENLO PARK","CA","940251456","2026-01-05","$176.30","ADVERTISING","X","MEMO","004","Advertising Expenses ","0038649-0094",""
"C00371203","JOHN CARTER FOR CONGRESS","H2TX31044","CARTER, JOHN R REP.","2026","H","TX","31","17","http://docquery.fec.gov/cgi-bin/fecimg/?202602199834770996","","THE UPS STORE","4500 WILLIAMS DR","","GEORGETOWN","TX","786331332","2026-01-05","$226.48","SHIPPING CHARGES","X","MEMO","001","Administrative/Salary/Overhead Expenses ","0038649-0095",""
"C00371203","JOHN CARTER FOR CONGRESS","H2TX31044","CARTER, JOHN R REP.","2026","H","TX","31","17","http://docquery.fec.gov/cgi-bin/fecimg/?202602199834770996","","FACEBOOK","1 HACKER WAY","","MENLO PARK","CA","940251456","2026-01-05","$110.79","ADVERTISING","X","MEMO","004","Advertising Expenses ","0038649-0096",""
"C00371203","JOHN CARTER FOR CONGRESS","H2TX31044","CARTER, JOHN R REP.","2026","H","TX","31","17","http://docquery.fec.gov/cgi-bin/fecimg/?202602199834770969","","WOOD, TIMOTHY","97 JAN LN","","GEORGETOWN","TX","786268107","2026-01-02","$3,900.00","STORAGE - SIGNS","","","001","Administrative/Salary/Overhead Expenses ","0038650",""
"C00371203","JOHN CARTER FOR CONGRESS","H2TX31044","CARTER, JOHN R REP.","2026","H","TX","31","17","http://docquery.fec.gov/cgi-bin/fecimg/?202602199834770969","","VERIZON WIRELESS","PO BOX 660108","","DALLAS","TX","752660108","2026-01-05","$525.24","CELL PHONE SERVICE","","","001","Administrative/Salary/Overhead Expenses ","0038648",""
"C00371203","JOHN CARTER FOR CONGRESS","H2TX31044","CARTER, JOHN R REP.","2026","H","TX","31","17","http://docquery.fec.gov/cgi-bin/fecimg/?202602199834770969","","CHASE - CARD MEMBER SERVICES","PO BOX 6294","","CAROL STREAM","IL","601976294","2026-01-05","$30,000.00","SEE BELOW","","ITEMIZATION BELOW","001","Administrative/Salary/Overhead Expenses ","0038649",""
"C00371203","JOHN CARTER FOR CONGRESS","H2TX31044","CARTER, JOHN R REP.","2026","H","TX","31","17","http://docquery.fec.gov/cgi-bin/fecimg/?202602199834770970","","WHITE HOUSE GIFT SHOP","529 14TH ST NW","","WASHINGTON","DC","200451000","2026-01-05","$2,047.03","CONSTITUENT GIFTS","X","MEMO","001","Administrative/Salary/Overhead Expenses ","0038649-0001",""
"C00371203","JOHN CARTER FOR CONGRESS","H2TX31044","CARTER, JOHN R REP.","2026","H","TX","31","17","http://docquery.fec.gov/cgi-bin/fecimg/?202602199834770970","","SOUTHWEST AIRLINE","8008 CEDAR SPRINGS RD","","DALLAS","TX","752352852","2026-01-05","-$909.38","REFUND: TRAVEL - AIRFARE","X","MEMO","002","Travel Expenses","0038649-0003",""
"C00371203","JOHN CARTER FOR CONGRESS","H2TX31044","CARTER, JOHN R REP.","2026","H","TX","31","17","http://docquery.fec.gov/cgi-bin/fecimg/?202602199834770970","","SOUTHWEST AIRLINE","8008 CEDAR SPRINGS RD","","DALLAS","TX","752352852","2026-01-05","-$300.00","REFUND: TRAVEL - AIRFARE","X","MEMO","002","Travel Expenses","0038649-0004",""
"C00371203","JOHN CARTER FOR CONGRESS","H2TX31044","CARTER, JOHN R REP.","2026","H","TX","31","17","http://docquery.fec.gov/cgi-bin/fecimg/?202602199834770971","","SPEEDY STOP 95","551 UNIVERSITY BLVD","","SANDY","TX","78665","2026-01-05","$56.35","TRAVEL - FUEL","X","MEMO","002","Travel Expenses","0038649-0005",""
"C00371203","JOHN CARTER FOR CONGRESS","H2TX31044","CARTER, JOHN R REP.","2026","H","TX","31","17","http://docquery.fec.gov/cgi-bin/fecimg/?202602199834770971","","NIKE FACTORY OUTLET","4401 N, I-35 BLDG","","ROUND ROCK","TX","78664","2026-01-05","$101.27","EVENT - SUPPLIES","X","MEMO","003","Solicitation and Fundraising Expenses ","0038649-0006",""
"C00371203","JOHN CARTER FOR CONGRESS","H2TX31044","CARTER, JOHN R REP.","2026","H","TX","31","17","http://docquery.fec.gov/cgi-bin/fecimg/?202602199834770971","","MAGGIANO'S","10910 DOMAIN DR","","AUSTIN","TX","787587757","2026-01-05","$1,350.00","EVENT - CATERING","X","MEMO","003","Solicitation and Fundraising Expenses ","0038649-0007",""
"C00371203","JOHN CARTER FOR CONGRESS","H2TX31044","CARTER, JOHN R REP.","2026","H","TX","31","17","http://docquery.fec.gov/cgi-bin/fecimg/?202602199834770972","","AMAZON.COM","410 TERRY AVE N","","SEATTLE","WA","981095210","2026-01-05","$329.85","EVENT - SUPPLIES","X","MEMO","003","Solicitation and Fundraising Expenses ","0038649-0009",""
"C00371203","JOHN CARTER FOR CONGRESS","H2TX31044","CARTER, JOHN R REP.","2026","H","TX","31","17","http://docquery.fec.gov/cgi-bin/fecimg/?202602199834770972","","APPLE.COM","ONE APPLE PARK WAY","","CUPERTINO","CA","95014","2026-01-05","$8.65","IT SERVICES","X","MEMO","001","Administrative/Salary/Overhead Expenses ","0038649-0010",""
"C00371203","JOHN CARTER FOR CONGRESS","H2TX31044","CARTER, JOHN R REP.","2026","H","TX","31","17","http://docquery.fec.gov/cgi-bin/fecimg/?202602199834771005","","CHASE - CARD MEMBER SERVICES","PO BOX 6294","","CAROL STREAM","IL","601976294","2026-01-30","$20,000.00","CC PREPAYMENT","","","001","Administrative/Salary/Overhead Expenses ","0038678",""
"C00371203","JOHN CARTER FOR CONGRESS","H2TX31044","CARTER, JOHN R REP.","2026","H","TX","31","17","http://docquery.fec.gov/cgi-bin/fecimg/?202602199834771006","","WINRED","PO BOX 9891","","ARLINGTON","VA","22219","2026-01-31","$594.33","EARMARK PROCESSING FEE","","","001","Administrative/Salary/Overhead Expenses ","0038695",""
"C00371203","JOHN CARTER FOR CONGRESS","H2TX31044","CARTER, JOHN R REP.","2026","H","TX","31","17","http://docquery.fec.gov/cgi-bin/fecimg/?202602199834771006","","HILL COUNTRY PAYROLL","1104 S MAYS ST","","ROUND ROCK","TX","786646773","2026-01-31","$212.60","PAYROLL SERVICES","","","001","Administrative/Salary/Overhead Expenses ","0038697",""
"C00371203","JOHN CARTER FOR CONGRESS","H2TX31044","CARTER, JOHN R REP.","2026","H","TX","31","17","http://docquery.fec.gov/cgi-bin/fecimg/?202602199834771006","","HILL COUNTRY PAYROLL","1104 S MAYS ST","","ROUND ROCK","TX","786646773","2026-01-31","$5,632.56","SEE BELOW","","ITEMIZATION BELOW","001","Administrative/Salary/Overhead Expenses ","0038698",""
"C00371203","JOHN CARTER FOR CONGRESS","H2TX31044","CARTER, JOHN R REP.","2026","H","TX","31","17","http://docquery.fec.gov/cgi-bin/fecimg/?202602199834770972","","HISTORIC MAIL","421 EIGHTH AVENUE","","NEW YORK","NY","10001","2026-01-05","$159.99","CONSTITUENT GIFTS","X","MEMO","001","Administrative/Salary/Overhead Expenses ","0038649-0011",""
"C00371203","JOHN CARTER FOR CONGRESS","H2TX31044","CARTER, JOHN R REP.","2026","H","TX","31","17","http://docquery.fec.gov/cgi-bin/fecimg/?202602199834770973","","NIKE FACTORY OUTLET","4401 N, I-35 BLDG","","ROUND ROCK","TX","78664","2026-01-05","$101.27","EVENT - SUPPLIES","X","MEMO","003","Solicitation and Fundraising Expenses ","0038649-0012",""
"C00371203","JOHN CARTER FOR CONGRESS","H2TX31044","CARTER, JOHN R REP.","2026","H","TX","31","17","http://docquery.fec.gov/cgi-bin/fecimg/?202602199834770973","","H-E-B","603 LOUIS HENNA BLVD","","ROUND ROCK","TX","786647186","2026-01-05","$23.90","MEETING - FOOD & BEVERAGE","X","MEMO","007","Campaign Event Expenses","0038649-0013",""
"C00371203","JOHN CARTER FOR CONGRESS","H2TX31044","CARTER, JOHN R REP.","2026","H","TX","31","17","http://docquery.fec.gov/cgi-bin/fecimg/?202602199834770973","","H-E-B","603 LOUIS HENNA BLVD","","ROUND ROCK","TX","786647186","2026-01-05","$180.32","MEETING - FOOD & BEVERAGE","X","MEMO","007","Campaign Event Expenses","0038649-0014",""
"C00371203","JOHN CARTER FOR CONGRESS","H2TX31044","CARTER, JOHN R REP.","2026","H","TX","31","17","http://docquery.fec.gov/cgi-bin/fecimg/?202602199834770974","","H-E-B","603 LOUIS HENNA BLVD","","ROUND ROCK","TX","786647186","2026-01-05","$6.16","OFFICE SUPPLIES","X","MEMO","001","Administrative/Salary/Overhead Expenses ","0038649-0015",""
"C00371203","JOHN CARTER FOR CONGRESS","H2TX31044","CARTER, JOHN R REP.","2026","H","TX","31","17","http://docquery.fec.gov/cgi-bin/fecimg/?202602199834770974","","SOUTHWEST AIRLINE","8008 CEDAR SPRINGS RD","","DALLAS","TX","752352852","2026-01-05","$577.96","TRAVEL - AIRFARE","X","MEMO","002","Travel Expenses","0038649-0016",""
"C00371203","JOHN CARTER FOR CONGRESS","H2TX31044","CARTER, JOHN R REP.","2026","H","TX","31","17","http://docquery.fec.gov/cgi-bin/fecimg/?202602199834770974","","H-E-B","603 LOUIS HENNA BLVD","","ROUND ROCK","TX","786647186","2026-01-05","$93.68","MEETING - FOOD & BEVERAGE","X","MEMO","007","Campaign Event Expenses","0038649-0017",""
"C00371203","JOHN CARTER FOR CONGRESS","H2TX31044","CARTER, JOHN R REP.","2026","H","TX","31","17","http://docquery.fec.gov/cgi-bin/fecimg/?202602199834770975","","H-E-B","603 LOUIS HENNA BLVD","","ROUND ROCK","TX","786647186","2026-01-05","$11.09","OFFICE SUPPLIES","X","MEMO","001","Administrative/Salary/Overhead Expenses ","0038649-0018",""
"C00371203","JOHN CARTER FOR CONGRESS","H2TX31044","CARTER, JOHN R REP.","2026","H","TX","31","17","http://docquery.fec.gov/cgi-bin/fecimg/?202602199834770975","","SOUTHWEST AIRLINE","8008 CEDAR SPRINGS RD","","DALLAS","TX","752352852","2026-01-05","$11.20","TRAVEL - SERVICE FEE","X","MEMO","002","Travel Expenses","0038649-0019",""
"C00371203","JOHN CARTER FOR CONGRESS","H2TX31044","CARTER, JOHN R REP.","2026","H","TX","31","17","http://docquery.fec.gov/cgi-bin/fecimg/?202602199834770975","","CAPITOL HILL CLUB","300 1ST ST SE","","WASHINGTON","DC","200031801","2026-01-05","$1,871.30","EVENT - CATERING","X","MEMO","003","Solicitation and Fundraising Expenses ","0038649-0021",""
"C00371203","JOHN CARTER FOR CONGRESS","H2TX31044","CARTER, JOHN R REP.","2026","H","TX","31","17","http://docquery.fec.gov/cgi-bin/fecimg/?202602199834770976","","LYFT RIDE","185 BERRY STREET","","SAN FRANCISCO","CA","941075705","2026-01-05","$16.89","TRAVEL - TAXI","X","MEMO","002","Travel Expenses","0038649-0022",""
"C00371203","JOHN CARTER FOR CONGRESS","H2TX31044","CARTER, JOHN R REP.","2026","H","TX","31","17","http://docquery.fec.gov/cgi-bin/fecimg/?202602199834770976","","HILTON GARDEN INN","7930 JONES BRANCH DRIVE","","MCLEAN","VA","22102","2026-01-05","$289.43","TRAVEL - LODGING","X","MEMO","002","Travel Expenses","0038649-0023",""
"C00371203","JOHN CARTER FOR CONGRESS","H2TX31044","CARTER, JOHN R REP.","2026","H","TX","31","17","http://docquery.fec.gov/cgi-bin/fecimg/?202602199834770976","","CVS PHARMACY","1855 GATTIS SCHOOL RD","","ROUND ROCK","TX","786647428","2026-01-05","$273.64","OFFICE SUPPLIES","X","MEMO","001","Administrative/Salary/Overhead Expenses ","0038649-0024",""
"C00371203","JOHN CARTER FOR CONGRESS","H2TX31044","CARTER, JOHN R REP.","2026","H","TX","31","17","http://docquery.fec.gov/cgi-bin/fecimg/?202602199834770997","","FACEBOOK","1 HACKER WAY","","MENLO PARK","CA","940251456","2026-01-05","$113.69","ADVERTISING","X","MEMO","004","Advertising Expenses ","0038649-0097",""
"C00371203","JOHN CARTER FOR CONGRESS","H2TX31044","CARTER, JOHN R REP.","2026","H","TX","31","17","http://docquery.fec.gov/cgi-bin/fecimg/?202602199834770997","","APPLE.COM","ONE APPLE PARK WAY","","CUPERTINO","CA","95014","2026-01-05","$10.81","IT SERVICES","X","MEMO","001","Administrative/Salary/Overhead Expenses ","0038649-0098",""
"C00371203","JOHN CARTER FOR CONGRESS","H2TX31044","CARTER, JOHN R REP.","2026","H","TX","31","17","http://docquery.fec.gov/cgi-bin/fecimg/?202602199834770997","","FACEBOOK","1 HACKER WAY","","MENLO PARK","CA","940251456","2026-01-05","$121.66","ADVERTISING","X","MEMO","004","Advertising Expenses ","0038649-0099",""
"C00371203","JOHN CARTER FOR CONGRESS","H2TX31044","CARTER, JOHN R REP.","2026","H","TX","31","17","http://docquery.fec.gov/cgi-bin/fecimg/?202602199834770998","","HOME DEPOT","2551 S INTERSTATE 35","","ROUND ROCK","TX","786647314","2026-01-05","$217.15","EVENT - SUPPLIES","X","MEMO","003","Solicitation and Fundraising Expenses ","0038649-0100",""
"C00371203","JOHN CARTER FOR CONGRESS","H2TX31044","CARTER, JOHN R REP.","2026","H","TX","31","17","http://docquery.fec.gov/cgi-bin/fecimg/?202602199834770998","","FACEBOOK","1 HACKER WAY","","MENLO PARK","CA","940251456","2026-01-05","$163.86","ADVERTISING","X","MEMO","004","Advertising Expenses ","0038649-0101",""
"C00371203","JOHN CARTER FOR CONGRESS","H2TX31044","CARTER, JOHN R REP.","2026","H","TX","31","17","http://docquery.fec.gov/cgi-bin/fecimg/?202602199834770998","","FACEBOOK","1 HACKER WAY","","MENLO PARK","CA","940251456","2026-01-05","$115.23","ADVERTISING","X","MEMO","004","Advertising Expenses ","0038649-0102",""
"C00371203","JOHN CARTER FOR CONGRESS","H2TX31044","CARTER, JOHN R REP.","2026","H","TX","31","17","http://docquery.fec.gov/cgi-bin/fecimg/?202602199834770999","","CVS PHARMACY","1855 GATTIS SCHOOL RD","","ROUND ROCK","TX","786647428","2026-01-05","$37.88","OFFICE SUPPLIES","X","MEMO","001","Administrative/Salary/Overhead Expenses ","0038649-0103",""
"C00371203","JOHN CARTER FOR CONGRESS","H2TX31044","CARTER, JOHN R REP.","2026","H","TX","31","17","http://docquery.fec.gov/cgi-bin/fecimg/?202602199834770999","","LYFT RIDE","185 BERRY STREET","","SAN FRANCISCO","CA","941075705","2026-01-05","$199.00","TRAVEL - TAXI (ANNUAL FEE)","X","MEMO","002","Travel Expenses","0038649-0104",""
"C00371203","JOHN CARTER FOR CONGRESS","H2TX31044","CARTER, JOHN R REP.","2026","H","TX","31","17","http://docquery.fec.gov/cgi-bin/fecimg/?202602199834770999","","FACEBOOK","1 HACKER WAY","","MENLO PARK","CA","940251456","2026-01-05","$109.75","ADVERTISING","X","MEMO","004","Advertising Expenses ","0038649-0105",""
"C00371203","JOHN CARTER FOR CONGRESS","H2TX31044","CARTER, JOHN R REP.","2026","H","TX","31","17","http://docquery.fec.gov/cgi-bin/fecimg/?202602199834771000","","HILTON HOTEL","500 E 4TH ST","","AUSTIN","TX","787013720","2026-01-05","$2,400.00","EVENT - VENUE RENTAL","X","MEMO","003","Solicitation and Fundraising Expenses ","0038649-0107",""
"C00371203","JOHN CARTER FOR CONGRESS","H2TX31044","CARTER, JOHN R REP.","2026","H","TX","31","17","http://docquery.fec.gov/cgi-bin/fecimg/?202602199834771000","","APPLE.COM","ONE APPLE PARK WAY","","CUPERTINO","CA","95014","2026-01-05","$10.81","IT SERVICES","X","MEMO","001","Administrative/Salary/Overhead Expenses ","0038649-0108",""
"C00371203","JOHN CARTER FOR CONGRESS","H2TX31044","CARTER, JOHN R REP.","2026","H","TX","31","17","http://docquery.fec.gov/cgi-bin/fecimg/?202602199834771000","","HEB CENTER","3750 GATTIS SCHOOL RD","","ROUND ROCK","TX","786644642","2026-01-05","$40.07","EVENT - TICKET","X","MEMO","003","Solicitation and Fundraising Expenses ","0038649-0109",""
"C00371203","JOHN CARTER FOR CONGRESS","H2TX31044","CARTER, JOHN R REP.","2026","H","TX","31","17","http://docquery.fec.gov/cgi-bin/fecimg/?202602199834771001","","SALT TRADERS COASTAL","2850 N INTERSTATE 35","","ROUND ROCK","TX","786812402","2026-01-05","$70.86","MEETING - FOOD & BEVERAGE","X","MEMO","007","Campaign Event Expenses","0038649-0110",""
"C00371203","JOHN CARTER FOR CONGRESS","H2TX31044","CARTER, JOHN R REP.","2026","H","TX","31","17","http://docquery.fec.gov/cgi-bin/fecimg/?202602199834771001","","SPEEDY STOP 95","551 UNIVERSITY BLVD","","SANDY","TX","78665","2026-01-05","$55.45","TRAVEL - FUEL","X","MEMO","002","Travel Expenses","0038649-0111",""
"C00371203","JOHN CARTER FOR CONGRESS","H2TX31044","CARTER, JOHN R REP.","2026","H","TX","31","17","http://docquery.fec.gov/cgi-bin/fecimg/?202602199834771001","","H-E-B","603 LOUIS HENNA BLVD","","ROUND ROCK","TX","786647186","2026-01-05","$57.12","MEETING - FOOD & BEVERAGE","X","MEMO","007","Campaign Event Expenses","0038649-0112",""
"C00371203","JOHN CARTER FOR CONGRESS","H2TX31044","CARTER, JOHN R REP.","2026","H","TX","31","17","http://docquery.fec.gov/cgi-bin/fecimg/?202602199834771002","","APPLE.COM","ONE APPLE PARK WAY","","CUPERTINO","CA","95014","2026-01-05","$9.27","IT SERVICES","X","MEMO","001","Administrative/Salary/Overhead Expenses ","0038649-0114",""
"C00371203","JOHN CARTER FOR CONGRESS","H2TX31044","CARTER, JOHN R REP.","2026","H","TX","31","17","http://docquery.fec.gov/cgi-bin/fecimg/?202602199834771002","","KAP PRINT, LLC","220 QUINN DRIVE","","DRIPPING SPRINGS","TX","78620","2026-01-07","$989.25","PRINTING - DIRECT MAIL","","","003","Solicitation and Fundraising Expenses ","0038682",""
"C00371203","JOHN CARTER FOR CONGRESS","H2TX31044","CARTER, JOHN R REP.","2026","H","TX","31","17","http://docquery.fec.gov/cgi-bin/fecimg/?202602199834771002","","VERIZON WIRELESS","PO BOX 660108","","DALLAS","TX","752660108","2026-01-08","$378.19","CELL PHONE SERVICE","","","001","Administrative/Salary/Overhead Expenses ","0038672",""
"C00371203","JOHN CARTER FOR CONGRESS","H2TX31044","CARTER, JOHN R REP.","2026","H","TX","31","17","http://docquery.fec.gov/cgi-bin/fecimg/?202602199834771003","","KAP PRINT, LLC","220 QUINN DRIVE","","DRIPPING SPRINGS","TX","78620","2026-01-08","$28,833.98","MEDIA STRATEGY CONSULTING - MEDIA BUY","","","004","Advertising Expenses ","0038683",""
"C00371203","JOHN CARTER FOR CONGRESS","H2TX31044","CARTER, JOHN R REP.","2026","H","TX","31","17","http://docquery.fec.gov/cgi-bin/fecimg/?202602199834771003","","KAP PRINT, LLC","220 QUINN DRIVE","","DRIPPING SPRINGS","TX","78620","2026-01-13","$28,833.98","MEDIA STRATEGY CONSULTING - MEDIA BUY","","","004","Advertising Expenses ","0038684",""
"C00371203","JOHN CARTER FOR CONGRESS","H2TX31044","CARTER, JOHN R REP.","2026","H","TX","31","17","http://docquery.fec.gov/cgi-bin/fecimg/?202602199834771003","","KAP PRINT, LLC","220 QUINN DRIVE","","DRIPPING SPRINGS","TX","78620","2026-01-13","$28,833.98","MEDIA STRATEGY CONSULTING - MEDIA BUY","","","004","Advertising Expenses ","0038685",""
"C00371203","JOHN CARTER FOR CONGRESS","H2TX31044","CARTER, JOHN R REP.","2026","H","TX","31","17","http://docquery.fec.gov/cgi-bin/fecimg/?202602199834771004","","MAYN SOURCE LLC","408 FAY DRIVE","","KILLEEN","TX","76542","2026-01-13","$11,180.00","ADVERTISING - MEDIA BUY","","","004","Advertising Expenses ","0038686",""
"C00371203","JOHN CARTER FOR CONGRESS","H2TX31044","CARTER, JOHN R REP.","2026","H","TX","31","17","http://docquery.fec.gov/cgi-bin/fecimg/?202602199834771004","","INTERNAL REVENUE SERVICE","DEPARTMENT OF THE TREASURY","","AUSTIN","TX","733010001","2026-01-15","$269.13","PAYROLL TAXES","","","001","Administrative/Salary/Overhead Expenses ","0038689",""
"C00371203","JOHN CARTER FOR CONGRESS","H2TX31044","CARTER, JOHN R REP.","2026","H","TX","31","17","http://docquery.fec.gov/cgi-bin/fecimg/?202602199834771004","","POOLHOUSE AGENCY LLC","23W BROAD STREET STE 200","","RICHMOND","VA","23220","2026-01-20","$37,723.00","MEDIA STRATEGY CONSULTING - MEDIA BUY","","","004","Advertising Expenses ","0038680",""
"C00371203","JOHN CARTER FOR CONGRESS","H2TX31044","CARTER, JOHN R REP.","2026","H","TX","31","17","http://docquery.fec.gov/cgi-bin/fecimg/?202602199834771005","","RUMBLEUP","2021 L STREET, NW STE 101","","WASHINGTON","DC","20001","2026-01-29","$25,000.00","IT SERVICES - POLLING","","","005","Polling Expenses","0038679",""
"C00371203","JOHN CARTER FOR CONGRESS","H2TX31044","CARTER, JOHN R REP.","2026","H","TX","31","17","http://docquery.fec.gov/cgi-bin/fecimg/?202602199834771005","","KAP PRINT, LLC","220 QUINN DRIVE","","DRIPPING SPRINGS","TX","78620","2026-01-29","$12,511.83","MEDIA STRATEGY CONSULTING - MEDIA BUY","","","004","Advertising Expenses ","0038688",""
"C00371203","JOHN CARTER FOR CONGRESS","H2TX31044","CARTER, JOHN R REP.","2026","H","TX","31","17","http://docquery.fec.gov/cgi-bin/fecimg/?202602199834771007","","ROBERTSON AND CONSULTING LLC","516 ANDELE WAY","","LIBERTY HILL","TX","78642","2026-01-31","$4,810.96","POLITICAL STRATEGY CONSULTING","X","MEMO","001","Administrative/Salary/Overhead Expenses ","0038698-0002",""
"C00371203","JOHN CARTER FOR CONGRESS","H2TX31044","CARTER, JOHN R REP.","2026","H","TX","31","17","http://docquery.fec.gov/cgi-bin/fecimg/?202602199834771007","","INTERNAL REVENUE SERVICE","DEPARTMENT OF THE TREASURY","","AUSTIN","TX","733010001","2026-02-02","$4.50","PAYROLL TAXES","","","001","Administrative/Salary/Overhead Expenses ","0038676",""
"C00371203","JOHN CARTER FOR CONGRESS","H2TX31044","CARTER, JOHN R REP.","2026","H","TX","31","17","http://docquery.fec.gov/cgi-bin/fecimg/?202602199834771008","","VERIZON WIRELESS","PO BOX 660108","","DALLAS","TX","752660108","2026-02-03","$525.13","CELL PHONE SERVICE","","","001","Administrative/Salary/Overhead Expenses ","0038675",""
"C00371203","JOHN CARTER FOR CONGRESS","H2TX31044","CARTER, JOHN R REP.","2026","H","TX","31","17","http://docquery.fec.gov/cgi-bin/fecimg/?202602199834771008","","KAP PRINT, LLC","220 QUINN DRIVE","","DRIPPING SPRINGS","TX","78620","2026-02-05","$31,896.12","MEDIA STRATEGY CONSULTING - MEDIA BUY","","","004","Advertising Expenses ","0038718",""
"C00371203","JOHN CARTER FOR CONGRESS","H2TX31044","CARTER, JOHN R REP.","2026","H","TX","31","17","http://docquery.fec.gov/cgi-bin/fecimg/?202602199834771008","","POOLHOUSE AGENCY LLC","23W BROAD STREET STE 200","","RICHMOND","VA","23220","2026-02-06","$161,480.00","MEDIA STRATEGY CONSULTING - MEDIA BUY","","","004","Advertising Expenses ","0038674",""
"C00371203","JOHN CARTER FOR CONGRESS","H2TX31044","CARTER, JOHN R REP.","2026","H","TX","31","17","http://docquery.fec.gov/cgi-bin/fecimg/?202602199834771009","","VERIZON WIRELESS","PO BOX 660108","","DALLAS","TX","752660108","2026-02-09","$390.99","CELL PHONE SERVICE","","","001","Administrative/Salary/Overhead Expenses ","0038673",""
"C00371203","JOHN CARTER FOR CONGRESS","H2TX31044","CARTER, JOHN R REP.","2026","H","TX","31","17","http://docquery.fec.gov/cgi-bin/fecimg/?202602199834771009","","WINRED","PO BOX 9891","","ARLINGTON","VA","22219","2026-02-09","$870.74","EARMARK PROCESSING FEE","","","001","Administrative/Salary/Overhead Expenses ","0038694",""
"C00371203","JOHN CARTER FOR CONGRESS","H2TX31044","CARTER, JOHN R REP.","2026","H","TX","31","17","http://docquery.fec.gov/cgi-bin/fecimg/?202602199834771009","","POOLHOUSE AGENCY LLC","23W BROAD STREET STE 200","","RICHMOND","VA","23220","2026-02-09","$10,000.00","MEDIA STRATEGY CONSULTING - MEDIA BUY","","","004","Advertising Expenses ","0038719",""
"C00371203","JOHN CARTER FOR CONGRESS","H2TX31044","CARTER, JOHN R REP.","2026","H","TX","31","17","http://docquery.fec.gov/cgi-bin/fecimg/?202602199834771010","","DRUCKER LAWHON, LLP","317 15TH ST NE","","WASHINGTON","DC","200026501","2026-02-10","$2,561.18","FUNDRAISING CONSULTING","","","003","Solicitation and Fundraising Expenses ","0038721",""
"C00371203","JOHN CARTER FOR CONGRESS","H2TX31044","CARTER, JOHN R REP.","2026","H","TX","31","17","http://docquery.fec.gov/cgi-bin/fecimg/?202602199834771010","","POOLHOUSE AGENCY LLC","23W BROAD STREET STE 200","","RICHMOND","VA","23220","2026-02-10","$50,000.00","MEDIA STRATEGY CONSULTING - MEDIA BUY","","","004","Advertising Expenses ","0038725",""
"C00371203","JOHN CARTER FOR CONGRESS","H2TX31044","CARTER, JOHN R REP.","2026","H","TX","31","17","http://docquery.fec.gov/cgi-bin/fecimg/?202602199834771010","","MORGAN, MEREDITH & ASSOCIATES","22780 INDIAN CREEK DR","","DULLES","VA","201666746","2026-02-10","$1,962.50","REPORTING SERVICES","","","001","Administrative/Salary/Overhead Expenses ","0038720",""
"C00371203","JOHN CARTER FOR CONGRESS","H2TX31044","CARTER, JOHN R REP.","2026","H","TX","31","17","http://docquery.fec.gov/cgi-bin/fecimg/?202602199834771011","","WINRED","PO BOX 9891","","ARLINGTON","VA","22219","2026-02-11","$877.64","EARMARK PROCESSING FEE","","","001","Administrative/Salary/Overhead Expenses ","0038729",""
"C00371203","JOHN CARTER FOR CONGRESS","H2TX31044","CARTER, JOHN R REP.","2026","H","TX","31","17","http://docquery.fec.gov/cgi-bin/fecimg/?202602199834771011","","BURNET COUNTY REPUBLICAN WOMEN","750 COUNTY ROAD 112","","BURNET","TX","786114784","2026-02-11","$1,000.00","EVENT - TICKET","","","003","Solicitation and Fundraising Expenses ","0038726",""
"C00371203","JOHN CARTER FOR CONGRESS","H2TX31044","CARTER, JOHN R REP.","2026","H","TX","31","20C","http://docquery.fec.gov/cgi-bin/fecimg/?202602199834771012","C00411116","SPACE EXPLORATION TECHNOLOGIES CORP PAC","1030 15TH ST, NW STE 220 E.","","WASHINGTON","DC","20004","2026-01-01","-$5,000.00","REFUND OF EXCESS. CONT. 12/23/25","","","010","Refunds of Contributions","0038687",""
"C00371203","JOHN CARTER FOR CONGRESS","H2TX31044","CARTER, JOHN R REP.","2026","H","TX","31","17","http://docquery.fec.gov/cgi-bin/fecimg/?202602199834770977","","APPLE.COM","ONE APPLE PARK WAY","","CUPERTINO","CA","95014","2026-01-05","$8.65","IT SERVICES","X","MEMO","001","Administrative/Salary/Overhead Expenses ","0038649-0025",""
"C00371203","JOHN CARTER FOR CONGRESS","H2TX31044","CARTER, JOHN R REP.","2026","H","TX","31","17","http://docquery.fec.gov/cgi-bin/fecimg/?202602199834770977","","RUDY'S CO. STORE & BBQ","2400 S INTERSTATE 35","","ROUND ROCK","TX","786817912","2026-01-05","$155.45","MEETING - FOOD & BEVERAGE","X","MEMO","007","Campaign Event Expenses","0038649-0026",""
"C00371203","JOHN CARTER FOR CONGRESS","H2TX31044","CARTER, JOHN R REP.","2026","H","TX","31","17","http://docquery.fec.gov/cgi-bin/fecimg/?202602199834770977","","SPEEDY STOP 95","551 UNIVERSITY BLVD","","SANDY","TX","78665","2026-01-05","$35.60","TRAVEL - FUEL","X","MEMO","002","Travel Expenses","0038649-0027",""
"C00371203","JOHN CARTER FOR CONGRESS","H2TX31044","CARTER, JOHN R REP.","2026","H","TX","31","17","http://docquery.fec.gov/cgi-bin/fecimg/?202602199834770978","","CLEARME.COM","85 10TH AVE, 9TH FLR","","NEW YORK","NY","10011","2026-01-05","$209.00","IT SERVICES","X","MEMO","001","Administrative/Salary/Overhead Expenses ","0038649-0028",""
"C00371203","JOHN CARTER FOR CONGRESS","H2TX31044","CARTER, JOHN R REP.","2026","H","TX","31","17","http://docquery.fec.gov/cgi-bin/fecimg/?202602199834770978","","TICKETMASTER","8800 W SUNSET BLVD","","WEST HOLLYWOOD","CA","900692105","2026-01-05","$474.00","EVENT - TICKET","X","MEMO","003","Solicitation and Fundraising Expenses ","0038649-0029",""
"C00371203","JOHN CARTER FOR CONGRESS","H2TX31044","CARTER, JOHN R REP.","2026","H","TX","31","17","http://docquery.fec.gov/cgi-bin/fecimg/?202602199834770978","","SUDS DELUXE CAR WASH","2991 FM1460","","GEORGETOWN","TX","78626","2026-01-05","$99.97","CAMPAIGN VEHICLE MAINTENANCE","X","MEMO","001","Administrative/Salary/Overhead Expenses ","0038649-0030",""
"C00371203","JOHN CARTER FOR CONGRESS","H2TX31044","CARTER, JOHN R REP.","2026","H","TX","31","17","http://docquery.fec.gov/cgi-bin/fecimg/?202602199834770979","","SPEEDY STOP 95","551 UNIVERSITY BLVD","","SANDY","TX","78665","2026-01-05","$75.81","TRAVEL - FUEL","X","MEMO","002","Travel Expenses","0038649-0031",""
"C00371203","JOHN CARTER FOR CONGRESS","H2TX31044","CARTER, JOHN R REP.","2026","H","TX","31","17","http://docquery.fec.gov/cgi-bin/fecimg/?202602199834770979","","HAMPTON INN & SUITES","7930 JONES BRANC DRIVE","","MCLEAN","VA","22102","2026-01-05","$229.37","TRAVEL - LODGING","X","MEMO","002","Travel Expenses","0038649-0032",""
"C00371203","JOHN CARTER FOR CONGRESS","H2TX31044","CARTER, JOHN R REP.","2026","H","TX","31","17","http://docquery.fec.gov/cgi-bin/fecimg/?202602199834770979","","HAMPTON INN & SUITES","7930 JONES BRANC DRIVE","","MCLEAN","VA","22102","2026-01-05","$250.09","TRAVEL - LODGING","X","MEMO","002","Travel Expenses","0038649-0034",""
"C00371203","JOHN CARTER FOR CONGRESS","H2TX31044","CARTER, JOHN R REP.","2026","H","TX","31","17","http://docquery.fec.gov/cgi-bin/fecimg/?202602199834770980","","SPEEDY STOP 95","551 UNIVERSITY BLVD","","SANDY","TX","78665","2026-01-05","$30.00","TRAVEL - FUEL","X","MEMO","002","Travel Expenses","0038649-0035",""
"C00371203","JOHN CARTER FOR CONGRESS","H2TX31044","CARTER, JOHN R REP.","2026","H","TX","31","17","http://docquery.fec.gov/cgi-bin/fecimg/?202602199834770980","","BEST BUY","9607 RESEARCH BLVD","","AUSTIN","TX","787595691","2026-01-05","$400.50","OFFICE SUPPLIES","X","MEMO","001","Administrative/Salary/Overhead Expenses ","0038649-0036",""
"C00371203","JOHN CARTER FOR CONGRESS","H2TX31044","CARTER, JOHN R REP.","2026","H","TX","31","17","http://docquery.fec.gov/cgi-bin/fecimg/?202602199834770980","","APPLE.COM","ONE APPLE PARK WAY","","CUPERTINO","CA","95014","2026-01-05","$2.99","IT SERVICES","X","MEMO","001","Administrative/Salary/Overhead Expenses ","0038649-0037",""
"C00371203","JOHN CARTER FOR CONGRESS","H2TX31044","CARTER, JOHN R REP.","2026","H","TX","31","17","http://docquery.fec.gov/cgi-bin/fecimg/?202602199834770981","","H-E-B","603 LOUIS HENNA BLVD","","ROUND ROCK","TX","786647186","2026-01-05","$189.21","EVENT - CATERING","X","MEMO","003","Solicitation and Fundraising Expenses ","0038649-0038",""
"C00371203","JOHN CARTER FOR CONGRESS","H2TX31044","CARTER, JOHN R REP.","2026","H","TX","31","17","http://docquery.fec.gov/cgi-bin/fecimg/?202602199834770981","","RUDY'S CO. STORE & BBQ","2400 S INTERSTATE 35","","ROUND ROCK","TX","786817912","2026-01-05","$218.18","MEETING - FOOD & BEVERAGE","X","MEMO","007","Campaign Event Expenses","0038649-0039",""
"C00371203","JOHN CARTER FOR CONGRESS","H2TX31044","CARTER, JOHN R REP.","2026","H","TX","31","17","http://docquery.fec.gov/cgi-bin/fecimg/?202602199834770981","","H-E-B","603 LOUIS HENNA BLVD","","ROUND ROCK","TX","786647186","2026-01-05","$23.73","MEETING - FOOD & BEVERAGE","X","MEMO","007","Campaign Event Expenses","0038649-0041",""
"C00371203","JOHN CARTER FOR CONGRESS","H2TX31044","CARTER, JOHN R REP.","2026","H","TX","31","17","http://docquery.fec.gov/cgi-bin/fecimg/?202602199834770982","","APPLE.COM","ONE APPLE PARK WAY","","CUPERTINO","CA","95014","2026-01-05","$8.65","IT SERVICES","X","MEMO","001","Administrative/Salary/Overhead Expenses ","0038649-0043",""
"C00371203","JOHN CARTER FOR CONGRESS","H2TX31044","CARTER, JOHN R REP.","2026","H","TX","31","17","http://docquery.fec.gov/cgi-bin/fecimg/?202602199834770982","","OLIVE GARDEN","1000 DARDEN CENTER DR","","ORLANDO","FL","32837","2026-01-05","$473.71","MEETING - FOOD & BEVERAGE","X","MEMO","007","Campaign Event Expenses","0038649-0049",""
"C00371203","JOHN CARTER FOR CONGRESS","H2TX31044","CARTER, JOHN R REP.","2026","H","TX","31","17","http://docquery.fec.gov/cgi-bin/fecimg/?202602199834770982","","APPLE.COM","ONE APPLE PARK WAY","","CUPERTINO","CA","95014","2026-01-05","$96.00","IT SERVICES","X","MEMO","001","Administrative/Salary/Overhead Expenses ","0038649-0051",""
"C00371203","JOHN CARTER FOR CONGRESS","H2TX31044","CARTER, JOHN R REP.","2026","H","TX","31","17","http://docquery.fec.gov/cgi-bin/fecimg/?202602199834770983","","GOOGLE.COM","1600 AMPHITHEATRE PKWY","","MOUNTAIN VIEW","CA","940431351","2026-01-05","$16.23","ADVERTISING","X","MEMO","004","Advertising Expenses ","0038649-0052",""
"C00371203","JOHN CARTER FOR CONGRESS","H2TX31044","CARTER, JOHN R REP.","2026","H","TX","31","17","http://docquery.fec.gov/cgi-bin/fecimg/?202602199834770983","","H-E-B","603 LOUIS HENNA BLVD","","ROUND ROCK","TX","786647186","2026-01-05","$277.12","MEETING - FOOD & BEVERAGE","X","MEMO","007","Campaign Event Expenses","0038649-0053",""
"C00371203","JOHN CARTER FOR CONGRESS","H2TX31044","CARTER, JOHN R REP.","2026","H","TX","31","17","http://docquery.fec.gov/cgi-bin/fecimg/?202602199834770983","","CRACKER BARREL","2300 N IH35","","ROUND ROCK","TX","786640000","2026-01-05","$496.82","EVENT - CATERING","X","MEMO","003","Solicitation and Fundraising Expenses ","0038649-0054",""
"C00371203","JOHN CARTER FOR CONGRESS","H2TX31044","CARTER, JOHN R REP.","2026","H","TX","31","17","http://docquery.fec.gov/cgi-bin/fecimg/?202602199834770984","","APPLE.COM","ONE APPLE PARK WAY","","CUPERTINO","CA","95014","2026-01-05","$8.65","IT SERVICES","X","MEMO","001","Administrative/Salary/Overhead Expenses ","0038649-0055",""
"C00371203","JOHN CARTER FOR CONGRESS","H2TX31044","CARTER, JOHN R REP.","2026","H","TX","31","17","http://docquery.fec.gov/cgi-bin/fecimg/?202602199834770984","","GOOGLE.COM","1600 AMPHITHEATRE PKWY","","MOUNTAIN VIEW","CA","940431351","2026-01-05","$21.64","IT SERVICES","X","MEMO","001","Administrative/Salary/Overhead Expenses ","0038649-0056",""
"C00371203","JOHN CARTER FOR CONGRESS","H2TX31044","CARTER, JOHN R REP.","2026","H","TX","31","17","http://docquery.fec.gov/cgi-bin/fecimg/?202602199834770984","","AUSTIN ARTICLE","3600 PRESIDENTIAL BLVD","","AUSTIN","TX","787192363","2026-01-05","$10.59","OFFICE SUPPLIES","X","MEMO","001","Administrative/Salary/Overhead Expenses ","0038649-0057",""
"C00371203","JOHN CARTER FOR CONGRESS","H2TX31044","CARTER, JOHN R REP.","2026","H","TX","31","17","http://docquery.fec.gov/cgi-bin/fecimg/?202602199834770985","","BELTON AREA CHAMBER OF COMMERCE","PO BOX 659","","BELTON","TX","765130659","2026-01-05","$150.00","EVENT - TICKETS","X","MEMO","003","Solicitation and Fundraising Expenses ","0038649-0058",""
"C00371203","JOHN CARTER FOR CONGRESS","H2TX31044","CARTER, JOHN R REP.","2026","H","TX","31","17","http://docquery.fec.gov/cgi-bin/fecimg/?202602199834770985","","LYFT RIDE","185 BERRY STREET","","SAN FRANCISCO","CA","941075705","2026-01-05","$10.00","TRAVEL - TAXI","X","MEMO","002","Travel Expenses","0038649-0059",""
"C00371203","JOHN CARTER FOR CONGRESS","H2TX31044","CARTER, JOHN R REP.","2026","H","TX","31","17","http://docquery.fec.gov/cgi-bin/fecimg/?202602199834770985","","LYFT RIDE","185 BERRY STREET","","SAN FRANCISCO","CA","941075705","2026-01-05","$98.74","TRAVEL - TAXI","X","MEMO","002","Travel Expenses","0038649-0060",""
"C00371203","JOHN CARTER FOR CONGRESS","H2TX31044","CARTER, JOHN R REP.","2026","H","TX","31","17","http://docquery.fec.gov/cgi-bin/fecimg/?202602199834770986","","LEVY RESTAURANTS","980 N MICHIGAN AVE.","","CHICAGO","IL","606114501","2026-01-05","$136.79","MEETING - FOOD & BEVERAGE","X","MEMO","007","Campaign Event Expenses","0038649-0061",""
"C00371203","JOHN CARTER FOR CONGRESS","H2TX31044","CARTER, JOHN R REP.","2026","H","TX","31","17","http://docquery.fec.gov/cgi-bin/fecimg/?202602199834770986","","LYFT RIDE","185 BERRY STREET","","SAN FRANCISCO","CA","941075705","2026-01-05","$52.63","TRAVEL - TAXI","X","MEMO","002","Travel Expenses","0038649-0062",""
"C00371203","JOHN CARTER FOR CONGRESS","H2TX31044","CARTER, JOHN R REP.","2026","H","TX","31","17","http://docquery.fec.gov/cgi-bin/fecimg/?202602199834770986","","LYFT RIDE","185 BERRY STREET","","SAN FRANCISCO","CA","941075705","2026-01-05","$68.20","TRAVEL - TAXI","X","MEMO","002","Travel Expenses","0038649-0064",""
"C00371203","JOHN CARTER FOR CONGRESS","H2TX31044","CARTER, JOHN R REP.","2026","H","TX","31","17","http://docquery.fec.gov/cgi-bin/fecimg/?202602199834771007","","RUGELY, CASH","1230 RED BUD LANE","","ROUND ROCK","TX","78664","2026-01-31","$821.60","PAYROLL","X","MEMO","001","Administrative/Salary/Overhead Expenses ","0038698-0001",""
"C00371203","JOHN CARTER FOR CONGRESS","H2TX31044","CARTER, JOHN R REP.","2026","H","TX","31","17","http://docquery.fec.gov/cgi-bin/fecimg/?202602199834770987","","AMAZON.COM","410 TERRY AVE N","","SEATTLE","WA","981095210","2026-01-05","$32.45","OFFICE SUPPLIES","X","MEMO","001","Administrative/Salary/Overhead Expenses ","0038649-0066",""
"C00371203","JOHN CARTER FOR CONGRESS","H2TX31044","CARTER, JOHN R REP.","2026","H","TX","31","17","http://docquery.fec.gov/cgi-bin/fecimg/?202602199834770987","","SPEEDY STOP 95","551 UNIVERSITY BLVD","","SANDY","TX","78665","2026-01-05","$57.70","TRAVEL - FUEL","X","MEMO","002","Travel Expenses","0038649-0067",""
"C00371203","JOHN CARTER FOR CONGRESS","H2TX31044","CARTER, JOHN R REP.","2026","H","TX","31","17","http://docquery.fec.gov/cgi-bin/fecimg/?202602199834770987","","AMAZON.COM","410 TERRY AVE N","","SEATTLE","WA","981095210","2026-01-05","$12.50","OFFICE SUPPLIES","X","MEMO","001","Administrative/Salary/Overhead Expenses ","0038649-0068",""
"C00371203","JOHN CARTER FOR CONGRESS","H2TX31044","CARTER, JOHN R REP.","2026","H","TX","31","17","http://docquery.fec.gov/cgi-bin/fecimg/?202602199834770988","","TORCHY'S TACOS","2150 E PALM VALLEY BLVD","STE 100","ROUND ROCK","TX","786651530","2026-01-05","$215.26","MEETING - FOOD & BEVERAGE","X","MEMO","007","Campaign Event Expenses","0038649-0069",""
"C00371203","JOHN CARTER FOR CONGRESS","H2TX31044","CARTER, JOHN R REP.","2026","H","TX","31","17","http://docquery.fec.gov/cgi-bin/fecimg/?202602199834770988","","H-E-B","603 LOUIS HENNA BLVD","","ROUND ROCK","TX","786647186","2026-01-05","$34.84","EVENT - SUPPLIES","X","MEMO","003","Solicitation and Fundraising Expenses ","0038649-0070",""
"C00371203","JOHN CARTER FOR CONGRESS","H2TX31044","CARTER, JOHN R REP.","2026","H","TX","31","17","http://docquery.fec.gov/cgi-bin/fecimg/?202602199834770988","","CHASE - CARD MEMBER SERVICES","PO BOX 6294","","CAROL STREAM","IL","601976294","2026-01-05","$40.00","MERCHANT SERVICE FEE","X","MEMO","001","Administrative/Salary/Overhead Expenses ","0038649-0071",""
"C00371203","JOHN CARTER FOR CONGRESS","H2TX31044","CARTER, JOHN R REP.","2026","H","TX","31","17","http://docquery.fec.gov/cgi-bin/fecimg/?202602199834770989","","CHASE - CARD MEMBER SERVICES","PO BOX 6294","","CAROL STREAM","IL","601976294","2026-01-05","$890.34","MERCHANT SERVICE FEE","X","MEMO","001","Administrative/Salary/Overhead Expenses ","0038649-0072",""
"C00371203","JOHN CARTER FOR CONGRESS","H2TX31044","CARTER, JOHN R REP.","2026","H","TX","31","17","http://docquery.fec.gov/cgi-bin/fecimg/?202602199834770989","","TEXAS DOMAIN DIRECTORY","PO BOX 1220","","HENDERSONVILLE","NC","287931220","2026-01-05","$34.00","OFFICE SUPPLIES","X","MEMO","001","Administrative/Salary/Overhead Expenses ","0038649-0073",""
"C00371203","JOHN CARTER FOR CONGRESS","H2TX31044","CARTER, JOHN R REP.","2026","H","TX","31","17","http://docquery.fec.gov/cgi-bin/fecimg/?202602199834770989","","APPLE.COM","ONE APPLE PARK WAY","","CUPERTINO","CA","95014","2026-01-05","$10.81","IT SERVICES","X","MEMO","001","Administrative/Salary/Overhead Expenses ","0038649-0074",""
"C00371203","JOHN CARTER FOR CONGRESS","H2TX31044","CARTER, JOHN R REP.","2026","H","TX","31","17","http://docquery.fec.gov/cgi-bin/fecimg/?202602199834770990","","H-E-B","603 LOUIS HENNA BLVD","","ROUND ROCK","TX","786647186","2026-01-05","$216.62","MEETING - FOOD & BEVERAGE","X","MEMO","007","Campaign Event Expenses","0038649-0075",""
"C00371203","JOHN CARTER FOR CONGRESS","H2TX31044","CARTER, JOHN R REP.","2026","H","TX","31","17","http://docquery.fec.gov/cgi-bin/fecimg/?202602199834770990","","WILLIAMSON COUNTY REPUBLICAN PARTY","716 ROCK STREET","","GEORGETOWN","TX","78626","2026-01-05","$4,164.84","EVENT - TICKET/SPONSORSHIP","X","MEMO","003","Solicitation and Fundraising Expenses ","0038649-0076",""
"C00371203","JOHN CARTER FOR CONGRESS","H2TX31044","CARTER, JOHN R REP.","2026","H","TX","31","17","http://docquery.fec.gov/cgi-bin/fecimg/?202602199834770990","","CHASE - CARD MEMBER SERVICES","PO BOX 6294","","CAROL STREAM","IL","601976294","2026-01-05","$911.59","MERCHANT SERVICE FEE","X","MEMO","001","Administrative/Salary/Overhead Expenses ","0038649-0077",""
"C00371203","JOHN CARTER FOR CONGRESS","H2TX31044","CARTER, JOHN R REP.","2026","H","TX","31","17","http://docquery.fec.gov/cgi-bin/fecimg/?202602199834770991","","CHASE - CARD MEMBER SERVICES","PO BOX 6294","","CAROL STREAM","IL","601976294","2026-01-05","$1,006.98","MERCHANT SERVICE FEE","X","MEMO","001","Administrative/Salary/Overhead Expenses ","0038649-0078",""
"C00371203","JOHN CARTER FOR CONGRESS","H2TX31044","CARTER, JOHN R REP.","2026","H","TX","31","17","http://docquery.fec.gov/cgi-bin/fecimg/?202602199834770991","","HOME DEPOT","2551 S INTERSTATE 35","","ROUND ROCK","TX","786647314","2026-01-05","$2,635.56","EVENT - SUPPLIES","X","MEMO","003","Solicitation and Fundraising Expenses ","0038649-0079",""
"C00371203","JOHN CARTER FOR CONGRESS","H2TX31044","CARTER, JOHN R REP.","2026","H","TX","31","17","http://docquery.fec.gov/cgi-bin/fecimg/?202602199834770991","","CHASE - CARD MEMBER SERVICES","PO BOX 6294","","CAROL STREAM","IL","601976294","2026-01-05","$550.00","MERCHANT SERVICE FEE","X","MEMO","001","Administrative/Salary/Overhead Expenses ","0038649-0080",""
"C00371203","JOHN CARTER FOR CONGRESS","H2TX31044","CARTER, JOHN R REP.","2026","H","TX","31","17","http://docquery.fec.gov/cgi-bin/fecimg/?202602199834770992","","SOUTHWEST AIRLINE","8008 CEDAR SPRINGS RD","","DALLAS","TX","752352852","2026-01-05","$900.00","TRAVEL - AIRFARE","X","MEMO","002","Travel Expenses","0038649-0081",""
"C00371203","JOHN CARTER FOR CONGRESS","H2TX31044","CARTER, JOHN R REP.","2026","H","TX","31","17","http://docquery.fec.gov/cgi-bin/fecimg/?202602199834770992","","CVS PHARMACY","1855 GATTIS SCHOOL RD","","ROUND ROCK","TX","786647428","2026-01-05","$515.14","CONSTITUENT GIFTS","X","MEMO","001","Administrative/Salary/Overhead Expenses ","0038649-0082",""
"C00371203","JOHN CARTER FOR CONGRESS","H2TX31044","CARTER, JOHN R REP.","2026","H","TX","31","17","http://docquery.fec.gov/cgi-bin/fecimg/?202504159755641722","","HOMEWOOD SUITES","1025 ELM ST","","DALLAS","TX","752023113","2025-01-16","$418.01","TRAVEL - LODGING","X","MEMO","002","Travel Expenses","0038309-0107",""
"C00371203","JOHN CARTER FOR CONGRESS","H2TX31044","CARTER, JOHN R REP.","2026","H","TX","31","17","http://docquery.fec.gov/cgi-bin/fecimg/?202504159755641722","","THE UPS STORE","4500 WILLIAMS DR","","GEORGETOWN","TX","786331332","2025-01-16","$12.00","SHIPPING CHARGES","X","MEMO","001","Administrative/Salary/Overhead Expenses ","0038309-0111",""
"C00371203","JOHN CARTER FOR CONGRESS","H2TX31044","CARTER, JOHN R REP.","2026","H","TX","31","17","http://docquery.fec.gov/cgi-bin/fecimg/?202504159755641722","","H-E-B","603 LOUIS HENNA BLVD","","ROUND ROCK","TX","786647186","2025-01-16","$81.16","MEETING - FOOD & BEVERAGE","X","MEMO","007","Campaign Event Expenses","0038309-0115",""
"C00371203","JOHN CARTER FOR CONGRESS","H2TX31044","CARTER, JOHN R REP.","2026","H","TX","31","17","http://docquery.fec.gov/cgi-bin/fecimg/?202504159755641723","","H-E-B","603 LOUIS HENNA BLVD","","ROUND ROCK","TX","786647186","2025-01-16","$50.34","MEETING - FOOD & BEVERAGE","X","MEMO","007","Campaign Event Expenses","0038309-0116",""
"C00371203","JOHN CARTER FOR CONGRESS","H2TX31044","CARTER, JOHN R REP.","2026","H","TX","31","17","http://docquery.fec.gov/cgi-bin/fecimg/?202504159755641723","","APPLE.COM","ONE APPLE PARK WAY","","CUPERTINO","CA","95014","2025-01-16","$8.49","IT SERVICES","X","MEMO","001","Administrative/Salary/Overhead Expenses ","0038309-0117",""
"C00371203","JOHN CARTER FOR CONGRESS","H2TX31044","CARTER, JOHN R REP.","2026","H","TX","31","17","http://docquery.fec.gov/cgi-bin/fecimg/?202504159755641723","","HOME DEPOT","2551 S INTERSTATE 35","","ROUND ROCK","TX","786647314","2025-01-16","$284.05","EVENT - SUPPLIES","X","MEMO","003","Solicitation and Fundraising Expenses ","0038309-0118",""
"C00371203","JOHN CARTER FOR CONGRESS","H2TX31044","CARTER, JOHN R REP.","2026","H","TX","31","17","http://docquery.fec.gov/cgi-bin/fecimg/?202504159755641724","","SUDS DELUXE CAR WASH","2991 FM1460","","GEORGETOWN","TX","78626","2025-01-16","$99.97","CAMPAIGN VEHICLE MAINTENANCE","X","MEMO","001","Administrative/Salary/Overhead Expenses ","0038309-0119",""
"C00371203","JOHN CARTER FOR CONGRESS","H2TX31044","CARTER, JOHN R REP.","2026","H","TX","31","17","http://docquery.fec.gov/cgi-bin/fecimg/?202504159755641724","","APPLE.COM","ONE APPLE PARK WAY","","CUPERTINO","CA","95014","2025-01-16","$2.99","IT SERVICES","X","MEMO","001","Administrative/Salary/Overhead Expenses ","0038309-0122",""
