com_id,com_nam,can_id,can_nam,ele_yea,can_off,can_off_sta,can_off_dis,lin_num,lin_ima,rec_com_id,rec_nam,rec_str1,rec_str2,rec_cit,rec_sta,rec_zip,dis_dat,dis_amo,dis_pur_des,mem_cod,mem_tex,cat_cod,cat_des,tra_id,bac_ref_id
"C00843003","JULIE JOHNSON FOR CONGRESS","H4TX32089","JOHNSON, JULIE","2026","H","TX","33","17","http://docquery.fec.gov/cgi-bin/fecimg/?202504159755804185","","CAMPAIGN VERIFY","8605 WESTWOOD CENTER DR","STE 505","VIENNA","VA","221822231","2025-03-07","$95.00","SOFTWARE","X","*","","","500160656","500159431"
"C00843003","JULIE JOHNSON FOR CONGRESS","H4TX32089","JOHNSON, JULIE","2026","H","TX","33","17","http://docquery.fec.gov/cgi-bin/fecimg/?202504159755804198","","GO DADDY","14455 N HAYDEN RD","STE 219","SCOTTSDALE","AZ","852606993","2025-03-06","$1,205.12","WEB DOMAINS","X","*","","","500159437","500159429"
"C00843003","JULIE JOHNSON FOR CONGRESS","H4TX32089","JOHNSON, JULIE","2026","H","TX","33","17","http://docquery.fec.gov/cgi-bin/fecimg/?202504159755804198","","ROLLA GROUP LLC","211 S ST NW","","WASHINGTON","DC","200011832","2025-01-24","$10,000.00","FUNDRAISING CONSULTING","","","","","500158463",""
"C00843003","JULIE JOHNSON FOR CONGRESS","H4TX32089","JOHNSON, JULIE","2026","H","TX","33","17","http://docquery.fec.gov/cgi-bin/fecimg/?202504159755804178","","OLD EBBIT GRILL","675 15TH ST NW","","WASHINGTON","DC","200055702","2025-01-07","$169.37","MEALS","X","*","","","500158017","500157415"
"C00843003","JULIE JOHNSON FOR CONGRESS","H4TX32089","JOHNSON, JULIE","2026","H","TX","33","17","http://docquery.fec.gov/cgi-bin/fecimg/?202504159755804198","","ROLLA GROUP LLC","211 S ST NW","","WASHINGTON","DC","200011832","2025-03-05","$10,000.00","FUNDRAISING CONSULTING","","","","","500159195",""
"C00843003","JULIE JOHNSON FOR CONGRESS","H4TX32089","JOHNSON, JULIE","2026","H","TX","33","17","http://docquery.fec.gov/cgi-bin/fecimg/?202504159755804199","","ROOT & STEM","2941 FAIRVIEW PARK DR","STE 110","FALLS CHURCH","VA","220424526","2025-01-10","$2,573.15","CATERING","","","","","500158008",""
"C00843003","JULIE JOHNSON FOR CONGRESS","H4TX32089","JOHNSON, JULIE","2026","H","TX","33","17","http://docquery.fec.gov/cgi-bin/fecimg/?202504159755804185","","CAVA","3644 KING ST","","ALEXANDRIA","VA","223021908","2025-03-07","$2,005.70","CATERING","X","*","","","500160657","500159431"
"C00843003","JULIE JOHNSON FOR CONGRESS","H4TX32089","JOHNSON, JULIE","2026","H","TX","33","17","http://docquery.fec.gov/cgi-bin/fecimg/?202504159755804186","","THE FAITH AND POLITICS INSTITUTE","110 MARYLAND AVE NE","STE 504","WASHINGTON","DC","200025620","2025-03-07","$2,990.00","TRAVEL, MEALS, & EVENT MATERIALS","X","*","","","500160658","500159431"
"C00843003","JULIE JOHNSON FOR CONGRESS","H4TX32089","JOHNSON, JULIE","2026","H","TX","33","17","http://docquery.fec.gov/cgi-bin/fecimg/?202504159755804186","","THE FAITH AND POLITICS INSTITUTE","110 MARYLAND AVE NE","STE 504","WASHINGTON","DC","200025620","2025-03-07","-$2,200.00","TRAVEL, MEALS, & EVENT MATERIALS - CREDIT","X","*","","","500160664","500159431"
"C00843003","JULIE JOHNSON FOR CONGRESS","H4TX32089","JOHNSON, JULIE","2026","H","TX","33","17","http://docquery.fec.gov/cgi-bin/fecimg/?202504159755804186","","WHITEPAGES","1301 5TH AVE","STE 1600","SEATTLE","WA","981012625","2025-03-07","$10.63","SUBSCRIPTION","X","*","","","500160659","500159431"
"C00843003","JULIE JOHNSON FOR CONGRESS","H4TX32089","JOHNSON, JULIE","2026","H","TX","33","17","http://docquery.fec.gov/cgi-bin/fecimg/?202504159755804187","","WHITEPAGES","1301 5TH AVE","STE 1600","SEATTLE","WA","981012625","2025-03-07","$35.10","SUBSCRIPTION","X","*","","","500160661","500159431"
"C00843003","JULIE JOHNSON FOR CONGRESS","H4TX32089","JOHNSON, JULIE","2026","H","TX","33","17","http://docquery.fec.gov/cgi-bin/fecimg/?202504159755804187","","AMERICAN EXPRESS","200 VESEY ST","","NEW YORK","NY","102851000","2025-03-27","$4,852.14","CREDIT CARD PAYMENT","","","","","500159725",""
"C00843003","JULIE JOHNSON FOR CONGRESS","H4TX32089","JOHNSON, JULIE","2026","H","TX","33","17","http://docquery.fec.gov/cgi-bin/fecimg/?202504159755804187","","CAMPAIGN VERIFY","8605 WESTWOOD CENTER DR","STE 505","VIENNA","VA","221822231","2025-03-27","$95.00","SOFTWARE","X","*","","","500160666","500159725"
"C00843003","JULIE JOHNSON FOR CONGRESS","H4TX32089","JOHNSON, JULIE","2026","H","TX","33","17","http://docquery.fec.gov/cgi-bin/fecimg/?202504159755804197","","LEAVEN STRATEGIES GROUP, LLC","205 CIMARRON TRL","APT 5","IRVING","TX","750638584","2025-02-27","$7,000.00","FUNDRAISING & COMMUNICATIONS CONSULTING","","","","","500159135",""
"C00843003","JULIE JOHNSON FOR CONGRESS","H4TX32089","JOHNSON, JULIE","2026","H","TX","33","17","http://docquery.fec.gov/cgi-bin/fecimg/?202504159755804197","","NGP VAN","655 15TH ST NW","STE 850","WASHINGTON","DC","200055701","2025-03-06","$5,836.35","SOFTWARE","","","","","500159192",""
"C00843003","JULIE JOHNSON FOR CONGRESS","H4TX32089","JOHNSON, JULIE","2026","H","TX","33","17","http://docquery.fec.gov/cgi-bin/fecimg/?202504159755804197","","ROE, CHELSEA LEIGH","205 CIMARRON TRL","APT 5","IRVING","TX","750638584","2025-03-06","$1,205.12","REIMBURSEMENT - WEB DOMAINS","","","","","500159429",""
"C00843003","JULIE JOHNSON FOR CONGRESS","H4TX32089","JOHNSON, JULIE","2026","H","TX","33","17","http://docquery.fec.gov/cgi-bin/fecimg/?202504159755804188","","CARUSO'S GROCERY","1401 PENNSYLVANIA AVE SE","","WASHINGTON","DC","200034939","2025-03-27","$376.00","CATERING","X","*","","","500160669","500159725"
"C00843003","JULIE JOHNSON FOR CONGRESS","H4TX32089","JOHNSON, JULIE","2026","H","TX","33","17","http://docquery.fec.gov/cgi-bin/fecimg/?202504159755804188","","FEDEX OFFICE PRINT & SHIP CENTER","3875 AIRWAYS BLVD","","MEMPHIS","TN","381165070","2025-03-27","$60.41","PRINTING","X","*","","","500160665","500159725"
"C00843003","JULIE JOHNSON FOR CONGRESS","H4TX32089","JOHNSON, JULIE","2026","H","TX","33","17","http://docquery.fec.gov/cgi-bin/fecimg/?202504159755804188","","LANSDOWNE RESORT","44050 WOODRIDGE PKWY","","LEESBURG","VA","201765103","2025-03-27","$2,075.00","EVENT ENTRY & LODGING","X","*","","","500160667","500159725"
"C00843003","JULIE JOHNSON FOR CONGRESS","H4TX32089","JOHNSON, JULIE","2026","H","TX","33","17","http://docquery.fec.gov/cgi-bin/fecimg/?202504159755804189","","THE FAITH AND POLITICS INSTITUTE","110 MARYLAND AVE NE","STE 504","WASHINGTON","DC","200025620","2025-03-27","$2,200.00","TRAVEL, MEALS, & EVENT MATERIALS","X","*","","","500160671","500159725"
"C00843003","JULIE JOHNSON FOR CONGRESS","H4TX32089","JOHNSON, JULIE","2026","H","TX","33","17","http://docquery.fec.gov/cgi-bin/fecimg/?202504159755804189","","WHITEPAGES","1301 5TH AVE","STE 1600","SEATTLE","WA","981012625","2025-03-27","$10.63","SUBSCRIPTION","X","*","","","500160668","500159725"
"C00843003","JULIE JOHNSON FOR CONGRESS","H4TX32089","JOHNSON, JULIE","2026","H","TX","33","17","http://docquery.fec.gov/cgi-bin/fecimg/?202504159755804189","","WHITEPAGES","1301 5TH AVE","STE 1600","SEATTLE","WA","981012625","2025-03-27","$35.10","SUBSCRIPTION","X","*","","","500160670","500159725"
"C00843003","JULIE JOHNSON FOR CONGRESS","H4TX32089","JOHNSON, JULIE","2026","H","TX","33","17","http://docquery.fec.gov/cgi-bin/fecimg/?202504159755804172","","ACTBLUE TECHNICAL SERVICES","PO BOX 441146","","WEST SOMERVILLE","MA","021440031","2025-01-05","$18.04","CREDIT CARD PROCESSING FEES","","","","","500157398",""
"C00843003","JULIE JOHNSON FOR CONGRESS","H4TX32089","JOHNSON, JULIE","2026","H","TX","33","17","http://docquery.fec.gov/cgi-bin/fecimg/?202504159755804172","","ACTBLUE TECHNICAL SERVICES","PO BOX 441146","","WEST SOMERVILLE","MA","021440031","2025-01-12","$8.18","CREDIT CARD PROCESSING FEES","","","","","500158018",""
"C00843003","JULIE JOHNSON FOR CONGRESS","H4TX32089","JOHNSON, JULIE","2026","H","TX","33","17","http://docquery.fec.gov/cgi-bin/fecimg/?202504159755804172","","ACTBLUE TECHNICAL SERVICES","PO BOX 441146","","WEST SOMERVILLE","MA","021440031","2025-01-19","$27.38","CREDIT CARD PROCESSING FEES","","","","","500158261",""
"C00843003","JULIE JOHNSON FOR CONGRESS","H4TX32089","JOHNSON, JULIE","2026","H","TX","33","17","http://docquery.fec.gov/cgi-bin/fecimg/?202504159755804178","","WHITEPAGES","1301 5TH AVE","STE 1600","SEATTLE","WA","981012625","2025-01-07","$35.10","SUBSCRIPTION","X","*","","","500158015","500157415"
"C00843003","JULIE JOHNSON FOR CONGRESS","H4TX32089","JOHNSON, JULIE","2026","H","TX","33","17","http://docquery.fec.gov/cgi-bin/fecimg/?202504159755804178","","WHITEPAGES","1301 5TH AVE","STE 1600","SEATTLE","WA","981012625","2025-01-07","$10.63","SUBSCRIPTION","X","*","","","500158016","500157415"
"C00843003","JULIE JOHNSON FOR CONGRESS","H4TX32089","JOHNSON, JULIE","2026","H","TX","33","17","http://docquery.fec.gov/cgi-bin/fecimg/?202504159755804179","","AMERICAN EXPRESS","200 VESEY ST","","NEW YORK","NY","102851000","2025-01-24","$6,323.19","CREDIT CARD PAYMENT","","","","","500158464",""
"C00843003","JULIE JOHNSON FOR CONGRESS","H4TX32089","JOHNSON, JULIE","2026","H","TX","33","17","http://docquery.fec.gov/cgi-bin/fecimg/?202504159755804179","","AMA RESTAURANT","885 NEW JERSEY AVE SE","","WASHINGTON","DC","200033385","2025-01-24","$2,750.00","CATERING","X","*","","","500158467","500158464"
"C00843003","JULIE JOHNSON FOR CONGRESS","H4TX32089","JOHNSON, JULIE","2026","H","TX","33","17","http://docquery.fec.gov/cgi-bin/fecimg/?202504159755804179","","AMERICAN AIRLINES","1 SKYVIEW DR","","FORT WORTH","TX","761551801","2025-01-24","$328.18","TRAVEL","X","*","","","500158473","500158464"
"C00843003","JULIE JOHNSON FOR CONGRESS","H4TX32089","JOHNSON, JULIE","2026","H","TX","33","17","http://docquery.fec.gov/cgi-bin/fecimg/?202504159755804180","","AMERICAN AIRLINES","1 SKYVIEW DR","","FORT WORTH","TX","761551801","2025-01-24","$328.18","TRAVEL","X","*","","","500158474","500158464"
"C00843003","JULIE JOHNSON FOR CONGRESS","H4TX32089","JOHNSON, JULIE","2026","H","TX","33","17","http://docquery.fec.gov/cgi-bin/fecimg/?202504159755804180","","ROOT & STEM","2941 FAIRVIEW PARK DR","STE 110","FALLS CHURCH","VA","220424526","2025-01-24","$2,574.00","CATERING","X","*","","","500158468","500158464"
"C00843003","JULIE JOHNSON FOR CONGRESS","H4TX32089","JOHNSON, JULIE","2026","H","TX","33","17","http://docquery.fec.gov/cgi-bin/fecimg/?202504159755804180","","TARGET","13131 MONTFORT DR","","DALLAS","TX","752405112","2025-01-24","$297.13","OFFICE SUPPLIES","X","*","","","500158472","500158464"
"C00843003","JULIE JOHNSON FOR CONGRESS","H4TX32089","JOHNSON, JULIE","2026","H","TX","33","17","http://docquery.fec.gov/cgi-bin/fecimg/?202504159755804181","","WHITEPAGES","1301 5TH AVE","STE 1600","SEATTLE","WA","981012625","2025-01-24","$35.10","SUBSCRIPTION","X","*","","","500158465","500158464"
"C00843003","JULIE JOHNSON FOR CONGRESS","H4TX32089","JOHNSON, JULIE","2026","H","TX","33","17","http://docquery.fec.gov/cgi-bin/fecimg/?202504159755804181","","WHITEPAGES","1301 5TH AVE","STE 1600","SEATTLE","WA","981012625","2025-01-24","$10.63","SUBSCRIPTION","X","*","","","500158466","500158464"
"C00843003","JULIE JOHNSON FOR CONGRESS","H4TX32089","JOHNSON, JULIE","2026","H","TX","33","17","http://docquery.fec.gov/cgi-bin/fecimg/?202504159755804181","","AMERICAN EXPRESS","200 VESEY ST","","NEW YORK","NY","102851000","2025-03-07","$3,009.43","CREDIT CARD PAYMENT","","","","","500159431",""
"C00843003","JULIE JOHNSON FOR CONGRESS","H4TX32089","JOHNSON, JULIE","2026","H","TX","33","17","http://docquery.fec.gov/cgi-bin/fecimg/?202504159755804182","","AMAZON","1516 2ND AVE","","SEATTLE","WA","981011543","2025-03-07","$13.99","OFFICE EQUIPMENT","X","*","","","500160649","500159431"
"C00843003","JULIE JOHNSON FOR CONGRESS","H4TX32089","JOHNSON, JULIE","2026","H","TX","33","17","http://docquery.fec.gov/cgi-bin/fecimg/?202504159755804182","","AMAZON","1516 2ND AVE","","SEATTLE","WA","981011543","2025-03-07","$5.00","OFFICE EQUIPMENT","X","*","","","500160650","500159431"
"C00843003","JULIE JOHNSON FOR CONGRESS","H4TX32089","JOHNSON, JULIE","2026","H","TX","33","17","http://docquery.fec.gov/cgi-bin/fecimg/?202504159755804182","","AMAZON","1516 2ND AVE","","SEATTLE","WA","981011543","2025-03-07","$60.39","OFFICE EQUIPMENT","X","*","","","500160651","500159431"
"C00843003","JULIE JOHNSON FOR CONGRESS","H4TX32089","JOHNSON, JULIE","2026","H","TX","33","17","http://docquery.fec.gov/cgi-bin/fecimg/?202504159755804183","","AMAZON","1516 2ND AVE","","SEATTLE","WA","981011543","2025-03-07","$16.99","OFFICE EQUIPMENT","X","*","","","500160652","500159431"
"C00843003","JULIE JOHNSON FOR CONGRESS","H4TX32089","JOHNSON, JULIE","2026","H","TX","33","17","http://docquery.fec.gov/cgi-bin/fecimg/?202504159755804183","","AMAZON","1516 2ND AVE","","SEATTLE","WA","981011543","2025-03-07","$26.99","OFFICE EQUIPMENT","X","*","","","500160653","500159431"
"C00843003","JULIE JOHNSON FOR CONGRESS","H4TX32089","JOHNSON, JULIE","2026","H","TX","33","17","http://docquery.fec.gov/cgi-bin/fecimg/?202504159755804183","","AMAZON","1516 2ND AVE","","SEATTLE","WA","981011543","2025-03-07","$29.76","OFFICE EQUIPMENT","X","*","","","500160654","500159431"
"C00843003","JULIE JOHNSON FOR CONGRESS","H4TX32089","JOHNSON, JULIE","2026","H","TX","33","17","http://docquery.fec.gov/cgi-bin/fecimg/?202504159755804184","","AMAZON","1516 2ND AVE","","SEATTLE","WA","981011543","2025-03-07","$150.75","OFFICE EQUIPMENT","X","*","","","500160655","500159431"
"C00843003","JULIE JOHNSON FOR CONGRESS","H4TX32089","JOHNSON, JULIE","2026","H","TX","33","17","http://docquery.fec.gov/cgi-bin/fecimg/?202504159755804184","","AMERICAN AIRLINES","1 SKYVIEW DR","","FORT WORTH","TX","761551801","2025-03-07","$425.49","TRAVEL","X","*","","","500160660","500159431"
"C00843003","JULIE JOHNSON FOR CONGRESS","H4TX32089","JOHNSON, JULIE","2026","H","TX","33","17","http://docquery.fec.gov/cgi-bin/fecimg/?202504159755804184","","AMERICAN AIRLINES","1 SKYVIEW DR","","FORT WORTH","TX","761551801","2025-03-07","-$328.18","TRAVEL - CREDIT","X","*","","","500160662","500159431"
"C00843003","JULIE JOHNSON FOR CONGRESS","H4TX32089","JOHNSON, JULIE","2026","H","TX","33","17","http://docquery.fec.gov/cgi-bin/fecimg/?202504159755804185","","AMERICAN AIRLINES","1 SKYVIEW DR","","FORT WORTH","TX","761551801","2025-03-07","-$328.18","TRAVEL - CREDIT","X","*","","","500160663","500159431"
"C00843003","JULIE JOHNSON FOR CONGRESS","H4TX32089","JOHNSON, JULIE","2026","H","TX","33","17","http://docquery.fec.gov/cgi-bin/fecimg/?202504159755804199","","SANDLER REIFF LAMB ROSENSTEIN & BIRKENSTOCK P.C.","1090 VERMONT AVE NW","STE 750","WASHINGTON","DC","200054970","2025-01-16","$320.00","LEGAL SERVICES","","","","","500158446",""
"C00843003","JULIE JOHNSON FOR CONGRESS","H4TX32089","JOHNSON, JULIE","2026","H","TX","33","21","http://docquery.fec.gov/cgi-bin/fecimg/?202504159755804200","","AMERICAN EXPRESS","200 VESEY ST","","NEW YORK","NY","102851000","2025-03-28","$10,000.00","CREDIT CARD PAYMENT","","","","","500160589",""
"C00843003","JULIE JOHNSON FOR CONGRESS","H4TX32089","JOHNSON, JULIE","2026","H","TX","33","21","http://docquery.fec.gov/cgi-bin/fecimg/?202504159755804200","C00000935","DCCC","430 S CAPITOL ST SE","FL 2","WASHINGTON","DC","200034024","2025-03-27","$10,000.00","POLITICAL CONTRIBUTION - UNLIMITED TRANSFER","X","*","","","500160672","500160589"
"C00843003","JULIE JOHNSON FOR CONGRESS","H4TX32089","JOHNSON, JULIE","2026","H","TX","33","21","http://docquery.fec.gov/cgi-bin/fecimg/?202504159755804200","C00000935","DCCC","430 S CAPITOL ST SE","FL 2","WASHINGTON","DC","200034024","2025-01-22","$10,000.00","POLITICAL CONTRIBUTION - UNLIMITED TRANSFER","","","","","500158447",""
"C00843003","JULIE JOHNSON FOR CONGRESS","H4TX32089","JOHNSON, JULIE","2026","H","TX","33","17","http://docquery.fec.gov/cgi-bin/fecimg/?202504159755804173","","ACTBLUE TECHNICAL SERVICES","PO BOX 441146","","WEST SOMERVILLE","MA","021440031","2025-01-26","$25.62","CREDIT CARD PROCESSING FEES","","","","","500158491",""
"C00843003","JULIE JOHNSON FOR CONGRESS","H4TX32089","JOHNSON, JULIE","2026","H","TX","33","17","http://docquery.fec.gov/cgi-bin/fecimg/?202504159755804173","","ACTBLUE TECHNICAL SERVICES","PO BOX 441146","","WEST SOMERVILLE","MA","021440031","2025-02-02","$291.86","CREDIT CARD PROCESSING FEES","","","","","500158643",""
"C00843003","JULIE JOHNSON FOR CONGRESS","H4TX32089","JOHNSON, JULIE","2026","H","TX","33","17","http://docquery.fec.gov/cgi-bin/fecimg/?202504159755804173","","ACTBLUE TECHNICAL SERVICES","PO BOX 441146","","WEST SOMERVILLE","MA","021440031","2025-02-09","$66.71","CREDIT CARD PROCESSING FEES","","","","","500158861",""
"C00843003","JULIE JOHNSON FOR CONGRESS","H4TX32089","JOHNSON, JULIE","2026","H","TX","33","17","http://docquery.fec.gov/cgi-bin/fecimg/?202504159755804174","","ACTBLUE TECHNICAL SERVICES","PO BOX 441146","","WEST SOMERVILLE","MA","021440031","2025-02-16","$322.94","CREDIT CARD PROCESSING FEES","","","","","500159036",""
"C00843003","JULIE JOHNSON FOR CONGRESS","H4TX32089","JOHNSON, JULIE","2026","H","TX","33","17","http://docquery.fec.gov/cgi-bin/fecimg/?202504159755804190","","BEE COMPLIANCE LLC","611 PENNSYLVANIA AVE SE","# 192","WASHINGTON","DC","200034303","2025-01-09","$3,000.00","COMPLIANCE CONSULTING","","","","","500158012",""
"C00843003","JULIE JOHNSON FOR CONGRESS","H4TX32089","JOHNSON, JULIE","2026","H","TX","33","17","http://docquery.fec.gov/cgi-bin/fecimg/?202504159755804190","","BEE COMPLIANCE LLC","611 PENNSYLVANIA AVE SE","# 192","WASHINGTON","DC","200034303","2025-02-12","$4,020.14","COMPLIANCE CONSULTING","","","","","500158949",""
"C00843003","JULIE JOHNSON FOR CONGRESS","H4TX32089","JOHNSON, JULIE","2026","H","TX","33","17","http://docquery.fec.gov/cgi-bin/fecimg/?202504159755804190","","BEE COMPLIANCE LLC","611 PENNSYLVANIA AVE SE","# 192","WASHINGTON","DC","200034303","2025-03-12","$3,000.00","COMPLIANCE CONSULTING","","","","","500159430",""
"C00843003","JULIE JOHNSON FOR CONGRESS","H4TX32089","JOHNSON, JULIE","2026","H","TX","33","17","http://docquery.fec.gov/cgi-bin/fecimg/?202504159755804191","","COMPETE DIGITAL LLC","1317 POTOMAC AVE SE","","WASHINGTON","DC","200034411","2025-01-08","$4,000.00","DIGITAL CONSULTING","","","","","500158013",""
"C00843003","JULIE JOHNSON FOR CONGRESS","H4TX32089","JOHNSON, JULIE","2026","H","TX","33","17","http://docquery.fec.gov/cgi-bin/fecimg/?202504159755804191","","COMPETE DIGITAL LLC","1317 POTOMAC AVE SE","","WASHINGTON","DC","200034411","2025-01-29","$4,000.00","DIGITAL CONSULTING","","","","","500158622",""
"C00843003","JULIE JOHNSON FOR CONGRESS","H4TX32089","JOHNSON, JULIE","2026","H","TX","33","17","http://docquery.fec.gov/cgi-bin/fecimg/?202504159755804191","","COMPETE DIGITAL LLC","1317 POTOMAC AVE SE","","WASHINGTON","DC","200034411","2025-03-05","$4,000.00","DIGITAL CONSULTING","","","","","500159194",""
"C00843003","JULIE JOHNSON FOR CONGRESS","H4TX32089","JOHNSON, JULIE","2026","H","TX","33","17","http://docquery.fec.gov/cgi-bin/fecimg/?202504159755804192","","COMPETE DIGITAL LLC","1317 POTOMAC AVE SE","","WASHINGTON","DC","200034411","2025-03-05","$359.00","TEXTING","","","","","500159196",""
"C00843003","JULIE JOHNSON FOR CONGRESS","H4TX32089","JOHNSON, JULIE","2026","H","TX","33","17","http://docquery.fec.gov/cgi-bin/fecimg/?202504159755804192","","FIELD WINS LLC","PO BOX 815581","","DALLAS","TX","753815581","2025-01-29","$4,167.00","CAMPAIGN MANAGEMENT CONSULTING","","","","","500158624",""
"C00843003","JULIE JOHNSON FOR CONGRESS","H4TX32089","JOHNSON, JULIE","2026","H","TX","33","17","http://docquery.fec.gov/cgi-bin/fecimg/?202504159755804192","","FIELD WINS LLC","PO BOX 815581","","DALLAS","TX","753815581","2025-02-27","$4,167.00","CAMPAIGN MANAGEMENT CONSULTING","","","","","500159136",""
"C00843003","JULIE JOHNSON FOR CONGRESS","H4TX32089","JOHNSON, JULIE","2026","H","TX","33","17","http://docquery.fec.gov/cgi-bin/fecimg/?202504159755804193","","FIELD WINS LLC","PO BOX 815581","","DALLAS","TX","753815581","2025-03-28","$4,167.00","CAMPAIGN MANAGEMENT CONSULTING","","","","","500160590",""
"C00843003","JULIE JOHNSON FOR CONGRESS","H4TX32089","JOHNSON, JULIE","2026","H","TX","33","17","http://docquery.fec.gov/cgi-bin/fecimg/?202504159755804193","","FONTAINEBLEAU","4441 COLLINS AVE","","MIAMI BEACH","FL","331403227","2025-02-10","$6,803.38","EVENT ENTRY & LODGING","","","","","500158876",""
"C00843003","JULIE JOHNSON FOR CONGRESS","H4TX32089","JOHNSON, JULIE","2026","H","TX","33","17","http://docquery.fec.gov/cgi-bin/fecimg/?202504159755804174","","ACTBLUE TECHNICAL SERVICES","PO BOX 441146","","WEST SOMERVILLE","MA","021440031","2025-02-23","$377.33","CREDIT CARD PROCESSING FEES","","","","","500159106",""
"C00843003","JULIE JOHNSON FOR CONGRESS","H4TX32089","JOHNSON, JULIE","2026","H","TX","33","17","http://docquery.fec.gov/cgi-bin/fecimg/?202504159755804174","","ACTBLUE TECHNICAL SERVICES","PO BOX 441146","","WEST SOMERVILLE","MA","021440031","2025-03-02","$381.98","CREDIT CARD PROCESSING FEES","","","","","500159177",""
"C00843003","JULIE JOHNSON FOR CONGRESS","H4TX32089","JOHNSON, JULIE","2026","H","TX","33","17","http://docquery.fec.gov/cgi-bin/fecimg/?202504159755804175","","ACTBLUE TECHNICAL SERVICES","PO BOX 441146","","WEST SOMERVILLE","MA","021440031","2025-03-09","$89.27","CREDIT CARD PROCESSING FEES","","","","","500159418",""
"C00843003","JULIE JOHNSON FOR CONGRESS","H4TX32089","JOHNSON, JULIE","2026","H","TX","33","17","http://docquery.fec.gov/cgi-bin/fecimg/?202504159755804175","","ACTBLUE TECHNICAL SERVICES","PO BOX 441146","","WEST SOMERVILLE","MA","021440031","2025-03-16","$36.72","CREDIT CARD PROCESSING FEES","","","","","500159594",""
"C00843003","JULIE JOHNSON FOR CONGRESS","H4TX32089","JOHNSON, JULIE","2026","H","TX","33","17","http://docquery.fec.gov/cgi-bin/fecimg/?202504159755804175","","ACTBLUE TECHNICAL SERVICES","PO BOX 441146","","WEST SOMERVILLE","MA","021440031","2025-03-23","$83.36","CREDIT CARD PROCESSING FEES","","","","","500159712",""
"C00843003","JULIE JOHNSON FOR CONGRESS","H4TX32089","JOHNSON, JULIE","2026","H","TX","33","17","http://docquery.fec.gov/cgi-bin/fecimg/?202504159755804176","","ACTBLUE TECHNICAL SERVICES","PO BOX 441146","","WEST SOMERVILLE","MA","021440031","2025-03-30","$142.99","CREDIT CARD PROCESSING FEES","","","","","500159730",""
"C00843003","JULIE JOHNSON FOR CONGRESS","H4TX32089","JOHNSON, JULIE","2026","H","TX","33","17","http://docquery.fec.gov/cgi-bin/fecimg/?202504159755804176","","ACTBLUE TECHNICAL SERVICES","PO BOX 441146","","WEST SOMERVILLE","MA","021440031","2025-03-31","$221.65","CREDIT CARD PROCESSING FEES","","","","","500160509",""
"C00843003","JULIE JOHNSON FOR CONGRESS","H4TX32089","JOHNSON, JULIE","2026","H","TX","33","17","http://docquery.fec.gov/cgi-bin/fecimg/?202504159755804176","","AMALGAMATED BANK","1825 K ST NW","","WASHINGTON","DC","200061202","2025-01-28","$18.60","BANK FEES","","","","","500158623",""
"C00843003","JULIE JOHNSON FOR CONGRESS","H4TX32089","JOHNSON, JULIE","2026","H","TX","33","17","http://docquery.fec.gov/cgi-bin/fecimg/?202504159755804177","","AMALGAMATED BANK","1825 K ST NW","","WASHINGTON","DC","200061202","2025-02-26","$96.00","BANK FEES","","","","","500159137",""
"C00843003","JULIE JOHNSON FOR CONGRESS","H4TX32089","JOHNSON, JULIE","2026","H","TX","33","17","http://docquery.fec.gov/cgi-bin/fecimg/?202504159755804177","","AMALGAMATED BANK","1825 K ST NW","","WASHINGTON","DC","200061202","2025-03-27","$80.25","BANK FEES","","","","","500159724",""
"C00843003","JULIE JOHNSON FOR CONGRESS","H4TX32089","JOHNSON, JULIE","2026","H","TX","33","17","http://docquery.fec.gov/cgi-bin/fecimg/?202504159755804177","","AMERICAN EXPRESS","200 VESEY ST","","NEW YORK","NY","102851000","2025-01-07","$215.10","CREDIT CARD PAYMENT","","","","","500157415",""
"C00843003","JULIE JOHNSON FOR CONGRESS","H4TX32089","JOHNSON, JULIE","2026","H","TX","33","17","http://docquery.fec.gov/cgi-bin/fecimg/?202504159755804193","","GOOGLE","1600 AMPHITHEATRE PKWY","","MOUNTAIN VIEW","CA","940431351","2025-01-02","$184.20","SOFTWARE","","","","","500157366",""
"C00843003","JULIE JOHNSON FOR CONGRESS","H4TX32089","JOHNSON, JULIE","2026","H","TX","33","17","http://docquery.fec.gov/cgi-bin/fecimg/?202504159755804194","","GOOGLE","1600 AMPHITHEATRE PKWY","","MOUNTAIN VIEW","CA","940431351","2025-01-02","$25.66","SOFTWARE","","","","","500157367",""
"C00843003","JULIE JOHNSON FOR CONGRESS","H4TX32089","JOHNSON, JULIE","2026","H","TX","33","17","http://docquery.fec.gov/cgi-bin/fecimg/?202504159755804194","","GOOGLE","1600 AMPHITHEATRE PKWY","","MOUNTAIN VIEW","CA","940431351","2025-02-03","$27.66","SOFTWARE","","","","","500158660",""
"C00843003","JULIE JOHNSON FOR CONGRESS","H4TX32089","JOHNSON, JULIE","2026","H","TX","33","17","http://docquery.fec.gov/cgi-bin/fecimg/?202504159755804194","","GOOGLE","1600 AMPHITHEATRE PKWY","","MOUNTAIN VIEW","CA","940431351","2025-02-03","$184.20","SOFTWARE","","","","","500158661",""
"C00843003","JULIE JOHNSON FOR CONGRESS","H4TX32089","JOHNSON, JULIE","2026","H","TX","33","17","http://docquery.fec.gov/cgi-bin/fecimg/?202504159755804195","","GOOGLE","1600 AMPHITHEATRE PKWY","","MOUNTAIN VIEW","CA","940431351","2025-03-03","$184.20","SOFTWARE","","","","","500159190",""
"C00843003","JULIE JOHNSON FOR CONGRESS","H4TX32089","JOHNSON, JULIE","2026","H","TX","33","17","http://docquery.fec.gov/cgi-bin/fecimg/?202504159755804195","","GOOGLE","1600 AMPHITHEATRE PKWY","","MOUNTAIN VIEW","CA","940431351","2025-03-03","$27.66","SOFTWARE","","","","","500159191",""
"C00843003","JULIE JOHNSON FOR CONGRESS","H4TX32089","JOHNSON, JULIE","2026","H","TX","33","17","http://docquery.fec.gov/cgi-bin/fecimg/?202504159755804195","","HUSTLE, INC.","251 KEARNY ST","STE 300","SAN FRANCISCO","CA","941084547","2025-01-14","$100.00","TEXTING SERVICES","","","","","500158011",""
"C00843003","JULIE JOHNSON FOR CONGRESS","H4TX32089","JOHNSON, JULIE","2026","H","TX","33","17","http://docquery.fec.gov/cgi-bin/fecimg/?202504159755804196","","HUSTLE, INC.","251 KEARNY ST","STE 300","SAN FRANCISCO","CA","941084547","2025-02-03","$110.76","TEXTING SERVICES","","","","","500158658",""
"C00843003","JULIE JOHNSON FOR CONGRESS","H4TX32089","JOHNSON, JULIE","2026","H","TX","33","17","http://docquery.fec.gov/cgi-bin/fecimg/?202504159755804196","","LEAVEN STRATEGIES GROUP, LLC","205 CIMARRON TRL","APT 5","IRVING","TX","750638584","2025-01-08","$2,500.00","FUNDRAISING & COMMUNICATIONS CONSULTING","","","","","500158014",""
"C00843003","JULIE JOHNSON FOR CONGRESS","H4TX32089","JOHNSON, JULIE","2026","H","TX","33","17","http://docquery.fec.gov/cgi-bin/fecimg/?202504159755804196","","LEAVEN STRATEGIES GROUP, LLC","205 CIMARRON TRL","APT 5","IRVING","TX","750638584","2025-02-03","$7,000.00","FUNDRAISING & COMMUNICATIONS CONSULTING","","","","","500158662",""
"C00843003","JULIE JOHNSON FOR CONGRESS","H4TX32089","JOHNSON, JULIE","2026","H","TX","33","17","http://docquery.fec.gov/cgi-bin/fecimg/?202510159791329687","","CANDELL, ELIZABETH","630 F ST NE","UNIT 1","WASHINGTON","DC","200025218","2025-08-27","$1,000.00","CAMPAIGN SCHEDULING SERVICES","","","","","500168822",""
"C00843003","JULIE JOHNSON FOR CONGRESS","H4TX32089","JOHNSON, JULIE","2026","H","TX","33","17","http://docquery.fec.gov/cgi-bin/fecimg/?202510159791329672","","AMALGAMATED BANK","1825 K ST NW","","WASHINGTON","DC","200061202","2025-07-29","$14.00","BANK FEES","","","","","500167812",""
"C00843003","JULIE JOHNSON FOR CONGRESS","H4TX32089","JOHNSON, JULIE","2026","H","TX","33","17","http://docquery.fec.gov/cgi-bin/fecimg/?202510159791329672","","AMALGAMATED BANK","1825 K ST NW","","WASHINGTON","DC","200061202","2025-08-28","$14.00","BANK FEES","","","","","500168826",""
"C00843003","JULIE JOHNSON FOR CONGRESS","H4TX32089","JOHNSON, JULIE","2026","H","TX","33","17","http://docquery.fec.gov/cgi-bin/fecimg/?202510159791329673","","AMALGAMATED BANK","1825 K ST NW","","WASHINGTON","DC","200061202","2025-08-28","$87.34","BANK FEES","","","","","500168827",""
"C00843003","JULIE JOHNSON FOR CONGRESS","H4TX32089","JOHNSON, JULIE","2026","H","TX","33","17","http://docquery.fec.gov/cgi-bin/fecimg/?202510159791329673","","AMALGAMATED BANK","1825 K ST NW","","WASHINGTON","DC","200061202","2025-09-26","$70.33","BANK FEES","","","","","500170676",""
"C00843003","JULIE JOHNSON FOR CONGRESS","H4TX32089","JOHNSON, JULIE","2026","H","TX","33","17","http://docquery.fec.gov/cgi-bin/fecimg/?202510159791329673","","AMALGAMATED BANK","1825 K ST NW","","WASHINGTON","DC","200061202","2025-09-26","$14.00","BANK FEES","","","","","500170776",""
"C00843003","JULIE JOHNSON FOR CONGRESS","H4TX32089","JOHNSON, JULIE","2026","H","TX","33","17","http://docquery.fec.gov/cgi-bin/fecimg/?202510159791329674","","AMERICAN EXPRESS","200 VESEY ST","","NEW YORK","NY","102851000","2025-07-18","$2,437.44","CREDIT CARD PAYMENT","","","","","500167621",""
"C00843003","JULIE JOHNSON FOR CONGRESS","H4TX32089","JOHNSON, JULIE","2026","H","TX","33","17","http://docquery.fec.gov/cgi-bin/fecimg/?202510159791329674","","AMAZON","1516 2ND AVE","","SEATTLE","WA","981011543","2025-07-18","$46.52","VIDEO EQUIPMENT","X","*","","","500167675","500167621"
"C00843003","JULIE JOHNSON FOR CONGRESS","H4TX32089","JOHNSON, JULIE","2026","H","TX","33","17","http://docquery.fec.gov/cgi-bin/fecimg/?202510159791329674","","AMAZON","1516 2ND AVE","","SEATTLE","WA","981011543","2025-07-18","$1,059.77","VIDEO EQUIPMENT","X","*","","","500167676","500167621"
"C00843003","JULIE JOHNSON FOR CONGRESS","H4TX32089","JOHNSON, JULIE","2026","H","TX","33","17","http://docquery.fec.gov/cgi-bin/fecimg/?202510159791329675","","AMERICAN AIRLINES","1 SKYVIEW DR","","FORT WORTH","TX","761551801","2025-07-18","$462.76","TRAVEL","X","*","","","500167674","500167621"
"C00843003","JULIE JOHNSON FOR CONGRESS","H4TX32089","JOHNSON, JULIE","2026","H","TX","33","17","http://docquery.fec.gov/cgi-bin/fecimg/?202510159791329675","","ANDY'S PIZZA","808 V ST NW","","WASHINGTON","DC","200013007","2025-07-18","$241.94","MEALS","X","*","","","500167677","500167621"
"C00843003","JULIE JOHNSON FOR CONGRESS","H4TX32089","JOHNSON, JULIE","2026","H","TX","33","17","http://docquery.fec.gov/cgi-bin/fecimg/?202510159791329675","","CANVA","200 E 6TH ST","STE 200","AUSTIN","TX","787013631","2025-07-18","$42.50","PRINTING","X","*","","","500167679","500167621"
"C00843003","JULIE JOHNSON FOR CONGRESS","H4TX32089","JOHNSON, JULIE","2026","H","TX","33","17","http://docquery.fec.gov/cgi-bin/fecimg/?202510159791329676","","SQUARESPACE","225 VARICK ST","FL 12","NEW YORK","NY","100144383","2025-07-18","$294.22","WEBSITE HOSTING","X","*","","","500167678","500167621"
"C00843003","JULIE JOHNSON FOR CONGRESS","H4TX32089","JOHNSON, JULIE","2026","H","TX","33","17","http://docquery.fec.gov/cgi-bin/fecimg/?202510159791329676","","USPS","8300 N UNDERGROUND DR","","KANSAS CITY","MO","641629998","2025-07-18","$244.00","POSTAGE","X","*","","","500167680","500167621"
"C00843003","JULIE JOHNSON FOR CONGRESS","H4TX32089","JOHNSON, JULIE","2026","H","TX","33","17","http://docquery.fec.gov/cgi-bin/fecimg/?202510159791329676","","WHITEPAGES","1301 5TH AVE","STE 1600","SEATTLE","WA","981012625","2025-07-18","$10.63","SUBSCRIPTION","X","*","","","500167681","500167621"
"C00843003","JULIE JOHNSON FOR CONGRESS","H4TX32089","JOHNSON, JULIE","2026","H","TX","33","17","http://docquery.fec.gov/cgi-bin/fecimg/?202510159791329685","","WHITEPAGES","1301 5TH AVE","STE 1600","SEATTLE","WA","981012625","2025-08-28","$35.10","SUBSCRIPTION","X","*","","","500169396","500168828"
"C00843003","JULIE JOHNSON FOR CONGRESS","H4TX32089","JOHNSON, JULIE","2026","H","TX","33","17","http://docquery.fec.gov/cgi-bin/fecimg/?202510159791329685","","WHITEPAGES","1301 5TH AVE","STE 1600","SEATTLE","WA","981012625","2025-08-28","$10.63","SUBSCRIPTION","X","*","","","500169397","500168828"
"C00843003","JULIE JOHNSON FOR CONGRESS","H4TX32089","JOHNSON, JULIE","2026","H","TX","33","17","http://docquery.fec.gov/cgi-bin/fecimg/?202510159791329685","","BEE COMPLIANCE LLC","611 PENNSYLVANIA AVE SE","# 192","WASHINGTON","DC","200034303","2025-07-11","$3,000.00","COMPLIANCE CONSULTING","","","","","500166627",""
"C00843003","JULIE JOHNSON FOR CONGRESS","H4TX32089","JOHNSON, JULIE","2026","H","TX","33","17","http://docquery.fec.gov/cgi-bin/fecimg/?202510159791329686","","BEE COMPLIANCE LLC","611 PENNSYLVANIA AVE SE","# 192","WASHINGTON","DC","200034303","2025-07-11","$3,000.00","COMPLIANCE CONSULTING","","","","","500166628",""
"C00843003","JULIE JOHNSON FOR CONGRESS","H4TX32089","JOHNSON, JULIE","2026","H","TX","33","17","http://docquery.fec.gov/cgi-bin/fecimg/?202510159791329686","","BEE COMPLIANCE LLC","611 PENNSYLVANIA AVE SE","# 192","WASHINGTON","DC","200034303","2025-09-09","$1,000.00","COMPLIANCE CONSULTING","","","","","500170463",""
"C00843003","JULIE JOHNSON FOR CONGRESS","H4TX32089","JOHNSON, JULIE","2026","H","TX","33","17","http://docquery.fec.gov/cgi-bin/fecimg/?202510159791329686","","BEE COMPLIANCE LLC","611 PENNSYLVANIA AVE SE","# 192","WASHINGTON","DC","200034303","2025-09-09","$2,000.00","COMPLIANCE CONSULTING","","","","","500170464",""
"C00843003","JULIE JOHNSON FOR CONGRESS","H4TX32089","JOHNSON, JULIE","2026","H","TX","33","17","http://docquery.fec.gov/cgi-bin/fecimg/?202510159791329687","","CANDELL, ELIZABETH","630 F ST NE","UNIT 1","WASHINGTON","DC","200025218","2025-09-30","$1,000.00","CAMPAIGN SCHEDULING SERVICES","","","","","500170677",""
"C00843003","JULIE JOHNSON FOR CONGRESS","H4TX32089","JOHNSON, JULIE","2026","H","TX","33","17","http://docquery.fec.gov/cgi-bin/fecimg/?202510159791329688","","DEMOCRACY ENGINE LLC","416 FLORIDA AVE NW","UNIT 26418","WASHINGTON","DC","200010516","2025-08-07","$50.00","CREDIT CARD PROCESSING FEES","","","","","500167808",""
"C00843003","JULIE JOHNSON FOR CONGRESS","H4TX32089","JOHNSON, JULIE","2026","H","TX","33","17","http://docquery.fec.gov/cgi-bin/fecimg/?202510159791329688","","DEMOCRACY ENGINE LLC","416 FLORIDA AVE NW","UNIT 26418","WASHINGTON","DC","200010516","2025-08-14","$35.01","CREDIT CARD PROCESSING FEES","","","","","500167976",""
"C00843003","JULIE JOHNSON FOR CONGRESS","H4TX32089","JOHNSON, JULIE","2026","H","TX","33","17","http://docquery.fec.gov/cgi-bin/fecimg/?202510159791329688","","DEMOCRACY ENGINE LLC","416 FLORIDA AVE NW","UNIT 26418","WASHINGTON","DC","200010516","2025-08-14","$562.50","CREDIT CARD PROCESSING FEES","","","","","500167977",""
"C00843003","JULIE JOHNSON FOR CONGRESS","H4TX32089","JOHNSON, JULIE","2026","H","TX","33","17","http://docquery.fec.gov/cgi-bin/fecimg/?202510159791329689","","DEMOCRACY ENGINE LLC","416 FLORIDA AVE NW","UNIT 26418","WASHINGTON","DC","200010516","2025-08-21","$175.00","CREDIT CARD PROCESSING FEES","","","","","500168591",""
"C00843003","JULIE JOHNSON FOR CONGRESS","H4TX32089","JOHNSON, JULIE","2026","H","TX","33","17","http://docquery.fec.gov/cgi-bin/fecimg/?202510159791329689","","DEMOCRACY ENGINE LLC","416 FLORIDA AVE NW","UNIT 26418","WASHINGTON","DC","200010516","2025-08-28","$190.20","CREDIT CARD PROCESSING FEES","","","","","500168592",""
"C00843003","JULIE JOHNSON FOR CONGRESS","H4TX32089","JOHNSON, JULIE","2026","H","TX","33","17","http://docquery.fec.gov/cgi-bin/fecimg/?202510159791329689","","DEMOCRACY ENGINE LLC","416 FLORIDA AVE NW","UNIT 26418","WASHINGTON","DC","200010516","2025-09-11","$260.90","CREDIT CARD PROCESSING FEES","","","","","500170475",""
"C00843003","JULIE JOHNSON FOR CONGRESS","H4TX32089","JOHNSON, JULIE","2026","H","TX","33","17","http://docquery.fec.gov/cgi-bin/fecimg/?202510159791329690","","DEMOCRACY ENGINE LLC","416 FLORIDA AVE NW","UNIT 26418","WASHINGTON","DC","200010516","2025-09-18","$175.00","CREDIT CARD PROCESSING FEES","","","","","500170474",""
"C00843003","JULIE JOHNSON FOR CONGRESS","H4TX32089","JOHNSON, JULIE","2026","H","TX","33","17","http://docquery.fec.gov/cgi-bin/fecimg/?202510159791329690","","FIELD WINS LLC","PO BOX 815581","","DALLAS","TX","753815581","2025-07-29","$4,167.00","CAMPAIGN MANAGEMENT CONSULTING","","","","","500167495",""
"C00843003","JULIE JOHNSON FOR CONGRESS","H4TX32089","JOHNSON, JULIE","2026","H","TX","33","17","http://docquery.fec.gov/cgi-bin/fecimg/?202510159791329690","","FIELD WINS LLC","PO BOX 815581","","DALLAS","TX","753815581","2025-07-31","$324.00","WEBSITE SERVICES","","","","","500167616",""
"C00843003","JULIE JOHNSON FOR CONGRESS","H4TX32089","JOHNSON, JULIE","2026","H","TX","33","17","http://docquery.fec.gov/cgi-bin/fecimg/?202510159791329691","","FIELD WINS LLC","PO BOX 815581","","DALLAS","TX","753815581","2025-08-26","$4,167.00","CAMPAIGN MANAGEMENT CONSULTING","","","","","500168590",""
"C00843003","JULIE JOHNSON FOR CONGRESS","H4TX32089","JOHNSON, JULIE","2026","H","TX","33","17","http://docquery.fec.gov/cgi-bin/fecimg/?202510159791329697","","ROLLA GROUP LLC","211 S ST NW","","WASHINGTON","DC","200011832","2025-07-02","$10,000.00","FUNDRAISING CONSULTING","","","","","500165629",""
"C00843003","JULIE JOHNSON FOR CONGRESS","H4TX32089","JOHNSON, JULIE","2026","H","TX","33","17","http://docquery.fec.gov/cgi-bin/fecimg/?202510159791329697","","ROLLA GROUP LLC","211 S ST NW","","WASHINGTON","DC","200011832","2025-07-11","$2,701.04","REIMBURSEMENT - EVENT CATERING AND SPACE RENTAL","","","","","500166626",""
"C00843003","JULIE JOHNSON FOR CONGRESS","H4TX32089","JOHNSON, JULIE","2026","H","TX","33","17","http://docquery.fec.gov/cgi-bin/fecimg/?202510159791329697","","AMA RESTAURANT","885 NEW JERSEY AVE SE","","WASHINGTON","DC","200033385","2025-07-11","$2,000.00","EVENT CATERING AND SPACE RENTAL","X","*","","","500169393","500166626"
"C00843003","JULIE JOHNSON FOR CONGRESS","H4TX32089","JOHNSON, JULIE","2026","H","TX","33","17","http://docquery.fec.gov/cgi-bin/fecimg/?202510159791329698","","BEST ONE LIQUOR","332 FLORIDA AVE NW","","WASHINGTON","DC","20001","2025-07-11","$137.32","EVENT CATERING","X","*","","","500169394","500166626"
"C00843003","JULIE JOHNSON FOR CONGRESS","H4TX32089","JOHNSON, JULIE","2026","H","TX","33","17","http://docquery.fec.gov/cgi-bin/fecimg/?202510159791329698","","TATTE DC CATERING","1090 I ST NW","","WASHINGTON","DC","200015173","2025-07-11","$563.72","EVENT CATERING","X","*","","","500169395","500166626"
"C00843003","JULIE JOHNSON FOR CONGRESS","H4TX32089","JOHNSON, JULIE","2026","H","TX","33","17","http://docquery.fec.gov/cgi-bin/fecimg/?202510159791329677","","WHITEPAGES","1301 5TH AVE","STE 1600","SEATTLE","WA","981012625","2025-07-18","$35.10","SUBSCRIPTION","X","*","","","500167682","500167621"
"C00843003","JULIE JOHNSON FOR CONGRESS","H4TX32089","JOHNSON, JULIE","2026","H","TX","33","17","http://docquery.fec.gov/cgi-bin/fecimg/?202510159791329677","","AMERICAN EXPRESS","200 VESEY ST","","NEW YORK","NY","102851000","2025-08-28","$8,966.79","CREDIT CARD PAYMENT","","","","","500168828",""
"C00843003","JULIE JOHNSON FOR CONGRESS","H4TX32089","JOHNSON, JULIE","2026","H","TX","33","17","http://docquery.fec.gov/cgi-bin/fecimg/?202510159791329677","","ACE BEVERAGE","3301 NEW MEXICO AVE NW","","WASHINGTON","DC","200163622","2025-08-28","$99.20","MEALS","X","*","","","500169399","500168828"
"C00843003","JULIE JOHNSON FOR CONGRESS","H4TX32089","JOHNSON, JULIE","2026","H","TX","33","17","http://docquery.fec.gov/cgi-bin/fecimg/?202510159791329698","","ROLLA GROUP LLC","211 S ST NW","","WASHINGTON","DC","200011832","2025-08-04","$4,125.00","REIMBURSEMENT - EVENT CATERING","","","","","500167610",""
"C00843003","JULIE JOHNSON FOR CONGRESS","H4TX32089","JOHNSON, JULIE","2026","H","TX","33","17","http://docquery.fec.gov/cgi-bin/fecimg/?202510159791329699","","THE DUCK & THE PEACH","300 7TH ST SE","","WASHINGTON","DC","200032504","2025-08-04","$2,406.25","EVENT CATERING","X","*","","","500167815","500167610"
"C00843003","JULIE JOHNSON FOR CONGRESS","H4TX32089","JOHNSON, JULIE","2026","H","TX","33","17","http://docquery.fec.gov/cgi-bin/fecimg/?202510159791329699","","THE DUCK & THE PEACH","300 7TH ST SE","","WASHINGTON","DC","200032504","2025-08-04","$1,718.75","EVENT CATERING","X","*","","","500167816","500167610"
"C00843003","JULIE JOHNSON FOR CONGRESS","H4TX32089","JOHNSON, JULIE","2026","H","TX","33","17","http://docquery.fec.gov/cgi-bin/fecimg/?202510159791329699","","ROLLA GROUP LLC","211 S ST NW","","WASHINGTON","DC","200011832","2025-08-04","$5,000.00","FUNDRAISING SERVICES","","","","","500167814",""
"C00843003","JULIE JOHNSON FOR CONGRESS","H4TX32089","JOHNSON, JULIE","2026","H","TX","33","17","http://docquery.fec.gov/cgi-bin/fecimg/?202510159791329700","","SWITCHBOARD","PO BOX 33485","","WASHINGTON","DC","200330485","2025-08-21","$2,720.26","TEXTING","","","","","500168588",""
"C00843003","JULIE JOHNSON FOR CONGRESS","H4TX32089","JOHNSON, JULIE","2026","H","TX","33","17","http://docquery.fec.gov/cgi-bin/fecimg/?202510159791329700","","THE COOK POLITICAL REPORT","2311 WILSON BLVD","","ARLINGTON","VA","222015417","2025-09-08","$350.00","SUBSCRIPTION","","","","","500170466",""
"C00843003","JULIE JOHNSON FOR CONGRESS","H4TX32089","JOHNSON, JULIE","2026","H","TX","33","17","http://docquery.fec.gov/cgi-bin/fecimg/?202510159791329700","","VAN NESS CREATIVE STRATEGIES LLC","1 HUNTINGTON QUAD","STE 3N05","MELVILLE","NY","117474468","2025-07-15","$5,356.90","DIGITAL CONSULTING","","","","","500166629",""
"C00843003","JULIE JOHNSON FOR CONGRESS","H4TX32089","JOHNSON, JULIE","2026","H","TX","33","17","http://docquery.fec.gov/cgi-bin/fecimg/?202510159791329701","","VAN NESS CREATIVE STRATEGIES LLC","1 HUNTINGTON QUAD","STE 3N05","MELVILLE","NY","117474468","2025-08-21","$5,434.35","DIGITAL CONSULTING","","","","","500168569",""
"C00843003","JULIE JOHNSON FOR CONGRESS","H4TX32089","JOHNSON, JULIE","2026","H","TX","33","17","http://docquery.fec.gov/cgi-bin/fecimg/?202510159791329701","","VAN NESS CREATIVE STRATEGIES LLC","1 HUNTINGTON QUAD","STE 3N05","MELVILLE","NY","117474468","2025-09-11","$3,267.72","TEXTING","","","","","500170467",""
"C00843003","JULIE JOHNSON FOR CONGRESS","H4TX32089","JOHNSON, JULIE","2026","H","TX","33","17","http://docquery.fec.gov/cgi-bin/fecimg/?202510159791329701","","VAN NESS CREATIVE STRATEGIES LLC","1 HUNTINGTON QUAD","STE 3N05","MELVILLE","NY","117474468","2025-09-11","$6,953.64","DIGITAL CONSULTING","","","","","500170468",""
"C00843003","JULIE JOHNSON FOR CONGRESS","H4TX32089","JOHNSON, JULIE","2026","H","TX","33","17","http://docquery.fec.gov/cgi-bin/fecimg/?202510159791329702","","VAN NESS CREATIVE STRATEGIES LLC","1 HUNTINGTON QUAD","STE 3N05","MELVILLE","NY","117474468","2025-09-26","$5,000.00","DIGITAL ACQUISITION","","","","","500170678",""
"C00843003","JULIE JOHNSON FOR CONGRESS","H4TX32089","JOHNSON, JULIE","2026","H","TX","33","17","http://docquery.fec.gov/cgi-bin/fecimg/?202510159791329702","","WALLACE, SETH","205 CIMARRON TRL","APT 5","IRVING","TX","750638584","2025-08-14","$500.00","FUNDRAISING CONSULTING","","","","","500167974",""
"C00843003","JULIE JOHNSON FOR CONGRESS","H4TX32089","JOHNSON, JULIE","2026","H","TX","33","17","http://docquery.fec.gov/cgi-bin/fecimg/?202510159791329702","","WILDWOOD GRILL","1417 E RENNER RD","STE 300","RICHARDSON","TX","750822160","2025-08-20","$517.27","EVENT CATERING","","","","","500168568",""
"C00843003","JULIE JOHNSON FOR CONGRESS","H4TX32089","JOHNSON, JULIE","2026","H","TX","33","20A","http://docquery.fec.gov/cgi-bin/fecimg/?202510159791329703","","VENNERBERG, VAUGHN O. II","3700 BEVERLY DR","","DALLAS","TX","752052806","2025-09-07","-$2,500.00","CONTRIBUTION REFUND","","","","","500168818",""
"C00843003","JULIE JOHNSON FOR CONGRESS","H4TX32089","JOHNSON, JULIE","2026","H","TX","33","20A","http://docquery.fec.gov/cgi-bin/fecimg/?202510159791329703","","VENNERBERG, VAUGHN O. II","3700 BEVERLY DR","","DALLAS","TX","752052806","2025-09-07","-$3,500.00","CONTRIBUTION REFUND","","","","","500168819",""
"C00843003","JULIE JOHNSON FOR CONGRESS","H4TX32089","JOHNSON, JULIE","2026","H","TX","33","20A","http://docquery.fec.gov/cgi-bin/fecimg/?202510159791329703","","VENNERBERG, VAUGHN O. II","3700 BEVERLY DR","","DALLAS","TX","752052806","2025-09-07","-$2,500.00","CONTRIBUTION REFUND","","","","","500168820",""
"C00843003","JULIE JOHNSON FOR CONGRESS","H4TX32089","JOHNSON, JULIE","2026","H","TX","33","17","http://docquery.fec.gov/cgi-bin/fecimg/?202510159791329667","","ACTBLUE TECHNICAL SERVICES","PO BOX 441146","","WEST SOMERVILLE","MA","021440031","2025-07-06","$152.19","CREDIT CARD PROCESSING FEES","","","","","500165653",""
"C00843003","JULIE JOHNSON FOR CONGRESS","H4TX32089","JOHNSON, JULIE","2026","H","TX","33","17","http://docquery.fec.gov/cgi-bin/fecimg/?202510159791329667","","ACTBLUE TECHNICAL SERVICES","PO BOX 441146","","WEST SOMERVILLE","MA","021440031","2025-07-13","$69.47","CREDIT CARD PROCESSING FEES","","","","","500166446",""
"C00843003","JULIE JOHNSON FOR CONGRESS","H4TX32089","JOHNSON, JULIE","2026","H","TX","33","17","http://docquery.fec.gov/cgi-bin/fecimg/?202510159791329667","","ACTBLUE TECHNICAL SERVICES","PO BOX 441146","","WEST SOMERVILLE","MA","021440031","2025-07-20","$86.91","CREDIT CARD PROCESSING FEES","","","","","500166718",""
"C00843003","JULIE JOHNSON FOR CONGRESS","H4TX32089","JOHNSON, JULIE","2026","H","TX","33","17","http://docquery.fec.gov/cgi-bin/fecimg/?202510159791329668","","ACTBLUE TECHNICAL SERVICES","PO BOX 441146","","WEST SOMERVILLE","MA","021440031","2025-07-27","$192.25","CREDIT CARD PROCESSING FEES","","","","","500167344",""
"C00843003","JULIE JOHNSON FOR CONGRESS","H4TX32089","JOHNSON, JULIE","2026","H","TX","33","17","http://docquery.fec.gov/cgi-bin/fecimg/?202510159791329668","","ACTBLUE TECHNICAL SERVICES","PO BOX 441146","","WEST SOMERVILLE","MA","021440031","2025-08-03","$471.44","CREDIT CARD PROCESSING FEES","","","","","500167533",""
"C00843003","JULIE JOHNSON FOR CONGRESS","H4TX32089","JOHNSON, JULIE","2026","H","TX","33","17","http://docquery.fec.gov/cgi-bin/fecimg/?202510159791329668","","ACTBLUE TECHNICAL SERVICES","PO BOX 441146","","WEST SOMERVILLE","MA","021440031","2025-08-10","$286.64","CREDIT CARD PROCESSING FEES","","","","","500167809",""
"C00843003","JULIE JOHNSON FOR CONGRESS","H4TX32089","JOHNSON, JULIE","2026","H","TX","33","17","http://docquery.fec.gov/cgi-bin/fecimg/?202510159791329669","","ACTBLUE TECHNICAL SERVICES","PO BOX 441146","","WEST SOMERVILLE","MA","021440031","2025-08-17","$402.42","CREDIT CARD PROCESSING FEES","","","","","500168007",""
"C00843003","JULIE JOHNSON FOR CONGRESS","H4TX32089","JOHNSON, JULIE","2026","H","TX","33","17","http://docquery.fec.gov/cgi-bin/fecimg/?202510159791329669","","ACTBLUE TECHNICAL SERVICES","PO BOX 441146","","WEST SOMERVILLE","MA","021440031","2025-08-24","$100.47","CREDIT CARD PROCESSING FEES","","","","","500168535",""
"C00843003","JULIE JOHNSON FOR CONGRESS","H4TX32089","JOHNSON, JULIE","2026","H","TX","33","17","http://docquery.fec.gov/cgi-bin/fecimg/?202510159791329669","","ACTBLUE TECHNICAL SERVICES","PO BOX 441146","","WEST SOMERVILLE","MA","021440031","2025-08-31","$338.82","CREDIT CARD PROCESSING FEES","","","","","500168787",""
"C00843003","JULIE JOHNSON FOR CONGRESS","H4TX32089","JOHNSON, JULIE","2026","H","TX","33","17","http://docquery.fec.gov/cgi-bin/fecimg/?202510159791329670","","ACTBLUE TECHNICAL SERVICES","PO BOX 441146","","WEST SOMERVILLE","MA","021440031","2025-09-07","$1,846.67","CREDIT CARD PROCESSING FEES","","","","","500170092",""
"C00843003","JULIE JOHNSON FOR CONGRESS","H4TX32089","JOHNSON, JULIE","2026","H","TX","33","17","http://docquery.fec.gov/cgi-bin/fecimg/?202510159791329670","","ACTBLUE TECHNICAL SERVICES","PO BOX 441146","","WEST SOMERVILLE","MA","021440031","2025-09-14","$1,602.92","CREDIT CARD PROCESSING FEES","","","","","500170091",""
"C00843003","JULIE JOHNSON FOR CONGRESS","H4TX32089","JOHNSON, JULIE","2026","H","TX","33","17","http://docquery.fec.gov/cgi-bin/fecimg/?202510159791329670","","ACTBLUE TECHNICAL SERVICES","PO BOX 441146","","WEST SOMERVILLE","MA","021440031","2025-09-21","$563.78","CREDIT CARD PROCESSING FEES","","","","","500170443",""
"C00843003","JULIE JOHNSON FOR CONGRESS","H4TX32089","JOHNSON, JULIE","2026","H","TX","33","17","http://docquery.fec.gov/cgi-bin/fecimg/?202510159791329671","","ACTBLUE TECHNICAL SERVICES","PO BOX 441146","","WEST SOMERVILLE","MA","021440031","2025-09-28","$762.10","CREDIT CARD PROCESSING FEES","","","","","500170581",""
"C00843003","JULIE JOHNSON FOR CONGRESS","H4TX32089","JOHNSON, JULIE","2026","H","TX","33","17","http://docquery.fec.gov/cgi-bin/fecimg/?202510159791329671","","ACTBLUE TECHNICAL SERVICES","PO BOX 441146","","WEST SOMERVILLE","MA","021440031","2025-09-30","$2,274.40","CREDIT CARD PROCESSING FEES","","","","","500170698",""
"C00843003","JULIE JOHNSON FOR CONGRESS","H4TX32089","JOHNSON, JULIE","2026","H","TX","33","17","http://docquery.fec.gov/cgi-bin/fecimg/?202510159791329671","","AMALGAMATED BANK","1825 K ST NW","","WASHINGTON","DC","200061202","2025-07-01","$14.00","BANK FEES","","","","","500168852",""
"C00843003","JULIE JOHNSON FOR CONGRESS","H4TX32089","JOHNSON, JULIE","2026","H","TX","33","17","http://docquery.fec.gov/cgi-bin/fecimg/?202510159791329672","","AMALGAMATED BANK","1825 K ST NW","","WASHINGTON","DC","200061202","2025-07-29","$103.09","BANK FEES","","","","","500167497",""
"C00843003","JULIE JOHNSON FOR CONGRESS","H4TX32089","JOHNSON, JULIE","2026","H","TX","33","17","http://docquery.fec.gov/cgi-bin/fecimg/?202510159791329678","","ALLIANZ TRAVEL INSURANCE","15301 DALLAS PKWY","STE 1060","ADDISON","TX","750016781","2025-08-28","$45.76","TRAVEL","X","*","","","500169404","500168828"
"C00843003","JULIE JOHNSON FOR CONGRESS","H4TX32089","JOHNSON, JULIE","2026","H","TX","33","17","http://docquery.fec.gov/cgi-bin/fecimg/?202510159791329678","","AMERICAN AIRLINES","1 SKYVIEW DR","","FORT WORTH","TX","761551801","2025-08-28","$452.48","TRAVEL","X","*","","","500169402","500168828"
"C00843003","JULIE JOHNSON FOR CONGRESS","H4TX32089","JOHNSON, JULIE","2026","H","TX","33","17","http://docquery.fec.gov/cgi-bin/fecimg/?202510159791329678","","AMERICAN AIRLINES","1 SKYVIEW DR","","FORT WORTH","TX","761551801","2025-08-28","$831.96","TRAVEL","X","*","","","500169403","500168828"
"C00843003","JULIE JOHNSON FOR CONGRESS","H4TX32089","JOHNSON, JULIE","2026","H","TX","33","17","http://docquery.fec.gov/cgi-bin/fecimg/?202510159791329679","","AMERICAN AIRLINES","1 SKYVIEW DR","","FORT WORTH","TX","761551801","2025-08-28","$24.00","INTERNET","X","*","","","500169406","500168828"
"C00843003","JULIE JOHNSON FOR CONGRESS","H4TX32089","JOHNSON, JULIE","2026","H","TX","33","17","http://docquery.fec.gov/cgi-bin/fecimg/?202510159791329679","","AMERICAN AIRLINES","1 SKYVIEW DR","","FORT WORTH","TX","761551801","2025-08-28","$35.00","TRAVEL","X","*","","","500169407","500168828"
"C00843003","JULIE JOHNSON FOR CONGRESS","H4TX32089","JOHNSON, JULIE","2026","H","TX","33","17","http://docquery.fec.gov/cgi-bin/fecimg/?202510159791329679","","AMERICAN AIRLINES","1 SKYVIEW DR","","FORT WORTH","TX","761551801","2025-08-28","$35.00","TRAVEL","X","*","","","500169408","500168828"
"C00843003","JULIE JOHNSON FOR CONGRESS","H4TX32089","JOHNSON, JULIE","2026","H","TX","33","17","http://docquery.fec.gov/cgi-bin/fecimg/?202510159791329691","","FIELD WINS LLC","PO BOX 815581","","DALLAS","TX","753815581","2025-09-30","$4,176.00","CAMPAIGN MANAGEMENT CONSULTING","","","","","500170679",""
"C00843003","JULIE JOHNSON FOR CONGRESS","H4TX32089","JOHNSON, JULIE","2026","H","TX","33","17","http://docquery.fec.gov/cgi-bin/fecimg/?202510159791329691","","GARDEN CAFE","5310 JUNIUS ST","","DALLAS","TX","752145311","2025-08-22","$779.51","EVENT CATERING","","","","","500168570",""
"C00843003","JULIE JOHNSON FOR CONGRESS","H4TX32089","JOHNSON, JULIE","2026","H","TX","33","17","http://docquery.fec.gov/cgi-bin/fecimg/?202510159791329692","","GOOGLE","1600 AMPHITHEATRE PKWY","","MOUNTAIN VIEW","CA","940431351","2025-07-02","$27.64","SOFTWARE","","","","","500165631",""
"C00843003","JULIE JOHNSON FOR CONGRESS","H4TX32089","JOHNSON, JULIE","2026","H","TX","33","17","http://docquery.fec.gov/cgi-bin/fecimg/?202510159791329692","","GOOGLE","1600 AMPHITHEATRE PKWY","","MOUNTAIN VIEW","CA","940431351","2025-07-02","$194.18","SOFTWARE","","","","","500165632",""
"C00843003","JULIE JOHNSON FOR CONGRESS","H4TX32089","JOHNSON, JULIE","2026","H","TX","33","17","http://docquery.fec.gov/cgi-bin/fecimg/?202510159791329692","","GOOGLE","1600 AMPHITHEATRE PKWY","","MOUNTAIN VIEW","CA","940431351","2025-08-04","$241.38","SOFTWARE","","","","","500167612",""
"C00843003","JULIE JOHNSON FOR CONGRESS","H4TX32089","JOHNSON, JULIE","2026","H","TX","33","17","http://docquery.fec.gov/cgi-bin/fecimg/?202510159791329693","","GOOGLE","1600 AMPHITHEATRE PKWY","","MOUNTAIN VIEW","CA","940431351","2025-08-04","$27.64","SOFTWARE","","","","","500167613",""
"C00843003","JULIE JOHNSON FOR CONGRESS","H4TX32089","JOHNSON, JULIE","2026","H","TX","33","17","http://docquery.fec.gov/cgi-bin/fecimg/?202510159791329693","","GOOGLE","1600 AMPHITHEATRE PKWY","","MOUNTAIN VIEW","CA","940431351","2025-09-02","$253.28","SOFTWARE","","","","","500168829",""
"C00843003","JULIE JOHNSON FOR CONGRESS","H4TX32089","JOHNSON, JULIE","2026","H","TX","33","17","http://docquery.fec.gov/cgi-bin/fecimg/?202510159791329693","","GOOGLE","1600 AMPHITHEATRE PKWY","","MOUNTAIN VIEW","CA","940431351","2025-09-02","$27.70","SOFTWARE","","","","","500168830",""
"C00843003","JULIE JOHNSON FOR CONGRESS","H4TX32089","JOHNSON, JULIE","2026","H","TX","33","17","http://docquery.fec.gov/cgi-bin/fecimg/?202510159791329694","","LEAVEN STRATEGIES GROUP, LLC","205 CIMARRON TRL","APT 5","IRVING","TX","750638584","2025-07-29","$7,000.00","FUNDRAISING & COMMUNICATIONS CONSULTING","","","","","500167496",""
"C00843003","JULIE JOHNSON FOR CONGRESS","H4TX32089","JOHNSON, JULIE","2026","H","TX","33","17","http://docquery.fec.gov/cgi-bin/fecimg/?202510159791329694","","LEAVEN STRATEGIES GROUP, LLC","205 CIMARRON TRL","APT 5","IRVING","TX","750638584","2025-08-27","$7,000.00","FUNDRAISING & COMMUNICATIONS CONSULTING","","","","","500168823",""
"C00843003","JULIE JOHNSON FOR CONGRESS","H4TX32089","JOHNSON, JULIE","2026","H","TX","33","17","http://docquery.fec.gov/cgi-bin/fecimg/?202510159791329694","","NGP VAN","655 15TH ST NW","STE 850","WASHINGTON","DC","200055701","2025-07-03","$6,128.17","SOFTWARE","","","","","500165285",""
"C00843003","JULIE JOHNSON FOR CONGRESS","H4TX32089","JOHNSON, JULIE","2026","H","TX","33","17","http://docquery.fec.gov/cgi-bin/fecimg/?202510159791329695","","PACHECO, JUAN","7358 COUNTY ROAD 395","","PRINCETON","TX","754074206","2025-08-04","$250.00","SOCIAL MEDIA MANAGEMENT","","","","","500167615",""
"C00843003","JULIE JOHNSON FOR CONGRESS","H4TX32089","JOHNSON, JULIE","2026","H","TX","33","17","http://docquery.fec.gov/cgi-bin/fecimg/?202510159791329695","","PACHECO, JUAN","7358 COUNTY ROAD 395","","PRINCETON","TX","754074206","2025-08-26","$250.00","SOCIAL MEDIA MANAGEMENT","","","","","500168589",""
"C00843003","JULIE JOHNSON FOR CONGRESS","H4TX32089","JOHNSON, JULIE","2026","H","TX","33","17","http://docquery.fec.gov/cgi-bin/fecimg/?202510159791329695","","PARAGON PAYMENT SOLUTIONS","2141 E BROADWAY RD","STE 202","TEMPE","AZ","852821895","2025-07-02","$25.00","CREDIT CARD PROCESSING FEES","","","","","500165630",""
"C00843003","JULIE JOHNSON FOR CONGRESS","H4TX32089","JOHNSON, JULIE","2026","H","TX","33","17","http://docquery.fec.gov/cgi-bin/fecimg/?202510159791329696","","PARAGON PAYMENT SOLUTIONS","2141 E BROADWAY RD","STE 202","TEMPE","AZ","852821895","2025-08-04","$25.00","CREDIT CARD PROCESSING FEES","","","","","500167609",""
"C00843003","JULIE JOHNSON FOR CONGRESS","H4TX32089","JOHNSON, JULIE","2026","H","TX","33","17","http://docquery.fec.gov/cgi-bin/fecimg/?202510159791329696","","PARAGON PAYMENT SOLUTIONS","2141 E BROADWAY RD","STE 202","TEMPE","AZ","852821895","2025-09-02","$25.00","CREDIT CARD PROCESSING FEES","","","","","500168831",""
"C00843003","JULIE JOHNSON FOR CONGRESS","H4TX32089","JOHNSON, JULIE","2026","H","TX","33","17","http://docquery.fec.gov/cgi-bin/fecimg/?202510159791329696","","QUORUM REPORT","PO BOX 8","","AUSTIN","TX","787670008","2025-09-17","$389.70","SUBSCRIPTION","","","","","500170471",""
"C00843003","JULIE JOHNSON FOR CONGRESS","H4TX32089","JOHNSON, JULIE","2026","H","TX","33","17","http://docquery.fec.gov/cgi-bin/fecimg/?202510159791329680","","AMERICAN AIRLINES","1 SKYVIEW DR","","FORT WORTH","TX","761551801","2025-08-28","$448.48","TRAVEL","X","*","","","500169409","500168828"
"C00843003","JULIE JOHNSON FOR CONGRESS","H4TX32089","JOHNSON, JULIE","2026","H","TX","33","17","http://docquery.fec.gov/cgi-bin/fecimg/?202510159791329680","","AMERICAN AIRLINES","1 SKYVIEW DR","","FORT WORTH","TX","761551801","2025-08-28","$95.01","TRAVEL","X","*","","","500169410","500168828"
"C00843003","JULIE JOHNSON FOR CONGRESS","H4TX32089","JOHNSON, JULIE","2026","H","TX","33","17","http://docquery.fec.gov/cgi-bin/fecimg/?202510159791329680","","AMERICAN AIRLINES","1 SKYVIEW DR","","FORT WORTH","TX","761551801","2025-08-28","$15.76","TRAVEL","X","*","","","500169411","500168828"
"C00843003","JULIE JOHNSON FOR CONGRESS","H4TX32089","JOHNSON, JULIE","2026","H","TX","33","17","http://docquery.fec.gov/cgi-bin/fecimg/?202510159791329681","","COURTYARD BY MARRIOTT CHICAGO ST. CHARLES","700 COURTYARD DR","","ST CHARLES","IL","601741497","2025-08-28","$444.09","LODGING","X","*","","","500169413","500168828"
"C00843003","JULIE JOHNSON FOR CONGRESS","H4TX32089","JOHNSON, JULIE","2026","H","TX","33","17","http://docquery.fec.gov/cgi-bin/fecimg/?202510159791329681","","COURTYARD BY MARRIOTT CHICAGO ST. CHARLES","700 COURTYARD DR","","ST CHARLES","IL","601741497","2025-08-28","$443.64","LODGING","X","*","","","500169414","500168828"
"C00843003","JULIE JOHNSON FOR CONGRESS","H4TX32089","JOHNSON, JULIE","2026","H","TX","33","17","http://docquery.fec.gov/cgi-bin/fecimg/?202510159791329681","","FREEDOM CHARTERS AND TOURS","1075 GRIFFIN ST W","STE 201","DALLAS","TX","752151026","2025-08-28","$3,310.00","TRAVEL","X","*","","","500169400","500168828"
"C00843003","JULIE JOHNSON FOR CONGRESS","H4TX32089","JOHNSON, JULIE","2026","H","TX","33","17","http://docquery.fec.gov/cgi-bin/fecimg/?202510159791329682","","GO DADDY","14455 N HAYDEN RD","STE 219","SCOTTSDALE","AZ","852606993","2025-08-28","$22.19","WEB DOMAINS","X","*","","","500169415","500168828"
"C00843003","JULIE JOHNSON FOR CONGRESS","H4TX32089","JOHNSON, JULIE","2026","H","TX","33","17","http://docquery.fec.gov/cgi-bin/fecimg/?202510159791329682","","JIMMY JOHN'S","1060 SUTTON RD","","STREAMWOOD","IL","601072332","2025-08-28","$15.22","MEALS","X","*","","","500169416","500168828"
"C00843003","JULIE JOHNSON FOR CONGRESS","H4TX32089","JOHNSON, JULIE","2026","H","TX","33","17","http://docquery.fec.gov/cgi-bin/fecimg/?202510159791329682","","PUFF SHACK BBQ","2075 PRAIRIE ST","","ST CHARLES","IL","601743595","2025-08-28","$108.32","MEALS","X","*","","","500169417","500168828"
"C00843003","JULIE JOHNSON FOR CONGRESS","H4TX32089","JOHNSON, JULIE","2026","H","TX","33","17","http://docquery.fec.gov/cgi-bin/fecimg/?202510159791329683","","SHELL","851 SUTTON RD","","STREAMWOOD","IL","601072351","2025-08-28","$27.15","TRAVEL","X","*","","","500170938","500168828"
"C00843003","JULIE JOHNSON FOR CONGRESS","H4TX32089","JOHNSON, JULIE","2026","H","TX","33","17","http://docquery.fec.gov/cgi-bin/fecimg/?202510159791329683","","THE JAMES","317 S 3RD ST","","GENEVA","IL","601342702","2025-08-28","$1,152.64","CATERING","X","*","","","500169412","500168828"
"C00843003","JULIE JOHNSON FOR CONGRESS","H4TX32089","JOHNSON, JULIE","2026","H","TX","33","17","http://docquery.fec.gov/cgi-bin/fecimg/?202510159791329683","","THE JAMES","317 S 3RD ST","","GENEVA","IL","601342702","2025-08-28","$500.00","EVENT SPACE RENTAL","X","*","","","500169418","500168828"
"C00843003","JULIE JOHNSON FOR CONGRESS","H4TX32089","JOHNSON, JULIE","2026","H","TX","33","17","http://docquery.fec.gov/cgi-bin/fecimg/?202510159791329684","","THE WESTIN SAN DIEGO GASLAMP QUARTER","910 BROADWAY CIR","","SAN DIEGO","CA","921016114","2025-08-28","$425.80","LODGING","X","*","","","500169401","500168828"
"C00843003","JULIE JOHNSON FOR CONGRESS","H4TX32089","JOHNSON, JULIE","2026","H","TX","33","17","http://docquery.fec.gov/cgi-bin/fecimg/?202510159791329684","","W. MILLAR & CO","1335 14TH ST NW","","WASHINGTON","DC","200053610","2025-08-28","$268.30","CATERING","X","*","","","500169398","500168828"
"C00843003","JULIE JOHNSON FOR CONGRESS","H4TX32089","JOHNSON, JULIE","2026","H","TX","33","17","http://docquery.fec.gov/cgi-bin/fecimg/?202510159791329684","","WALMART","1635 MARKET PLACE BLVD","","IRVING","TX","75063","2025-08-28","$121.06","OFFICE SUPPLIES","X","*","","","500169405","500168828"
"C00843003","JULIE JOHNSON FOR CONGRESS","H4TX32089","JOHNSON, JULIE","2026","H","TX","33","17","http://docquery.fec.gov/cgi-bin/fecimg/?202510159791329687","","CANDELL, ELIZABETH","630 F ST NE","UNIT 1","WASHINGTON","DC","200025218","2025-07-25","$1,000.00","CAMPAIGN SCHEDULING SERVICES","","","","","500167494",""
"C00843003","JULIE JOHNSON FOR CONGRESS","H4TX32089","JOHNSON, JULIE","2026","H","TX","33","17","http://docquery.fec.gov/cgi-bin/fecimg/?202601319795608938","","P.F. CHANG'S","901 N GLEBE RD","","ARLINGTON","VA","222031853","2025-10-24","$152.24","MEALS","","","","","500172314",""
"C00843003","JULIE JOHNSON FOR CONGRESS","H4TX32089","JOHNSON, JULIE","2026","H","TX","33","17","http://docquery.fec.gov/cgi-bin/fecimg/?202601319795608938","","PACHECO, JUAN","7358 COUNTY ROAD 395","","PRINCETON","TX","754074206","2025-12-18","$2,000.00","SOCIAL MEDIA MANAGEMENT","","","","","500176273",""
"C00843003","JULIE JOHNSON FOR CONGRESS","H4TX32089","JOHNSON, JULIE","2026","H","TX","33","17","http://docquery.fec.gov/cgi-bin/fecimg/?202601319795608939","","PARAGON PAYMENT SOLUTIONS","2141 E BROADWAY RD","STE 202","TEMPE","AZ","852821895","2025-10-02","$119.75","CREDIT CARD PROCESSING FEES","","","","","500172290",""
"C00843003","JULIE JOHNSON FOR CONGRESS","H4TX32089","JOHNSON, JULIE","2026","H","TX","33","17","http://docquery.fec.gov/cgi-bin/fecimg/?202601319795608939","","PARAGON PAYMENT SOLUTIONS","2141 E BROADWAY RD","STE 202","TEMPE","AZ","852821895","2025-11-03","$25.00","CREDIT CARD PROCESSING FEES","","","","","500172876",""
"C00843003","JULIE JOHNSON FOR CONGRESS","H4TX32089","JOHNSON, JULIE","2026","H","TX","33","17","http://docquery.fec.gov/cgi-bin/fecimg/?202601319795608939","","PARAGON PAYMENT SOLUTIONS","2141 E BROADWAY RD","STE 202","TEMPE","AZ","852821895","2025-12-02","$25.00","CREDIT CARD PROCESSING FEES","","","","","500174926",""
"C00843003","JULIE JOHNSON FOR CONGRESS","H4TX32089","JOHNSON, JULIE","2026","H","TX","33","17","http://docquery.fec.gov/cgi-bin/fecimg/?202601319795608940","","ROLLA GROUP LLC","211 S ST NW","","WASHINGTON","DC","200011832","2025-10-02","$10,000.00","FUNDRAISING CONSULTING","","","","","500172294",""
"C00843003","JULIE JOHNSON FOR CONGRESS","H4TX32089","JOHNSON, JULIE","2026","H","TX","33","17","http://docquery.fec.gov/cgi-bin/fecimg/?202601319795608940","","SOUTHWEST AIRLINES","2703 LOVE FIELD DR","","DALLAS","TX","75235","2025-10-31","$546.97","TRAVEL","","","","","500172872",""
"C00843003","JULIE JOHNSON FOR CONGRESS","H4TX32089","JOHNSON, JULIE","2026","H","TX","33","17","http://docquery.fec.gov/cgi-bin/fecimg/?202601319795608940","","STANFORD CAMPAIGNS","3400 OAK GROVE AVE","STE 215","DALLAS","TX","752043095","2025-12-11","$12,500.00","RESEARCH SERVICES","","","","","500175359",""
"C00843003","JULIE JOHNSON FOR CONGRESS","H4TX32089","JOHNSON, JULIE","2026","H","TX","33","17","http://docquery.fec.gov/cgi-bin/fecimg/?202601319795608941","","THE STEPHEN F. AUSTIN ROYAL SONESTA HOTEL","701 CONGRESS AVE","","AUSTIN","TX","787013216","2025-11-03","$400.00","LODGING","","","","","500172877",""
"C00843003","JULIE JOHNSON FOR CONGRESS","H4TX32089","JOHNSON, JULIE","2026","H","TX","33","17","http://docquery.fec.gov/cgi-bin/fecimg/?202601319795608941","","VAN NESS CREATIVE STRATEGIES LLC","1 HUNTINGTON QUAD","STE 3N05","MELVILLE","NY","117474468","2025-10-14","$1,461.57","TEXTING","","","","","500172298",""
"C00843003","JULIE JOHNSON FOR CONGRESS","H4TX32089","JOHNSON, JULIE","2026","H","TX","33","17","http://docquery.fec.gov/cgi-bin/fecimg/?202601319795608941","","VAN NESS CREATIVE STRATEGIES LLC","1 HUNTINGTON QUAD","STE 3N05","MELVILLE","NY","117474468","2025-10-14","$5,112.33","DIGITAL CONSULTING","","","","","500172299",""
"C00843003","JULIE JOHNSON FOR CONGRESS","H4TX32089","JOHNSON, JULIE","2026","H","TX","33","17","http://docquery.fec.gov/cgi-bin/fecimg/?202601319795608942","","VAN NESS CREATIVE STRATEGIES LLC","1 HUNTINGTON QUAD","STE 3N05","MELVILLE","NY","117474468","2025-11-13","$627.56","TEXTING","","","","","500174910",""
"C00843003","JULIE JOHNSON FOR CONGRESS","H4TX32089","JOHNSON, JULIE","2026","H","TX","33","17","http://docquery.fec.gov/cgi-bin/fecimg/?202601319795608942","","VAN NESS CREATIVE STRATEGIES LLC","1 HUNTINGTON QUAD","STE 3N05","MELVILLE","NY","117474468","2025-11-13","$4,457.82","DIGITAL CONSULTING","","","","","500174911",""
"C00843003","JULIE JOHNSON FOR CONGRESS","H4TX32089","JOHNSON, JULIE","2026","H","TX","33","17","http://docquery.fec.gov/cgi-bin/fecimg/?202601319795608942","","VAN NESS CREATIVE STRATEGIES LLC","1 HUNTINGTON QUAD","STE 3N05","MELVILLE","NY","117474468","2025-11-19","$3,000.00","DIGITAL ADS","","","","","500174924",""
"C00843003","JULIE JOHNSON FOR CONGRESS","H4TX32089","JOHNSON, JULIE","2026","H","TX","33","17","http://docquery.fec.gov/cgi-bin/fecimg/?202601319795608943","","VAN NESS CREATIVE STRATEGIES LLC","1 HUNTINGTON QUAD","STE 3N05","MELVILLE","NY","117474468","2025-12-12","$885.18","TEXTING","","","","","500175355",""
"C00843003","JULIE JOHNSON FOR CONGRESS","H4TX32089","JOHNSON, JULIE","2026","H","TX","33","17","http://docquery.fec.gov/cgi-bin/fecimg/?202601319795608943","","VAN NESS CREATIVE STRATEGIES LLC","1 HUNTINGTON QUAD","STE 3N05","MELVILLE","NY","117474468","2025-12-12","$14,170.70","DIGITAL CONSULTING","","","","","500175356",""
"C00843003","JULIE JOHNSON FOR CONGRESS","H4TX32089","JOHNSON, JULIE","2026","H","TX","33","17","http://docquery.fec.gov/cgi-bin/fecimg/?202601319795608943","","VAN NESS CREATIVE STRATEGIES LLC","1 HUNTINGTON QUAD","STE 3N05","MELVILLE","NY","117474468","2025-12-23","$5,000.00","DIGITAL ADS","","","","","500176274",""
"C00843003","JULIE JOHNSON FOR CONGRESS","H4TX32089","JOHNSON, JULIE","2026","H","TX","33","17","http://docquery.fec.gov/cgi-bin/fecimg/?202601319795608944","","WALLACE, SETH","205 CIMARRON TRL","APT 5","IRVING","TX","750638584","2025-12-01","$4,000.00","CAMPAIGN CONSULTING","","","","","500174947",""
"C00843003","JULIE JOHNSON FOR CONGRESS","H4TX32089","JOHNSON, JULIE","2026","H","TX","33","17","http://docquery.fec.gov/cgi-bin/fecimg/?202601319795608944","","WALLACE, SETH","205 CIMARRON TRL","APT 5","IRVING","TX","750638584","2025-12-22","$500.00","FUNDRAISING CONSULTING","","","","","500176286",""
"C00843003","JULIE JOHNSON FOR CONGRESS","H4TX32089","JOHNSON, JULIE","2026","H","TX","33","20A","http://docquery.fec.gov/cgi-bin/fecimg/?202601319795608945","","BAIRD, LISA","13561 BRAEMAR DR","","DALLAS","TX","752345129","2025-11-16","$25.00","CONTRIBUTION REFUND","","","","","500173378",""
"C00843003","JULIE JOHNSON FOR CONGRESS","H4TX32089","JOHNSON, JULIE","2026","H","TX","33","20A","http://docquery.fec.gov/cgi-bin/fecimg/?202601319795608945","","STERN, IRVING","1000 UPTOWN PARK BLVD","APT 164","HOUSTON","TX","770563248","2025-12-26","$1,500.00","CONTRIBUTION REFUND","","","","","500177445",""
"C00843003","JULIE JOHNSON FOR CONGRESS","H4TX32089","JOHNSON, JULIE","2026","H","TX","33","21","http://docquery.fec.gov/cgi-bin/fecimg/?202601319795608946","","AMERICAN EXPRESS","200 VESEY ST","","NEW YORK","NY","102851000","2025-12-30","$4,400.00","CREDIT CARD PAYMENT","","","","","500179296",""
"C00843003","JULIE JOHNSON FOR CONGRESS","H4TX32089","JOHNSON, JULIE","2026","H","TX","33","17","http://docquery.fec.gov/cgi-bin/fecimg/?202601319795608915","","AMALGAMATED BANK","1825 K ST NW","","WASHINGTON","DC","200061202","2025-11-26","$14.00","BANK FEES","","","","","500174920",""
"C00843003","JULIE JOHNSON FOR CONGRESS","H4TX32089","JOHNSON, JULIE","2026","H","TX","33","17","http://docquery.fec.gov/cgi-bin/fecimg/?202601319795608915","","AMALGAMATED BANK","1825 K ST NW","","WASHINGTON","DC","200061202","2025-11-26","$84.53","BANK FEES","","","","","500174921",""
"C00843003","JULIE JOHNSON FOR CONGRESS","H4TX32089","JOHNSON, JULIE","2026","H","TX","33","17","http://docquery.fec.gov/cgi-bin/fecimg/?202601319795608916","","AMALGAMATED BANK","1825 K ST NW","","WASHINGTON","DC","200061202","2025-12-30","$65.34","BANK FEES","","","","","500176275",""
"C00843003","JULIE JOHNSON FOR CONGRESS","H4TX32089","JOHNSON, JULIE","2026","H","TX","33","17","http://docquery.fec.gov/cgi-bin/fecimg/?202601319795608916","","AMALGAMATED BANK","1825 K ST NW","","WASHINGTON","DC","200061202","2025-12-30","$14.00","BANK FEES","","","","","500176276",""
"C00843003","JULIE JOHNSON FOR CONGRESS","H4TX32089","JOHNSON, JULIE","2026","H","TX","33","17","http://docquery.fec.gov/cgi-bin/fecimg/?202601319795608916","","AMERICAN EXPRESS","200 VESEY ST","","NEW YORK","NY","102851000","2025-10-16","$2,960.22","CREDIT CARD PAYMENT","","","","","500172302",""
"C00843003","JULIE JOHNSON FOR CONGRESS","H4TX32089","JOHNSON, JULIE","2026","H","TX","33","17","http://docquery.fec.gov/cgi-bin/fecimg/?202601319795608917","","AMAZON","1516 2ND AVE","","SEATTLE","WA","981011543","2025-10-16","$9.71","OFFICE SUPPLIES","X","*","","","500172308","500172302"
"C00843003","JULIE JOHNSON FOR CONGRESS","H4TX32089","JOHNSON, JULIE","2026","H","TX","33","17","http://docquery.fec.gov/cgi-bin/fecimg/?202601319795608935","","INSTACART","1325 J ST","STE 1550","SACRAMENTO","CA","958142976","2025-11-14","$75.13","MEALS","","","","","500174912",""
"C00843003","JULIE JOHNSON FOR CONGRESS","H4TX32089","JOHNSON, JULIE","2026","H","TX","33","21","http://docquery.fec.gov/cgi-bin/fecimg/?202601319795608946","C00099267","TEXAS DEMOCRATIC PARTY","1106 LAVACA ST","STE 105","AUSTIN","TX","787012169","2025-12-30","$4,400.00","VAN ACCESS","X","*","","","500176285","500179296"
"C00843003","JULIE JOHNSON FOR CONGRESS","H4TX32089","JOHNSON, JULIE","2026","H","TX","33","17","http://docquery.fec.gov/cgi-bin/fecimg/?202601319795608936","","LEAVEN STRATEGIES GROUP, LLC","205 CIMARRON TRL","APT 5","IRVING","TX","750638584","2025-10-02","$7,000.00","FUNDRAISING & COMMUNICATIONS CONSULTING","","","","","500172292",""
"C00843003","JULIE JOHNSON FOR CONGRESS","H4TX32089","JOHNSON, JULIE","2026","H","TX","33","17","http://docquery.fec.gov/cgi-bin/fecimg/?202601319795608936","","LEAVEN STRATEGIES GROUP, LLC","205 CIMARRON TRL","APT 5","IRVING","TX","750638584","2025-10-28","$7,000.00","FUNDRAISING & COMMUNICATIONS CONSULTING","","","","","500172868",""
"C00843003","JULIE JOHNSON FOR CONGRESS","H4TX32089","JOHNSON, JULIE","2026","H","TX","33","17","http://docquery.fec.gov/cgi-bin/fecimg/?202601319795608936","","LEAVEN STRATEGIES GROUP, LLC","205 CIMARRON TRL","APT 5","IRVING","TX","750638584","2025-11-14","$7,000.00","FUNDRAISING & COMMUNICATIONS CONSULTING","","","","","500174915",""
"C00843003","JULIE JOHNSON FOR CONGRESS","H4TX32089","JOHNSON, JULIE","2026","H","TX","33","17","http://docquery.fec.gov/cgi-bin/fecimg/?202601319795608937","","LEAVEN STRATEGIES GROUP, LLC","205 CIMARRON TRL","APT 5","IRVING","TX","750638584","2025-12-16","$7,000.00","FUNDRAISING & COMMUNICATIONS CONSULTING","","","","","500175358",""
"C00843003","JULIE JOHNSON FOR CONGRESS","H4TX32089","JOHNSON, JULIE","2026","H","TX","33","17","http://docquery.fec.gov/cgi-bin/fecimg/?202601319795608937","","NGP VAN","655 15TH ST NW","STE 850","WASHINGTON","DC","200055701","2025-10-03","$6,128.17","SOFTWARE","","","","","500172295",""
"C00843003","JULIE JOHNSON FOR CONGRESS","H4TX32089","JOHNSON, JULIE","2026","H","TX","33","17","http://docquery.fec.gov/cgi-bin/fecimg/?202601319795608937","","NGP VAN","655 15TH ST NW","STE 850","WASHINGTON","DC","200055701","2025-10-15","$1,399.13","SOFTWARE","","","","","500172300",""
"C00843003","JULIE JOHNSON FOR CONGRESS","H4TX32089","JOHNSON, JULIE","2026","H","TX","33","17","http://docquery.fec.gov/cgi-bin/fecimg/?202601319795608938","","P.F. CHANG'S","901 N GLEBE RD","","ARLINGTON","VA","222031853","2025-10-24","$121.57","MEALS","","","","","500172313",""
"C00843003","JULIE JOHNSON FOR CONGRESS","H4TX32089","JOHNSON, JULIE","2026","H","TX","33","17","http://docquery.fec.gov/cgi-bin/fecimg/?202601319795608917","","AMAZON","1516 2ND AVE","","SEATTLE","WA","981011543","2025-10-16","$47.36","OFFICE SUPPLIES","X","*","","","500172309","500172302"
"C00843003","JULIE JOHNSON FOR CONGRESS","H4TX32089","JOHNSON, JULIE","2026","H","TX","33","17","http://docquery.fec.gov/cgi-bin/fecimg/?202601319795608917","","AMAZON","1516 2ND AVE","","SEATTLE","WA","981011543","2025-10-16","$143.23","OFFICE SUPPLIES","X","*","","","500172310","500172302"
"C00843003","JULIE JOHNSON FOR CONGRESS","H4TX32089","JOHNSON, JULIE","2026","H","TX","33","17","http://docquery.fec.gov/cgi-bin/fecimg/?202601319795608918","","LA TEJANA","3211 MOUNT PLEASANT ST NW","","WASHINGTON","DC","200102103","2025-10-16","$268.81","CATERING","X","*","","","500172865","500172302"
"C00843003","JULIE JOHNSON FOR CONGRESS","H4TX32089","JOHNSON, JULIE","2026","H","TX","33","17","http://docquery.fec.gov/cgi-bin/fecimg/?202601319795608918","","OMNI AUSTIN HOTEL DOWNTOWN","700 SAN JACINTO AT E 8TH ST","","AUSTIN","TX","78701","2025-10-16","$339.17","LODGING","X","*","","","500172305","500172302"
"C00843003","JULIE JOHNSON FOR CONGRESS","H4TX32089","JOHNSON, JULIE","2026","H","TX","33","17","http://docquery.fec.gov/cgi-bin/fecimg/?202601319795608918","","OMNI AUSTIN HOTEL DOWNTOWN","700 SAN JACINTO AT E 8TH ST","","AUSTIN","TX","78701","2025-10-16","$339.17","LODGING","X","*","","","500172306","500172302"
"C00843003","JULIE JOHNSON FOR CONGRESS","H4TX32089","JOHNSON, JULIE","2026","H","TX","33","17","http://docquery.fec.gov/cgi-bin/fecimg/?202601319795608919","","PEREGRINE ESPRESSO","660 PENNSYLVANIA AVE SE","","WASHINGTON","DC","200034346","2025-10-16","$97.48","MEALS","X","*","","","500172864","500172302"
"C00843003","JULIE JOHNSON FOR CONGRESS","H4TX32089","JOHNSON, JULIE","2026","H","TX","33","17","http://docquery.fec.gov/cgi-bin/fecimg/?202601319795608925","","OFFICE DEPOT","5301 BELT LINE RD","STE 108","DALLAS","TX","752547664","2025-12-30","$1,789.54","STAMPS","X","*","","","500176283","500176279"
"C00843003","JULIE JOHNSON FOR CONGRESS","H4TX32089","JOHNSON, JULIE","2026","H","TX","33","17","http://docquery.fec.gov/cgi-bin/fecimg/?202601319795608926","","WHITEPAGES","1301 5TH AVE","STE 1600","SEATTLE","WA","981012625","2025-12-30","$35.10","SUBSCRIPTION","X","*","","","500176280","500176279"
"C00843003","JULIE JOHNSON FOR CONGRESS","H4TX32089","JOHNSON, JULIE","2026","H","TX","33","17","http://docquery.fec.gov/cgi-bin/fecimg/?202601319795608926","","WHITEPAGES","1301 5TH AVE","STE 1600","SEATTLE","WA","981012625","2025-12-30","$10.63","SUBSCRIPTION","X","*","","","500176281","500176279"
"C00843003","JULIE JOHNSON FOR CONGRESS","H4TX32089","JOHNSON, JULIE","2026","H","TX","33","17","http://docquery.fec.gov/cgi-bin/fecimg/?202601319795608926","","BEE COMPLIANCE LLC","611 PENNSYLVANIA AVE SE","# 192","WASHINGTON","DC","200034303","2025-10-02","$3,000.00","COMPLIANCE CONSULTING","","","","","500172291",""
"C00843003","JULIE JOHNSON FOR CONGRESS","H4TX32089","JOHNSON, JULIE","2026","H","TX","33","17","http://docquery.fec.gov/cgi-bin/fecimg/?202601319795608927","","BEE COMPLIANCE LLC","611 PENNSYLVANIA AVE SE","# 192","WASHINGTON","DC","200034303","2025-10-09","$3,000.00","COMPLIANCE CONSULTING","","","","","500172296",""
"C00843003","JULIE JOHNSON FOR CONGRESS","H4TX32089","JOHNSON, JULIE","2026","H","TX","33","17","http://docquery.fec.gov/cgi-bin/fecimg/?202601319795608927","","BEE COMPLIANCE LLC","611 PENNSYLVANIA AVE SE","# 192","WASHINGTON","DC","200034303","2025-11-12","$3,000.00","COMPLIANCE CONSULTING","","","","","500173373",""
"C00843003","JULIE JOHNSON FOR CONGRESS","H4TX32089","JOHNSON, JULIE","2026","H","TX","33","17","http://docquery.fec.gov/cgi-bin/fecimg/?202601319795608927","","BEE COMPLIANCE LLC","611 PENNSYLVANIA AVE SE","# 192","WASHINGTON","DC","200034303","2025-12-04","$3,000.00","COMPLIANCE CONSULTING","","","","","500174923",""
"C00843003","JULIE JOHNSON FOR CONGRESS","H4TX32089","JOHNSON, JULIE","2026","H","TX","33","17","http://docquery.fec.gov/cgi-bin/fecimg/?202601319795608928","","CAMPAIGN VERIFY","8605 WESTWOOD CENTER DR","STE 505","VIENNA","VA","221822231","2025-12-18","$95.00","SOFTWARE","","","","","500176269",""
"C00843003","JULIE JOHNSON FOR CONGRESS","H4TX32089","JOHNSON, JULIE","2026","H","TX","33","17","http://docquery.fec.gov/cgi-bin/fecimg/?202601319795608928","","CANDELL, ELIZABETH","630 F ST NE","UNIT 1","WASHINGTON","DC","200025218","2025-10-28","$1,000.00","CAMPAIGN SCHEDULING SERVICES","","","","","500172867",""
"C00843003","JULIE JOHNSON FOR CONGRESS","H4TX32089","JOHNSON, JULIE","2026","H","TX","33","17","http://docquery.fec.gov/cgi-bin/fecimg/?202601319795608928","","CANDELL, ELIZABETH","630 F ST NE","UNIT 1","WASHINGTON","DC","200025218","2025-11-14","$1,000.00","CAMPAIGN SCHEDULING SERVICES","","","","","500174913",""
"C00843003","JULIE JOHNSON FOR CONGRESS","H4TX32089","JOHNSON, JULIE","2026","H","TX","33","17","http://docquery.fec.gov/cgi-bin/fecimg/?202601319795608929","","CANDELL, ELIZABETH","630 F ST NE","UNIT 1","WASHINGTON","DC","200025218","2025-12-17","$1,000.00","CAMPAIGN SCHEDULING SERVICES","","","","","500176271",""
"C00843003","JULIE JOHNSON FOR CONGRESS","H4TX32089","JOHNSON, JULIE","2026","H","TX","33","17","http://docquery.fec.gov/cgi-bin/fecimg/?202601319795608929","","DALLAS COUNTY DEMOCRATIC PARTY","4209 PARRY AVE","","DALLAS","TX","752232755","2025-10-17","$10,000.00","EVENT SPONSORSHIP","","","","","500172315",""
"C00843003","JULIE JOHNSON FOR CONGRESS","H4TX32089","JOHNSON, JULIE","2026","H","TX","33","17","http://docquery.fec.gov/cgi-bin/fecimg/?202601319795608929","","DALLAS COUNTY DEMOCRATIC PARTY","4209 PARRY AVE","","DALLAS","TX","752232755","2025-12-04","$3,125.00","FILING FEE","","","","","500175360",""
"C00843003","JULIE JOHNSON FOR CONGRESS","H4TX32089","JOHNSON, JULIE","2026","H","TX","33","17","http://docquery.fec.gov/cgi-bin/fecimg/?202601319795608919","","SQUARESPACE","225 VARICK ST","FL 12","NEW YORK","NY","100144383","2025-10-16","$181.86","WEBSITE HOSTING","X","*","","","500172311","500172302"
"C00843003","JULIE JOHNSON FOR CONGRESS","H4TX32089","JOHNSON, JULIE","2026","H","TX","33","17","http://docquery.fec.gov/cgi-bin/fecimg/?202601319795608919","","SUCCOTASH","915 F ST NW","","WASHINGTON","DC","200041493","2025-10-16","$864.71","CATERING","X","*","","","500172863","500172302"
"C00843003","JULIE JOHNSON FOR CONGRESS","H4TX32089","JOHNSON, JULIE","2026","H","TX","33","17","http://docquery.fec.gov/cgi-bin/fecimg/?202601319795608920","","TACO JOINT PEAK","911 N PEAK ST","","DALLAS","TX","752046605","2025-10-16","$216.69","MEALS","X","*","","","500172307","500172302"
"C00843003","JULIE JOHNSON FOR CONGRESS","H4TX32089","JOHNSON, JULIE","2026","H","TX","33","17","http://docquery.fec.gov/cgi-bin/fecimg/?202601319795608920","","WALMART","1635 MARKET PLACE BLVD","","IRVING","TX","75063","2025-10-16","$360.57","MEALS","X","*","","","500172862","500172302"
"C00843003","JULIE JOHNSON FOR CONGRESS","H4TX32089","JOHNSON, JULIE","2026","H","TX","33","17","http://docquery.fec.gov/cgi-bin/fecimg/?202601319795608920","","WHITEPAGES","1301 5TH AVE","STE 1600","SEATTLE","WA","981012625","2025-10-16","$35.10","SUBSCRIPTION","X","*","","","500172303","500172302"
"C00843003","JULIE JOHNSON FOR CONGRESS","H4TX32089","JOHNSON, JULIE","2026","H","TX","33","17","http://docquery.fec.gov/cgi-bin/fecimg/?202601319795608921","","WHITEPAGES","1301 5TH AVE","STE 1600","SEATTLE","WA","981012625","2025-10-16","$10.63","SUBSCRIPTION","X","*","","","500172304","500172302"
"C00843003","JULIE JOHNSON FOR CONGRESS","H4TX32089","JOHNSON, JULIE","2026","H","TX","33","17","http://docquery.fec.gov/cgi-bin/fecimg/?202601319795608924","","WHITEPAGES","1301 5TH AVE","STE 1600","SEATTLE","WA","981012625","2025-12-02","$10.63","SUBSCRIPTION","X","*","","","500174933","500174927"
"C00843003","JULIE JOHNSON FOR CONGRESS","H4TX32089","JOHNSON, JULIE","2026","H","TX","33","17","http://docquery.fec.gov/cgi-bin/fecimg/?202601319795608924","","WHITEPAGES","1301 5TH AVE","STE 1600","SEATTLE","WA","981012625","2025-12-02","$35.10","SUBSCRIPTION","X","*","","","500174934","500174927"
"C00843003","JULIE JOHNSON FOR CONGRESS","H4TX32089","JOHNSON, JULIE","2026","H","TX","33","17","http://docquery.fec.gov/cgi-bin/fecimg/?202601319795608924","","AMERICAN EXPRESS","200 VESEY ST","","NEW YORK","NY","102851000","2025-12-30","$2,281.76","CREDIT CARD PAYMENT","","","","","500176279",""
"C00843003","JULIE JOHNSON FOR CONGRESS","H4TX32089","JOHNSON, JULIE","2026","H","TX","33","17","http://docquery.fec.gov/cgi-bin/fecimg/?202601319795608932","","FIELD WINS LLC","PO BOX 815581","","DALLAS","TX","753815581","2025-10-28","$4,176.00","CAMPAIGN MANAGEMENT CONSULTING","","","","","500172866",""
"C00843003","JULIE JOHNSON FOR CONGRESS","H4TX32089","JOHNSON, JULIE","2026","H","TX","33","17","http://docquery.fec.gov/cgi-bin/fecimg/?202601319795608932","","FIELD WINS LLC","PO BOX 815581","","DALLAS","TX","753815581","2025-11-14","$4,176.00","CAMPAIGN MANAGEMENT CONSULTING","","","","","500174914",""
"C00843003","JULIE JOHNSON FOR CONGRESS","H4TX32089","JOHNSON, JULIE","2026","H","TX","33","17","http://docquery.fec.gov/cgi-bin/fecimg/?202601319795608932","","FIELD WINS LLC","PO BOX 815581","","DALLAS","TX","753815581","2025-12-17","$4,176.00","CAMPAIGN MANAGEMENT CONSULTING","","","","","500176270",""
"C00843003","JULIE JOHNSON FOR CONGRESS","H4TX32089","JOHNSON, JULIE","2026","H","TX","33","17","http://docquery.fec.gov/cgi-bin/fecimg/?202601319795608933","","GOOGLE","1600 AMPHITHEATRE PKWY","","MOUNTAIN VIEW","CA","940431351","2025-10-02","$253.28","SOFTWARE","","","","","500170680",""
"C00843003","JULIE JOHNSON FOR CONGRESS","H4TX32089","JOHNSON, JULIE","2026","H","TX","33","17","http://docquery.fec.gov/cgi-bin/fecimg/?202601319795608933","","GOOGLE","1600 AMPHITHEATRE PKWY","","MOUNTAIN VIEW","CA","940431351","2025-10-02","$27.66","SOFTWARE","","","","","500170762",""
"C00843003","JULIE JOHNSON FOR CONGRESS","H4TX32089","JOHNSON, JULIE","2026","H","TX","33","17","http://docquery.fec.gov/cgi-bin/fecimg/?202601319795608933","","GOOGLE","1600 AMPHITHEATRE PKWY","","MOUNTAIN VIEW","CA","940431351","2025-11-03","$253.28","SOFTWARE","","","","","500172874",""
"C00843003","JULIE JOHNSON FOR CONGRESS","H4TX32089","JOHNSON, JULIE","2026","H","TX","33","17","http://docquery.fec.gov/cgi-bin/fecimg/?202601319795608934","","GOOGLE","1600 AMPHITHEATRE PKWY","","MOUNTAIN VIEW","CA","940431351","2025-11-03","$27.80","SOFTWARE","","","","","500172875",""
"C00843003","JULIE JOHNSON FOR CONGRESS","H4TX32089","JOHNSON, JULIE","2026","H","TX","33","17","http://docquery.fec.gov/cgi-bin/fecimg/?202601319795608934","","GOOGLE","1600 AMPHITHEATRE PKWY","","MOUNTAIN VIEW","CA","940431351","2025-12-02","$27.80","SOFTWARE","","","","","500174917",""
"C00843003","JULIE JOHNSON FOR CONGRESS","H4TX32089","JOHNSON, JULIE","2026","H","TX","33","17","http://docquery.fec.gov/cgi-bin/fecimg/?202601319795608934","","GOOGLE","1600 AMPHITHEATRE PKWY","","MOUNTAIN VIEW","CA","940431351","2025-12-02","$253.28","SOFTWARE","","","","","500174918",""
"C00843003","JULIE JOHNSON FOR CONGRESS","H4TX32089","JOHNSON, JULIE","2026","H","TX","33","17","http://docquery.fec.gov/cgi-bin/fecimg/?202601319795608935","","INSTACART","1325 J ST","STE 1550","SACRAMENTO","CA","958142976","2025-11-10","$26.43","MEALS","","","","","500173371",""
"C00843003","JULIE JOHNSON FOR CONGRESS","H4TX32089","JOHNSON, JULIE","2026","H","TX","33","17","http://docquery.fec.gov/cgi-bin/fecimg/?202601319795608935","","INSTACART","1325 J ST","STE 1550","SACRAMENTO","CA","958142976","2025-11-12","$188.08","MEALS","","","","","500173372",""
"C00843003","JULIE JOHNSON FOR CONGRESS","H4TX32089","JOHNSON, JULIE","2026","H","TX","33","17","http://docquery.fec.gov/cgi-bin/fecimg/?202601319795608910","","ACTBLUE TECHNICAL SERVICES","PO BOX 441146","","WEST SOMERVILLE","MA","021440031","2025-10-05","$38.78","CREDIT CARD PROCESSING FEES","","","","","500170911",""
"C00843003","JULIE JOHNSON FOR CONGRESS","H4TX32089","JOHNSON, JULIE","2026","H","TX","33","17","http://docquery.fec.gov/cgi-bin/fecimg/?202601319795608910","","ACTBLUE TECHNICAL SERVICES","PO BOX 441146","","WEST SOMERVILLE","MA","021440031","2025-10-12","$79.59","CREDIT CARD PROCESSING FEES","","","","","500171470",""
"C00843003","JULIE JOHNSON FOR CONGRESS","H4TX32089","JOHNSON, JULIE","2026","H","TX","33","17","http://docquery.fec.gov/cgi-bin/fecimg/?202601319795608910","","ACTBLUE TECHNICAL SERVICES","PO BOX 441146","","WEST SOMERVILLE","MA","021440031","2025-10-19","$68.00","CREDIT CARD PROCESSING FEES","","","","","500172013",""
"C00843003","JULIE JOHNSON FOR CONGRESS","H4TX32089","JOHNSON, JULIE","2026","H","TX","33","17","http://docquery.fec.gov/cgi-bin/fecimg/?202601319795608911","","ACTBLUE TECHNICAL SERVICES","PO BOX 441146","","WEST SOMERVILLE","MA","021440031","2025-10-26","$46.35","CREDIT CARD PROCESSING FEES","","","","","500172264",""
"C00843003","JULIE JOHNSON FOR CONGRESS","H4TX32089","JOHNSON, JULIE","2026","H","TX","33","17","http://docquery.fec.gov/cgi-bin/fecimg/?202601319795608911","","ACTBLUE TECHNICAL SERVICES","PO BOX 441146","","WEST SOMERVILLE","MA","021440031","2025-11-02","$198.76","CREDIT CARD PROCESSING FEES","","","","","500172594",""
"C00843003","JULIE JOHNSON FOR CONGRESS","H4TX32089","JOHNSON, JULIE","2026","H","TX","33","17","http://docquery.fec.gov/cgi-bin/fecimg/?202601319795608921","","WHITEPAGES","1301 5TH AVE","STE 1600","SEATTLE","WA","981012625","2025-10-16","$10.63","SUBSCRIPTION","X","*","","","500172860","500172302"
"C00843003","JULIE JOHNSON FOR CONGRESS","H4TX32089","JOHNSON, JULIE","2026","H","TX","33","17","http://docquery.fec.gov/cgi-bin/fecimg/?202601319795608921","","WHITEPAGES","1301 5TH AVE","STE 1600","SEATTLE","WA","981012625","2025-10-16","$35.10","SUBSCRIPTION","X","*","","","500172861","500172302"
"C00843003","JULIE JOHNSON FOR CONGRESS","H4TX32089","JOHNSON, JULIE","2026","H","TX","33","17","http://docquery.fec.gov/cgi-bin/fecimg/?202601319795608922","","AMERICAN EXPRESS","200 VESEY ST","","NEW YORK","NY","102851000","2025-12-02","$492.60","CREDIT CARD PAYMENT","","","","","500174927",""
"C00843003","JULIE JOHNSON FOR CONGRESS","H4TX32089","JOHNSON, JULIE","2026","H","TX","33","17","http://docquery.fec.gov/cgi-bin/fecimg/?202601319795608922","","AMAZON","1516 2ND AVE","","SEATTLE","WA","981011543","2025-12-02","$43.29","OFFICE SUPPLIES","X","*","","","500174928","500174927"
"C00843003","JULIE JOHNSON FOR CONGRESS","H4TX32089","JOHNSON, JULIE","2026","H","TX","33","17","http://docquery.fec.gov/cgi-bin/fecimg/?202601319795608922","","AMAZON","1516 2ND AVE","","SEATTLE","WA","981011543","2025-12-02","$86.59","OFFICE SUPPLIES","X","*","","","500174929","500174927"
"C00843003","JULIE JOHNSON FOR CONGRESS","H4TX32089","JOHNSON, JULIE","2026","H","TX","33","17","http://docquery.fec.gov/cgi-bin/fecimg/?202601319795608923","","AMAZON","1516 2ND AVE","","SEATTLE","WA","981011543","2025-12-02","$32.54","OFFICE SUPPLIES","X","*","","","500174930","500174927"
"C00843003","JULIE JOHNSON FOR CONGRESS","H4TX32089","JOHNSON, JULIE","2026","H","TX","33","17","http://docquery.fec.gov/cgi-bin/fecimg/?202601319795608923","","WALMART","1635 MARKET PLACE BLVD","","IRVING","TX","75063","2025-12-02","$42.06","OFFICE SUPPLIES","X","*","","","500174931","500174927"
"C00843003","JULIE JOHNSON FOR CONGRESS","H4TX32089","JOHNSON, JULIE","2026","H","TX","33","17","http://docquery.fec.gov/cgi-bin/fecimg/?202601319795608923","","WALMART","1635 MARKET PLACE BLVD","","IRVING","TX","75063","2025-12-02","$242.39","OFFICE SUPPLIES","X","*","","","500174932","500174927"
"C00843003","JULIE JOHNSON FOR CONGRESS","H4TX32089","JOHNSON, JULIE","2026","H","TX","33","17","http://docquery.fec.gov/cgi-bin/fecimg/?202601319795608911","","ACTBLUE TECHNICAL SERVICES","PO BOX 441146","","WEST SOMERVILLE","MA","021440031","2025-11-09","$146.13","CREDIT CARD PROCESSING FEES","","","","","500173138",""
"C00843003","JULIE JOHNSON FOR CONGRESS","H4TX32089","JOHNSON, JULIE","2026","H","TX","33","17","http://docquery.fec.gov/cgi-bin/fecimg/?202601319795608912","","ACTBLUE TECHNICAL SERVICES","PO BOX 441146","","WEST SOMERVILLE","MA","021440031","2025-11-16","$352.00","CREDIT CARD PROCESSING FEES","","","","","500173427",""
"C00843003","JULIE JOHNSON FOR CONGRESS","H4TX32089","JOHNSON, JULIE","2026","H","TX","33","17","http://docquery.fec.gov/cgi-bin/fecimg/?202601319795608912","","ACTBLUE TECHNICAL SERVICES","PO BOX 441146","","WEST SOMERVILLE","MA","021440031","2025-11-23","$45.83","CREDIT CARD PROCESSING FEES","","","","","500173887",""
"C00843003","JULIE JOHNSON FOR CONGRESS","H4TX32089","JOHNSON, JULIE","2026","H","TX","33","17","http://docquery.fec.gov/cgi-bin/fecimg/?202601319795608912","","ACTBLUE TECHNICAL SERVICES","PO BOX 441146","","WEST SOMERVILLE","MA","021440031","2025-11-30","$56.10","CREDIT CARD PROCESSING FEES","","","","","500174063",""
"C00843003","JULIE JOHNSON FOR CONGRESS","H4TX32089","JOHNSON, JULIE","2026","H","TX","33","17","http://docquery.fec.gov/cgi-bin/fecimg/?202601319795608913","","ACTBLUE TECHNICAL SERVICES","PO BOX 441146","","WEST SOMERVILLE","MA","021440031","2025-12-07","$68.86","CREDIT CARD PROCESSING FEES","","","","","500174705",""
"C00843003","JULIE JOHNSON FOR CONGRESS","H4TX32089","JOHNSON, JULIE","2026","H","TX","33","17","http://docquery.fec.gov/cgi-bin/fecimg/?202601319795608913","","ACTBLUE TECHNICAL SERVICES","PO BOX 441146","","WEST SOMERVILLE","MA","021440031","2025-12-14","$1,322.00","CREDIT CARD PROCESSING FEES","","","","","500175314",""
"C00843003","JULIE JOHNSON FOR CONGRESS","H4TX32089","JOHNSON, JULIE","2026","H","TX","33","17","http://docquery.fec.gov/cgi-bin/fecimg/?202601319795608913","","ACTBLUE TECHNICAL SERVICES","PO BOX 441146","","WEST SOMERVILLE","MA","021440031","2025-12-21","$930.87","CREDIT CARD PROCESSING FEES","","","","","500175573",""
"C00843003","JULIE JOHNSON FOR CONGRESS","H4TX32089","JOHNSON, JULIE","2026","H","TX","33","17","http://docquery.fec.gov/cgi-bin/fecimg/?202601319795608914","","ACTBLUE TECHNICAL SERVICES","PO BOX 441146","","WEST SOMERVILLE","MA","021440031","2025-12-28","$677.61","CREDIT CARD PROCESSING FEES","","","","","500175663",""
"C00843003","JULIE JOHNSON FOR CONGRESS","H4TX32089","JOHNSON, JULIE","2026","H","TX","33","17","http://docquery.fec.gov/cgi-bin/fecimg/?202601319795608914","","ACTBLUE TECHNICAL SERVICES","PO BOX 441146","","WEST SOMERVILLE","MA","021440031","2025-12-31","$1,371.87","CREDIT CARD PROCESSING FEES","","","","","500175664",""
"C00843003","JULIE JOHNSON FOR CONGRESS","H4TX32089","JOHNSON, JULIE","2026","H","TX","33","17","http://docquery.fec.gov/cgi-bin/fecimg/?202601319795608914","","AMALGAMATED BANK","1825 K ST NW","","WASHINGTON","DC","200061202","2025-10-29","$164.28","BANK FEES","","","","","500172869",""
"C00843003","JULIE JOHNSON FOR CONGRESS","H4TX32089","JOHNSON, JULIE","2026","H","TX","33","17","http://docquery.fec.gov/cgi-bin/fecimg/?202601319795608915","","AMALGAMATED BANK","1825 K ST NW","","WASHINGTON","DC","200061202","2025-10-29","$14.00","BANK FEES","","","","","500172870",""
"C00843003","JULIE JOHNSON FOR CONGRESS","H4TX32089","JOHNSON, JULIE","2026","H","TX","33","17","http://docquery.fec.gov/cgi-bin/fecimg/?202601319795608925","","FEDEX OFFICE PRINT & SHIP CENTER","3875 AIRWAYS BLVD","","MEMPHIS","TN","381165070","2025-12-30","$126.35","PRINTING","X","*","","","500176282","500176279"
"C00843003","JULIE JOHNSON FOR CONGRESS","H4TX32089","JOHNSON, JULIE","2026","H","TX","33","17","http://docquery.fec.gov/cgi-bin/fecimg/?202601319795608925","","NEXT DAY FLYERS","8000 HASKELL AVE","","VAN NUYS","CA","914061321","2025-12-30","$320.14","PRINTING","X","*","","","500176284","500176279"
"C00843003","JULIE JOHNSON FOR CONGRESS","H4TX32089","JOHNSON, JULIE","2026","H","TX","33","17","http://docquery.fec.gov/cgi-bin/fecimg/?202601319795608930","","DEMOCRACY ENGINE LLC","416 FLORIDA AVE NW","UNIT 26418","WASHINGTON","DC","200010516","2025-11-28","$.10","CREDIT CARD PROCESSING FEES","","","","","500174925",""
"C00843003","JULIE JOHNSON FOR CONGRESS","H4TX32089","JOHNSON, JULIE","2026","H","TX","33","17","http://docquery.fec.gov/cgi-bin/fecimg/?202601319795608930","","DEMOCRACY ENGINE LLC","416 FLORIDA AVE NW","UNIT 26418","WASHINGTON","DC","200010516","2025-12-18","$675.00","CREDIT CARD PROCESSING FEES","","","","","500176287",""
"C00843003","JULIE JOHNSON FOR CONGRESS","H4TX32089","JOHNSON, JULIE","2026","H","TX","33","17","http://docquery.fec.gov/cgi-bin/fecimg/?202601319795608930","","DEMOCRACY ENGINE LLC","416 FLORIDA AVE NW","UNIT 26418","WASHINGTON","DC","200010516","2025-12-18","$20.15","CREDIT CARD PROCESSING FEES","","","","","500176289",""
"C00843003","JULIE JOHNSON FOR CONGRESS","H4TX32089","JOHNSON, JULIE","2026","H","TX","33","17","http://docquery.fec.gov/cgi-bin/fecimg/?202601319795608931","","DEMOCRACY ENGINE LLC","416 FLORIDA AVE NW","UNIT 26418","WASHINGTON","DC","200010516","2025-12-19","$75.00","CREDIT CARD PROCESSING FEES","","","","","500176288",""
"C00843003","JULIE JOHNSON FOR CONGRESS","H4TX32089","JOHNSON, JULIE","2026","H","TX","33","17","http://docquery.fec.gov/cgi-bin/fecimg/?202601319795608931","","DEMOCRACY ENGINE LLC","416 FLORIDA AVE NW","UNIT 26418","WASHINGTON","DC","200010516","2025-12-26","$675.00","CREDIT CARD PROCESSING FEES","","","","","500176290",""
"C00843003","JULIE JOHNSON FOR CONGRESS","H4TX32089","JOHNSON, JULIE","2026","H","TX","33","17","http://docquery.fec.gov/cgi-bin/fecimg/?202601319795608931","","EDSI DBA EDWARDS & PATTERSON SIGNS","203 S BELT LINE RD","","IRVING","TX","750602158","2025-12-18","$2,338.68","YARD SIGNS","","","","","500176272",""
"C00916486","ZEESHAN FOR TEXAS","H6TX33074","HAFEEZ, ZEESHAN","2026","H","TX","33","17","http://docquery.fec.gov/cgi-bin/fecimg/?202510169791604751","","AIJAZ, MOHAMMAD","12323 ASHFORD HOLLOW DR","","SUGAR LAND","TX","77478","2025-09-30","$3,500.00","IN-KIND - CAMPAIGN COMPLIANCE SERVICES","","","","","SB17.5669",""
"C00916486","ZEESHAN FOR TEXAS","H6TX33074","HAFEEZ, ZEESHAN","2026","H","TX","33","17","http://docquery.fec.gov/cgi-bin/fecimg/?202510169791604751","","IQBAL, SAIF","10604 CORY LAKE DR","","TAMPA","FL","33647","2025-09-30","$3,500.00","IN-KIND - LEGAL AND STRATEGY SERVICES","","","","","SB17.5672",""
"C00929844","ALLRED FOR TEXAS","H6TX33082","ALLRED, COLIN","2026","H","TX","33","17","http://docquery.fec.gov/cgi-bin/fecimg/?202602199834787349","","KORENMAN, ANNA","PO BOX 601631","","DALLAS","TX","753601631","2026-01-15","$2,099.58","SALARY","X","*","","","500462350","500462325"
"C00929844","ALLRED FOR TEXAS","H6TX33082","ALLRED, COLIN","2026","H","TX","33","17","http://docquery.fec.gov/cgi-bin/fecimg/?202602199834787349","","MORROCCO, DANIEL","PO BOX 601631","","DALLAS","TX","753601631","2026-01-15","$6,620.92","SALARY","X","*","","","500462351","500462325"
"C00929844","ALLRED FOR TEXAS","H6TX33082","ALLRED, COLIN","2026","H","TX","33","17","http://docquery.fec.gov/cgi-bin/fecimg/?202602199834787349","","RAGHAVAN, SANDHYA","PO BOX 601631","","DALLAS","TX","753601631","2026-01-15","$2,478.42","SALARY","X","*","","","500462352","500462325"
"C00929844","ALLRED FOR TEXAS","H6TX33082","ALLRED, COLIN","2026","H","TX","33","17","http://docquery.fec.gov/cgi-bin/fecimg/?202602199834787350","","BROWN, KYNNEDI","PO BOX 601631","","DALLAS","TX","753601631","2026-01-15","$2,099.58","SALARY","X","*","","","500462343","500462325"
"C00929844","ALLRED FOR TEXAS","H6TX33082","ALLRED, COLIN","2026","H","TX","33","17","http://docquery.fec.gov/cgi-bin/fecimg/?202602199834787350","","RAMON, ANA","PO BOX 601631","","DALLAS","TX","753601631","2026-01-15","$4,228.67","SALARY","X","*","","","500462353","500462325"
"C00929844","ALLRED FOR TEXAS","H6TX33082","ALLRED, COLIN","2026","H","TX","33","17","http://docquery.fec.gov/cgi-bin/fecimg/?202602199834787350","","BUSCH, NICOLE","PO BOX 601631","","DALLAS","TX","753601631","2026-01-15","$2,654.30","SALARY","X","*","","","500462344","500462325"
"C00929844","ALLRED FOR TEXAS","H6TX33082","ALLRED, COLIN","2026","H","TX","33","17","http://docquery.fec.gov/cgi-bin/fecimg/?202602199834787351","","TYLER, CHASE","PO BOX 601631","","DALLAS","TX","753601631","2026-01-15","$2,592.17","SALARY","X","*","","","500462354","500462325"
"C00929844","ALLRED FOR TEXAS","H6TX33082","ALLRED, COLIN","2026","H","TX","33","17","http://docquery.fec.gov/cgi-bin/fecimg/?202602199834787351","","CRUMMEY, ZOEY","PO BOX 601631","","DALLAS","TX","753601631","2026-01-15","$3,533.67","SALARY","X","*","","","500462345","500462325"
"C00929844","ALLRED FOR TEXAS","H6TX33082","ALLRED, COLIN","2026","H","TX","33","17","http://docquery.fec.gov/cgi-bin/fecimg/?202602199834787351","","UPADHYAYA, MEGHA","PO BOX 601631","","DALLAS","TX","753601631","2026-01-15","$3,837.90","SALARY","X","*","","","500462355","500462325"
"C00929844","ALLRED FOR TEXAS","H6TX33082","ALLRED, COLIN","2026","H","TX","33","17","http://docquery.fec.gov/cgi-bin/fecimg/?202602199834787352","","DODD, KELLY","PO BOX 601631","","DALLAS","TX","753601631","2026-01-15","$4,228.67","SALARY","X","*","","","500462346","500462325"
"C00929844","ALLRED FOR TEXAS","H6TX33082","ALLRED, COLIN","2026","H","TX","33","17","http://docquery.fec.gov/cgi-bin/fecimg/?202602199834787352","","WILLIAMS, SHERMAN","PO BOX 601631","","DALLAS","TX","753601631","2026-01-15","$3,181.92","SALARY","X","*","","","500462356","500462325"
"C00929844","ALLRED FOR TEXAS","H6TX33082","ALLRED, COLIN","2026","H","TX","33","17","http://docquery.fec.gov/cgi-bin/fecimg/?202602199834787352","","FINLEY, JANE","PO BOX 601631","","DALLAS","TX","753601631","2026-01-15","$2,300.45","SALARY","X","*","","","500462347","500462325"
"C00929844","ALLRED FOR TEXAS","H6TX33082","ALLRED, COLIN","2026","H","TX","33","17","http://docquery.fec.gov/cgi-bin/fecimg/?202602199834787353","","WOJCIECHOWSKI, SHAD","PO BOX 601631","","DALLAS","TX","753601631","2026-01-15","$4,570.42","SALARY","X","*","","","500462357","500462325"
"C00929844","ALLRED FOR TEXAS","H6TX33082","ALLRED, COLIN","2026","H","TX","33","17","http://docquery.fec.gov/cgi-bin/fecimg/?202602199834787353","","FLORES, LAURA","PO BOX 601631","","DALLAS","TX","753601631","2026-01-15","$4,228.67","SALARY","X","*","","","500462348","500462325"
"C00929844","ALLRED FOR TEXAS","H6TX33082","ALLRED, COLIN","2026","H","TX","33","17","http://docquery.fec.gov/cgi-bin/fecimg/?202602199834787353","","GOTTLIEB, DANIEL","PO BOX 601631","","DALLAS","TX","753601631","2026-01-15","$4,228.67","SALARY","X","*","","","500462349","500462325"
"C00929844","ALLRED FOR TEXAS","H6TX33082","ALLRED, COLIN","2026","H","TX","33","17","http://docquery.fec.gov/cgi-bin/fecimg/?202602199834787354","","UNITED HEALTHCARE","9900 BREN RD E","","HOPKINS","MN","553439664","2026-02-11","$7,117.96","HEALTH INSURANCE","","","","","500467635",""
"C00929844","ALLRED FOR TEXAS","H6TX33082","ALLRED, COLIN","2026","H","TX","33","17","http://docquery.fec.gov/cgi-bin/fecimg/?202602199834787354","","STRIPES STRATEGY","PO BOX 601631","","DALLAS","TX","753601631","2026-02-04","$5,000.00","GENERAL CAMPAIGN CONSULTING","","","","","500466335",""
"C00929844","ALLRED FOR TEXAS","H6TX33082","ALLRED, COLIN","2026","H","TX","33","17","http://docquery.fec.gov/cgi-bin/fecimg/?202602199834787354","","WALKER, BRIAN","PO BOX 601631","","DALLAS","TX","753601631","2026-02-05","$700.00","CANVASSING","","","","","500466455",""
"C00929844","ALLRED FOR TEXAS","H6TX33082","ALLRED, COLIN","2026","H","TX","33","17","http://docquery.fec.gov/cgi-bin/fecimg/?202602199834787355","","MBA CONSULTING GROUP","611 PENNSYLVANIA AVE SE","NUM 143","WASHINGTON","DC","200034303","2026-01-27","$5,002.19","COMPLIANCE SERVICES","","","","","500464755",""
"C00929844","ALLRED FOR TEXAS","H6TX33082","ALLRED, COLIN","2026","H","TX","33","17","http://docquery.fec.gov/cgi-bin/fecimg/?202602199834787355","","JEFFERSON, JONNATHON","PO BOX 601631","","DALLAS","TX","753601631","2026-02-11","$625.00","CANVASSING","","","","","500467665",""
"C00929844","ALLRED FOR TEXAS","H6TX33082","ALLRED, COLIN","2026","H","TX","33","17","http://docquery.fec.gov/cgi-bin/fecimg/?202602199834787355","","BROWN, LATRISHA","PO BOX 601631","","DALLAS","TX","753601631","2026-02-06","$1,225.00","CANVASSING","","","","","500466465",""
"C00929844","ALLRED FOR TEXAS","H6TX33082","ALLRED, COLIN","2026","H","TX","33","17","http://docquery.fec.gov/cgi-bin/fecimg/?202602199834787356","","TOLLIVER, BRIANNA","PO BOX 601631","","DALLAS","TX","753601631","2026-01-30","$725.00","CANVASSING","","","","","500465016",""
"C00929844","ALLRED FOR TEXAS","H6TX33082","ALLRED, COLIN","2026","H","TX","33","17","http://docquery.fec.gov/cgi-bin/fecimg/?202602199834787356","","MBA CONSULTING GROUP","611 PENNSYLVANIA AVE SE","NUM 143","WASHINGTON","DC","200034303","2026-01-02","$3,870.97","COMPLIANCE SERVICES","","","","","500457716",""
"C00929844","ALLRED FOR TEXAS","H6TX33082","ALLRED, COLIN","2026","H","TX","33","17","http://docquery.fec.gov/cgi-bin/fecimg/?202602199834787356","","AL MEDIA","222 W ONTARIO ST","STE 600","CHICAGO","IL","606543655","2026-02-02","$224,622.00","MEDIA ADVERTISING","","","","","500466336",""
"C00929844","ALLRED FOR TEXAS","H6TX33082","ALLRED, COLIN","2026","H","TX","33","17","http://docquery.fec.gov/cgi-bin/fecimg/?202602199834787357","","TOLLIVER, BRIANNA","PO BOX 601631","","DALLAS","TX","753601631","2026-02-11","$625.00","CANVASSING","","","","","500467656",""
"C00929844","ALLRED FOR TEXAS","H6TX33082","ALLRED, COLIN","2026","H","TX","33","17","http://docquery.fec.gov/cgi-bin/fecimg/?202602199834787357","","TOLLIVER, BRIANNA","PO BOX 601631","","DALLAS","TX","753601631","2026-02-05","$700.00","CANVASSING","","","","","500466456",""
"C00929844","ALLRED FOR TEXAS","H6TX33082","ALLRED, COLIN","2026","H","TX","33","17","http://docquery.fec.gov/cgi-bin/fecimg/?202602199834787357","","FLAGSHIP CAMPAIGNS","7926 BROADWAY","APT 707","SAN ANTONIO","TX","782092613","2026-01-27","$2,000.00","RESEARCH SERVICES","","","","","500464756",""
"C00929844","ALLRED FOR TEXAS","H6TX33082","ALLRED, COLIN","2026","H","TX","33","17","http://docquery.fec.gov/cgi-bin/fecimg/?202602199834787313","","BODY, WHITNEY","PO BOX 601631","","DALLAS","TX","753601631","2026-01-30","$625.00","CANVASSING","","","","","500465010",""
"C00929844","ALLRED FOR TEXAS","H6TX33082","ALLRED, COLIN","2026","H","TX","33","17","http://docquery.fec.gov/cgi-bin/fecimg/?202602199834787313","","MATA, MARK","PO BOX 601631","","DALLAS","TX","753601631","2026-01-30","$1,500.00","VEHICLE RENTAL","","","","","500465020",""
"C00929844","ALLRED FOR TEXAS","H6TX33082","ALLRED, COLIN","2026","H","TX","33","17","http://docquery.fec.gov/cgi-bin/fecimg/?202602199834787313","","PAYROLL DATA PROCESSING","4224 HENDERSON BLVD","","TAMPA","FL","336295611","2026-01-02","$91.73","PAYROLL FEES","","","","","500462320",""
"C00929844","ALLRED FOR TEXAS","H6TX33082","ALLRED, COLIN","2026","H","TX","33","17","http://docquery.fec.gov/cgi-bin/fecimg/?202602199834787314","","AL MEDIA","222 W ONTARIO ST","STE 600","CHICAGO","IL","606543655","2026-02-09","$208,422.00","MEDIA ADVERTISING","","","","","500467640",""
"C00929844","ALLRED FOR TEXAS","H6TX33082","ALLRED, COLIN","2026","H","TX","33","17","http://docquery.fec.gov/cgi-bin/fecimg/?202602199834787314","","VALENTINE, EDWIN","PO BOX 601631","","DALLAS","TX","753601631","2026-02-11","$625.00","CANVASSING","","","","","500467660",""
"C00929844","ALLRED FOR TEXAS","H6TX33082","ALLRED, COLIN","2026","H","TX","33","17","http://docquery.fec.gov/cgi-bin/fecimg/?202602199834787314","","CROWLEY, JAZMIN","PO BOX 601631","","DALLAS","TX","753601631","2026-02-05","$700.00","CANVASSING","","","","","500466460",""
"C00929844","ALLRED FOR TEXAS","H6TX33082","ALLRED, COLIN","2026","H","TX","33","17","http://docquery.fec.gov/cgi-bin/fecimg/?202602199834787315","","BLUE JAY STRATEGIES","925 B PEACHTREE ST NE","# 2172","ATLANTA","GA","303094498","2026-01-29","$12,000.00","FUNDRAISING CONSULTING","","","","","500464760",""
"C00929844","ALLRED FOR TEXAS","H6TX33082","ALLRED, COLIN","2026","H","TX","33","17","http://docquery.fec.gov/cgi-bin/fecimg/?202602199834787324","","GOOGLE","1600 AMPHITHEATRE PKWY","","MOUNTAIN VIEW","CA","940431351","2026-02-09","$4.32","SOFTWARE SUBSCRIPTION","X","*","","","500467865","500467861"
"C00929844","ALLRED FOR TEXAS","H6TX33082","ALLRED, COLIN","2026","H","TX","33","17","http://docquery.fec.gov/cgi-bin/fecimg/?202602199834787324","","UBER EATS","1455 MARKET ST","STE 400","SAN FRANCISCO","CA","941031355","2026-02-09","$40.12","MEALS","X","*","","","500467885","500467861"
"C00929844","ALLRED FOR TEXAS","H6TX33082","ALLRED, COLIN","2026","H","TX","33","17","http://docquery.fec.gov/cgi-bin/fecimg/?202602199834787324","","GOOGLE","1600 AMPHITHEATRE PKWY","","MOUNTAIN VIEW","CA","940431351","2026-02-09","$83.38","SOFTWARE SUBSCRIPTION","X","*","","","500467866","500467861"
"C00929844","ALLRED FOR TEXAS","H6TX33082","ALLRED, COLIN","2026","H","TX","33","17","http://docquery.fec.gov/cgi-bin/fecimg/?202602199834787325","","UBER EATS","1455 MARKET ST","STE 400","SAN FRANCISCO","CA","941031355","2026-02-09","$51.82","MEALS","X","*","","","500467886","500467861"
"C00929844","ALLRED FOR TEXAS","H6TX33082","ALLRED, COLIN","2026","H","TX","33","17","http://docquery.fec.gov/cgi-bin/fecimg/?202602199834787325","","GOOGLE","1600 AMPHITHEATRE PKWY","","MOUNTAIN VIEW","CA","940431351","2026-02-09","$656.23","SOFTWARE SUBSCRIPTION","X","*","","","500467867","500467861"
"C00929844","ALLRED FOR TEXAS","H6TX33082","ALLRED, COLIN","2026","H","TX","33","17","http://docquery.fec.gov/cgi-bin/fecimg/?202602199834787325","","APOLLO ARTISTRY","1165 N CLARK ST","STE 700","CHICAGO","IL","606102821","2026-02-09","$350.00","WEB DESIGN","X","*","","","500467897","500467861"
"C00929844","ALLRED FOR TEXAS","H6TX33082","ALLRED, COLIN","2026","H","TX","33","17","http://docquery.fec.gov/cgi-bin/fecimg/?202602199834787326","","GOOGLE","1600 AMPHITHEATRE PKWY","","MOUNTAIN VIEW","CA","940431351","2026-02-09","$120.48","SOFTWARE SUBSCRIPTION","X","*","","","500467868","500467861"
"C00929844","ALLRED FOR TEXAS","H6TX33082","ALLRED, COLIN","2026","H","TX","33","17","http://docquery.fec.gov/cgi-bin/fecimg/?202602199834787326","","CALLTIME.AI","2627 E COLLEGE AVE","","VISALIA","CA","932923205","2026-02-09","$2,988.00","SOFTWARE SUBSCRIPTION","X","*","","","500467888","500467861"
"C00929844","ALLRED FOR TEXAS","H6TX33082","ALLRED, COLIN","2026","H","TX","33","17","http://docquery.fec.gov/cgi-bin/fecimg/?202602199834787326","","SOUTHWEST AIRLINES","2702 LOVE FIELD DR","","DALLAS","TX","752351908","2026-02-09","$634.97","TRAVEL","X","*","","","500467869","500467861"
"C00929844","ALLRED FOR TEXAS","H6TX33082","ALLRED, COLIN","2026","H","TX","33","17","http://docquery.fec.gov/cgi-bin/fecimg/?202602199834787327","","WARCHEST","4200 WISCONSIN AVE NW","STE PM 106","WASHINGTON","DC","200162143","2026-02-09","$650.00","SOFTWARE SUBSCRIPTION","X","*","","","500467889","500467861"
"C00929844","ALLRED FOR TEXAS","H6TX33082","ALLRED, COLIN","2026","H","TX","33","17","http://docquery.fec.gov/cgi-bin/fecimg/?202602199834787327","","RANGEL, ANGELINA","PO BOX 601631","","DALLAS","TX","753601631","2026-02-11","$525.00","CANVASSING","","","","","500467671",""
"C00929844","ALLRED FOR TEXAS","H6TX33082","ALLRED, COLIN","2026","H","TX","33","17","http://docquery.fec.gov/cgi-bin/fecimg/?202602199834787327","","PAYROLL DATA PROCESSING","4224 HENDERSON BLVD","","TAMPA","FL","336295611","2026-01-30","$7,550.41","PAYROLL TAXES","","","","","500466391",""
"C00929844","ALLRED FOR TEXAS","H6TX33082","ALLRED, COLIN","2026","H","TX","33","17","http://docquery.fec.gov/cgi-bin/fecimg/?202602199834787328","","JEFFERSON, CHARLIE","PO BOX 601631","","DALLAS","TX","753601631","2026-01-30","$625.00","CANVASSING","","","","","500465012",""
"C00929844","ALLRED FOR TEXAS","H6TX33082","ALLRED, COLIN","2026","H","TX","33","17","http://docquery.fec.gov/cgi-bin/fecimg/?202602199834787328","","ACTBLUE TECHNICAL SERVICES","366 SUMMER ST","","SOMERVILLE","MA","021443132","2026-01-05","$776.94","CREDIT CARD PROCESSING FEE","","","","","500457712",""
"C00929844","ALLRED FOR TEXAS","H6TX33082","ALLRED, COLIN","2026","H","TX","33","17","http://docquery.fec.gov/cgi-bin/fecimg/?202602199834787328","","ACTBLUE TECHNICAL SERVICES","366 SUMMER ST","","SOMERVILLE","MA","021443132","2026-01-12","$3,941.27","CREDIT CARD PROCESSING FEE","","","","","500457822",""
"C00929844","ALLRED FOR TEXAS","H6TX33082","ALLRED, COLIN","2026","H","TX","33","17","http://docquery.fec.gov/cgi-bin/fecimg/?202602199834787358","","RANGEL, SANTIAGO","PO BOX 601631","","DALLAS","TX","753601631","2026-01-30","$925.00","CANVASSING","","","","","500465017",""
"C00929844","ALLRED FOR TEXAS","H6TX33082","ALLRED, COLIN","2026","H","TX","33","17","http://docquery.fec.gov/cgi-bin/fecimg/?202602199834787358","","BLUEBIRD STRATEGY GROUP","4849 GREENVILLE AVE","STE 1370","DALLAS","TX","752064130","2026-01-09","$6,000.00","FUNDRAISING CONSULTING","","","","","500462927",""
"C00929844","ALLRED FOR TEXAS","H6TX33082","ALLRED, COLIN","2026","H","TX","33","17","http://docquery.fec.gov/cgi-bin/fecimg/?202602199834787358","","ACTBLUE TECHNICAL SERVICES","366 SUMMER ST","","SOMERVILLE","MA","021443132","2026-02-02","$5,782.53","CREDIT CARD PROCESSING FEE","","","","","500466337",""
"C00929844","ALLRED FOR TEXAS","H6TX33082","ALLRED, COLIN","2026","H","TX","33","17","http://docquery.fec.gov/cgi-bin/fecimg/?202602199834787359","","JEFFERSON, CHARLIE","PO BOX 601631","","DALLAS","TX","753601631","2026-02-05","$700.00","CANVASSING","","","","","500466457",""
"C00929844","ALLRED FOR TEXAS","H6TX33082","ALLRED, COLIN","2026","H","TX","33","17","http://docquery.fec.gov/cgi-bin/fecimg/?202602199834787359","","RANGEL, SANTIAGO","PO BOX 601631","","DALLAS","TX","753601631","2026-02-11","$625.00","CANVASSING","","","","","500467667",""
"C00929844","ALLRED FOR TEXAS","H6TX33082","ALLRED, COLIN","2026","H","TX","33","17","http://docquery.fec.gov/cgi-bin/fecimg/?202602199834787359","","JEFFERSON, ATHENA","PO BOX 601631","","DALLAS","TX","753601631","2026-01-30","$650.00","CANVASSING","","","","","500465018",""
"C00929844","ALLRED FOR TEXAS","H6TX33082","ALLRED, COLIN","2026","H","TX","33","17","http://docquery.fec.gov/cgi-bin/fecimg/?202602199834787360","","ELECTRIC ELMO LLC","4104 RIVER BIRCH RD","","FORT WORTH","TX","761371134","2026-01-09","$3,000.00","GENERAL CAMPAIGN CONSULTING","","","","","500462928",""
"C00929844","ALLRED FOR TEXAS","H6TX33082","ALLRED, COLIN","2026","H","TX","33","17","http://docquery.fec.gov/cgi-bin/fecimg/?202602199834787360","","LEXISNEXIS","230 PARK AVE","FL 7","NEW YORK","NY","101690935","2026-01-13","$421.07","SOFTWARE SUBSCRIPTION","","","","","500462938",""
"C00929844","ALLRED FOR TEXAS","H6TX33082","ALLRED, COLIN","2026","H","TX","33","17","http://docquery.fec.gov/cgi-bin/fecimg/?202602199834787360","","JEFFERSON, CHARLIE","PO BOX 601631","","DALLAS","TX","753601631","2026-02-11","$625.00","CANVASSING","","","","","500467658",""
"C00929844","ALLRED FOR TEXAS","H6TX33082","ALLRED, COLIN","2026","H","TX","33","17","http://docquery.fec.gov/cgi-bin/fecimg/?202602199834787315","","ACTBLUE TECHNICAL SERVICES","366 SUMMER ST","","SOMERVILLE","MA","021443132","2026-02-09","$2,782.05","CREDIT CARD PROCESSING FEE","","","","","500467560",""
"C00929844","ALLRED FOR TEXAS","H6TX33082","ALLRED, COLIN","2026","H","TX","33","17","http://docquery.fec.gov/cgi-bin/fecimg/?202602199834787315","","BODY, WHITNEY","PO BOX 601631","","DALLAS","TX","753601631","2026-02-11","$625.00","CANVASSING","","","","","500467670",""
"C00929844","ALLRED FOR TEXAS","H6TX33082","ALLRED, COLIN","2026","H","TX","33","17","http://docquery.fec.gov/cgi-bin/fecimg/?202602199834787316","","PAYROLL DATA PROCESSING","4224 HENDERSON BLVD","","TAMPA","FL","336295611","2026-01-30","$319.56","PAYROLL FEES","","","","","500466390",""
"C00929844","ALLRED FOR TEXAS","H6TX33082","ALLRED, COLIN","2026","H","TX","33","17","http://docquery.fec.gov/cgi-bin/fecimg/?202602199834787316","","JEFFERSON, JONNATHON","PO BOX 601631","","DALLAS","TX","753601631","2026-01-30","$625.00","CANVASSING","","","","","500465011",""
"C00929844","ALLRED FOR TEXAS","H6TX33082","ALLRED, COLIN","2026","H","TX","33","17","http://docquery.fec.gov/cgi-bin/fecimg/?202602199834787316","","PAYROLL DATA PROCESSING","4224 HENDERSON BLVD","","TAMPA","FL","336295611","2026-01-02","$27,163.40","PAYROLL TAXES","","","","","500462321",""
"C00929844","ALLRED FOR TEXAS","H6TX33082","ALLRED, COLIN","2026","H","TX","33","17","http://docquery.fec.gov/cgi-bin/fecimg/?202602199834787317","","REILLY ECHOLS PRINTING, INC.","PO BOX 152358","","DALLAS","TX","753152358","2026-02-06","$2,543.88","PRINTING","","","","","500466531",""
"C00929844","ALLRED FOR TEXAS","H6TX33082","ALLRED, COLIN","2026","H","TX","33","17","http://docquery.fec.gov/cgi-bin/fecimg/?202602199834787317","","DW OAK LAWN, LLC","12700 HILLCREST RD","STE 120","DALLAS","TX","752302042","2026-02-11","$8,347.17","OFFICE RENT & UTILIITES","","","","","500467641",""
"C00929844","ALLRED FOR TEXAS","H6TX33082","ALLRED, COLIN","2026","H","TX","33","17","http://docquery.fec.gov/cgi-bin/fecimg/?202602199834787317","","FORD, FRANKLIN","PO BOX 601631","","DALLAS","TX","753601631","2026-02-11","$525.00","CANVASSING","","","","","500467661",""
"C00929844","ALLRED FOR TEXAS","H6TX33082","ALLRED, COLIN","2026","H","TX","33","17","http://docquery.fec.gov/cgi-bin/fecimg/?202602199834787318","","JEFFERSON, JONNATHON","PO BOX 601631","","DALLAS","TX","753601631","2026-02-05","$700.00","CANVASSING","","","","","500466461",""
"C00929844","ALLRED FOR TEXAS","H6TX33082","ALLRED, COLIN","2026","H","TX","33","17","http://docquery.fec.gov/cgi-bin/fecimg/?202602199834787318","","ACTBLUE TECHNICAL SERVICES","366 SUMMER ST","","SOMERVILLE","MA","021443132","2026-02-09","$997.76","CREDIT CARD PROCESSING FEE","","","","","500467561",""
"C00929844","ALLRED FOR TEXAS","H6TX33082","ALLRED, COLIN","2026","H","TX","33","17","http://docquery.fec.gov/cgi-bin/fecimg/?202602199834787318","","AMERICAN EXPRESS","PO BOX 96001","","LOS ANGELES","CA","900968000","2026-02-09","$10,726.56","CREDIT CARD PAYMENT - SEE BELOW IF ITEMIZED","","","","","500467861",""
"C00929844","ALLRED FOR TEXAS","H6TX33082","ALLRED, COLIN","2026","H","TX","33","17","http://docquery.fec.gov/cgi-bin/fecimg/?202602199834787319","","MAILCHIMP","675 PONCE DE LEON AVE NE","STE 5000","ATLANTA","GA","303082172","2026-02-09","$63.96","SOFTWARE SUBSCRIPTION","X","*","","","500467890","500467861"
"C00929844","ALLRED FOR TEXAS","H6TX33082","ALLRED, COLIN","2026","H","TX","33","17","http://docquery.fec.gov/cgi-bin/fecimg/?202602199834787319","","BEST BUY","7601 PENN AVE S","","MINNEAPOLIS","MN","554238500","2026-02-09","$324.75","OFFICE SUPPLIES","X","*","","","500467911","500467861"
"C00929844","ALLRED FOR TEXAS","H6TX33082","ALLRED, COLIN","2026","H","TX","33","17","http://docquery.fec.gov/cgi-bin/fecimg/?202602199834787320","","UBER","1455 MARKET ST","STE 400","SAN FRANCISCO","CA","941031355","2026-02-09","$29.55","TRAVEL","X","*","","","500467871","500467861"
"C00929844","ALLRED FOR TEXAS","H6TX33082","ALLRED, COLIN","2026","H","TX","33","17","http://docquery.fec.gov/cgi-bin/fecimg/?202602199834787320","","UBER EATS","1455 MARKET ST","STE 400","SAN FRANCISCO","CA","941031355","2026-02-09","$89.17","MEALS","X","*","","","500467881","500467861"
"C00929844","ALLRED FOR TEXAS","H6TX33082","ALLRED, COLIN","2026","H","TX","33","17","http://docquery.fec.gov/cgi-bin/fecimg/?202602199834787320","","MAILCHIMP","675 PONCE DE LEON AVE NE","STE 5000","ATLANTA","GA","303082172","2026-02-09","$730.21","SOFTWARE SUBSCRIPTION","X","*","","","500467891","500467861"
"C00929844","ALLRED FOR TEXAS","H6TX33082","ALLRED, COLIN","2026","H","TX","33","17","http://docquery.fec.gov/cgi-bin/fecimg/?202602199834787321","","OFFICE MAX","2415 N HASKELL AVE","","DALLAS","TX","752043716","2026-02-09","$1,326.00","OFFICE SUPPLIES","X","*","","","500467912","500467861"
"C00929844","ALLRED FOR TEXAS","H6TX33082","ALLRED, COLIN","2026","H","TX","33","17","http://docquery.fec.gov/cgi-bin/fecimg/?202602199834787321","","UBER EATS","1455 MARKET ST","STE 400","SAN FRANCISCO","CA","941031355","2026-02-09","$33.42","MEALS","X","*","","","500467882","500467861"
"C00929844","ALLRED FOR TEXAS","H6TX33082","ALLRED, COLIN","2026","H","TX","33","17","http://docquery.fec.gov/cgi-bin/fecimg/?202602199834787321","","OTTER.AI","800 W EL CAMINO REAL","STE 170","MOUNTAIN VIEW","CA","940402592","2026-02-09","$27.81","SOFTWARE SUBSCRIPTION","X","*","","","500467892","500467861"
"C00929844","ALLRED FOR TEXAS","H6TX33082","ALLRED, COLIN","2026","H","TX","33","17","http://docquery.fec.gov/cgi-bin/fecimg/?202602199834787322","","QUO","611 SANTA CRUZ AVE","","MENLO PARK","CA","940254520","2026-02-09","$588.44","SOFTWARE SUBSCRIPTION","X","*","","","500467913","500467861"
"C00929844","ALLRED FOR TEXAS","H6TX33082","ALLRED, COLIN","2026","H","TX","33","17","http://docquery.fec.gov/cgi-bin/fecimg/?202602199834787322","","WHITEPAGES","1301 5TH AVE","STE 1600","SEATTLE","WA","981012625","2026-02-09","$212.79","SOFTWARE SUBSCRIPTION","X","*","","","500467873","500467861"
"C00929844","ALLRED FOR TEXAS","H6TX33082","ALLRED, COLIN","2026","H","TX","33","17","http://docquery.fec.gov/cgi-bin/fecimg/?202602199834787322","","UBER EATS","1455 MARKET ST","STE 400","SAN FRANCISCO","CA","941031355","2026-02-09","$80.87","MEALS","X","*","","","500467883","500467861"
"C00929844","ALLRED FOR TEXAS","H6TX33082","ALLRED, COLIN","2026","H","TX","33","17","http://docquery.fec.gov/cgi-bin/fecimg/?202602199834787323","","OTTER.AI","800 W EL CAMINO REAL","STE 170","MOUNTAIN VIEW","CA","940402592","2026-02-09","$223.86","SOFTWARE SUBSCRIPTION","X","*","","","500467893","500467861"
"C00929844","ALLRED FOR TEXAS","H6TX33082","ALLRED, COLIN","2026","H","TX","33","17","http://docquery.fec.gov/cgi-bin/fecimg/?202602199834787323","","UBER EATS","1455 MARKET ST","STE 400","SAN FRANCISCO","CA","941031355","2026-02-09","$121.12","MEALS","X","*","","","500467884","500467861"
"C00929844","ALLRED FOR TEXAS","H6TX33082","ALLRED, COLIN","2026","H","TX","33","17","http://docquery.fec.gov/cgi-bin/fecimg/?202602199834787323","","SLICE PIZZA","700 3RD AVE","","NEW YORK","NY","100174054","2026-02-09","$240.92","MEALS","X","*","","","500467915","500467861"
"C00929844","ALLRED FOR TEXAS","H6TX33082","ALLRED, COLIN","2026","H","TX","33","17","http://docquery.fec.gov/cgi-bin/fecimg/?202602199834787319","","UBER","1455 MARKET ST","STE 400","SAN FRANCISCO","CA","941031355","2026-02-09","$9.99","TRAVEL","X","*","","","500467870","500467861"
"C00929844","ALLRED FOR TEXAS","H6TX33082","ALLRED, COLIN","2026","H","TX","33","17","http://docquery.fec.gov/cgi-bin/fecimg/?202602199834787329","","PAYROLL DATA PROCESSING","4224 HENDERSON BLVD","","TAMPA","FL","336295611","2026-01-02","$62,665.60","PAYROLL - SEE BELOW IF ITEMIZED","","","","","500462322",""
"C00929844","ALLRED FOR TEXAS","H6TX33082","ALLRED, COLIN","2026","H","TX","33","17","http://docquery.fec.gov/cgi-bin/fecimg/?202602199834787329","","FINLEY, JANE","PO BOX 601631","","DALLAS","TX","753601631","2026-01-02","$2,300.45","SALARY","X","*","","","500462330","500462322"
"C00929844","ALLRED FOR TEXAS","H6TX33082","ALLRED, COLIN","2026","H","TX","33","17","http://docquery.fec.gov/cgi-bin/fecimg/?202602199834787329","","UPADHYAYA, MEGHA","PO BOX 601631","","DALLAS","TX","753601631","2026-01-02","$3,494.65","SALARY","X","*","","","500462340","500462322"
"C00929844","ALLRED FOR TEXAS","H6TX33082","ALLRED, COLIN","2026","H","TX","33","17","http://docquery.fec.gov/cgi-bin/fecimg/?202602199834787330","","FLORES, LAURA","PO BOX 601631","","DALLAS","TX","753601631","2026-01-02","$3,885.42","SALARY","X","*","","","500462331","500462322"
"C00929844","ALLRED FOR TEXAS","H6TX33082","ALLRED, COLIN","2026","H","TX","33","17","http://docquery.fec.gov/cgi-bin/fecimg/?202602199834787330","","WILLIAMS, SHERMAN","PO BOX 601631","","DALLAS","TX","753601631","2026-01-02","$3,181.92","SALARY","X","*","","","500462341","500462322"
"C00929844","ALLRED FOR TEXAS","H6TX33082","ALLRED, COLIN","2026","H","TX","33","17","http://docquery.fec.gov/cgi-bin/fecimg/?202602199834787330","","GOTTLIEB, DANIEL","PO BOX 601631","","DALLAS","TX","753601631","2026-01-02","$3,885.42","SALARY","X","*","","","500462332","500462322"
"C00929844","ALLRED FOR TEXAS","H6TX33082","ALLRED, COLIN","2026","H","TX","33","17","http://docquery.fec.gov/cgi-bin/fecimg/?202602199834787331","","WOJCIECHOWSKI, SHAD","PO BOX 601631","","DALLAS","TX","753601631","2026-01-02","$3,885.42","SALARY","X","*","","","500462342","500462322"
"C00929844","ALLRED FOR TEXAS","H6TX33082","ALLRED, COLIN","2026","H","TX","33","17","http://docquery.fec.gov/cgi-bin/fecimg/?202602199834787331","","HARTLEY, JUSTIN","PO BOX 601631","","DALLAS","TX","753601631","2026-01-02","$5,253.92","SALARY","X","*","","","500462333","500462322"
"C00929844","ALLRED FOR TEXAS","H6TX33082","ALLRED, COLIN","2026","H","TX","33","17","http://docquery.fec.gov/cgi-bin/fecimg/?202602199834787331","","HILDNER, JONATHAN","PO BOX 601631","","DALLAS","TX","753601631","2026-01-02","$6,928.92","SALARY","X","*","","","500462334","500462322"
"C00929844","ALLRED FOR TEXAS","H6TX33082","ALLRED, COLIN","2026","H","TX","33","17","http://docquery.fec.gov/cgi-bin/fecimg/?202602199834787332","","KORENMAN, ANNA","PO BOX 601631","","DALLAS","TX","753601631","2026-01-02","$2,099.58","SALARY","X","*","","","500462335","500462322"
"C00929844","ALLRED FOR TEXAS","H6TX33082","ALLRED, COLIN","2026","H","TX","33","17","http://docquery.fec.gov/cgi-bin/fecimg/?202602199834787332","","BROWN, KYNNEDI","PO BOX 601631","","DALLAS","TX","753601631","2026-01-02","$2,099.58","SALARY","X","*","","","500462326","500462322"
"C00929844","ALLRED FOR TEXAS","H6TX33082","ALLRED, COLIN","2026","H","TX","33","17","http://docquery.fec.gov/cgi-bin/fecimg/?202602199834787332","","MORROCCO, DANIEL","PO BOX 601631","","DALLAS","TX","753601631","2026-01-02","$6,620.92","SALARY","X","*","","","500462336","500462322"
"C00929844","ALLRED FOR TEXAS","H6TX33082","ALLRED, COLIN","2026","H","TX","33","17","http://docquery.fec.gov/cgi-bin/fecimg/?202602199834787333","","BUSCH, NICOLE","PO BOX 601631","","DALLAS","TX","753601631","2026-01-02","$2,654.30","SALARY","X","*","","","500462327","500462322"
"C00929844","ALLRED FOR TEXAS","H6TX33082","ALLRED, COLIN","2026","H","TX","33","17","http://docquery.fec.gov/cgi-bin/fecimg/?202602199834787333","","RAGHAVAN, SANDHYA","PO BOX 601631","","DALLAS","TX","753601631","2026-01-02","$2,478.42","SALARY","X","*","","","500462337","500462322"
"C00929844","ALLRED FOR TEXAS","H6TX33082","ALLRED, COLIN","2026","H","TX","33","17","http://docquery.fec.gov/cgi-bin/fecimg/?202602199834787333","","CRUMMEY, ZOEY","PO BOX 601631","","DALLAS","TX","753601631","2026-01-02","$3,533.67","SALARY","X","*","","","500462328","500462322"
"C00929844","ALLRED FOR TEXAS","H6TX33082","ALLRED, COLIN","2026","H","TX","33","17","http://docquery.fec.gov/cgi-bin/fecimg/?202602199834787334","","RAMON, ANA","PO BOX 601631","","DALLAS","TX","753601631","2026-01-02","$3,885.42","SALARY","X","*","","","500462338","500462322"
"C00929844","ALLRED FOR TEXAS","H6TX33082","ALLRED, COLIN","2026","H","TX","33","17","http://docquery.fec.gov/cgi-bin/fecimg/?202602199834787334","","DODD, KELLY","PO BOX 601631","","DALLAS","TX","753601631","2026-01-02","$3,885.42","SALARY","X","*","","","500462329","500462322"
"C00929844","ALLRED FOR TEXAS","H6TX33082","ALLRED, COLIN","2026","H","TX","33","17","http://docquery.fec.gov/cgi-bin/fecimg/?202602199834787334","","TYLER, CHASE","PO BOX 601631","","DALLAS","TX","753601631","2026-01-02","$2,592.17","SALARY","X","*","","","500462339","500462322"
"C00929844","ALLRED FOR TEXAS","H6TX33082","ALLRED, COLIN","2026","H","TX","33","17","http://docquery.fec.gov/cgi-bin/fecimg/?202602199834787335","","ACTBLUE TECHNICAL SERVICES","366 SUMMER ST","","SOMERVILLE","MA","021443132","2026-01-26","$2,960.72","CREDIT CARD PROCESSING FEE","","","","","500464722",""
"C00929844","ALLRED FOR TEXAS","H6TX33082","ALLRED, COLIN","2026","H","TX","33","17","http://docquery.fec.gov/cgi-bin/fecimg/?202602199834787335","","BUMPERACTIVE","5903 BURNET RD","","AUSTIN","TX","787573224","2026-02-02","$450.00","PRINTING","","","","","500466332",""
"C00929844","ALLRED FOR TEXAS","H6TX33082","ALLRED, COLIN","2026","H","TX","33","17","http://docquery.fec.gov/cgi-bin/fecimg/?202602199834787335","","ANNE LEWIS STRATEGIES, LLC DBA MISSIONWIRED","650 MASSACHUSETTS AVE NW","","WASHINGTON","DC","200013796","2026-02-11","$6,110.00","DIRECT MAIL CONSULTING","","","","","500467642",""
"C00929844","ALLRED FOR TEXAS","H6TX33082","ALLRED, COLIN","2026","H","TX","33","17","http://docquery.fec.gov/cgi-bin/fecimg/?202602199834787336","","JEFFERSON, ATHENA","PO BOX 601631","","DALLAS","TX","753601631","2026-02-11","$625.00","CANVASSING","","","","","500467652",""
"C00929844","ALLRED FOR TEXAS","H6TX33082","ALLRED, COLIN","2026","H","TX","33","17","http://docquery.fec.gov/cgi-bin/fecimg/?202602199834787336","","ACTBLUE TECHNICAL SERVICES","366 SUMMER ST","","SOMERVILLE","MA","021443132","2026-02-10","$863.16","CREDIT CARD PROCESSING FEE","","","","","500467562",""
"C00929844","ALLRED FOR TEXAS","H6TX33082","ALLRED, COLIN","2026","H","TX","33","17","http://docquery.fec.gov/cgi-bin/fecimg/?202602199834787336","","RANGEL, SANTIAGO","PO BOX 601631","","DALLAS","TX","753601631","2026-02-05","$700.00","CANVASSING","","","","","500466462",""
"C00929844","ALLRED FOR TEXAS","H6TX33082","ALLRED, COLIN","2026","H","TX","33","17","http://docquery.fec.gov/cgi-bin/fecimg/?202602199834787337","","PAYROLL DATA PROCESSING","4224 HENDERSON BLVD","","TAMPA","FL","336295611","2026-01-30","$21,707.22","PAYROLL - SEE BELOW IF ITEMIZED","","","","","500466392",""
"C00929844","ALLRED FOR TEXAS","H6TX33082","ALLRED, COLIN","2026","H","TX","33","17","http://docquery.fec.gov/cgi-bin/fecimg/?202602199834787337","","BROWN, KYNNEDI","PO BOX 601631","","DALLAS","TX","753601631","2026-01-30","$2,940.17","SALARY","X","*","","","500466393","500466392"
"C00929844","ALLRED FOR TEXAS","H6TX33082","ALLRED, COLIN","2026","H","TX","33","17","http://docquery.fec.gov/cgi-bin/fecimg/?202602199834787337","","BUSCH, NICOLE","PO BOX 601631","","DALLAS","TX","753601631","2026-01-30","$3,467.79","SALARY","X","*","","","500466394","500466392"
"C00929844","ALLRED FOR TEXAS","H6TX33082","ALLRED, COLIN","2026","H","TX","33","17","http://docquery.fec.gov/cgi-bin/fecimg/?202602199834787338","","FINLEY, JANE","PO BOX 601631","","DALLAS","TX","753601631","2026-01-30","$2,300.45","SALARY","X","*","","","500466395","500466392"
"C00929844","ALLRED FOR TEXAS","H6TX33082","ALLRED, COLIN","2026","H","TX","33","17","http://docquery.fec.gov/cgi-bin/fecimg/?202602199834787338","","RAGHAVAN, SANDHYA","PO BOX 601631","","DALLAS","TX","753601631","2026-01-30","$2,654.30","SALARY","X","*","","","500466396","500466392"
"C00929844","ALLRED FOR TEXAS","H6TX33082","ALLRED, COLIN","2026","H","TX","33","17","http://docquery.fec.gov/cgi-bin/fecimg/?202602199834787338","","TYLER, CHASE","PO BOX 601631","","DALLAS","TX","753601631","2026-01-30","$2,592.17","SALARY","X","*","","","500466397","500466392"
"C00929844","ALLRED FOR TEXAS","H6TX33082","ALLRED, COLIN","2026","H","TX","33","17","http://docquery.fec.gov/cgi-bin/fecimg/?202602199834787339","","WILLIAMS, SHERMAN","PO BOX 601631","","DALLAS","TX","753601631","2026-01-30","$3,181.92","SALARY","X","*","","","500466398","500466392"
"C00929844","ALLRED FOR TEXAS","H6TX33082","ALLRED, COLIN","2026","H","TX","33","17","http://docquery.fec.gov/cgi-bin/fecimg/?202602199834787339","","WOJCIECHOWSKI, SHAD","PO BOX 601631","","DALLAS","TX","753601631","2026-01-30","$4,570.42","SALARY","X","*","","","500466399","500466392"
"C00929844","ALLRED FOR TEXAS","H6TX33082","ALLRED, COLIN","2026","H","TX","33","17","http://docquery.fec.gov/cgi-bin/fecimg/?202602199834787339","","ANNE LEWIS STRATEGIES, LLC DBA MISSIONWIRED","650 MASSACHUSETTS AVE NW","","WASHINGTON","DC","200013796","2026-01-20","$175,845.61","DIGITAL ADVERTISING & LIST RENTAL","","","","","500463013",""
"C00929844","ALLRED FOR TEXAS","H6TX33082","ALLRED, COLIN","2026","H","TX","33","17","http://docquery.fec.gov/cgi-bin/fecimg/?202602199834787340","","WALKER, BRIAN","PO BOX 601631","","DALLAS","TX","753601631","2026-01-30","$625.00","CANVASSING","","","","","500465013",""
"C00929844","ALLRED FOR TEXAS","H6TX33082","ALLRED, COLIN","2026","H","TX","33","17","http://docquery.fec.gov/cgi-bin/fecimg/?202602199834787340","","ACTBLUE TECHNICAL SERVICES","366 SUMMER ST","","SOMERVILLE","MA","021443132","2026-01-20","$2,376.16","CREDIT CARD PROCESSING FEE","","","","","500464723",""
"C00929844","ALLRED FOR TEXAS","H6TX33082","ALLRED, COLIN","2026","H","TX","33","17","http://docquery.fec.gov/cgi-bin/fecimg/?202602199834787340","","PAYROLL DATA PROCESSING","4224 HENDERSON BLVD","","TAMPA","FL","336295611","2026-01-15","$86.23","PAYROLL FEES","","","","","500462323",""
"C00929844","ALLRED FOR TEXAS","H6TX33082","ALLRED, COLIN","2026","H","TX","33","17","http://docquery.fec.gov/cgi-bin/fecimg/?202602199834787341","","BUMPERACTIVE","5903 BURNET RD","","AUSTIN","TX","787573224","2026-02-02","$143.51","PRINTING","","","","","500466333",""
"C00929844","ALLRED FOR TEXAS","H6TX33082","ALLRED, COLIN","2026","H","TX","33","17","http://docquery.fec.gov/cgi-bin/fecimg/?202602199834787341","","ALLRED, COLIN","PO BOX 601631","","DALLAS","TX","753601631","2026-02-11","$214.39","TRAVEL & MEALS REIMBURSEMENT - SEE BELOW IF ITEMIZED","","","","","500467643",""
"C00929844","ALLRED FOR TEXAS","H6TX33082","ALLRED, COLIN","2026","H","TX","33","17","http://docquery.fec.gov/cgi-bin/fecimg/?202602199834787341","","UBER","1455 MARKET ST","STE 400","SAN FRANCISCO","CA","941031355","2026-02-11","$61.86","TRAVEL","X","*","","","500467650","500467643"
"C00929844","ALLRED FOR TEXAS","H6TX33082","ALLRED, COLIN","2026","H","TX","33","17","http://docquery.fec.gov/cgi-bin/fecimg/?202602199834787342","","UBER","1455 MARKET ST","STE 400","SAN FRANCISCO","CA","941031355","2026-02-11","$39.26","TRAVEL","X","*","","","500467644","500467643"
"C00929844","ALLRED FOR TEXAS","H6TX33082","ALLRED, COLIN","2026","H","TX","33","17","http://docquery.fec.gov/cgi-bin/fecimg/?202602199834787342","","UBER","1455 MARKET ST","STE 400","SAN FRANCISCO","CA","941031355","2026-02-11","$25.55","TRAVEL","X","*","","","500467645","500467643"
"C00929844","ALLRED FOR TEXAS","H6TX33082","ALLRED, COLIN","2026","H","TX","33","17","http://docquery.fec.gov/cgi-bin/fecimg/?202602199834787342","","UBER","1455 MARKET ST","STE 400","SAN FRANCISCO","CA","941031355","2026-02-11","$19.67","TRAVEL","X","*","","","500467646","500467643"
"C00929844","ALLRED FOR TEXAS","H6TX33082","ALLRED, COLIN","2026","H","TX","33","17","http://docquery.fec.gov/cgi-bin/fecimg/?202602199834787343","","UBER","1455 MARKET ST","STE 400","SAN FRANCISCO","CA","941031355","2026-02-11","$17.99","TRAVEL","X","*","","","500467647","500467643"
"C00929844","ALLRED FOR TEXAS","H6TX33082","ALLRED, COLIN","2026","H","TX","33","17","http://docquery.fec.gov/cgi-bin/fecimg/?202602199834787343","","UBER","1455 MARKET ST","STE 400","SAN FRANCISCO","CA","941031355","2026-02-11","$13.66","TRAVEL","X","*","","","500467649","500467643"
"C00929844","ALLRED FOR TEXAS","H6TX33082","ALLRED, COLIN","2026","H","TX","33","17","http://docquery.fec.gov/cgi-bin/fecimg/?202602199834787343","","ANA RAMON CONSULTING","PO BOX 601631","","DALLAS","TX","753601631","2026-02-03","$2,500.00","GENERAL CAMPAIGN CONSULTING","","","","","500466343",""
"C00929844","ALLRED FOR TEXAS","H6TX33082","ALLRED, COLIN","2026","H","TX","33","17","http://docquery.fec.gov/cgi-bin/fecimg/?202602199834787344","","WALKER, BRIAN","PO BOX 601631","","DALLAS","TX","753601631","2026-02-11","$625.00","CANVASSING","","","","","500467653",""
"C00929844","ALLRED FOR TEXAS","H6TX33082","ALLRED, COLIN","2026","H","TX","33","17","http://docquery.fec.gov/cgi-bin/fecimg/?202602199834787344","","CROWLEY, JAZMIN","PO BOX 601631","","DALLAS","TX","753601631","2026-02-11","$625.00","CANVASSING","","","","","500467663",""
"C00929844","ALLRED FOR TEXAS","H6TX33082","ALLRED, COLIN","2026","H","TX","33","17","http://docquery.fec.gov/cgi-bin/fecimg/?202602199834787344","","BODY, WHITNEY","PO BOX 601631","","DALLAS","TX","753601631","2026-02-05","$875.00","CANVASSING","","","","","500466463",""
"C00929844","ALLRED FOR TEXAS","H6TX33082","ALLRED, COLIN","2026","H","TX","33","17","http://docquery.fec.gov/cgi-bin/fecimg/?202602199834787345","","BROWN, LATRISHA","PO BOX 601631","","DALLAS","TX","753601631","2026-02-11","$625.00","CANVASSING","","","","","500467673",""
"C00929844","ALLRED FOR TEXAS","H6TX33082","ALLRED, COLIN","2026","H","TX","33","17","http://docquery.fec.gov/cgi-bin/fecimg/?202602199834787345","","ACTBLUE TECHNICAL SERVICES","366 SUMMER ST","","SOMERVILLE","MA","021443132","2026-02-11","$763.58","CREDIT CARD PROCESSING FEE","","","","","500467704",""
"C00929844","ALLRED FOR TEXAS","H6TX33082","ALLRED, COLIN","2026","H","TX","33","17","http://docquery.fec.gov/cgi-bin/fecimg/?202602199834787345","","VALENTINE, EDWIN","PO BOX 601631","","DALLAS","TX","753601631","2026-01-30","$625.00","CANVASSING","","","","","500465014",""
"C00929844","ALLRED FOR TEXAS","H6TX33082","ALLRED, COLIN","2026","H","TX","33","17","http://docquery.fec.gov/cgi-bin/fecimg/?202602199834787346","","GBAO STRATEGIES","1701 K ST NW","STE 600","WASHINGTON","DC","200063821","2026-01-21","$47,000.00","SURVEY","","","","","500463014",""
"C00929844","ALLRED FOR TEXAS","H6TX33082","ALLRED, COLIN","2026","H","TX","33","17","http://docquery.fec.gov/cgi-bin/fecimg/?202602199834787346","","PAYROLL DATA PROCESSING","4224 HENDERSON BLVD","","TAMPA","FL","336295611","2026-01-15","$21,861.49","PAYROLL TAXES","","","","","500462324",""
"C00929844","ALLRED FOR TEXAS","H6TX33082","ALLRED, COLIN","2026","H","TX","33","17","http://docquery.fec.gov/cgi-bin/fecimg/?202602199834787346","","ELIAS LAW GROUP","250 MASSACHUSETTS AVE NW","STE 400","WASHINGTON","DC","200015825","2026-02-04","$14,363.30","LEGAL SERVICES","","","","","500466334",""
"C00929844","ALLRED FOR TEXAS","H6TX33082","ALLRED, COLIN","2026","H","TX","33","17","http://docquery.fec.gov/cgi-bin/fecimg/?202602199834787347","","JEFFERSON, ATHENA","PO BOX 601631","","DALLAS","TX","753601631","2026-02-05","$700.00","CANVASSING","","","","","500466454",""
"C00929844","ALLRED FOR TEXAS","H6TX33082","ALLRED, COLIN","2026","H","TX","33","17","http://docquery.fec.gov/cgi-bin/fecimg/?202602199834787347","","RANGEL, ANGELINA","PO BOX 601631","","DALLAS","TX","753601631","2026-02-05","$950.00","CANVASSING","","","","","500466464",""
"C00929844","ALLRED FOR TEXAS","H6TX33082","ALLRED, COLIN","2026","H","TX","33","17","http://docquery.fec.gov/cgi-bin/fecimg/?202602199834787347","","CROWLEY, JAZMIN","PO BOX 601631","","DALLAS","TX","753601631","2026-01-30","$625.00","CANVASSING","","","","","500465015",""
"C00929844","ALLRED FOR TEXAS","H6TX33082","ALLRED, COLIN","2026","H","TX","33","17","http://docquery.fec.gov/cgi-bin/fecimg/?202602199834787348","","REILLY ECHOLS PRINTING, INC.","PO BOX 152358","","DALLAS","TX","753152358","2026-01-21","$1,353.13","PRINTING","","","","","500463015",""
"C00929844","ALLRED FOR TEXAS","H6TX33082","ALLRED, COLIN","2026","H","TX","33","17","http://docquery.fec.gov/cgi-bin/fecimg/?202602199834787348","","DW OAK LAWN, LLC","12700 HILLCREST RD","STE 120","DALLAS","TX","752302042","2026-01-02","$9,715.95","OFFICE RENT & UTILIITES","","","","","500457715",""
"C00929844","ALLRED FOR TEXAS","H6TX33082","ALLRED, COLIN","2026","H","TX","33","17","http://docquery.fec.gov/cgi-bin/fecimg/?202602199834787348","","PAYROLL DATA PROCESSING","4224 HENDERSON BLVD","","TAMPA","FL","336295611","2026-01-15","$52,884.01","PAYROLL - SEE BELOW IF ITEMIZED","","","","","500462325",""
"C00929844","ALLRED FOR TEXAS","H6TX33082","ALLRED, COLIN","2026","H","TX","33","17","http://docquery.fec.gov/cgi-bin/fecimg/?202602199834787361","","VALENTINE, EDWIN","PO BOX 601631","","DALLAS","TX","753601631","2026-02-05","$700.00","CANVASSING","","","","","500466458",""
"C00929844","ALLRED FOR TEXAS","H6TX33082","ALLRED, COLIN","2026","H","TX","33","17","http://docquery.fec.gov/cgi-bin/fecimg/?202602199834787361","","ANNE LEWIS STRATEGIES, LLC DBA MISSIONWIRED","650 MASSACHUSETTS AVE NW","","WASHINGTON","DC","200013796","2026-01-29","$70,000.00","DIGITAL ADVERTISING & LIST RENTAL","","","","","500464758",""
"C00929844","ALLRED FOR TEXAS","H6TX33082","ALLRED, COLIN","2026","H","TX","33","17","http://docquery.fec.gov/cgi-bin/fecimg/?202602199834787361","","AL MEDIA","222 W ONTARIO ST","STE 600","CHICAGO","IL","606543655","2026-01-23","$296,713.00","MEDIA ADVERTISING","","","","","500463709",""
"C00929844","ALLRED FOR TEXAS","H6TX33082","ALLRED, COLIN","2026","H","TX","33","17","http://docquery.fec.gov/cgi-bin/fecimg/?202602199834787362","","FORD, FRANKLIN","PO BOX 601631","","DALLAS","TX","753601631","2026-01-30","$625.00","CANVASSING","","","","","500465019",""
"C00929844","ALLRED FOR TEXAS","H6TX33082","ALLRED, COLIN","2026","H","TX","33","17","http://docquery.fec.gov/cgi-bin/fecimg/?202602199834787362","","THE FROST GROUP","3701 PORTER ST NW","","WASHINGTON","DC","200163103","2026-01-30","$13,000.00","FUNDRAISING CONSULTING","","","","","500466329",""
"C00929844","ALLRED FOR TEXAS","H6TX33082","ALLRED, COLIN","2026","H","TX","33","17","http://docquery.fec.gov/cgi-bin/fecimg/?202602199834787362","","AMERICAN EXPRESS","PO BOX 96001","","LOS ANGELES","CA","900968000","2026-01-09","$1,274.76","CREDIT CARD PAYMENT - SEE BELOW IF ITEMIZED","","","","","500466829",""
"C00929844","ALLRED FOR TEXAS","H6TX33082","ALLRED, COLIN","2026","H","TX","33","17","http://docquery.fec.gov/cgi-bin/fecimg/?202602199834787363","","UBER EATS","1455 MARKET ST","STE 400","SAN FRANCISCO","CA","941031355","2026-01-09","$110.83","MEALS","X","*","","","500466830","500466829"
"C00929844","ALLRED FOR TEXAS","H6TX33082","ALLRED, COLIN","2026","H","TX","33","17","http://docquery.fec.gov/cgi-bin/fecimg/?202602199834787363","","UBER EATS","1455 MARKET ST","STE 400","SAN FRANCISCO","CA","941031355","2026-01-09","$31.89","MEALS","X","*","","","500466841","500466829"
"C00929844","ALLRED FOR TEXAS","H6TX33082","ALLRED, COLIN","2026","H","TX","33","17","http://docquery.fec.gov/cgi-bin/fecimg/?202602199834787363","","WARCHEST","4200 WISCONSIN AVE NW","STE PM 106","WASHINGTON","DC","200162143","2026-01-09","$650.00","SOFTWARE SUBSCRIPTION","X","*","","","500466832","500466829"
"C00929844","ALLRED FOR TEXAS","H6TX33082","ALLRED, COLIN","2026","H","TX","33","17","http://docquery.fec.gov/cgi-bin/fecimg/?202602199834787364","","UBER EATS","1455 MARKET ST","STE 400","SAN FRANCISCO","CA","941031355","2026-01-09","$58.52","MEALS","X","*","","","500466833","500466829"
"C00929844","ALLRED FOR TEXAS","H6TX33082","ALLRED, COLIN","2026","H","TX","33","17","http://docquery.fec.gov/cgi-bin/fecimg/?202602199834787364","","UBER EATS","1455 MARKET ST","STE 400","SAN FRANCISCO","CA","941031355","2026-01-09","$4.84","MEALS","X","*","","","500466843","500466829"
"C00929844","ALLRED FOR TEXAS","H6TX33082","ALLRED, COLIN","2026","H","TX","33","17","http://docquery.fec.gov/cgi-bin/fecimg/?202602199834787364","","UBER EATS","1455 MARKET ST","STE 400","SAN FRANCISCO","CA","941031355","2026-01-09","$122.65","MEALS","X","*","","","500466835","500466829"
"C00929844","ALLRED FOR TEXAS","H6TX33082","ALLRED, COLIN","2026","H","TX","33","17","http://docquery.fec.gov/cgi-bin/fecimg/?202602199834787365","","MAILCHIMP","675 PONCE DE LEON AVE NE","STE 5000","ATLANTA","GA","303082172","2026-01-09","$63.96","SOFTWARE SUBSCRIPTION","X","*","","","500466845","500466829"
"C00929844","ALLRED FOR TEXAS","H6TX33082","ALLRED, COLIN","2026","H","TX","33","17","http://docquery.fec.gov/cgi-bin/fecimg/?202602199834787365","","UBER EATS","1455 MARKET ST","STE 400","SAN FRANCISCO","CA","941031355","2026-01-09","$68.20","MEALS","X","*","","","500466836","500466829"
"C00929844","ALLRED FOR TEXAS","H6TX33082","ALLRED, COLIN","2026","H","TX","33","17","http://docquery.fec.gov/cgi-bin/fecimg/?202602199834787365","","GOOGLE","1600 AMPHITHEATRE PKWY","","MOUNTAIN VIEW","CA","940431351","2026-01-09","$4.32","SOFTWARE SUBSCRIPTION","X","*","","","500466838","500466829"
"C00929844","ALLRED FOR TEXAS","H6TX33082","ALLRED, COLIN","2026","H","TX","33","17","http://docquery.fec.gov/cgi-bin/fecimg/?202602199834787366","","UBER EATS","1455 MARKET ST","STE 400","SAN FRANCISCO","CA","941031355","2026-01-09","$27.02","MEALS","X","*","","","500466839","500466829"
"C00929844","ALLRED FOR TEXAS","H6TX33082","ALLRED, COLIN","2026","H","TX","33","17","http://docquery.fec.gov/cgi-bin/fecimg/?202602199834787366","","ANNE LEWIS STRATEGIES, LLC DBA MISSIONWIRED","650 MASSACHUSETTS AVE NW","","WASHINGTON","DC","200013796","2026-01-13","$3,500.00","DIRECT MAIL CONSULTING","","","","","500462939",""
"C00929844","ALLRED FOR TEXAS","H6TX33082","ALLRED, COLIN","2026","H","TX","33","17","http://docquery.fec.gov/cgi-bin/fecimg/?202602199834787366","","BLUEBIRD STRATEGY GROUP","4849 GREENVILLE AVE","STE 1370","DALLAS","TX","752064130","2026-02-09","$6,000.00","FUNDRAISING CONSULTING","","","","","500467639",""
"C00929844","ALLRED FOR TEXAS","H6TX33082","ALLRED, COLIN","2026","H","TX","33","17","http://docquery.fec.gov/cgi-bin/fecimg/?202602199834787367","","UNITED HEALTHCARE","9900 BREN RD E","","HOPKINS","MN","553439664","2026-01-12","$9,963.80","HEALTH INSURANCE","","","","","500462359",""
"C00929844","ALLRED FOR TEXAS","H6TX33082","ALLRED, COLIN","2026","H","TX","33","17","http://docquery.fec.gov/cgi-bin/fecimg/?202602199834787367","","FORD, FRANKLIN","PO BOX 601631","","DALLAS","TX","753601631","2026-02-05","$700.00","CANVASSING","","","","","500466459",""
"C00929844","ALLRED FOR TEXAS","H6TX33082","ALLRED, COLIN","2026","H","TX","33","17","http://docquery.fec.gov/cgi-bin/fecimg/?202602199834787367","","ENGAGEUSA","880 N EAST ST","UNIT 205","FREDERICK","MD","217015045","2026-01-29","$2,171.00","CAGING SERVICES","","","","","500464759",""
"C00929844","ALLRED FOR TEXAS","H6TX33082","ALLRED, COLIN","2026","H","TX","33","20A","http://docquery.fec.gov/cgi-bin/fecimg/?202602199834787368","","MARTIN, JACK","8310 FM 455","","MONTAGUE","TX","762511028","2026-02-09","$25.00","CONTRIBUTION REFUND","","","","","500467570",""
"C00929844","ALLRED FOR TEXAS","H6TX33082","ALLRED, COLIN","2026","H","TX","33","20A","http://docquery.fec.gov/cgi-bin/fecimg/?202602199834787368","","STRACHAN, MARGARET","621 HOLTER ST","","HELENA","MT","596016158","2026-02-09","$1,000.00","CONTRIBUTION REFUND","","","","","500467564",""
"C00929844","ALLRED FOR TEXAS","H6TX33082","ALLRED, COLIN","2026","H","TX","33","20A","http://docquery.fec.gov/cgi-bin/fecimg/?202602199834787368","","LOEB, MARGERY","4521 BANNING DR","","HOUSTON","TX","770274805","2026-02-06","$3,500.00","CONTRIBUTION REFUND","","","","","500466826",""
"C00929844","ALLRED FOR TEXAS","H6TX33082","ALLRED, COLIN","2026","H","TX","33","20A","http://docquery.fec.gov/cgi-bin/fecimg/?202602199834787369","","SIMON, YASMIN","3507 CRESCENT AVE","","DALLAS","TX","752053924","2026-02-09","$1,500.00","CONTRIBUTION REFUND","","","","","500467566",""
"C00929844","ALLRED FOR TEXAS","H6TX33082","ALLRED, COLIN","2026","H","TX","33","20A","http://docquery.fec.gov/cgi-bin/fecimg/?202602199834787369","","ALLEN, LINDSAY","5369 NAKOMA DR","","DALLAS","TX","752095619","2026-02-09","$7,000.00","CONTRIBUTION REFUND","","","","","500467567",""
"C00929844","ALLRED FOR TEXAS","H6TX33082","ALLRED, COLIN","2026","H","TX","33","20A","http://docquery.fec.gov/cgi-bin/fecimg/?202602199834787369","","MANDEL, STEVE","PO BOX 4298","","GREENWICH","CT","068310405","2026-02-02","$7,000.00","CONTRIBUTION REFUND","","","","","500466338",""
"C00893073","KURT SCHWAB FOR CONGRESS TXCD 33 2026","H6TX33041","SCHWAB, KURT","2026","H","TX","33","17","http://docquery.fec.gov/cgi-bin/fecimg/?202512229793852572","","AMERICAN LEGION DALLAS","3940 S LEDBETTER DR","","DALLAS","TX","75236","2025-09-19","$346.55","DEBIT CARDS","","","001","Administrative/Salary/Overhead Expenses ","SB17.4237",""
"C00893073","KURT SCHWAB FOR CONGRESS TXCD 33 2026","H6TX33041","SCHWAB, KURT","2026","H","TX","33","17","http://docquery.fec.gov/cgi-bin/fecimg/?202512229793852572","","BIG APPLE","14200 TRINTY BLVD","","FT WORTH","TX","76155","2025-09-30","$679.90","DEBIT CARDS","","","003","Solicitation and Fundraising Expenses ","SB17.4238",""
"C00893073","KURT SCHWAB FOR CONGRESS TXCD 33 2026","H6TX33041","SCHWAB, KURT","2026","H","TX","33","17","http://docquery.fec.gov/cgi-bin/fecimg/?202512229793852572","","HAWATMEH, OLA","27 RICHES RD","","PLEASANT VALLEY","NY","12752","2025-09-17","$2,500.00","BAN CHECCONSULTANT","","","001","Administrative/Salary/Overhead Expenses ","SB17.4253",""
"C00893073","KURT SCHWAB FOR CONGRESS TXCD 33 2026","H6TX33041","SCHWAB, KURT","2026","H","TX","33","17","http://docquery.fec.gov/cgi-bin/fecimg/?202512229793852573","","MCCULLARS IRISH PUB","4801 LITTLE ROAD","","ARLINGTON","TX","76017","2025-09-29","$379.73","DEBIT CARDS","","","003","Solicitation and Fundraising Expenses ","SB17.4240",""
"C00893073","KURT SCHWAB FOR CONGRESS TXCD 33 2026","H6TX33041","SCHWAB, KURT","2026","H","TX","33","17","http://docquery.fec.gov/cgi-bin/fecimg/?202512229793852573","","SPRINGHILL SUITES","5800 HIGH PT,RD","","IRVING","TX","75038","2025-09-28","$264.71","DEBIT CARD","","","002","Travel Expenses","SB17.4241",""
"C00893073","KURT SCHWAB FOR CONGRESS TXCD 33 2026","H6TX33041","SCHWAB, KURT","2026","H","TX","33","17","http://docquery.fec.gov/cgi-bin/fecimg/?202512229793852573","","SQUARE U UP","","","OAKLAND","CA","","2025-07-29","$1,300.00","DEBIT CARD","","","007","Campaign Event Expenses","SB17.4256",""
"C00893073","KURT SCHWAB FOR CONGRESS TXCD 33 2026","H6TX33041","SCHWAB, KURT","2026","H","TX","33","17","http://docquery.fec.gov/cgi-bin/fecimg/?202512229793852574","","SQUARE U UP","","","OAKLAND","CA","","2025-08-18","$420.00","DEBIT CARD","","","003","Solicitation and Fundraising Expenses ","SB17.4258",""
"C00893073","KURT SCHWAB FOR CONGRESS TXCD 33 2026","H6TX33041","SCHWAB, KURT","2026","H","TX","33","17","http://docquery.fec.gov/cgi-bin/fecimg/?202512229793852574","","UBER","1455 MARKET ST","","SAN FRANCISCO","CA","94103","2025-09-30","$658.24","DEBIIT CARD","","","002","Travel Expenses","SB17.4236",""
"C00916486","ZEESHAN FOR TEXAS","H6TX33074","HAFEEZ, ZEESHAN","2026","H","TX","33","17","http://docquery.fec.gov/cgi-bin/fecimg/?202602019825894605","","BAYRAKTAR, ADIL","1401 N 5TH ST","","PHILADELPHIA","PA","19122","2025-12-01","$1,250.00","SOCIAL MEDIA SERVICES","","","","","SB17.12158",""
"C00916486","ZEESHAN FOR TEXAS","H6TX33074","HAFEEZ, ZEESHAN","2026","H","TX","33","17","http://docquery.fec.gov/cgi-bin/fecimg/?202602019825894605","","BAYRAKTAR, ADIL","1401 N 5TH ST","","PHILADELPHIA","PA","19122","2025-12-17","$1,250.00","SOCIAL MEDIA SERVICES","","","","","SB17.12161",""
"C00916486","ZEESHAN FOR TEXAS","H6TX33074","HAFEEZ, ZEESHAN","2026","H","TX","33","17","http://docquery.fec.gov/cgi-bin/fecimg/?202602019825894605","","BAYRAKTAR, ADIL","1401 N 5TH ST","","PHILADELPHIA","PA","19122","2025-12-29","$1,250.00","SOCIAL MEDIA SERVICES","","","","","SB17.12169",""
"C00916486","ZEESHAN FOR TEXAS","H6TX33074","HAFEEZ, ZEESHAN","2026","H","TX","33","17","http://docquery.fec.gov/cgi-bin/fecimg/?202602019825894606","","BAYRAKTAR, ADIL","1401 N 5TH ST","","PHILADELPHIA","PA","19122","2025-12-31","$3,500.00","IN-KIND: SOCIAL MEDIA SERVICES","","","","","SB17.12086",""
"C00916486","ZEESHAN FOR TEXAS","H6TX33074","HAFEEZ, ZEESHAN","2026","H","TX","33","17","http://docquery.fec.gov/cgi-bin/fecimg/?202602019825894606","","CALDERON, ROZA","INFORMATION REQUESTED","","AUSTIN","TX","78754","2025-10-01","$3,500.00","IN-KIND: MANAGEMENT (VIA BLKBX POLITICAL STRATEGIES)","","","","","SB17.12091",""
"C00916486","ZEESHAN FOR TEXAS","H6TX33074","HAFEEZ, ZEESHAN","2026","H","TX","33","17","http://docquery.fec.gov/cgi-bin/fecimg/?202602019825894606","","CALDERON, ROZA","PO BOX 170564","","SAN ANTONIO","TX","78217","2025-11-04","$7,000.00","MANAGEMENT","","","","","SB17.12153",""
"C00916486","ZEESHAN FOR TEXAS","H6TX33074","HAFEEZ, ZEESHAN","2026","H","TX","33","17","http://docquery.fec.gov/cgi-bin/fecimg/?202602019825894607","","CALDERON, ROZA","PO BOX 362","","PALO PINTO","TX","76484","2025-12-01","$3,500.00","MANAGEMENT","","","","","SB17.12160",""
"C00916486","ZEESHAN FOR TEXAS","H6TX33074","HAFEEZ, ZEESHAN","2026","H","TX","33","17","http://docquery.fec.gov/cgi-bin/fecimg/?202602019825894607","","CALDERON, ROZA","PO BOX 362","","PALO PINTO","TX","76484","2025-12-17","$3,500.00","MANAGEMENT","","","","","SB17.12163",""
"C00916486","ZEESHAN FOR TEXAS","H6TX33074","HAFEEZ, ZEESHAN","2026","H","TX","33","17","http://docquery.fec.gov/cgi-bin/fecimg/?202602019825894607","","CALDERON, ROZA","PO BOX 362","","PALO PINTO","TX","76484","2025-12-29","$3,500.00","MANAGEMENT","","","","","SB17.12164",""
"C00916486","ZEESHAN FOR TEXAS","H6TX33074","HAFEEZ, ZEESHAN","2026","H","TX","33","17","http://docquery.fec.gov/cgi-bin/fecimg/?202602019825894604","","BAYRAKTAR, ADIL","1401 N 5TH ST","","PHILADELPHIA","PA","19122","2025-11-24","$1,250.00","SOCIAL MEDIA SERVICES","","","","","SB17.12156",""
"C00929844","ALLRED FOR TEXAS","H6TX33082","ALLRED, COLIN","2026","H","TX","33","18","http://docquery.fec.gov/cgi-bin/fecimg/?202601319808889677","C00909572","ALLRED FOR TEXAS 2026","PO BOX 601631","","DALLAS","TX","753601631","2025-12-08","$5,000.00","IN-KIND: FILING FEE","","","","","500466171",""
"C00916486","ZEESHAN FOR TEXAS","H6TX33074","HAFEEZ, ZEESHAN","2026","H","TX","33","17","http://docquery.fec.gov/cgi-bin/fecimg/?202602019825894621","","META PLATFORMS INC.","1 HACKER WAY","","MENLO PARK","CA","94025","2025-12-31","$440.00","DIGITAL ADVERTISING","","","","","SB17.12149",""
"C00916486","ZEESHAN FOR TEXAS","H6TX33074","HAFEEZ, ZEESHAN","2026","H","TX","33","17","http://docquery.fec.gov/cgi-bin/fecimg/?202602019825894621","","NIZAMI, RABIA","2144 HIDALGO LN","","FRISCO","TX","75034","2025-11-26","$2,000.00","IN-KIND - EVENT HOST","","","","","SB17.12173",""
"C00916486","ZEESHAN FOR TEXAS","H6TX33074","HAFEEZ, ZEESHAN","2026","H","TX","33","17","http://docquery.fec.gov/cgi-bin/fecimg/?202602019825894621","","POLITIKIT","12323 ASHFORD HOLLOW DR","","SUGAR LAND","TX","77478","2025-10-10","$4,025.00","POLITICAL CONSULTING","","","","","SB17.12099",""
"C00916486","ZEESHAN FOR TEXAS","H6TX33074","HAFEEZ, ZEESHAN","2026","H","TX","33","17","http://docquery.fec.gov/cgi-bin/fecimg/?202602019825894622","","POLITIKIT","12323 ASHFORD HOLLOW DR","","SUGAR LAND","TX","77478","2025-10-10","$4,025.00","POLITICAL CONSULTING","","","","","SB17.12100",""
"C00916486","ZEESHAN FOR TEXAS","H6TX33074","HAFEEZ, ZEESHAN","2026","H","TX","33","17","http://docquery.fec.gov/cgi-bin/fecimg/?202602019825894622","","POLITIKIT","12323 ASHFORD HOLLOW DR","","SUGAR LAND","TX","77478","2025-10-30","$3,500.00","POLITICAL CONSULTING","","","","","SB17.12105",""
"C00916486","ZEESHAN FOR TEXAS","H6TX33074","HAFEEZ, ZEESHAN","2026","H","TX","33","17","http://docquery.fec.gov/cgi-bin/fecimg/?202602019825894622","","POLITIKIT","12323 ASHFORD HOLLOW DR","","SUGAR LAND","TX","77478","2025-11-25","$4,500.00","POLITICAL CONSULTING","","","","","SB17.12119",""
"C00916486","ZEESHAN FOR TEXAS","H6TX33074","HAFEEZ, ZEESHAN","2026","H","TX","33","17","http://docquery.fec.gov/cgi-bin/fecimg/?202602019825894623","","POLITIKIT","12323 ASHFORD HOLLOW DR","","SUGAR LAND","TX","77478","2025-12-24","$4,500.00","POLITICAL CONSULTING","","","","","SB17.12144",""
"C00916486","ZEESHAN FOR TEXAS","H6TX33074","HAFEEZ, ZEESHAN","2026","H","TX","33","17","http://docquery.fec.gov/cgi-bin/fecimg/?202602019825894623","","PROGRESS TEXAS","1005 CONGRESS AVE","STE 900","AUSTIN","TX","78701","2025-12-17","$232.51","POLITICAL COMMUNICATIONS","","","","","SB17.12136",""
"C00916486","ZEESHAN FOR TEXAS","H6TX33074","HAFEEZ, ZEESHAN","2026","H","TX","33","17","http://docquery.fec.gov/cgi-bin/fecimg/?202602019825894623","","REHMAN, IBRAHIM","233 CLEVELAND AVE","","HARRISON","NJ","07029","2025-12-31","$3,500.00","IN-KIND: PHOTOGRAPHY","","","","","SB17.12083",""
"C00916486","ZEESHAN FOR TEXAS","H6TX33074","HAFEEZ, ZEESHAN","2026","H","TX","33","17","http://docquery.fec.gov/cgi-bin/fecimg/?202602019825894624","","SHAIKH, ADAM","8101 KENDELWICK CT","","TAMPA","FL","33647","2025-12-16","$2,500.00","IN-KIND: FIELD","","","","","SB17.12093",""
"C00916486","ZEESHAN FOR TEXAS","H6TX33074","HAFEEZ, ZEESHAN","2026","H","TX","33","17","http://docquery.fec.gov/cgi-bin/fecimg/?202602019825894624","","SHAIKH, ADAM","8101 KENDELWICK CT","","TAMPA","FL","33647","2025-12-29","$1,750.00","FIELD OPERATIONS","","","","","SB17.12167",""
"C00916486","ZEESHAN FOR TEXAS","H6TX33074","HAFEEZ, ZEESHAN","2026","H","TX","33","17","http://docquery.fec.gov/cgi-bin/fecimg/?202602019825894624","","SLOVIC, SPENCER","3902 DE LONGPRE AVE","","LOS ANGELES","CA","90027","2025-12-31","$3,500.00","IN-KIND: FUNDRAISING","","","","","SB17.12087",""
"C00916486","ZEESHAN FOR TEXAS","H6TX33074","HAFEEZ, ZEESHAN","2026","H","TX","33","17","http://docquery.fec.gov/cgi-bin/fecimg/?202602019825894625","","SPROUT SOCIAL, INC.","131 S DEARBORN ST","STE 700","CHICAGO","IL","60603","2025-12-15","$399.00","SOCIAL MEDIA MANAGEMENT","","","","","SB17.12133",""
"C00916486","ZEESHAN FOR TEXAS","H6TX33074","HAFEEZ, ZEESHAN","2026","H","TX","33","17","http://docquery.fec.gov/cgi-bin/fecimg/?202602019825894625","","STAGUHN, JANINA","1312 17TH ST","","DENVER","CO","80202","2025-12-17","$3,500.00","IN-KIND: FUNDRAISING","","","","","SB17.12095",""
"C00916486","ZEESHAN FOR TEXAS","H6TX33074","HAFEEZ, ZEESHAN","2026","H","TX","33","17","http://docquery.fec.gov/cgi-bin/fecimg/?202602019825894625","","SWITCHBOARD PBC","1401 K ST NW","STE 200","WASHINGTON","DC","20005","2025-10-09","$1,045.13","DIGITAL COMMUNICATIONS PLATFORM","","","","","SB17.12098",""
"C00916486","ZEESHAN FOR TEXAS","H6TX33074","HAFEEZ, ZEESHAN","2026","H","TX","33","17","http://docquery.fec.gov/cgi-bin/fecimg/?202602019825894626","","SWITCHBOARD PBC","1401 K ST NW","STE 200","WASHINGTON","DC","20005","2025-11-07","$1,158.86","DIGITAL COMMUNICATIONS PLATFORM","","","","","SB17.12110",""
"C00916486","ZEESHAN FOR TEXAS","H6TX33074","HAFEEZ, ZEESHAN","2026","H","TX","33","17","http://docquery.fec.gov/cgi-bin/fecimg/?202602019825894626","","SWITCHBOARD PBC","1401 K ST NW","STE 200","WASHINGTON","DC","20005","2025-12-09","$2,563.60","DIGITAL COMMUNICATIONS PLATFORM","","","","","SB17.12128",""
"C00916486","ZEESHAN FOR TEXAS","H6TX33074","HAFEEZ, ZEESHAN","2026","H","TX","33","17","http://docquery.fec.gov/cgi-bin/fecimg/?202602019825894626","","TEXAS DEMOCRATIC PARTY","1801 N LAMAR BLVD","STE 400","AUSTIN","TX","78701","2025-11-03","$1,100.00","PARTY DUES","","","","","SB17.12106",""
"C00916486","ZEESHAN FOR TEXAS","H6TX33074","HAFEEZ, ZEESHAN","2026","H","TX","33","17","http://docquery.fec.gov/cgi-bin/fecimg/?202602019825894608","","DUDHA, FIROZ","8269 118TH AVE","","LARGO","FL","33773","2025-12-31","$3,500.00","IN-KIND: AV SOUND LIGHTING","","","","","SB17.12084",""
"C00916486","ZEESHAN FOR TEXAS","H6TX33074","HAFEEZ, ZEESHAN","2026","H","TX","33","17","http://docquery.fec.gov/cgi-bin/fecimg/?202602019825894608","","GONZALEZ, JAVAN","7423 MARINGO DR","","DALLAS","TX","75227","2025-11-06","$3,500.00","IN-KIND: DESIGN SERVICES","","","","","SB17.12090",""
"C00916486","ZEESHAN FOR TEXAS","H6TX33074","HAFEEZ, ZEESHAN","2026","H","TX","33","17","http://docquery.fec.gov/cgi-bin/fecimg/?202602019825894608","","HUNT, MARJORIE","3902 DE LONGPRE AVE","","LOS ANGELES","CA","90027","2025-11-17","$3,500.00","IN-KIND: FUNDRAISING","","","","","SB17.12094",""
"C00916486","ZEESHAN FOR TEXAS","H6TX33074","HAFEEZ, ZEESHAN","2026","H","TX","33","17","http://docquery.fec.gov/cgi-bin/fecimg/?202602019825894609","","JONES, RANDY","1227 N. UTAH ST.","","ARLINGTON","VA","22201","2025-10-16","$3,500.00","IN-KIND: PR CONSULTING SERVICES","","","","","SB17.12085",""
"C00916486","ZEESHAN FOR TEXAS","H6TX33074","HAFEEZ, ZEESHAN","2026","H","TX","33","17","http://docquery.fec.gov/cgi-bin/fecimg/?202602019825894609","","JONES, RANDY","1227 N. UTAH ST.","","ARLINGTON","VA","22201","2025-11-04","$2,000.00","PR CONSULTING SERVICES","","","","","SB17.12109",""
"C00916486","ZEESHAN FOR TEXAS","H6TX33074","HAFEEZ, ZEESHAN","2026","H","TX","33","17","http://docquery.fec.gov/cgi-bin/fecimg/?202602019825894609","","JONES, RANDY","1227 N. UTAH ST.","","ARLINGTON","VA","22201","2025-11-24","$2,000.00","PR CONSULTING SERVICES","","","","","SB17.12118",""
"C00916486","ZEESHAN FOR TEXAS","H6TX33074","HAFEEZ, ZEESHAN","2026","H","TX","33","17","http://docquery.fec.gov/cgi-bin/fecimg/?202602019825894618","","META PLATFORMS INC.","1 HACKER WAY","","MENLO PARK","CA","94025","2025-12-22","$317.00","DIGITAL ADVERTISING","","","","","SB17.12138",""
"C00916486","ZEESHAN FOR TEXAS","H6TX33074","HAFEEZ, ZEESHAN","2026","H","TX","33","17","http://docquery.fec.gov/cgi-bin/fecimg/?202602019825894618","","META PLATFORMS INC.","1 HACKER WAY","","MENLO PARK","CA","94025","2025-12-22","$333.00","DIGITAL ADVERTISING","","","","","SB17.12139",""
"C00929844","ALLRED FOR TEXAS","H6TX33082","ALLRED, COLIN","2026","H","TX","33","17","http://docquery.fec.gov/cgi-bin/fecimg/?202601319808889675","","ACTBLUE TECHNICAL SERVICES","366 SUMMER ST","","SOMERVILLE","MA","021443132","2025-12-29","$1,727.01","CREDIT CARD PROCESSING FEE","","","","","500457710",""
"C00929844","ALLRED FOR TEXAS","H6TX33082","ALLRED, COLIN","2026","H","TX","33","17","http://docquery.fec.gov/cgi-bin/fecimg/?202601319808889675","","ACTBLUE TECHNICAL SERVICES","366 SUMMER ST","","SOMERVILLE","MA","021443132","2025-12-31","$5,964.38","CREDIT CARD PROCESSING FEE","","","","","500457711",""
"C00929844","ALLRED FOR TEXAS","H6TX33082","ALLRED, COLIN","2026","H","TX","33","17","http://docquery.fec.gov/cgi-bin/fecimg/?202601319808889675","","FLAGSHIP CAMPAIGNS","7926 BROADWAY","APT 707","SAN ANTONIO","TX","782092613","2025-12-18","$1,000.00","RESEARCH SERVICES","","","","","500457713",""
"C00929844","ALLRED FOR TEXAS","H6TX33082","ALLRED, COLIN","2026","H","TX","33","17","http://docquery.fec.gov/cgi-bin/fecimg/?202601319808889676","","FLAGSHIP CAMPAIGNS","7926 BROADWAY","APT 707","SAN ANTONIO","TX","782092613","2025-12-18","$750.00","RESEARCH SERVICES","","","","","500457714",""
"C00929844","ALLRED FOR TEXAS","H6TX33082","ALLRED, COLIN","2026","H","TX","33","17","http://docquery.fec.gov/cgi-bin/fecimg/?202601319808889676","","ACTBLUE TECHNICAL SERVICES","366 SUMMER ST","","SOMERVILLE","MA","021443132","2025-12-15","$10,277.33","CREDIT CARD PROCESSING FEE","","","","","500457708",""
"C00929844","ALLRED FOR TEXAS","H6TX33082","ALLRED, COLIN","2026","H","TX","33","17","http://docquery.fec.gov/cgi-bin/fecimg/?202601319808889676","","ACTBLUE TECHNICAL SERVICES","366 SUMMER ST","","SOMERVILLE","MA","021443132","2025-12-22","$1,789.81","CREDIT CARD PROCESSING FEE","","","","","500457709",""
"C00916486","ZEESHAN FOR TEXAS","H6TX33074","HAFEEZ, ZEESHAN","2026","H","TX","33","17","http://docquery.fec.gov/cgi-bin/fecimg/?202602019825894610","","JONES, RANDY","1227 N. UTAH ST.","","ARLINGTON","VA","22201","2025-12-29","$2,000.00","PR CONSULTING SERVICES","","","","","SB17.12166",""
"C00916486","ZEESHAN FOR TEXAS","H6TX33074","HAFEEZ, ZEESHAN","2026","H","TX","33","17","http://docquery.fec.gov/cgi-bin/fecimg/?202602019825894610","","MAIL HOUSE, INC.","5220 SPRING VALLEY RD","","DALLAS","TX","75254","2025-11-24","$440.99","DIRECT MAIL SERVICES","","","","","SB17.12117",""
"C00916486","ZEESHAN FOR TEXAS","H6TX33074","HAFEEZ, ZEESHAN","2026","H","TX","33","17","http://docquery.fec.gov/cgi-bin/fecimg/?202602019825894610","","MARTINEZ, CARLOS","5101 EVLA","","PASADENA","TX","77505","2025-11-10","$5,150.00","DIGITAL SERVICES","","","","","SB17.12112",""
"C00916486","ZEESHAN FOR TEXAS","H6TX33074","HAFEEZ, ZEESHAN","2026","H","TX","33","17","http://docquery.fec.gov/cgi-bin/fecimg/?202602019825894611","","MARTINEZ, CARLOS","5101 EVLA","","PASADENA","TX","77505","2025-12-05","$5,155.00","DIGITAL SERVICES","","","","","SB17.12123",""
"C00916486","ZEESHAN FOR TEXAS","H6TX33074","HAFEEZ, ZEESHAN","2026","H","TX","33","17","http://docquery.fec.gov/cgi-bin/fecimg/?202602019825894611","","MARTINEZ, CARLOS","5101 EVLA","","PASADENA","TX","77505","2025-12-08","$3,500.00","IN-KIND: DIGITAL","","","","","SB17.12088",""
"C00916486","ZEESHAN FOR TEXAS","H6TX33074","HAFEEZ, ZEESHAN","2026","H","TX","33","17","http://docquery.fec.gov/cgi-bin/fecimg/?202602019825894611","","MCDONALD, ALEX","1312 17TH ST","","DENVER","CO","80202","2025-12-29","$3,500.00","IN-KIND: FUNDRAISING","","","","","SB17.12096",""
"C00916486","ZEESHAN FOR TEXAS","H6TX33074","HAFEEZ, ZEESHAN","2026","H","TX","33","17","http://docquery.fec.gov/cgi-bin/fecimg/?202602019825894612","","MDC GROUP, LTD.","1090 VERMONT AVE NW","STE 900","WASHINGTON","DC","20005","2025-10-23","$1,200.00","MEDIA CONSULTING","","","","","SB17.12101",""
"C00916486","ZEESHAN FOR TEXAS","H6TX33074","HAFEEZ, ZEESHAN","2026","H","TX","33","17","http://docquery.fec.gov/cgi-bin/fecimg/?202602019825894612","","MDC GROUP, LTD.","1090 VERMONT AVE NW","STE 900","WASHINGTON","DC","20005","2025-10-23","$10,341.82","MEDIA CONSULTING","","","","","SB17.12102",""
"C00916486","ZEESHAN FOR TEXAS","H6TX33074","HAFEEZ, ZEESHAN","2026","H","TX","33","17","http://docquery.fec.gov/cgi-bin/fecimg/?202602019825894612","","MDC GROUP, LTD.","1090 VERMONT AVE NW","STE 900","WASHINGTON","DC","20005","2025-10-30","$1,200.00","MEDIA CONSULTING","","","","","SB17.12104",""
"C00916486","ZEESHAN FOR TEXAS","H6TX33074","HAFEEZ, ZEESHAN","2026","H","TX","33","17","http://docquery.fec.gov/cgi-bin/fecimg/?202602019825894613","","MDC GROUP, LTD.","1090 VERMONT AVE NW","STE 900","WASHINGTON","DC","20005","2025-11-13","$2,400.00","MEDIA CONSULTING","","","","","SB17.12114",""
"C00916486","ZEESHAN FOR TEXAS","H6TX33074","HAFEEZ, ZEESHAN","2026","H","TX","33","17","http://docquery.fec.gov/cgi-bin/fecimg/?202602019825894613","","MDC GROUP, LTD.","1090 VERMONT AVE NW","STE 900","WASHINGTON","DC","20005","2025-11-13","$3,713.14","MEDIA CONSULTING","","","","","SB17.12115",""
"C00916486","ZEESHAN FOR TEXAS","H6TX33074","HAFEEZ, ZEESHAN","2026","H","TX","33","17","http://docquery.fec.gov/cgi-bin/fecimg/?202602019825894613","","MDC GROUP, LTD.","1090 VERMONT AVE NW","STE 900","WASHINGTON","DC","20005","2025-12-09","$2,440.39","MEDIA CONSULTING","","","","","SB17.12127",""
"C00916486","ZEESHAN FOR TEXAS","H6TX33074","HAFEEZ, ZEESHAN","2026","H","TX","33","17","http://docquery.fec.gov/cgi-bin/fecimg/?202602019825894614","","MDC GROUP, LTD.","1090 VERMONT AVE NW","STE 900","WASHINGTON","DC","20005","2025-12-09","$3,000.00","MEDIA CONSULTING","","","","","SB17.12129",""
"C00916486","ZEESHAN FOR TEXAS","H6TX33074","HAFEEZ, ZEESHAN","2026","H","TX","33","17","http://docquery.fec.gov/cgi-bin/fecimg/?202602019825894614","","MDC GROUP, LTD.","1090 VERMONT AVE NW","STE 900","WASHINGTON","DC","20005","2025-12-09","$3,000.00","MEDIA CONSULTING","","","","","SB17.12130",""
"C00916486","ZEESHAN FOR TEXAS","H6TX33074","HAFEEZ, ZEESHAN","2026","H","TX","33","17","http://docquery.fec.gov/cgi-bin/fecimg/?202602019825894614","","META PLATFORMS INC.","1 HACKER WAY","","MENLO PARK","CA","94025","2025-11-17","$850.00","DIGITAL ADVERTISING","","","","","SB17.12116",""
"C00916486","ZEESHAN FOR TEXAS","H6TX33074","HAFEEZ, ZEESHAN","2026","H","TX","33","17","http://docquery.fec.gov/cgi-bin/fecimg/?202602019825894615","","META PLATFORMS INC.","1 HACKER WAY","","MENLO PARK","CA","94025","2025-12-03","$197.89","DIGITAL ADVERTISING","","","","","SB17.12121",""
"C00916486","ZEESHAN FOR TEXAS","H6TX33074","HAFEEZ, ZEESHAN","2026","H","TX","33","17","http://docquery.fec.gov/cgi-bin/fecimg/?202602019825894615","","META PLATFORMS INC.","1 HACKER WAY","","MENLO PARK","CA","94025","2025-12-05","$198.00","DIGITAL ADVERTISING","","","","","SB17.12122",""
"C00916486","ZEESHAN FOR TEXAS","H6TX33074","HAFEEZ, ZEESHAN","2026","H","TX","33","17","http://docquery.fec.gov/cgi-bin/fecimg/?202602019825894615","","META PLATFORMS INC.","1 HACKER WAY","","MENLO PARK","CA","94025","2025-12-08","$209.00","DIGITAL ADVERTISING","","","","","SB17.12124",""
"C00916486","ZEESHAN FOR TEXAS","H6TX33074","HAFEEZ, ZEESHAN","2026","H","TX","33","17","http://docquery.fec.gov/cgi-bin/fecimg/?202602019825894616","","META PLATFORMS INC.","1 HACKER WAY","","MENLO PARK","CA","94025","2025-12-08","$221.00","DIGITAL ADVERTISING","","","","","SB17.12125",""
"C00916486","ZEESHAN FOR TEXAS","H6TX33074","HAFEEZ, ZEESHAN","2026","H","TX","33","17","http://docquery.fec.gov/cgi-bin/fecimg/?202602019825894616","","META PLATFORMS INC.","1 HACKER WAY","","MENLO PARK","CA","94025","2025-12-08","$233.00","DIGITAL ADVERTISING","","","","","SB17.12126",""
"C00916486","ZEESHAN FOR TEXAS","H6TX33074","HAFEEZ, ZEESHAN","2026","H","TX","33","17","http://docquery.fec.gov/cgi-bin/fecimg/?202602019825894616","","META PLATFORMS INC.","1 HACKER WAY","","MENLO PARK","CA","94025","2025-12-11","$246.00","DIGITAL ADVERTISING","","","","","SB17.12131",""
"C00916486","ZEESHAN FOR TEXAS","H6TX33074","HAFEEZ, ZEESHAN","2026","H","TX","33","17","http://docquery.fec.gov/cgi-bin/fecimg/?202602019825894617","","META PLATFORMS INC.","1 HACKER WAY","","MENLO PARK","CA","94025","2025-12-12","$259.00","DIGITAL ADVERTISING","","","","","SB17.12132",""
"C00916486","ZEESHAN FOR TEXAS","H6TX33074","HAFEEZ, ZEESHAN","2026","H","TX","33","17","http://docquery.fec.gov/cgi-bin/fecimg/?202602019825894617","","META PLATFORMS INC.","1 HACKER WAY","","MENLO PARK","CA","94025","2025-12-15","$273.00","DIGITAL ADVERTISING","","","","","SB17.12134",""
"C00916486","ZEESHAN FOR TEXAS","H6TX33074","HAFEEZ, ZEESHAN","2026","H","TX","33","17","http://docquery.fec.gov/cgi-bin/fecimg/?202602019825894617","","META PLATFORMS INC.","1 HACKER WAY","","MENLO PARK","CA","94025","2025-12-16","$287.00","DIGITAL ADVERTISING","","","","","SB17.12135",""
"C00916486","ZEESHAN FOR TEXAS","H6TX33074","HAFEEZ, ZEESHAN","2026","H","TX","33","17","http://docquery.fec.gov/cgi-bin/fecimg/?202602019825894619","","META PLATFORMS INC.","1 HACKER WAY","","MENLO PARK","CA","94025","2025-12-22","$349.00","DIGITAL ADVERTISING","","","","","SB17.12140",""
"C00916486","ZEESHAN FOR TEXAS","H6TX33074","HAFEEZ, ZEESHAN","2026","H","TX","33","17","http://docquery.fec.gov/cgi-bin/fecimg/?202602019825894619","","META PLATFORMS INC.","1 HACKER WAY","","MENLO PARK","CA","94025","2025-12-22","$1.75","DIGITAL ADVERTISING","","","","","SB17.12141",""
"C00916486","ZEESHAN FOR TEXAS","H6TX33074","HAFEEZ, ZEESHAN","2026","H","TX","33","17","http://docquery.fec.gov/cgi-bin/fecimg/?202602019825894619","","META PLATFORMS INC.","1 HACKER WAY","","MENLO PARK","CA","94025","2025-12-23","$366.00","DIGITAL ADVERTISING","","","","","SB17.12142",""
"C00916486","ZEESHAN FOR TEXAS","H6TX33074","HAFEEZ, ZEESHAN","2026","H","TX","33","17","http://docquery.fec.gov/cgi-bin/fecimg/?202602019825894620","","META PLATFORMS INC.","1 HACKER WAY","","MENLO PARK","CA","94025","2025-12-24","$384.00","DIGITAL ADVERTISING","","","","","SB17.12143",""
"C00916486","ZEESHAN FOR TEXAS","H6TX33074","HAFEEZ, ZEESHAN","2026","H","TX","33","17","http://docquery.fec.gov/cgi-bin/fecimg/?202602019825894620","","META PLATFORMS INC.","1 HACKER WAY","","MENLO PARK","CA","94025","2025-12-26","$402.00","DIGITAL ADVERTISING","","","","","SB17.12145",""
"C00916486","ZEESHAN FOR TEXAS","H6TX33074","HAFEEZ, ZEESHAN","2026","H","TX","33","17","http://docquery.fec.gov/cgi-bin/fecimg/?202602019825894620","","META PLATFORMS INC.","1 HACKER WAY","","MENLO PARK","CA","94025","2025-12-29","$421.00","DIGITAL ADVERTISING","","","","","SB17.12146",""
"C00929844","ALLRED FOR TEXAS","H6TX33082","ALLRED, COLIN","2026","H","TX","33","18","http://docquery.fec.gov/cgi-bin/fecimg/?202601319808889677","C00909572","ALLRED FOR TEXAS 2026","PO BOX 601631","","DALLAS","TX","753601631","2025-12-08","$37,125.00","IN-KIND: VOTER ACCESS FILE","","","","","500466172",""
"C00929844","ALLRED FOR TEXAS","H6TX33082","ALLRED, COLIN","2026","H","TX","33","18","http://docquery.fec.gov/cgi-bin/fecimg/?202601319808889677","C00909572","ALLRED FOR TEXAS 2026","PO BOX 601631","","DALLAS","TX","753601631","2025-12-08","$3,069,900.00","IN-KIND: TEXT & EMAIL LIST","","","","","500466173",""
"C00916486","ZEESHAN FOR TEXAS","H6TX33074","HAFEEZ, ZEESHAN","2026","H","TX","33","17","http://docquery.fec.gov/cgi-bin/fecimg/?202602019825894618","","META PLATFORMS INC.","1 HACKER WAY","","MENLO PARK","CA","94025","2025-12-17","$302.00","DIGITAL ADVERTISING","","","","","SB17.12137",""
"C00916486","ZEESHAN FOR TEXAS","H6TX33074","HAFEEZ, ZEESHAN","2026","H","TX","33","17","http://docquery.fec.gov/cgi-bin/fecimg/?202602019825894600","","ABBARA, NADER","8501 N. MACARTHUR BLVD","","IRVING","TX","75063","2025-12-31","$3,000.00","IN-KIND: WEBSITE AUDIT","","","","","SB17.12082",""
"C00916486","ZEESHAN FOR TEXAS","H6TX33074","HAFEEZ, ZEESHAN","2026","H","TX","33","17","http://docquery.fec.gov/cgi-bin/fecimg/?202602019825894600","","ACOSTA, JULIO","5749 GASTON AVE","","DALLAS","TX","75214","2025-10-16","$3,193.00","IN-KIND: MANAGEMENT","","","","","SB17.12092",""
"C00916486","ZEESHAN FOR TEXAS","H6TX33074","HAFEEZ, ZEESHAN","2026","H","TX","33","17","http://docquery.fec.gov/cgi-bin/fecimg/?202602019825894600","","ACOSTA, JULIO","1114 PALOMINO CIR","","SAN MARCOS","TX","78666","2025-10-30","$2,500.00","MANAGEMENT","","","","","SB17.12151",""
"C00916486","ZEESHAN FOR TEXAS","H6TX33074","HAFEEZ, ZEESHAN","2026","H","TX","33","17","http://docquery.fec.gov/cgi-bin/fecimg/?202602019825894601","","ACOSTA, JULIO","1644 BLACKSTONE DR","","CARROLLTON","TX","75007","2025-11-24","$1,500.00","MANAGEMENT","","","","","SB17.12157",""
"C00916486","ZEESHAN FOR TEXAS","H6TX33074","HAFEEZ, ZEESHAN","2026","H","TX","33","17","http://docquery.fec.gov/cgi-bin/fecimg/?202602019825894601","","ACOSTA, JULIO","1644 BLACKSTONE DR","","CARROLLTON","TX","75007","2025-12-01","$1,500.00","MANAGEMENT","","","","","SB17.12159",""
"C00916486","ZEESHAN FOR TEXAS","H6TX33074","HAFEEZ, ZEESHAN","2026","H","TX","33","17","http://docquery.fec.gov/cgi-bin/fecimg/?202602019825894601","","ACOSTA, JULIO","1644 BLACKSTONE DR","","CARROLLTON","TX","75007","2025-12-17","$1,500.00","MANAGEMENT","","","","","SB17.12162",""
"C00916486","ZEESHAN FOR TEXAS","H6TX33074","HAFEEZ, ZEESHAN","2026","H","TX","33","17","http://docquery.fec.gov/cgi-bin/fecimg/?202602019825894602","","ACOSTA, JULIO","1644 BLACKSTONE DR","","CARROLLTON","TX","75007","2025-12-29","$1,500.00","MANAGEMENT","","","","","SB17.12168",""
"C00916486","ZEESHAN FOR TEXAS","H6TX33074","HAFEEZ, ZEESHAN","2026","H","TX","33","17","http://docquery.fec.gov/cgi-bin/fecimg/?202602019825894602","","ACTBLUE","366 SUMMER ST","","SOMERVILLE","MA","02144","2025-12-31","$6,742.87","CREDIT CARD PROCESSING FEES","","","","","SB17.12081",""
"C00916486","ZEESHAN FOR TEXAS","H6TX33074","HAFEEZ, ZEESHAN","2026","H","TX","33","17","http://docquery.fec.gov/cgi-bin/fecimg/?202602019825894602","","AIJAZ, MOHAMMAD","12323 ASHFORD HOLLOW DR","","SUGAR LAND","TX","77478","2025-10-06","$2,000.00","COMPLIANCE CONSULTING","","","","","SB17.12097",""
"C00916486","ZEESHAN FOR TEXAS","H6TX33074","HAFEEZ, ZEESHAN","2026","H","TX","33","17","http://docquery.fec.gov/cgi-bin/fecimg/?202602019825894603","","AIJAZ, MOHAMMAD","12323 ASHFORD HOLLOW DR","","SUGAR LAND","TX","77478","2025-11-04","$1,000.00","COMPLIANCE CONSULTING","","","","","SB17.12107",""
"C00916486","ZEESHAN FOR TEXAS","H6TX33074","HAFEEZ, ZEESHAN","2026","H","TX","33","17","http://docquery.fec.gov/cgi-bin/fecimg/?202602019825894603","","AIJAZ, MOHAMMAD","12323 ASHFORD HOLLOW DR","","SUGAR LAND","TX","77478","2025-12-29","$500.00","COMPLIANCE CONSULTING","","","","","SB17.12170",""
"C00916486","ZEESHAN FOR TEXAS","H6TX33074","HAFEEZ, ZEESHAN","2026","H","TX","33","17","http://docquery.fec.gov/cgi-bin/fecimg/?202602019825894603","","AL-MICHAEL, TASNEEM","4755 GRAMERCY OAKS","","DALLAS","TX","75287","2025-11-30","$3,500.00","IN-KIND: FIELD","","","","","SB17.12089",""
"C00916486","ZEESHAN FOR TEXAS","H6TX33074","HAFEEZ, ZEESHAN","2026","H","TX","33","17","http://docquery.fec.gov/cgi-bin/fecimg/?202602019825894604","","AL-MICHAEL, TASNEEM","4755 GRAMERCY OAKS","","DALLAS","TX","75287","2025-12-29","$2,322.58","FIELD OPERATIONS","","","","","SB17.12165",""
"C00916486","ZEESHAN FOR TEXAS","H6TX33074","HAFEEZ, ZEESHAN","2026","H","TX","33","17","http://docquery.fec.gov/cgi-bin/fecimg/?202602019825894604","","BAYRAKTAR, ADIL","1107 S. 8TH ST APT 301","","AUSTIN","TX","78704","2025-11-12","$1,250.00","SOCIAL MEDIA SERVICES","","","","","SB17.12155",""
"C00893073","KURT SCHWAB FOR CONGRESS TXCD 33 2026","H6TX33041","SCHWAB, KURT","2026","H","TX","33","17","http://docquery.fec.gov/cgi-bin/fecimg/?202504049755049228","","AMERICAN LEGION DALLAS","3940 S LEDBETTER DR","","DALLAS","TX","75236","2025-01-21","$336.00","","","","","","SB17.4137",""
"C00893073","KURT SCHWAB FOR CONGRESS TXCD 33 2026","H6TX33041","SCHWAB, KURT","2026","H","TX","33","17","http://docquery.fec.gov/cgi-bin/fecimg/?202504049755049228","","SUNRISE RUBY CATERERS","3923 RIDGECREST DRIVE","","FLOWER MTN","TX","75022","2025-02-28","$202.50","CATERING","","","003","Solicitation and Fundraising Expenses ","SB17.4132",""
"C00893073","KURT SCHWAB FOR CONGRESS TXCD 33 2026","H6TX33041","SCHWAB, KURT","2026","H","TX","33","17","http://docquery.fec.gov/cgi-bin/fecimg/?202504049755049228","","UBER","1455 MARKET ST","","SAN FRANCISCO","CA","94103","2025-03-31","$651.07","RENTALS","","","","","SB17.4115",""
"C00893073","KURT SCHWAB FOR CONGRESS TXCD 33 2026","H6TX33041","SCHWAB, KURT","2026","H","TX","33","17","http://docquery.fec.gov/cgi-bin/fecimg/?202509249790385183","","MCCULLARS IRISH PUB","4801 LITTLE ROAD","","ARLINGTON","TX","76017","2025-06-30","$364.83","REFRESHMENTS","","","007","Campaign Event Expenses","SB17.4176",""
"C00893073","KURT SCHWAB FOR CONGRESS TXCD 33 2026","H6TX33041","SCHWAB, KURT","2026","H","TX","33","17","http://docquery.fec.gov/cgi-bin/fecimg/?202509249790385183","","UBER","1455 MARKET ST","","SAN FRANCISCO","CA","94103","2025-06-30","$405.72","TRANSPORTATOION","","","008","Transfers","SB17.4184",""
"C00843003","JULIE JOHNSON FOR CONGRESS","H4TX32089","JOHNSON, JULIE","2026","H","TX","33","17","http://docquery.fec.gov/cgi-bin/fecimg/?202507159763444681","","CARUSO'S GROCERY","1401 PENNSYLVANIA AVE SE","","WASHINGTON","DC","200034939","2025-05-16","$215.64","MEALS","X","*","","","500163540","500163527"
"C00843003","JULIE JOHNSON FOR CONGRESS","H4TX32089","JOHNSON, JULIE","2026","H","TX","33","17","http://docquery.fec.gov/cgi-bin/fecimg/?202507159763444682","","FLYWHEEL","17912 METZLER LN","","HUNTINGTON BEACH","CA","926476256","2025-05-16","$65.76","MEALS","X","*","001","Administrative/Salary/Overhead Expenses ","500163543","500163527"
"C00843003","JULIE JOHNSON FOR CONGRESS","H4TX32089","JOHNSON, JULIE","2026","H","TX","33","17","http://docquery.fec.gov/cgi-bin/fecimg/?202507159763444682","","THE RITZ-CARLTON","2121 MCKINNEY AVE","","DALLAS","TX","752011873","2025-05-16","$1,644.39","LODGING","X","*","001","Administrative/Salary/Overhead Expenses ","500163541","500163527"
"C00843003","JULIE JOHNSON FOR CONGRESS","H4TX32089","JOHNSON, JULIE","2026","H","TX","33","17","http://docquery.fec.gov/cgi-bin/fecimg/?202507159763444682","","WHITEPAGES","1301 5TH AVE","STE 1600","SEATTLE","WA","981012625","2025-05-07","$10.63","SUBSCRIPTION","X","*","","","500163539","500163527"
"C00843003","JULIE JOHNSON FOR CONGRESS","H4TX32089","JOHNSON, JULIE","2026","H","TX","33","17","http://docquery.fec.gov/cgi-bin/fecimg/?202507159763444683","","WHITEPAGES","1301 5TH AVE","STE 1600","SEATTLE","WA","981012625","2025-05-16","$35.10","SUBSCRIPTION","X","*","","","500163538","500163527"
"C00843003","JULIE JOHNSON FOR CONGRESS","H4TX32089","JOHNSON, JULIE","2026","H","TX","33","17","http://docquery.fec.gov/cgi-bin/fecimg/?202507159763444683","","AMERICAN EXPRESS","200 VESEY ST","","NEW YORK","NY","102851000","2025-06-16","$2,361.81","CREDIT CARD PAYMENT","","","","","500164934",""
"C00843003","JULIE JOHNSON FOR CONGRESS","H4TX32089","JOHNSON, JULIE","2026","H","TX","33","17","http://docquery.fec.gov/cgi-bin/fecimg/?202507159763444683","","AMAZON","1516 2ND AVE","","SEATTLE","WA","981011543","2025-06-07","$126.14","RECORDING EQUIPMENT","X","*","","","500165066","500164934"
"C00843003","JULIE JOHNSON FOR CONGRESS","H4TX32089","JOHNSON, JULIE","2026","H","TX","33","17","http://docquery.fec.gov/cgi-bin/fecimg/?202507159763444684","","AMERICAN AIRLINES","1 SKYVIEW DR","","FORT WORTH","TX","761551801","2025-06-03","$589.17","TRAVEL","X","*","","","500165064","500164934"
"C00843003","JULIE JOHNSON FOR CONGRESS","H4TX32089","JOHNSON, JULIE","2026","H","TX","33","17","http://docquery.fec.gov/cgi-bin/fecimg/?202507159763444684","","AMERICAN EXPRESS","200 VESEY ST","","NEW YORK","NY","102851000","2025-06-11","$95.00","CREDIT CARD FEE","X","*","","","500165280","500164934"
"C00843003","JULIE JOHNSON FOR CONGRESS","H4TX32089","JOHNSON, JULIE","2026","H","TX","33","17","http://docquery.fec.gov/cgi-bin/fecimg/?202507159763444684","","BLANCO COCINA + CANTINA","5115 WESTHEIMER RD","# C2520","HOUSTON","TX","770565528","2025-06-01","$77.41","MEALS","X","*","001","Administrative/Salary/Overhead Expenses ","500165071","500164934"
"C00843003","JULIE JOHNSON FOR CONGRESS","H4TX32089","JOHNSON, JULIE","2026","H","TX","33","17","http://docquery.fec.gov/cgi-bin/fecimg/?202507159763444685","","CANVA","200 E 6TH ST","STE 200","AUSTIN","TX","787013631","2025-05-19","$190.00","PRINTING","X","*","","","500165067","500164934"
"C00843003","JULIE JOHNSON FOR CONGRESS","H4TX32089","JOHNSON, JULIE","2026","H","TX","33","17","http://docquery.fec.gov/cgi-bin/fecimg/?202507159763444685","","ETSY","117 ADAMS ST","","BROOKLYN","NY","112011401","2025-06-09","$142.86","GIFTS","X","*","","","500165072","500164934"
"C00843003","JULIE JOHNSON FOR CONGRESS","H4TX32089","JOHNSON, JULIE","2026","H","TX","33","17","http://docquery.fec.gov/cgi-bin/fecimg/?202507159763444685","","SOUTHWEST AIRLINES","2703 LOVE FIELD DR","","DALLAS","TX","75235","2025-05-19","$568.96","TRAVEL","X","*","","","500164937","500164934"
"C00843003","JULIE JOHNSON FOR CONGRESS","H4TX32089","JOHNSON, JULIE","2026","H","TX","33","17","http://docquery.fec.gov/cgi-bin/fecimg/?202507159763444686","","THE WESTIN GALLERIA HOUSTON","5060 W ALABAMA ST","","HOUSTON","TX","770565801","2025-06-01","$271.93","LODGING","X","*","001","Administrative/Salary/Overhead Expenses ","500165068","500164934"
"C00843003","JULIE JOHNSON FOR CONGRESS","H4TX32089","JOHNSON, JULIE","2026","H","TX","33","17","http://docquery.fec.gov/cgi-bin/fecimg/?202507159763444686","","USPS","8300 N UNDERGROUND DR","","KANSAS CITY","MO","641629998","2025-06-09","$146.00","SHIPPING","X","*","001","Administrative/Salary/Overhead Expenses ","500165065","500164934"
"C00843003","JULIE JOHNSON FOR CONGRESS","H4TX32089","JOHNSON, JULIE","2026","H","TX","33","17","http://docquery.fec.gov/cgi-bin/fecimg/?202507159763444686","","WE, THE PIZZA","305 PENNSYLVANIA AVE SE","","WASHINGTON","DC","200031148","2025-05-15","$108.61","MEALS","X","*","001","Administrative/Salary/Overhead Expenses ","500165070","500164934"
"C00843003","JULIE JOHNSON FOR CONGRESS","H4TX32089","JOHNSON, JULIE","2026","H","TX","33","17","http://docquery.fec.gov/cgi-bin/fecimg/?202507159763444687","","WHITEPAGES","1301 5TH AVE","STE 1600","SEATTLE","WA","981012625","2025-05-13","$35.10","SUBSCRIPTION","X","*","","","500164935","500164934"
"C00843003","JULIE JOHNSON FOR CONGRESS","H4TX32089","JOHNSON, JULIE","2026","H","TX","33","17","http://docquery.fec.gov/cgi-bin/fecimg/?202507159763444687","","WHITEPAGES","1301 5TH AVE","STE 1600","SEATTLE","WA","981012625","2025-05-14","$10.63","SUBSCRIPTION","X","*","","","500164936","500164934"
"C00843003","JULIE JOHNSON FOR CONGRESS","H4TX32089","JOHNSON, JULIE","2026","H","TX","33","17","http://docquery.fec.gov/cgi-bin/fecimg/?202507159763444687","","BEE COMPLIANCE LLC","611 PENNSYLVANIA AVE SE","# 192","WASHINGTON","DC","200034303","2025-04-14","$3,000.00","COMPLIANCE CONSULTING","","","","","500162653",""
"C00843003","JULIE JOHNSON FOR CONGRESS","H4TX32089","JOHNSON, JULIE","2026","H","TX","33","17","http://docquery.fec.gov/cgi-bin/fecimg/?202507159763444688","","BEE COMPLIANCE LLC","611 PENNSYLVANIA AVE SE","# 192","WASHINGTON","DC","200034303","2025-05-09","$3,000.00","COMPLIANCE CONSULTING","","","","","500163524",""
"C00843003","JULIE JOHNSON FOR CONGRESS","H4TX32089","JOHNSON, JULIE","2026","H","TX","33","17","http://docquery.fec.gov/cgi-bin/fecimg/?202507159763444688","","CANDELL, ELIZABETH","630 F ST NE","UNIT 1","WASHINGTON","DC","200025218","2025-06-24","$500.00","CAMPAIGN SCHEDULING SERVICES","","","","","500165281",""
"C00843003","JULIE JOHNSON FOR CONGRESS","H4TX32089","JOHNSON, JULIE","2026","H","TX","33","17","http://docquery.fec.gov/cgi-bin/fecimg/?202507159763444688","","COMPETE DIGITAL LLC","1317 POTOMAC AVE SE","","WASHINGTON","DC","200034411","2025-04-04","$4,720.00","DIGITAL CONSULTING AND TEXTING","","","","","500162649",""
"C00843003","JULIE JOHNSON FOR CONGRESS","H4TX32089","JOHNSON, JULIE","2026","H","TX","33","17","http://docquery.fec.gov/cgi-bin/fecimg/?202507159763444689","","COMPETE DIGITAL LLC","1317 POTOMAC AVE SE","","WASHINGTON","DC","200034411","2025-05-12","$4,342.00","DIGITAL CONSULTING AND TEXTING","","","","","500163525",""
"C00843003","JULIE JOHNSON FOR CONGRESS","H4TX32089","JOHNSON, JULIE","2026","H","TX","33","17","http://docquery.fec.gov/cgi-bin/fecimg/?202507159763444689","","COMPETE DIGITAL LLC","1317 POTOMAC AVE SE","","WASHINGTON","DC","200034411","2025-06-26","$690.00","TEXTING SERVICES","","","","","500165254",""
"C00843003","JULIE JOHNSON FOR CONGRESS","H4TX32089","JOHNSON, JULIE","2026","H","TX","33","17","http://docquery.fec.gov/cgi-bin/fecimg/?202507159763444689","","DEMOCRACY ENGINE LLC","416 FLORIDA AVE NW","UNIT 26418","WASHINGTON","DC","200010516","2025-05-14","$350.00","CREDIT CARD PROCESSING FEES","","","","","500163901",""
"C00843003","JULIE JOHNSON FOR CONGRESS","H4TX32089","JOHNSON, JULIE","2026","H","TX","33","17","http://docquery.fec.gov/cgi-bin/fecimg/?202507159763444690","","DEMOCRACY ENGINE LLC","416 FLORIDA AVE NW","UNIT 26418","WASHINGTON","DC","200010516","2025-05-21","$350.00","CREDIT CARD PROCESSING FEES","","","","","500163902",""
"C00843003","JULIE JOHNSON FOR CONGRESS","H4TX32089","JOHNSON, JULIE","2026","H","TX","33","17","http://docquery.fec.gov/cgi-bin/fecimg/?202507159763444690","","DEMOCRACY ENGINE LLC","416 FLORIDA AVE NW","UNIT 26418","WASHINGTON","DC","200010516","2025-06-05","$50.00","CREDIT CARD PROCESSING FEES","","","","","500164940",""
"C00843003","JULIE JOHNSON FOR CONGRESS","H4TX32089","JOHNSON, JULIE","2026","H","TX","33","17","http://docquery.fec.gov/cgi-bin/fecimg/?202507159763444690","","DEMOCRACY ENGINE LLC","416 FLORIDA AVE NW","UNIT 26418","WASHINGTON","DC","200010516","2025-06-12","$225.00","CREDIT CARD PROCESSING FEES","","","","","500164941",""
"C00843003","JULIE JOHNSON FOR CONGRESS","H4TX32089","JOHNSON, JULIE","2026","H","TX","33","17","http://docquery.fec.gov/cgi-bin/fecimg/?202507159763444691","","FIELD WINS LLC","PO BOX 815581","","DALLAS","TX","753815581","2025-04-30","$4,167.00","CAMPAIGN MANAGEMENT CONSULTING","","","","","500162939",""
"C00843003","JULIE JOHNSON FOR CONGRESS","H4TX32089","JOHNSON, JULIE","2026","H","TX","33","17","http://docquery.fec.gov/cgi-bin/fecimg/?202507159763444691","","FIELD WINS LLC","PO BOX 815581","","DALLAS","TX","753815581","2025-05-27","$4,167.00","CAMPAIGN MANAGEMENT CONSULTING","","","","","500163978",""
"C00843003","JULIE JOHNSON FOR CONGRESS","H4TX32089","JOHNSON, JULIE","2026","H","TX","33","17","http://docquery.fec.gov/cgi-bin/fecimg/?202507159763444691","","FIELD WINS LLC","PO BOX 815581","","DALLAS","TX","753815581","2025-06-26","$4,167.00","CAMPAIGN MANAGEMENT CONSULTING","","","","","500165282",""
"C00843003","JULIE JOHNSON FOR CONGRESS","H4TX32089","JOHNSON, JULIE","2026","H","TX","33","17","http://docquery.fec.gov/cgi-bin/fecimg/?202507159763444692","","GOOGLE","1600 AMPHITHEATRE PKWY","","MOUNTAIN VIEW","CA","940431351","2025-04-02","$184.20","SOFTWARE","","","","","500160594",""
"C00843003","JULIE JOHNSON FOR CONGRESS","H4TX32089","JOHNSON, JULIE","2026","H","TX","33","17","http://docquery.fec.gov/cgi-bin/fecimg/?202507159763444692","","GOOGLE","1600 AMPHITHEATRE PKWY","","MOUNTAIN VIEW","CA","940431351","2025-04-02","$27.66","SOFTWARE","","","","","500160595",""
"C00843003","JULIE JOHNSON FOR CONGRESS","H4TX32089","JOHNSON, JULIE","2026","H","TX","33","17","http://docquery.fec.gov/cgi-bin/fecimg/?202507159763444692","","GOOGLE","1600 AMPHITHEATRE PKWY","","MOUNTAIN VIEW","CA","940431351","2025-05-02","$27.69","SOFTWARE","","","","","500162940",""
"C00843003","JULIE JOHNSON FOR CONGRESS","H4TX32089","JOHNSON, JULIE","2026","H","TX","33","17","http://docquery.fec.gov/cgi-bin/fecimg/?202507159763444693","","GOOGLE","1600 AMPHITHEATRE PKWY","","MOUNTAIN VIEW","CA","940431351","2025-05-02","$184.20","SOFTWARE","","","","","500162941",""
"C00843003","JULIE JOHNSON FOR CONGRESS","H4TX32089","JOHNSON, JULIE","2026","H","TX","33","17","http://docquery.fec.gov/cgi-bin/fecimg/?202507159763444693","","GOOGLE","1600 AMPHITHEATRE PKWY","","MOUNTAIN VIEW","CA","940431351","2025-06-02","$184.20","SOFTWARE","","","","","500164929",""
"C00843003","JULIE JOHNSON FOR CONGRESS","H4TX32089","JOHNSON, JULIE","2026","H","TX","33","17","http://docquery.fec.gov/cgi-bin/fecimg/?202507159763444693","","GOOGLE","1600 AMPHITHEATRE PKWY","","MOUNTAIN VIEW","CA","940431351","2025-06-02","$27.69","SOFTWARE","","","","","500164930",""
"C00843003","JULIE JOHNSON FOR CONGRESS","H4TX32089","JOHNSON, JULIE","2026","H","TX","33","17","http://docquery.fec.gov/cgi-bin/fecimg/?202507159763444694","","LEAGUE OF CONSERVATION VOTERS ACTION FUND","740 15TH ST NW","FL 7","WASHINGTON","DC","200051048","2025-04-25","$50.00","ENDORSEMENT RELATED EXPENSES","","* IN-KIND RECEIVED","","","5403160I","5403160"
"C00843003","JULIE JOHNSON FOR CONGRESS","H4TX32089","JOHNSON, JULIE","2026","H","TX","33","17","http://docquery.fec.gov/cgi-bin/fecimg/?202507159763444694","","LEAVEN STRATEGIES GROUP, LLC","205 CIMARRON TRL","APT 5","IRVING","TX","750638584","2025-04-02","$7,000.00","FUNDRAISING & COMMUNICATIONS CONSULTING","","","","","500160596",""
"C00843003","JULIE JOHNSON FOR CONGRESS","H4TX32089","JOHNSON, JULIE","2026","H","TX","33","17","http://docquery.fec.gov/cgi-bin/fecimg/?202507159763444694","","LEAVEN STRATEGIES GROUP, LLC","205 CIMARRON TRL","APT 5","IRVING","TX","750638584","2025-04-30","$7,000.00","FUNDRAISING & COMMUNICATIONS CONSULTING","","","","","500162938",""
"C00843003","JULIE JOHNSON FOR CONGRESS","H4TX32089","JOHNSON, JULIE","2026","H","TX","33","17","http://docquery.fec.gov/cgi-bin/fecimg/?202507159763444680","","SOUTHWEST AIRLINES","2703 LOVE FIELD DR","","DALLAS","TX","75235","2025-05-07","$453.96","TRAVEL","X","*","","","500163530","500163523"
"C00843003","JULIE JOHNSON FOR CONGRESS","H4TX32089","JOHNSON, JULIE","2026","H","TX","33","17","http://docquery.fec.gov/cgi-bin/fecimg/?202507159763444695","","LEAVEN STRATEGIES GROUP, LLC","205 CIMARRON TRL","APT 5","IRVING","TX","750638584","2025-05-30","$7,000.00","FUNDRAISING & COMMUNICATIONS CONSULTING","","","","","500163995",""
"C00843003","JULIE JOHNSON FOR CONGRESS","H4TX32089","JOHNSON, JULIE","2026","H","TX","33","17","http://docquery.fec.gov/cgi-bin/fecimg/?202507159763444695","","LEAVEN STRATEGIES GROUP, LLC","205 CIMARRON TRL","APT 5","IRVING","TX","750638584","2025-06-25","$7,037.43","FUNDRAISING & COMMUNICATIONS CONSULTING","","","","","500165253",""
"C00843003","JULIE JOHNSON FOR CONGRESS","H4TX32089","JOHNSON, JULIE","2026","H","TX","33","17","http://docquery.fec.gov/cgi-bin/fecimg/?202507159763444695","","ROLLA GROUP LLC","211 S ST NW","","WASHINGTON","DC","200011832","2025-04-14","$10,000.00","FUNDRAISING CONSULTING","","","","","500162651",""
"C00843003","JULIE JOHNSON FOR CONGRESS","H4TX32089","JOHNSON, JULIE","2026","H","TX","33","17","http://docquery.fec.gov/cgi-bin/fecimg/?202507159763444696","","ROLLA GROUP LLC","211 S ST NW","","WASHINGTON","DC","200011832","2025-04-14","$2,024.00","EVENT CATERING","","","","","500162652",""
"C00843003","JULIE JOHNSON FOR CONGRESS","H4TX32089","JOHNSON, JULIE","2026","H","TX","33","17","http://docquery.fec.gov/cgi-bin/fecimg/?202507159763444696","","ROLLA GROUP LLC","211 S ST NW","","WASHINGTON","DC","200011832","2025-06-18","$7,137.22","EVENT CATERING","","","","","500164933",""
"C00843003","JULIE JOHNSON FOR CONGRESS","H4TX32089","JOHNSON, JULIE","2026","H","TX","33","17","http://docquery.fec.gov/cgi-bin/fecimg/?202507159763444696","","TIBER CREEK GROUP, INC.","750 9TH ST NW","STE 501","WASHINGTON","DC","200015899","2025-06-13","$250.00","EVENT SPACE RENTAL","","","","","500164939",""
"C00843003","JULIE JOHNSON FOR CONGRESS","H4TX32089","JOHNSON, JULIE","2026","H","TX","33","17","http://docquery.fec.gov/cgi-bin/fecimg/?202507159763444697","","VAN NESS CREATIVE STRATEGIES LLC","1 HUNTINGTON QUAD","STE 3N05","MELVILLE","NY","117474468","2025-06-23","$4,000.00","FUNDRAISING CONSULTING","","","","","500164938",""
"C00843003","JULIE JOHNSON FOR CONGRESS","H4TX32089","JOHNSON, JULIE","2026","H","TX","33","17","http://docquery.fec.gov/cgi-bin/fecimg/?202507159763444697","","WALLACE, SETH","205 CIMARRON TRL","APT 5","IRVING","TX","750638584","2025-04-03","$4,500.00","DATA SERVICES","","","","","500162650",""
"C00843003","JULIE JOHNSON FOR CONGRESS","H4TX32089","JOHNSON, JULIE","2026","H","TX","33","17","http://docquery.fec.gov/cgi-bin/fecimg/?202507159763444697","","WALLACE, SETH","205 CIMARRON TRL","APT 5","IRVING","TX","750638584","2025-06-03","$1,000.00","FUNDRAISING CONSULTING","","","","","500164928",""
"C00843003","JULIE JOHNSON FOR CONGRESS","H4TX32089","JOHNSON, JULIE","2026","H","TX","33","20A","http://docquery.fec.gov/cgi-bin/fecimg/?202507159763444698","","MALEK MEDICAL MANAGEMENT SERVICES, LLC","707 N RIVERSIDE DR","","FORT WORTH","TX","761114247","2025-06-20","-$500.00","VOID CONTRIBUTION REFUND 1.19.24. DISGORGED 6.20.25","","","","","500164886",""
"C00843003","JULIE JOHNSON FOR CONGRESS","H4TX32089","JOHNSON, JULIE","2026","H","TX","33","21","http://docquery.fec.gov/cgi-bin/fecimg/?202507159763444699","","AMERICAN EXPRESS","200 VESEY ST","","NEW YORK","NY","102851000","2025-05-16","$10,000.00","CREDIT CARD PAYMENT","","","","","500166066",""
"C00843003","JULIE JOHNSON FOR CONGRESS","H4TX32089","JOHNSON, JULIE","2026","H","TX","33","21","http://docquery.fec.gov/cgi-bin/fecimg/?202507159763444699","C00000935","DCCC","430 S CAPITOL ST SE","FL 2","WASHINGTON","DC","200034024","2025-05-16","$10,000.00","POLITICAL CONTRIBUTION - UNLIMITED TRANSFER","X","*","","","500163542","500166066"
"C00843003","JULIE JOHNSON FOR CONGRESS","H4TX32089","JOHNSON, JULIE","2026","H","TX","33","21","http://docquery.fec.gov/cgi-bin/fecimg/?202507159763444699","","AMERICAN EXPRESS","200 VESEY ST","","NEW YORK","NY","102851000","2025-05-22","$10,000.00","CREDIT CARD PAYMENT","","","","","500163971",""
"C00843003","JULIE JOHNSON FOR CONGRESS","H4TX32089","JOHNSON, JULIE","2026","H","TX","33","21","http://docquery.fec.gov/cgi-bin/fecimg/?202507159763444700","C00000935","DCCC","430 S CAPITOL ST SE","FL 2","WASHINGTON","DC","200034024","2025-05-22","$10,000.00","POLITICAL CONTRIBUTION - UNLIMITED TRANSFER","X","*","","","500163998","500163971"
"C00843003","JULIE JOHNSON FOR CONGRESS","H4TX32089","JOHNSON, JULIE","2026","H","TX","33","21","http://docquery.fec.gov/cgi-bin/fecimg/?202507159763444700","C00685297","ELECT DEMOCRATIC WOMEN","600 PENNSYLVANIA AVE SE","UNIT 15180","WASHINGTON","DC","200037508","2025-05-06","$2,500.00","POLITICAL CONTRIBUTION","","","","","500163972",""
"C00843003","JULIE JOHNSON FOR CONGRESS","H4TX32089","JOHNSON, JULIE","2026","H","TX","33","21","http://docquery.fec.gov/cgi-bin/fecimg/?202507159763444700","","STONEWALL DEMOCRATS OF DALLAS","PO BOX 192305","","DALLAS","TX","752198517","2025-05-23","$400.00","POLITICAL CONTRIBUTION","","","","","500163997",""
"C00843003","JULIE JOHNSON FOR CONGRESS","H4TX32089","JOHNSON, JULIE","2026","H","TX","33","21","http://docquery.fec.gov/cgi-bin/fecimg/?202507159763444701","","US DEPARTMENT OF THE TREASURY","PO BOX 1328","","PARKERSBURG","WV","261061328","2025-06-20","$500.00","DISGORGEMENT OF CONTRIBUTION","","","","","500164887",""
"C00843003","JULIE JOHNSON FOR CONGRESS","H4TX32089","JOHNSON, JULIE","2026","H","TX","33","21","http://docquery.fec.gov/cgi-bin/fecimg/?202507159763444701","","MALEK MEDICAL MANAGEMENT SERVICES, LLC","707 N RIVERSIDE DR","","FORT WORTH","TX","761114247","2025-06-20","$500.00","DISGORGED CONTRIBUTION","X","*","","","500164888","500164887"
"C00843003","JULIE JOHNSON FOR CONGRESS","H4TX32089","JOHNSON, JULIE","2026","H","TX","33","17","http://docquery.fec.gov/cgi-bin/fecimg/?202507159763444671","","ACTBLUE TECHNICAL SERVICES","PO BOX 441146","","WEST SOMERVILLE","MA","021440031","2025-04-06","$205.46","CREDIT CARD PROCESSING FEES","","","","","500160852",""
"C00843003","JULIE JOHNSON FOR CONGRESS","H4TX32089","JOHNSON, JULIE","2026","H","TX","33","17","http://docquery.fec.gov/cgi-bin/fecimg/?202507159763444671","","ACTBLUE TECHNICAL SERVICES","PO BOX 441146","","WEST SOMERVILLE","MA","021440031","2025-04-13","$567.14","CREDIT CARD PROCESSING FEES","","","","","500162524",""
"C00843003","JULIE JOHNSON FOR CONGRESS","H4TX32089","JOHNSON, JULIE","2026","H","TX","33","17","http://docquery.fec.gov/cgi-bin/fecimg/?202507159763444671","","ACTBLUE TECHNICAL SERVICES","PO BOX 441146","","WEST SOMERVILLE","MA","021440031","2025-04-20","$85.25","CREDIT CARD PROCESSING FEES","","","","","500162686",""
"C00843003","JULIE JOHNSON FOR CONGRESS","H4TX32089","JOHNSON, JULIE","2026","H","TX","33","17","http://docquery.fec.gov/cgi-bin/fecimg/?202507159763444672","","ACTBLUE TECHNICAL SERVICES","PO BOX 441146","","WEST SOMERVILLE","MA","021440031","2025-04-23","$468.79","CREDIT CARD PROCESSING FEES","","","","","500162915",""
"C00843003","JULIE JOHNSON FOR CONGRESS","H4TX32089","JOHNSON, JULIE","2026","H","TX","33","17","http://docquery.fec.gov/cgi-bin/fecimg/?202507159763444672","","ACTBLUE TECHNICAL SERVICES","PO BOX 441146","","WEST SOMERVILLE","MA","021440031","2025-04-27","$201.91","CREDIT CARD PROCESSING FEES","","","","","500162919",""
"C00843003","JULIE JOHNSON FOR CONGRESS","H4TX32089","JOHNSON, JULIE","2026","H","TX","33","17","http://docquery.fec.gov/cgi-bin/fecimg/?202507159763444672","","ACTBLUE TECHNICAL SERVICES","PO BOX 441146","","WEST SOMERVILLE","MA","021440031","2025-05-04","$519.12","CREDIT CARD PROCESSING FEES","","","","","500162935",""
"C00843003","JULIE JOHNSON FOR CONGRESS","H4TX32089","JOHNSON, JULIE","2026","H","TX","33","17","http://docquery.fec.gov/cgi-bin/fecimg/?202507159763444673","","ACTBLUE TECHNICAL SERVICES","PO BOX 441146","","WEST SOMERVILLE","MA","021440031","2025-05-11","$1,385.32","CREDIT CARD PROCESSING FEES","","","","","500163095",""
"C00843003","JULIE JOHNSON FOR CONGRESS","H4TX32089","JOHNSON, JULIE","2026","H","TX","33","17","http://docquery.fec.gov/cgi-bin/fecimg/?202507159763444673","","ACTBLUE TECHNICAL SERVICES","PO BOX 441146","","WEST SOMERVILLE","MA","021440031","2025-05-18","$4,187.87","CREDIT CARD PROCESSING FEES","","","","","500163649",""
"C00843003","JULIE JOHNSON FOR CONGRESS","H4TX32089","JOHNSON, JULIE","2026","H","TX","33","17","http://docquery.fec.gov/cgi-bin/fecimg/?202507159763444673","","ACTBLUE TECHNICAL SERVICES","PO BOX 441146","","WEST SOMERVILLE","MA","021440031","2025-05-25","$216.50","CREDIT CARD PROCESSING FEES","","","","","500163975",""
"C00843003","JULIE JOHNSON FOR CONGRESS","H4TX32089","JOHNSON, JULIE","2026","H","TX","33","17","http://docquery.fec.gov/cgi-bin/fecimg/?202507159763444674","","ACTBLUE TECHNICAL SERVICES","PO BOX 441146","","WEST SOMERVILLE","MA","021440031","2025-06-01","$83.11","CREDIT CARD PROCESSING FEES","","","","","500164023",""
"C00843003","JULIE JOHNSON FOR CONGRESS","H4TX32089","JOHNSON, JULIE","2026","H","TX","33","17","http://docquery.fec.gov/cgi-bin/fecimg/?202507159763444674","","ACTBLUE TECHNICAL SERVICES","PO BOX 441146","","WEST SOMERVILLE","MA","021440031","2025-06-08","$201.99","CREDIT CARD PROCESSING FEES","","","","","500164236",""
"C00843003","JULIE JOHNSON FOR CONGRESS","H4TX32089","JOHNSON, JULIE","2026","H","TX","33","17","http://docquery.fec.gov/cgi-bin/fecimg/?202507159763444674","","ACTBLUE TECHNICAL SERVICES","PO BOX 441146","","WEST SOMERVILLE","MA","021440031","2025-06-15","$401.19","CREDIT CARD PROCESSING FEES","","","","","500164439",""
"C00843003","JULIE JOHNSON FOR CONGRESS","H4TX32089","JOHNSON, JULIE","2026","H","TX","33","17","http://docquery.fec.gov/cgi-bin/fecimg/?202507159763444675","","ACTBLUE TECHNICAL SERVICES","PO BOX 441146","","WEST SOMERVILLE","MA","021440031","2025-06-22","$197.10","CREDIT CARD PROCESSING FEES","","","","","500164927",""
"C00843003","JULIE JOHNSON FOR CONGRESS","H4TX32089","JOHNSON, JULIE","2026","H","TX","33","17","http://docquery.fec.gov/cgi-bin/fecimg/?202507159763444675","","ACTBLUE TECHNICAL SERVICES","PO BOX 441146","","WEST SOMERVILLE","MA","021440031","2025-06-29","$465.38","CREDIT CARD PROCESSING FEES","","","","","500165284",""
"C00843003","JULIE JOHNSON FOR CONGRESS","H4TX32089","JOHNSON, JULIE","2026","H","TX","33","17","http://docquery.fec.gov/cgi-bin/fecimg/?202507159763444675","","ACTBLUE TECHNICAL SERVICES","PO BOX 441146","","WEST SOMERVILLE","MA","021440031","2025-06-30","$641.29","CREDIT CARD PROCESSING FEES","","","","","500165292",""
"C00843003","JULIE JOHNSON FOR CONGRESS","H4TX32089","JOHNSON, JULIE","2026","H","TX","33","17","http://docquery.fec.gov/cgi-bin/fecimg/?202507159763444676","","AMALGAMATED BANK","1825 K ST NW","","WASHINGTON","DC","200061202","2025-04-25","$98.64","BANK FEES","","","","","500162936",""
"C00843003","JULIE JOHNSON FOR CONGRESS","H4TX32089","JOHNSON, JULIE","2026","H","TX","33","17","http://docquery.fec.gov/cgi-bin/fecimg/?202507159763444676","","AMALGAMATED BANK","1825 K ST NW","","WASHINGTON","DC","200061202","2025-04-25","$14.00","BANK FEES","","","","","500162937",""
"C00843003","JULIE JOHNSON FOR CONGRESS","H4TX32089","JOHNSON, JULIE","2026","H","TX","33","17","http://docquery.fec.gov/cgi-bin/fecimg/?202507159763444676","","AMALGAMATED BANK","1825 K ST NW","","WASHINGTON","DC","200061202","2025-05-29","$98.85","BANK FEES","","","","","500163993",""
"C00843003","JULIE JOHNSON FOR CONGRESS","H4TX32089","JOHNSON, JULIE","2026","H","TX","33","17","http://docquery.fec.gov/cgi-bin/fecimg/?202507159763444677","","AMALGAMATED BANK","1825 K ST NW","","WASHINGTON","DC","200061202","2025-05-29","$14.00","BANK FEES","","","","","500163994",""
"C00843003","JULIE JOHNSON FOR CONGRESS","H4TX32089","JOHNSON, JULIE","2026","H","TX","33","17","http://docquery.fec.gov/cgi-bin/fecimg/?202507159763444677","","AMALGAMATED BANK","1825 K ST NW","","WASHINGTON","DC","200061202","2025-06-27","$87.39","BANK FEES","","","","","500165283",""
"C00843003","JULIE JOHNSON FOR CONGRESS","H4TX32089","JOHNSON, JULIE","2026","H","TX","33","17","http://docquery.fec.gov/cgi-bin/fecimg/?202507159763444677","","AMERICAN EXPRESS","200 VESEY ST","","NEW YORK","NY","102851000","2025-05-07","$2,259.90","CREDIT CARD PAYMENT","","","","","500163523",""
"C00843003","JULIE JOHNSON FOR CONGRESS","H4TX32089","JOHNSON, JULIE","2026","H","TX","33","17","http://docquery.fec.gov/cgi-bin/fecimg/?202507159763444678","","AMAZON","1516 2ND AVE","","SEATTLE","WA","981011543","2025-05-07","$200.33","RECORDING EQUIPMENT","X","*","","","500163536","500163523"
"C00843003","JULIE JOHNSON FOR CONGRESS","H4TX32089","JOHNSON, JULIE","2026","H","TX","33","17","http://docquery.fec.gov/cgi-bin/fecimg/?202507159763444678","","AMERICAN AIRLINES","1 SKYVIEW DR","","FORT WORTH","TX","761551801","2025-05-07","$503.67","TRAVEL","X","*","","","500163531","500163523"
"C00843003","JULIE JOHNSON FOR CONGRESS","H4TX32089","JOHNSON, JULIE","2026","H","TX","33","17","http://docquery.fec.gov/cgi-bin/fecimg/?202507159763444678","","AMERICAN AIRLINES","1 SKYVIEW DR","","FORT WORTH","TX","761551801","2025-05-07","$13.44","TRAVEL","X","*","","","500163532","500163523"
"C00843003","JULIE JOHNSON FOR CONGRESS","H4TX32089","JOHNSON, JULIE","2026","H","TX","33","17","http://docquery.fec.gov/cgi-bin/fecimg/?202507159763444679","","AMERICAN AIRLINES","1 SKYVIEW DR","","FORT WORTH","TX","761551801","2025-05-07","$317.01","TRAVEL","X","*","","","500163533","500163523"
"C00843003","JULIE JOHNSON FOR CONGRESS","H4TX32089","JOHNSON, JULIE","2026","H","TX","33","17","http://docquery.fec.gov/cgi-bin/fecimg/?202507159763444679","","AMERICAN AIRLINES","1 SKYVIEW DR","","FORT WORTH","TX","761551801","2025-05-07","$474.97","TRAVEL","X","*","","","500163534","500163523"
"C00843003","JULIE JOHNSON FOR CONGRESS","H4TX32089","JOHNSON, JULIE","2026","H","TX","33","17","http://docquery.fec.gov/cgi-bin/fecimg/?202507159763444679","","BAKED BY MELISSA, LLC","104 W 14TH ST","FL 4","NEW YORK","NY","100117332","2025-05-07","$76.95","GIFTS","X","*","","","500163537","500163523"
"C00843003","JULIE JOHNSON FOR CONGRESS","H4TX32089","JOHNSON, JULIE","2026","H","TX","33","17","http://docquery.fec.gov/cgi-bin/fecimg/?202507159763444680","","ODE A LA ROSE LLC","2143 44TH RD","","LONG ISLAND CITY","NY","111015010","2025-05-07","$173.84","MEALS","X","*","","","500163535","500163523"
"C00843003","JULIE JOHNSON FOR CONGRESS","H4TX32089","JOHNSON, JULIE","2026","H","TX","33","17","http://docquery.fec.gov/cgi-bin/fecimg/?202602199834785208","","CHEN, CHUNG YING","PO BOX 802765","","DALLAS","TX","753802765","2026-02-10","$75.00","ORGANIZING CONSULTING","","","","","500180195",""
"C00843003","JULIE JOHNSON FOR CONGRESS","H4TX32089","JOHNSON, JULIE","2026","H","TX","33","17","http://docquery.fec.gov/cgi-bin/fecimg/?202602199834785208","","CHISPAS","5057 KELLER SPRINGS RD","STE 120","ADDISON","TX","750016346","2026-01-17","$4,000.00","CATERING","","","","","500179164",""
"C00843003","JULIE JOHNSON FOR CONGRESS","H4TX32089","JOHNSON, JULIE","2026","H","TX","33","17","http://docquery.fec.gov/cgi-bin/fecimg/?202602199834785209","","CONTRERAS VALET PARKING","3301 HUDNALL ST","","DALLAS","TX","752358928","2026-01-17","$1,000.00","EVENT VALET SERVICE","","","","","500179163",""
"C00843003","JULIE JOHNSON FOR CONGRESS","H4TX32089","JOHNSON, JULIE","2026","H","TX","33","17","http://docquery.fec.gov/cgi-bin/fecimg/?202602199834785209","","CORONADO, MARY","PO BOX 802765","","DALLAS","TX","753802765","2026-01-27","$300.00","ORGANIZING CONSULTING","","","","","500179312",""
"C00843003","JULIE JOHNSON FOR CONGRESS","H4TX32089","JOHNSON, JULIE","2026","H","TX","33","17","http://docquery.fec.gov/cgi-bin/fecimg/?202602199834785209","","DALLAS VOICE - OUT NORTH TEXAS","1825 MARKET CENTER BLVD","STE 240","DALLAS","TX","752073309","2026-01-28","$1,000.00","DIGITAL ADS","","","","","500179636",""
"C00843003","JULIE JOHNSON FOR CONGRESS","H4TX32089","JOHNSON, JULIE","2026","H","TX","33","17","http://docquery.fec.gov/cgi-bin/fecimg/?202602199834785210","","DAVIS, SAMANTHA","PO BOX 802765","","DALLAS","TX","753802765","2026-01-26","$637.50","ORGANIZING CONSULTING","","","","","500179303",""
"C00843003","JULIE JOHNSON FOR CONGRESS","H4TX32089","JOHNSON, JULIE","2026","H","TX","33","17","http://docquery.fec.gov/cgi-bin/fecimg/?202602199834785210","","DAVIS, SAMANTHA","PO BOX 802765","","DALLAS","TX","753802765","2026-02-04","$575.00","ORGANIZING CONSULTING","","","","","500180188",""
"C00843003","JULIE JOHNSON FOR CONGRESS","H4TX32089","JOHNSON, JULIE","2026","H","TX","33","17","http://docquery.fec.gov/cgi-bin/fecimg/?202602199834785210","","DAVIS, SAMANTHA","PO BOX 802765","","DALLAS","TX","753802765","2026-02-10","$350.00","ORGANIZING CONSULTING","","","","","500180189",""
"C00843003","JULIE JOHNSON FOR CONGRESS","H4TX32089","JOHNSON, JULIE","2026","H","TX","33","17","http://docquery.fec.gov/cgi-bin/fecimg/?202602199834785211","","DEMOCRACY ENGINE LLC","416 FLORIDA AVE NW","UNIT 26418","WASHINGTON","DC","200010516","2026-01-02","$318.75","CREDIT CARD PROCESSING FEES","","","","","500176291",""
"C00843003","JULIE JOHNSON FOR CONGRESS","H4TX32089","JOHNSON, JULIE","2026","H","TX","33","17","http://docquery.fec.gov/cgi-bin/fecimg/?202602199834785211","","DEMOCRACY ENGINE LLC","416 FLORIDA AVE NW","UNIT 26418","WASHINGTON","DC","200010516","2026-01-06","$187.50","CREDIT CARD PROCESSING FEES","","","","","500176292",""
"C00843003","JULIE JOHNSON FOR CONGRESS","H4TX32089","JOHNSON, JULIE","2026","H","TX","33","17","http://docquery.fec.gov/cgi-bin/fecimg/?202602199834785211","","DEMOCRACY ENGINE LLC","416 FLORIDA AVE NW","UNIT 26418","WASHINGTON","DC","200010516","2026-01-08","$93.75","CREDIT CARD PROCESSING FEES","","","","","500176293",""
"C00843003","JULIE JOHNSON FOR CONGRESS","H4TX32089","JOHNSON, JULIE","2026","H","TX","33","17","http://docquery.fec.gov/cgi-bin/fecimg/?202602199834785212","","DEMOCRACY ENGINE LLC","416 FLORIDA AVE NW","UNIT 26418","WASHINGTON","DC","200010516","2026-01-15","$93.75","CREDIT CARD PROCESSING FEES","","","","","500179151",""
"C00843003","JULIE JOHNSON FOR CONGRESS","H4TX32089","JOHNSON, JULIE","2026","H","TX","33","17","http://docquery.fec.gov/cgi-bin/fecimg/?202602199834785212","","DEMOCRACY ENGINE LLC","416 FLORIDA AVE NW","UNIT 26418","WASHINGTON","DC","200010516","2026-01-19","$93.75","CREDIT CARD PROCESSING FEES","","","","","500179152",""
"C00843003","JULIE JOHNSON FOR CONGRESS","H4TX32089","JOHNSON, JULIE","2026","H","TX","33","17","http://docquery.fec.gov/cgi-bin/fecimg/?202602199834785212","","DEMOCRACY ENGINE LLC","416 FLORIDA AVE NW","UNIT 26418","WASHINGTON","DC","200010516","2026-01-22","$93.75","CREDIT CARD PROCESSING FEES","","","","","500179154",""
"C00843003","JULIE JOHNSON FOR CONGRESS","H4TX32089","JOHNSON, JULIE","2026","H","TX","33","17","http://docquery.fec.gov/cgi-bin/fecimg/?202602199834785213","","DEMOCRACY ENGINE LLC","416 FLORIDA AVE NW","UNIT 26418","WASHINGTON","DC","200010516","2026-01-29","$125.00","CREDIT CARD PROCESSING FEES","","","","","500179643",""
"C00843003","JULIE JOHNSON FOR CONGRESS","H4TX32089","JOHNSON, JULIE","2026","H","TX","33","17","http://docquery.fec.gov/cgi-bin/fecimg/?202602199834785213","","DEMOCRACY ENGINE LLC","416 FLORIDA AVE NW","UNIT 26418","WASHINGTON","DC","200010516","2026-02-05","$50.41","CREDIT CARD PROCESSING FEES","","","","","500180185",""
"C00843003","JULIE JOHNSON FOR CONGRESS","H4TX32089","JOHNSON, JULIE","2026","H","TX","33","17","http://docquery.fec.gov/cgi-bin/fecimg/?202602199834785213","","EDSI DBA EDWARDS & PATTERSON SIGNS","203 S BELT LINE RD","","IRVING","TX","750602158","2026-01-29","$3,500.13","YARD SIGNS","","","","","500179638",""
"C00843003","JULIE JOHNSON FOR CONGRESS","H4TX32089","JOHNSON, JULIE","2026","H","TX","33","17","http://docquery.fec.gov/cgi-bin/fecimg/?202602199834785214","","ELITE NEWS","1911 E LEDBETTER DR","","DALLAS","TX","752167060","2026-01-29","$500.00","PRINT ADS","","","","","500180115",""
"C00843003","JULIE JOHNSON FOR CONGRESS","H4TX32089","JOHNSON, JULIE","2026","H","TX","33","17","http://docquery.fec.gov/cgi-bin/fecimg/?202602199834785214","","FASKEN, MELISSA","PO BOX 802765","","DALLAS","TX","753802765","2026-01-27","$225.00","ORGANIZING CONSULTING","","","","","500179309",""
"C00843003","JULIE JOHNSON FOR CONGRESS","H4TX32089","JOHNSON, JULIE","2026","H","TX","33","17","http://docquery.fec.gov/cgi-bin/fecimg/?202602199834785214","","FASKEN, MELISSA","PO BOX 802765","","DALLAS","TX","753802765","2026-02-04","$540.00","ORGANIZING CONSULTING","","","","","500180183",""
"C00843003","JULIE JOHNSON FOR CONGRESS","H4TX32089","JOHNSON, JULIE","2026","H","TX","33","17","http://docquery.fec.gov/cgi-bin/fecimg/?202602199834785215","","FASKEN, MELISSA","PO BOX 802765","","DALLAS","TX","753802765","2026-02-10","$250.00","ORGANIZING CONSULTING","","","","","500180184",""
"C00916486","ZEESHAN FOR TEXAS","H6TX33074","HAFEEZ, ZEESHAN","2026","H","TX","33","17","http://docquery.fec.gov/cgi-bin/fecimg/?202602209834822518","","META PLATFORMS, INC.","1 HACKER WAY","","MENLO PARK","CA","94025","2026-02-06","$751.00","ONLINE ADVERTISING","","","","","SB17.12352",""
"C00916486","ZEESHAN FOR TEXAS","H6TX33074","HAFEEZ, ZEESHAN","2026","H","TX","33","17","http://docquery.fec.gov/cgi-bin/fecimg/?202602209834822519","","META PLATFORMS, INC.","1 HACKER WAY","","MENLO PARK","CA","94025","2026-02-10","$780.00","ONLINE ADVERTISING","","","","","SB17.12356",""
"C00916486","ZEESHAN FOR TEXAS","H6TX33074","HAFEEZ, ZEESHAN","2026","H","TX","33","17","http://docquery.fec.gov/cgi-bin/fecimg/?202602209834822519",""," MYCORRHIZA DIGITAL","3902 DE LONGPRE AVE","","LOS ANGELES","CA","90027","2026-01-03","$2,687.65","DIGITAL ADVERTISING CONSULTING & AD SPEND","","","","","SB17.12265",""
"C00916486","ZEESHAN FOR TEXAS","H6TX33074","HAFEEZ, ZEESHAN","2026","H","TX","33","17","http://docquery.fec.gov/cgi-bin/fecimg/?202602209834822519",""," MYCORRHIZA DIGITAL","3902 DE LONGPRE AVE","","LOS ANGELES","CA","90027","2026-02-02","$3,696.66","DIGITAL ADVERTISING CONSULTING & AD SPEND REIMBURSEMENT","","","","","SB17.12350",""
"C00916486","ZEESHAN FOR TEXAS","H6TX33074","HAFEEZ, ZEESHAN","2026","H","TX","33","17","http://docquery.fec.gov/cgi-bin/fecimg/?202602209834822520","","PAYPAL, INC.","2211 N FIRST ST","","SAN JOSE","CA","95131","2026-01-20","$50.00","PAYMENT PROCESSING FEES","","","","","SB17.12307",""
"C00916486","ZEESHAN FOR TEXAS","H6TX33074","HAFEEZ, ZEESHAN","2026","H","TX","33","17","http://docquery.fec.gov/cgi-bin/fecimg/?202602209834822520","","PAYPAL, INC.","2211 N FIRST ST","","SAN JOSE","CA","95131","2026-01-30","$175.00","PAYMENT PROCESSING FEES","","","","","SB17.12341",""
"C00916486","ZEESHAN FOR TEXAS","H6TX33074","HAFEEZ, ZEESHAN","2026","H","TX","33","17","http://docquery.fec.gov/cgi-bin/fecimg/?202602209834822520","","PHONEBURNER, INC.","999 CORPORATE DR STE 255","","LADERA RANCH","CA","92694","2026-01-01","$245.00","CAMPAIGN SOFTWARE - PHONEBURNER DIALER","","","","","SB17.12252",""
"C00916486","ZEESHAN FOR TEXAS","H6TX33074","HAFEEZ, ZEESHAN","2026","H","TX","33","17","http://docquery.fec.gov/cgi-bin/fecimg/?202602209834822521","","PHONEBURNER, INC.","999 CORPORATE DR STE 255","","LADERA RANCH","CA","92694","2026-02-01","$245.00","CAMPAIGN SOFTWARE - PHONEBURNER DIALER","","","","","SB17.12344",""
"C00916486","ZEESHAN FOR TEXAS","H6TX33074","HAFEEZ, ZEESHAN","2026","H","TX","33","17","http://docquery.fec.gov/cgi-bin/fecimg/?202602209834822521","","POLITIKIT","12323 ASHFORD HOLLOW DR","","SUGAR LAND","TX","77478","2026-01-27","$4,500.00","POLITICAL CONSULTING AND COMPLIANCE SERVICES","","","","","SB17.12316",""
"C00916486","ZEESHAN FOR TEXAS","H6TX33074","HAFEEZ, ZEESHAN","2026","H","TX","33","17","http://docquery.fec.gov/cgi-bin/fecimg/?202602209834822521","","RAHMAN, FARIHA","PO BOX 630732, 8501 N MACARTHUR BL","","IRVING","TX","75063","2026-01-16","$675.00","BILINGUAL CANVASSER - VOTER CONTACT","","","","","SB17.12294",""
"C00916486","ZEESHAN FOR TEXAS","H6TX33074","HAFEEZ, ZEESHAN","2026","H","TX","33","17","http://docquery.fec.gov/cgi-bin/fecimg/?202602209834822522","","RAHMAN, FARIHA","PO BOX 630732, 8501 N MACARTHUR BL","","IRVING","TX","75063","2026-01-30","$2,013.50","BILINGUAL CANVASSER - VOTER CONTACT","","","","","SB17.12336",""
"C00916486","ZEESHAN FOR TEXAS","H6TX33074","HAFEEZ, ZEESHAN","2026","H","TX","33","17","http://docquery.fec.gov/cgi-bin/fecimg/?202602209834822522","","REACH PROGRESS PBC","228 PARK AVE S","PMB 62932","NEW YORK","NY","10003","2026-01-01","$690.00","CAMPAIGN SOFTWARE - REACH ORGANIZING APP","","","","","SB17.12250",""
"C00916486","ZEESHAN FOR TEXAS","H6TX33074","HAFEEZ, ZEESHAN","2026","H","TX","33","17","http://docquery.fec.gov/cgi-bin/fecimg/?202602209834822522","","REACH PROGRESS PBC","228 PARK AVE S","PMB 62932","NEW YORK","NY","10003","2026-02-01","$690.00","CAMPAIGN SOFTWARE - REACH ORGANIZING APP","","","","","SB17.12343",""
"C00916486","ZEESHAN FOR TEXAS","H6TX33074","HAFEEZ, ZEESHAN","2026","H","TX","33","17","http://docquery.fec.gov/cgi-bin/fecimg/?202602209834822523","","RMS GROUP LLC","1606 SMITH RD #R","","CHARLESTON","WV","25314","2026-01-02","$2,000.00","GENERAL CONSULTING RETAINER","","","","","SB17.12259",""
"C00916486","ZEESHAN FOR TEXAS","H6TX33074","HAFEEZ, ZEESHAN","2026","H","TX","33","17","http://docquery.fec.gov/cgi-bin/fecimg/?202602209834822523","","RMS GROUP LLC","1606 SMITH RD #R","","CHARLESTON","WV","25314","2026-01-30","$2,000.00","GENERAL CONSULTING RETAINER","","","","","SB17.12335",""
"C00916486","ZEESHAN FOR TEXAS","H6TX33074","HAFEEZ, ZEESHAN","2026","H","TX","33","17","http://docquery.fec.gov/cgi-bin/fecimg/?202602209834822523","","SAWYER, KIMBERLY","PO BOX 630732, 8501 N MACARTHUR BL","","IRVING","TX","75063","2026-02-02","$3,145.16","DEPUTY OUTREACH DIRECTOR - AFRICAN-AMERICAN COMMUNITY OUTREACH & FIELD","","","","","SB17.12349",""
"C00843003","JULIE JOHNSON FOR CONGRESS","H4TX32089","JOHNSON, JULIE","2026","H","TX","33","17","http://docquery.fec.gov/cgi-bin/fecimg/?202602199834785222","","PARAGON PAYMENT SOLUTIONS","2141 E BROADWAY RD","STE 202","TEMPE","AZ","852821895","2026-02-02","$25.00","CREDIT CARD PROCESSING FEES","","","","","500180152",""
"C00843003","JULIE JOHNSON FOR CONGRESS","H4TX32089","JOHNSON, JULIE","2026","H","TX","33","17","http://docquery.fec.gov/cgi-bin/fecimg/?202602199834785222","","RAMIREZ, JESSICA","PO BOX 802765","","DALLAS","TX","753802765","2026-01-26","$2,000.00","ORGANIZING CONSULTING","","","","","500179304",""
"C00843003","JULIE JOHNSON FOR CONGRESS","H4TX32089","JOHNSON, JULIE","2026","H","TX","33","17","http://docquery.fec.gov/cgi-bin/fecimg/?202602199834785223","","RAMIREZ, JESSICA","PO BOX 802765","","DALLAS","TX","753802765","2026-02-03","$2,000.00","ORGANIZING CONSULTING","","","","","500180151",""
"C00843003","JULIE JOHNSON FOR CONGRESS","H4TX32089","JOHNSON, JULIE","2026","H","TX","33","17","http://docquery.fec.gov/cgi-bin/fecimg/?202602199834785223","","ROLLA GROUP LLC","211 S ST NW","","WASHINGTON","DC","200011832","2026-01-05","$20,000.00","FUNDRAISING CONSULTING","","","","","500179111",""
"C00843003","JULIE JOHNSON FOR CONGRESS","H4TX32089","JOHNSON, JULIE","2026","H","TX","33","17","http://docquery.fec.gov/cgi-bin/fecimg/?202602199834785223","","ROLLA GROUP LLC","211 S ST NW","","WASHINGTON","DC","200011832","2026-02-03","$5,000.00","FUNDRAISING CONSULTING","","","","","500180153",""
"C00843003","JULIE JOHNSON FOR CONGRESS","H4TX32089","JOHNSON, JULIE","2026","H","TX","33","17","http://docquery.fec.gov/cgi-bin/fecimg/?202602199834785224","","SOLIDARITY STRATEGIES","PO BOX 15260","","WASHINGTON","DC","200030260","2026-01-13","$17,722.72","DIRECT MAIL PRODUCTION","","","","","500179126",""
"C00843003","JULIE JOHNSON FOR CONGRESS","H4TX32089","JOHNSON, JULIE","2026","H","TX","33","17","http://docquery.fec.gov/cgi-bin/fecimg/?202602199834785224","","SOLIDARITY STRATEGIES","PO BOX 15260","","WASHINGTON","DC","200030260","2026-01-21","$12,512.72","DIRECT MAIL PRODUCTION","","","","","500179127",""
"C00843003","JULIE JOHNSON FOR CONGRESS","H4TX32089","JOHNSON, JULIE","2026","H","TX","33","17","http://docquery.fec.gov/cgi-bin/fecimg/?202602199834785224","","SOLIDARITY STRATEGIES","PO BOX 15260","","WASHINGTON","DC","200030260","2026-01-29","$17,970.56","DIRECT MAIL PRODUCTION","","","","","500179641",""
"C00843003","JULIE JOHNSON FOR CONGRESS","H4TX32089","JOHNSON, JULIE","2026","H","TX","33","17","http://docquery.fec.gov/cgi-bin/fecimg/?202602199834785225","","SOLIDARITY STRATEGIES","PO BOX 15260","","WASHINGTON","DC","200030260","2026-01-29","$29,896.48","DIRECT MAIL PRODUCTION","","","","","500179642",""
"C00893073","KURT SCHWAB FOR CONGRESS TXCD 33 2026","H6TX33041","SCHWAB, KURT","2026","H","TX","33","17","http://docquery.fec.gov/cgi-bin/fecimg/?202602209834840835","","FORESTWOOD","310 MONTICELLO AVE","","DALLAS","TX","75205","2025-12-18","$212.52","","","","003","Solicitation and Fundraising Expenses ","SB17.4292",""
"C00916486","ZEESHAN FOR TEXAS","H6TX33074","HAFEEZ, ZEESHAN","2026","H","TX","33","17","http://docquery.fec.gov/cgi-bin/fecimg/?202602209834822502","","ACOSTA, JULIO","1644 BLACKSTONE DR","","CARROLLTON","TX","75007","2026-01-16","$1,500.00","DEPUTY CAMPAIGN MANAGER - CAMPAIGN OPERATIONS","","","","","SB17.12298",""
"C00916486","ZEESHAN FOR TEXAS","H6TX33074","HAFEEZ, ZEESHAN","2026","H","TX","33","17","http://docquery.fec.gov/cgi-bin/fecimg/?202602209834822502","","ACOSTA, JULIO","1644 BLACKSTONE DR","","CARROLLTON","TX","75007","2026-01-30","$1,500.00","DEPUTY CAMPAIGN MANAGER - CAMPAIGN OPERATIONS","","","","","SB17.12332",""
"C00916486","ZEESHAN FOR TEXAS","H6TX33074","HAFEEZ, ZEESHAN","2026","H","TX","33","17","http://docquery.fec.gov/cgi-bin/fecimg/?202602209834822503","","ACTBLUE","366 SUMMER STREET","","SOMERVILLE","MA","02144","2026-01-01","$9,924.30","PROCESSING FEES - PRIOR PERIOD","","","003","Solicitation and Fundraising Expenses ","SB17.12358",""
"C00916486","ZEESHAN FOR TEXAS","H6TX33074","HAFEEZ, ZEESHAN","2026","H","TX","33","17","http://docquery.fec.gov/cgi-bin/fecimg/?202602209834822503","","ACTBLUE","366 SUMMER STREET","","SOMERVILLE","MA","02144","2026-02-11","$2,291.66","PROCESSING FEES","","","003","Solicitation and Fundraising Expenses ","SB17.12359",""
"C00916486","ZEESHAN FOR TEXAS","H6TX33074","HAFEEZ, ZEESHAN","2026","H","TX","33","17","http://docquery.fec.gov/cgi-bin/fecimg/?202602209834822503","","AIJAZ, MOHAMMAD","12323 ASHFORD HOLLOW DR","","SUGAR LAND","TX","77478","2026-01-02","$353.85","SALARY - CAMPAIGN COMPLIANCE","","","","","SB17.12263",""
"C00916486","ZEESHAN FOR TEXAS","H6TX33074","HAFEEZ, ZEESHAN","2026","H","TX","33","17","http://docquery.fec.gov/cgi-bin/fecimg/?202602209834822504","","AIJAZ, MOHAMMAD","12323 ASHFORD HOLLOW DR","","SUGAR LAND","TX","77478","2026-01-07","$1,415.38","SALARY - CAMPAIGN COMPLIANCE","","","","","SB17.12271",""
"C00916486","ZEESHAN FOR TEXAS","H6TX33074","HAFEEZ, ZEESHAN","2026","H","TX","33","17","http://docquery.fec.gov/cgi-bin/fecimg/?202602209834822504","","AIJAZ, MOHAMMAD","12323 ASHFORD HOLLOW DR","","SUGAR LAND","TX","77478","2026-01-22","$1,415.38","SALARY - CAMPAIGN COMPLIANCE","","","","","SB17.12312",""
"C00916486","ZEESHAN FOR TEXAS","H6TX33074","HAFEEZ, ZEESHAN","2026","H","TX","33","17","http://docquery.fec.gov/cgi-bin/fecimg/?202602209834822504","","AIJAZ, MOHAMMAD","12323 ASHFORD HOLLOW DR","","SUGAR LAND","TX","77478","2026-01-30","$1,415.39","SALARY - CAMPAIGN COMPLIANCE","","","","","SB17.12342",""
"C00916486","ZEESHAN FOR TEXAS","H6TX33074","HAFEEZ, ZEESHAN","2026","H","TX","33","17","http://docquery.fec.gov/cgi-bin/fecimg/?202602209834822505","","AL MICHAEL, TASNEEM","PO BOX 630732, 8501 N MACARTHUR BL","","IRVING","TX","75063","2026-01-02","$2,322.58","FIELD DIRECTOR - FIELD OPERATIONS MANAGEMENT","","","","","SB17.12261",""
"C00916486","ZEESHAN FOR TEXAS","H6TX33074","HAFEEZ, ZEESHAN","2026","H","TX","33","17","http://docquery.fec.gov/cgi-bin/fecimg/?202602209834822505","","AL MICHAEL, TASNEEM","PO BOX 630732, 8501 N MACARTHUR BL","","IRVING","TX","75063","2026-01-16","$3,000.00","FIELD DIRECTOR - FIELD OPERATIONS MANAGEMENT","","","","","SB17.12302",""
"C00916486","ZEESHAN FOR TEXAS","H6TX33074","HAFEEZ, ZEESHAN","2026","H","TX","33","17","http://docquery.fec.gov/cgi-bin/fecimg/?202602209834822505","","AL MICHAEL, TASNEEM","PO BOX 630732, 8501 N MACARTHUR BL","","IRVING","TX","75063","2026-01-30","$3,000.00","FIELD DIRECTOR - FIELD OPERATIONS MANAGEMENT","","","","","SB17.12338",""
"C00916486","ZEESHAN FOR TEXAS","H6TX33074","HAFEEZ, ZEESHAN","2026","H","TX","33","17","http://docquery.fec.gov/cgi-bin/fecimg/?202602209834822506","","AYALA PRODUCTIONS, LLC","PO BOX 630732, 8501 N MACARTHUR BL","","IRVING","TX","75063","2026-01-22","$10,000.00","FIELD SERVICES - HISPANIC COMMUNITY OUTREACH & VOTER ENGAGEMENT","","","","","SB17.12311",""
"C00916486","ZEESHAN FOR TEXAS","H6TX33074","HAFEEZ, ZEESHAN","2026","H","TX","33","17","http://docquery.fec.gov/cgi-bin/fecimg/?202602209834822506","","BAYRAKTAR, ADIL","1107 S. 8TH ST APT 301","","AUSTIN","TX","78704","2026-01-02","$1,250.00","JUNIOR STAFFER/DEPUTY CAMPAIGN MANAGER - CALLTIME, COMMUNICATIONS, SOCIAL MEDIA","","","","","SB17.12255",""
"C00843003","JULIE JOHNSON FOR CONGRESS","H4TX32089","JOHNSON, JULIE","2026","H","TX","33","17","http://docquery.fec.gov/cgi-bin/fecimg/?202602199834785198","","ACTBLUE TECHNICAL SERVICES","PO BOX 441146","","WEST SOMERVILLE","MA","021440031","2026-01-18","$2,139.77","CREDIT CARD PROCESSING FEES","","","","","500177394",""
"C00843003","JULIE JOHNSON FOR CONGRESS","H4TX32089","JOHNSON, JULIE","2026","H","TX","33","17","http://docquery.fec.gov/cgi-bin/fecimg/?202602199834785199","","ACTBLUE TECHNICAL SERVICES","PO BOX 441146","","WEST SOMERVILLE","MA","021440031","2026-01-25","$1,271.56","CREDIT CARD PROCESSING FEES","","","","","500179204",""
"C00843003","JULIE JOHNSON FOR CONGRESS","H4TX32089","JOHNSON, JULIE","2026","H","TX","33","17","http://docquery.fec.gov/cgi-bin/fecimg/?202602199834785199","","ACTBLUE TECHNICAL SERVICES","PO BOX 441146","","WEST SOMERVILLE","MA","021440031","2026-02-01","$1,474.08","CREDIT CARD PROCESSING FEES","","","","","500179627",""
"C00843003","JULIE JOHNSON FOR CONGRESS","H4TX32089","JOHNSON, JULIE","2026","H","TX","33","17","http://docquery.fec.gov/cgi-bin/fecimg/?202602199834785229","","SOUTHWEST AIRLINES","2703 LOVE FIELD DR","","DALLAS","TX","75235","2026-01-26","$98.49","TRAVEL","","","","","500179301",""
"C00843003","JULIE JOHNSON FOR CONGRESS","H4TX32089","JOHNSON, JULIE","2026","H","TX","33","17","http://docquery.fec.gov/cgi-bin/fecimg/?202602199834785229","","SOUTHWEST AIRLINES","2703 LOVE FIELD DR","","DALLAS","TX","75235","2026-01-26","$98.49","TRAVEL","","","","","500179302",""
"C00843003","JULIE JOHNSON FOR CONGRESS","H4TX32089","JOHNSON, JULIE","2026","H","TX","33","17","http://docquery.fec.gov/cgi-bin/fecimg/?202602199834785230","","SOUTHWEST AIRLINES","2703 LOVE FIELD DR","","DALLAS","TX","75235","2026-01-29","$262.80","TRAVEL","","","","","500179634",""
"C00843003","JULIE JOHNSON FOR CONGRESS","H4TX32089","JOHNSON, JULIE","2026","H","TX","33","17","http://docquery.fec.gov/cgi-bin/fecimg/?202602199834785230","","SOUTHWEST AIRLINES","2703 LOVE FIELD DR","","DALLAS","TX","75235","2026-02-02","$301.80","TRAVEL","","","","","500180106",""
"C00843003","JULIE JOHNSON FOR CONGRESS","H4TX32089","JOHNSON, JULIE","2026","H","TX","33","17","http://docquery.fec.gov/cgi-bin/fecimg/?202602199834785230","","SOUTHWEST AIRLINES","2703 LOVE FIELD DR","","DALLAS","TX","75235","2026-02-09","$431.80","TRAVEL","","","","","500180171",""
"C00843003","JULIE JOHNSON FOR CONGRESS","H4TX32089","JOHNSON, JULIE","2026","H","TX","33","17","http://docquery.fec.gov/cgi-bin/fecimg/?202602199834785231","","TALBER, BRENNEN","PO BOX 802765","","DALLAS","TX","753802765","2026-02-04","$225.00","ORGANIZING CONSULTING","","","","","500180174",""
"C00916486","ZEESHAN FOR TEXAS","H6TX33074","HAFEEZ, ZEESHAN","2026","H","TX","33","17","http://docquery.fec.gov/cgi-bin/fecimg/?202602209834822506","","BAYRAKTAR, ADIL","1107 S. 8TH ST APT 301","","AUSTIN","TX","78704","2026-01-16","$1,250.00","JUNIOR STAFFER/DEPUTY CAMPAIGN MANAGER - CALLTIME, COMMUNICATIONS, SOCIAL MEDIA","","","","","SB17.12297",""
"C00916486","ZEESHAN FOR TEXAS","H6TX33074","HAFEEZ, ZEESHAN","2026","H","TX","33","17","http://docquery.fec.gov/cgi-bin/fecimg/?202602209834822507","","BAYRAKTAR, ADIL","1107 S. 8TH ST APT 301","","AUSTIN","TX","78704","2026-01-30","$1,250.00","JUNIOR STAFFER/DEPUTY CAMPAIGN MANAGER - CALLTIME, COMMUNICATIONS, SOCIAL MEDIA","","","","","SB17.12330",""
"C00916486","ZEESHAN FOR TEXAS","H6TX33074","HAFEEZ, ZEESHAN","2026","H","TX","33","17","http://docquery.fec.gov/cgi-bin/fecimg/?202602209834822507","","BUTNA, SIDDARTH","PO BOX 630732, 8501 N MACARTHUR BL","","IRVING","TX","75063","2026-01-16","$635.50","REMOTE PHONE BANK COORDINATOR - VOTER CONTACT","","","","","SB17.12292",""
"C00916486","ZEESHAN FOR TEXAS","H6TX33074","HAFEEZ, ZEESHAN","2026","H","TX","33","17","http://docquery.fec.gov/cgi-bin/fecimg/?202602209834822507","","BUTNA, SIDDARTH","PO BOX 630732, 8501 N MACARTHUR BL","","IRVING","TX","75063","2026-01-30","$1,937.50","REMOTE PHONE BANK COORDINATOR - VOTER CONTACT","","","","","SB17.12334",""
"C00916486","ZEESHAN FOR TEXAS","H6TX33074","HAFEEZ, ZEESHAN","2026","H","TX","33","17","http://docquery.fec.gov/cgi-bin/fecimg/?202602209834822508","","CALDERON, ROZA","PO BOX 362","","PALO PINTO","TX","76484","2026-01-02","$3,500.00","ACTING CAMPAIGN MANAGER - CAMPAIGN OPERATIONS & STRATEGY","","","","","SB17.12262",""
"C00916486","ZEESHAN FOR TEXAS","H6TX33074","HAFEEZ, ZEESHAN","2026","H","TX","33","17","http://docquery.fec.gov/cgi-bin/fecimg/?202602209834822508","","CALDERON, ROZA","PO BOX 362","","PALO PINTO","TX","76484","2026-01-16","$3,500.00","ACTING CAMPAIGN MANAGER - CAMPAIGN OPERATIONS & STRATEGY","","","","","SB17.12303",""
"C00843003","JULIE JOHNSON FOR CONGRESS","H4TX32089","JOHNSON, JULIE","2026","H","TX","33","17","http://docquery.fec.gov/cgi-bin/fecimg/?202602199834785199","","ACTBLUE TECHNICAL SERVICES","PO BOX 441146","","WEST SOMERVILLE","MA","021440031","2026-02-08","$1,346.14","CREDIT CARD PROCESSING FEES","","","","","500179767",""
"C00843003","JULIE JOHNSON FOR CONGRESS","H4TX32089","JOHNSON, JULIE","2026","H","TX","33","17","http://docquery.fec.gov/cgi-bin/fecimg/?202602199834785200","","ACTBLUE TECHNICAL SERVICES","PO BOX 441146","","WEST SOMERVILLE","MA","021440031","2026-02-11","$746.71","CREDIT CARD PROCESSING FEES","","","","","500179816",""
"C00843003","JULIE JOHNSON FOR CONGRESS","H4TX32089","JOHNSON, JULIE","2026","H","TX","33","17","http://docquery.fec.gov/cgi-bin/fecimg/?202602199834785200","","ALONZO-RIVERA, JULIE","PO BOX 802765","","DALLAS","TX","753802765","2026-02-10","$225.00","ORGANIZING CONSULTING","","","","","500180190",""
"C00843003","JULIE JOHNSON FOR CONGRESS","H4TX32089","JOHNSON, JULIE","2026","H","TX","33","17","http://docquery.fec.gov/cgi-bin/fecimg/?202602199834785200","","AMALGAMATED BANK","1825 K ST NW","","WASHINGTON","DC","200061202","2026-01-29","$166.00","BANK FEES","","","","","500179632",""
"C00843003","JULIE JOHNSON FOR CONGRESS","H4TX32089","JOHNSON, JULIE","2026","H","TX","33","17","http://docquery.fec.gov/cgi-bin/fecimg/?202602199834785201","","AMALGAMATED BANK","1825 K ST NW","","WASHINGTON","DC","200061202","2026-01-29","$14.00","BANK FEES","","","","","500179633",""
"C00843003","JULIE JOHNSON FOR CONGRESS","H4TX32089","JOHNSON, JULIE","2026","H","TX","33","17","http://docquery.fec.gov/cgi-bin/fecimg/?202602199834785201","","AMERICAN AIRLINES","1 SKYVIEW DR","","FORT WORTH","TX","761551801","2026-01-13","$855.99","TRAVEL","","","","","500179119",""
"C00843003","JULIE JOHNSON FOR CONGRESS","H4TX32089","JOHNSON, JULIE","2026","H","TX","33","17","http://docquery.fec.gov/cgi-bin/fecimg/?202602199834785201","","AMERICAN AIRLINES","1 SKYVIEW DR","","FORT WORTH","TX","761551801","2026-01-15","$188.50","TRAVEL","","","","","500179120",""
"C00843003","JULIE JOHNSON FOR CONGRESS","H4TX32089","JOHNSON, JULIE","2026","H","TX","33","17","http://docquery.fec.gov/cgi-bin/fecimg/?202602199834785202","","AMERICAN AIRLINES","1 SKYVIEW DR","","FORT WORTH","TX","761551801","2026-01-15","$277.50","TRAVEL","","","","","500179121",""
"C00843003","JULIE JOHNSON FOR CONGRESS","H4TX32089","JOHNSON, JULIE","2026","H","TX","33","17","http://docquery.fec.gov/cgi-bin/fecimg/?202602199834785202","","AMERICAN EXPRESS","200 VESEY ST","","NEW YORK","NY","102851000","2026-01-15","$3,045.97","CREDIT CARD PAYMENT","","","","","500179129",""
"C00843003","JULIE JOHNSON FOR CONGRESS","H4TX32089","JOHNSON, JULIE","2026","H","TX","33","17","http://docquery.fec.gov/cgi-bin/fecimg/?202602199834785202","","FEDEX OFFICE PRINT & SHIP CENTER","3875 AIRWAYS BLVD","","MEMPHIS","TN","381165070","2026-01-15","$76.86","PRINTING","X","*","","","500179133","500179129"
"C00843003","JULIE JOHNSON FOR CONGRESS","H4TX32089","JOHNSON, JULIE","2026","H","TX","33","17","http://docquery.fec.gov/cgi-bin/fecimg/?202602199834785203","","GEHRIGS","210 MAIN ST","","MUENSTER","TX","76252","2026-01-15","$18.72","YARD SIGN ACCESSORIES","X","*","","","500179135","500179129"
"C00843003","JULIE JOHNSON FOR CONGRESS","H4TX32089","JOHNSON, JULIE","2026","H","TX","33","17","http://docquery.fec.gov/cgi-bin/fecimg/?202602199834785203","","LOWES","11920 INWOOD RD","","DALLAS","TX","752448013","2026-01-15","$847.66","OFFICE SUPPLIES","X","*","","","500179134","500179129"
"C00843003","JULIE JOHNSON FOR CONGRESS","H4TX32089","JOHNSON, JULIE","2026","H","TX","33","17","http://docquery.fec.gov/cgi-bin/fecimg/?202602199834785203","","PODPITCH","276 GREENPOINT AVE","","BROOKLYN","NY","112222450","2026-01-15","$1,500.00","SOFTWARE","X","*","","","500179130","500179129"
"C00843003","JULIE JOHNSON FOR CONGRESS","H4TX32089","JOHNSON, JULIE","2026","H","TX","33","17","http://docquery.fec.gov/cgi-bin/fecimg/?202602199834785204","","THE STEPHEN F. AUSTIN ROYAL SONESTA HOTEL","701 CONGRESS AVE","","AUSTIN","TX","787013216","2026-01-15","$557.00","CATERING","X","*","","","500179136","500179129"
"C00843003","JULIE JOHNSON FOR CONGRESS","H4TX32089","JOHNSON, JULIE","2026","H","TX","33","17","http://docquery.fec.gov/cgi-bin/fecimg/?202602199834785204","","WHITEPAGES","1301 5TH AVE","STE 1600","SEATTLE","WA","981012625","2026-01-15","$35.10","SOFTWARE","X","*","","","500179131","500179129"
"C00843003","JULIE JOHNSON FOR CONGRESS","H4TX32089","JOHNSON, JULIE","2026","H","TX","33","17","http://docquery.fec.gov/cgi-bin/fecimg/?202602199834785204","","WHITEPAGES","1301 5TH AVE","STE 1600","SEATTLE","WA","981012625","2026-01-15","$10.63","SOFTWARE","X","*","","","500179132","500179129"
"C00843003","JULIE JOHNSON FOR CONGRESS","H4TX32089","JOHNSON, JULIE","2026","H","TX","33","17","http://docquery.fec.gov/cgi-bin/fecimg/?202602199834785205","","AMERICAN ISRAEL PUBLIC AFFAIRS COMMITTEE POLITICAL ACTION COMMITTEE","251 H ST NW","","WASHINGTON","DC","200012604","2026-01-09","$150.00","FUNDRAISING EVENT RESOURCES AND FACILITIES","","","","","500179124",""
"C00916486","ZEESHAN FOR TEXAS","H6TX33074","HAFEEZ, ZEESHAN","2026","H","TX","33","17","http://docquery.fec.gov/cgi-bin/fecimg/?202602209834822502","","ACOSTA, JULIO","1644 BLACKSTONE DR","","CARROLLTON","TX","75007","2026-01-02","$1,500.00","DEPUTY CAMPAIGN MANAGER - CAMPAIGN OPERATIONS","","","","","SB17.12256",""
"C00843003","JULIE JOHNSON FOR CONGRESS","H4TX32089","JOHNSON, JULIE","2026","H","TX","33","17","http://docquery.fec.gov/cgi-bin/fecimg/?202602199834785231","","TALBER, BRENNEN","PO BOX 802765","","DALLAS","TX","753802765","2026-02-10","$265.00","ORGANIZING CONSULTING","","","","","500180175",""
"C00843003","JULIE JOHNSON FOR CONGRESS","H4TX32089","JOHNSON, JULIE","2026","H","TX","33","17","http://docquery.fec.gov/cgi-bin/fecimg/?202602199834785231","","TEXAS ETHICS COMMISSION","201 E 14TH ST","# 10","AUSTIN","TX","787011445","2026-01-19","$500.00","FILING FEE","","","","","500180116",""
"C00843003","JULIE JOHNSON FOR CONGRESS","H4TX32089","JOHNSON, JULIE","2026","H","TX","33","17","http://docquery.fec.gov/cgi-bin/fecimg/?202602199834785232","","THE LINE DC","1770 EUCLID ST NW","","WASHINGTON","DC","200092836","2026-02-06","$250.46","LODGING","","","","","500180181",""
"C00843003","JULIE JOHNSON FOR CONGRESS","H4TX32089","JOHNSON, JULIE","2026","H","TX","33","17","http://docquery.fec.gov/cgi-bin/fecimg/?202602199834785232","","VAN NESS CREATIVE STRATEGIES LLC","1 HUNTINGTON QUAD","STE 3N05","MELVILLE","NY","117474468","2026-01-16","$50,000.00","DIGITAL ACQUISITION","","","","","500179137",""
"C00843003","JULIE JOHNSON FOR CONGRESS","H4TX32089","JOHNSON, JULIE","2026","H","TX","33","17","http://docquery.fec.gov/cgi-bin/fecimg/?202602199834785232","","VAN NESS CREATIVE STRATEGIES LLC","1 HUNTINGTON QUAD","STE 3N05","MELVILLE","NY","117474468","2026-01-16","$4,388.89","DIGITAL ACQUISITION","","","","","500179138",""
"C00843003","JULIE JOHNSON FOR CONGRESS","H4TX32089","JOHNSON, JULIE","2026","H","TX","33","17","http://docquery.fec.gov/cgi-bin/fecimg/?202602199834785233","","VAN NESS CREATIVE STRATEGIES LLC","1 HUNTINGTON QUAD","STE 3N05","MELVILLE","NY","117474468","2026-01-20","$75,000.00","DIGITAL ADS","","","","","500179142",""
"C00843003","JULIE JOHNSON FOR CONGRESS","H4TX32089","JOHNSON, JULIE","2026","H","TX","33","17","http://docquery.fec.gov/cgi-bin/fecimg/?202602199834785233","","VAN NESS CREATIVE STRATEGIES LLC","1 HUNTINGTON QUAD","STE 3N05","MELVILLE","NY","117474468","2026-01-21","$2,236.81","TEXTING","","","","","500179140",""
"C00843003","JULIE JOHNSON FOR CONGRESS","H4TX32089","JOHNSON, JULIE","2026","H","TX","33","17","http://docquery.fec.gov/cgi-bin/fecimg/?202602199834785233","","VAN NESS CREATIVE STRATEGIES LLC","1 HUNTINGTON QUAD","STE 3N05","MELVILLE","NY","117474468","2026-01-21","$15,921.45","DIGITAL CONSULTING","","","","","500179141",""
"C00843003","JULIE JOHNSON FOR CONGRESS","H4TX32089","JOHNSON, JULIE","2026","H","TX","33","17","http://docquery.fec.gov/cgi-bin/fecimg/?202602199834785234","","VAN NESS CREATIVE STRATEGIES LLC","1 HUNTINGTON QUAD","STE 3N05","MELVILLE","NY","117474468","2026-01-28","$12,196.06","DIGITAL ACQUISITION","","","","","500179635",""
"C00843003","JULIE JOHNSON FOR CONGRESS","H4TX32089","JOHNSON, JULIE","2026","H","TX","33","17","http://docquery.fec.gov/cgi-bin/fecimg/?202602199834785234","","VAN NESS CREATIVE STRATEGIES LLC","1 HUNTINGTON QUAD","STE 3N05","MELVILLE","NY","117474468","2026-02-05","$75,000.00","DIGITAL ADS","","","","","500180162",""
"C00843003","JULIE JOHNSON FOR CONGRESS","H4TX32089","JOHNSON, JULIE","2026","H","TX","33","17","http://docquery.fec.gov/cgi-bin/fecimg/?202602199834785234","","VAN NESS CREATIVE STRATEGIES LLC","1 HUNTINGTON QUAD","STE 3N05","MELVILLE","NY","117474468","2026-02-09","$75,000.00","DIGITAL ADS","","","","","500180164",""
"C00843003","JULIE JOHNSON FOR CONGRESS","H4TX32089","JOHNSON, JULIE","2026","H","TX","33","17","http://docquery.fec.gov/cgi-bin/fecimg/?202602199834785235","","VAN NESS CREATIVE STRATEGIES LLC","1 HUNTINGTON QUAD","STE 3N05","MELVILLE","NY","117474468","2026-02-10","$10,096.00","DIGITAL ACQUISITION","","","","","500180166",""
"C00843003","JULIE JOHNSON FOR CONGRESS","H4TX32089","JOHNSON, JULIE","2026","H","TX","33","17","http://docquery.fec.gov/cgi-bin/fecimg/?202602199834785235","","VAN NESS CREATIVE STRATEGIES LLC","1 HUNTINGTON QUAD","STE 3N05","MELVILLE","NY","117474468","2026-02-11","$2,579.65","TEXTING","","","","","500180167",""
"C00843003","JULIE JOHNSON FOR CONGRESS","H4TX32089","JOHNSON, JULIE","2026","H","TX","33","17","http://docquery.fec.gov/cgi-bin/fecimg/?202602199834785235","","VAN NESS CREATIVE STRATEGIES LLC","1 HUNTINGTON QUAD","STE 3N05","MELVILLE","NY","117474468","2026-02-11","$20,147.78","DIGITAL CONSULTING","","","","","500180168",""
"C00843003","JULIE JOHNSON FOR CONGRESS","H4TX32089","JOHNSON, JULIE","2026","H","TX","33","17","http://docquery.fec.gov/cgi-bin/fecimg/?202602199834785236","","WALLACE, SETH","PO BOX 802765","","DALLAS","TX","753802765","2026-01-02","$4,000.00","CAMPAIGN CONSULTING","","","","","500179161",""
"C00843003","JULIE JOHNSON FOR CONGRESS","H4TX32089","JOHNSON, JULIE","2026","H","TX","33","17","http://docquery.fec.gov/cgi-bin/fecimg/?202602199834785236","","WALLACE, SETH","PO BOX 802765","","DALLAS","TX","753802765","2026-01-07","$81.86","REIMBURSEMENT - OFFICE SUPPLIES","","","","","500179162",""
"C00843003","JULIE JOHNSON FOR CONGRESS","H4TX32089","JOHNSON, JULIE","2026","H","TX","33","17","http://docquery.fec.gov/cgi-bin/fecimg/?202602199834785236","","THE HOME DEPOT","2610 FORT WORTH AVE","","DALLAS","TX","752111746","2026-01-07","$81.86","OFFICE SUPPLIES","X","*","","","500180270","500179162"
"C00843003","JULIE JOHNSON FOR CONGRESS","H4TX32089","JOHNSON, JULIE","2026","H","TX","33","17","http://docquery.fec.gov/cgi-bin/fecimg/?202602199834785237","","WALLACE, SETH","PO BOX 802765","","DALLAS","TX","753802765","2026-02-01","$322.78","REIMBURSEMENT - OFFICE SUPPLIES, YARD SIGN ACCESSORIES AND TRAVEL","","","","","500180159",""
"C00843003","JULIE JOHNSON FOR CONGRESS","H4TX32089","JOHNSON, JULIE","2026","H","TX","33","17","http://docquery.fec.gov/cgi-bin/fecimg/?202602199834785239","","THE HOME DEPOT","8555 HOME DEPOT RD","","IRVING","TX","750638035","2026-02-01","$43.12","YARD SIGN ACCESSORIES","X","*","","","500180273","500180159"
"C00843003","JULIE JOHNSON FOR CONGRESS","H4TX32089","JOHNSON, JULIE","2026","H","TX","33","17","http://docquery.fec.gov/cgi-bin/fecimg/?202602199834785240","","WALLACE, SETH","PO BOX 802765","","DALLAS","TX","753802765","2026-02-01","$4,000.00","CAMPAIGN CONSULTING","","","","","500180282",""
"C00843003","JULIE JOHNSON FOR CONGRESS","H4TX32089","JOHNSON, JULIE","2026","H","TX","33","17","http://docquery.fec.gov/cgi-bin/fecimg/?202602199834785207","","CANDELL, ELIZABETH","PO BOX 802765","","DALLAS","TX","753802765","2026-01-29","$1,000.00","CAMPAIGN SCHEDULING SERVICES","","","","","500179637",""
"C00843003","JULIE JOHNSON FOR CONGRESS","H4TX32089","JOHNSON, JULIE","2026","H","TX","33","17","http://docquery.fec.gov/cgi-bin/fecimg/?202602199834785207","","CARRELL, HAYDEN","PO BOX 802765","","DALLAS","TX","753802765","2026-02-04","$570.00","ORGANIZING CONSULTING","","","","","500180186",""
"C00843003","JULIE JOHNSON FOR CONGRESS","H4TX32089","JOHNSON, JULIE","2026","H","TX","33","17","http://docquery.fec.gov/cgi-bin/fecimg/?202602199834785207","","CARRELL, HAYDEN","PO BOX 802765","","DALLAS","TX","753802765","2026-02-10","$375.00","ORGANIZING CONSULTING","","","","","500180187",""
"C00843003","JULIE JOHNSON FOR CONGRESS","H4TX32089","JOHNSON, JULIE","2026","H","TX","33","17","http://docquery.fec.gov/cgi-bin/fecimg/?202602199834785208","","CHEN, CHUNG YING","PO BOX 802765","","DALLAS","TX","753802765","2026-02-04","$300.00","ORGANIZING CONSULTING","","","","","500180194",""
"C00843003","JULIE JOHNSON FOR CONGRESS","H4TX32089","JOHNSON, JULIE","2026","H","TX","33","17","http://docquery.fec.gov/cgi-bin/fecimg/?202602199834785218","","MOHAIR, DAIJAH","PO BOX 802765","","DALLAS","TX","753802765","2026-01-27","$300.00","ORGANIZING CONSULTING","","","","","500179310",""
"C00843003","JULIE JOHNSON FOR CONGRESS","H4TX32089","JOHNSON, JULIE","2026","H","TX","33","17","http://docquery.fec.gov/cgi-bin/fecimg/?202602199834785218","","MOHAIR, DAIJAH","PO BOX 802765","","DALLAS","TX","753802765","2026-02-04","$475.00","ORGANIZING CONSULTING","","","","","500180178",""
"C00843003","JULIE JOHNSON FOR CONGRESS","H4TX32089","JOHNSON, JULIE","2026","H","TX","33","17","http://docquery.fec.gov/cgi-bin/fecimg/?202602199834785219","","MOHAIR, DAIJAH","PO BOX 802765","","DALLAS","TX","753802765","2026-02-10","$200.00","ORGANIZING CONSULTING","","","","","500180180",""
"C00843003","JULIE JOHNSON FOR CONGRESS","H4TX32089","JOHNSON, JULIE","2026","H","TX","33","17","http://docquery.fec.gov/cgi-bin/fecimg/?202602199834785219","","MORRISON, DAVID","PO BOX 802765","","DALLAS","TX","753802765","2026-01-27","$75.00","ORGANIZING CONSULTING","","","","","500179311",""
"C00843003","JULIE JOHNSON FOR CONGRESS","H4TX32089","JOHNSON, JULIE","2026","H","TX","33","17","http://docquery.fec.gov/cgi-bin/fecimg/?202602199834785219","","MORRISON, DAVID","PO BOX 802765","","DALLAS","TX","753802765","2026-02-04","$500.00","ORGANIZING CONSULTING","","","","","500180182",""
"C00843003","JULIE JOHNSON FOR CONGRESS","H4TX32089","JOHNSON, JULIE","2026","H","TX","33","17","http://docquery.fec.gov/cgi-bin/fecimg/?202602199834785220","","NGP VAN","655 15TH ST NW","STE 850","WASHINGTON","DC","200055701","2026-01-05","$8,226.86","SOFTWARE","","","","","500179110",""
"C00843003","JULIE JOHNSON FOR CONGRESS","H4TX32089","JOHNSON, JULIE","2026","H","TX","33","17","http://docquery.fec.gov/cgi-bin/fecimg/?202602199834785220","","OFFICE DEPOT","5301 BELT LINE RD","STE 108","DALLAS","TX","752547664","2026-01-20","$91.81","OFFICE SUPPLIES","","","","","500179139",""
"C00843003","JULIE JOHNSON FOR CONGRESS","H4TX32089","JOHNSON, JULIE","2026","H","TX","33","17","http://docquery.fec.gov/cgi-bin/fecimg/?202602199834785220","","OFFICE DEPOT","5301 BELT LINE RD","STE 108","DALLAS","TX","752547664","2026-02-09","$63.84","OFFICE SUPPLIES","","","","","500180172",""
"C00843003","JULIE JOHNSON FOR CONGRESS","H4TX32089","JOHNSON, JULIE","2026","H","TX","33","17","http://docquery.fec.gov/cgi-bin/fecimg/?202602199834785221","","PACHECO, JUAN","PO BOX 802765","","DALLAS","TX","753802765","2026-01-29","$4,000.00","SOCIAL MEDIA MANAGEMENT","","","","","500179639",""
"C00843003","JULIE JOHNSON FOR CONGRESS","H4TX32089","JOHNSON, JULIE","2026","H","TX","33","17","http://docquery.fec.gov/cgi-bin/fecimg/?202602199834785221","","PARAGON PAYMENT SOLUTIONS","2141 E BROADWAY RD","STE 202","TEMPE","AZ","852821895","2026-01-02","$25.00","CREDIT CARD PROCESSING FEES","","","","","500179109",""
"C00843003","JULIE JOHNSON FOR CONGRESS","H4TX32089","JOHNSON, JULIE","2026","H","TX","33","17","http://docquery.fec.gov/cgi-bin/fecimg/?202602199834785221","","PARAGON PAYMENT SOLUTIONS","2141 E BROADWAY RD","STE 202","TEMPE","AZ","852821895","2026-01-08","$.63","CREDIT CARD PROCESSING FEES","","","","","500180248",""
"C00843003","JULIE JOHNSON FOR CONGRESS","H4TX32089","JOHNSON, JULIE","2026","H","TX","33","17","http://docquery.fec.gov/cgi-bin/fecimg/?202602199834785222","","PARAGON PAYMENT SOLUTIONS","2141 E BROADWAY RD","STE 202","TEMPE","AZ","852821895","2026-01-21","$2.20","CREDIT CARD PROCESSING FEES","","","","","500180247",""
"C00843003","JULIE JOHNSON FOR CONGRESS","H4TX32089","JOHNSON, JULIE","2026","H","TX","33","17","http://docquery.fec.gov/cgi-bin/fecimg/?202602199834785237","","HARBOR FREIGHT","3050 N JOSEY LN","STE 106","CARROLLTON","TX","750075380","2026-02-01","$17.31","OFFICE SUPPLIES","X","*","","","500180275","500180159"
"C00843003","JULIE JOHNSON FOR CONGRESS","H4TX32089","JOHNSON, JULIE","2026","H","TX","33","17","http://docquery.fec.gov/cgi-bin/fecimg/?202602199834785237","","KROGER","7505 N MACARTHUR BLVD","","IRVING","TX","750637511","2026-02-01","$40.62","TRAVEL","X","*","","","500180271","500180159"
"C00843003","JULIE JOHNSON FOR CONGRESS","H4TX32089","JOHNSON, JULIE","2026","H","TX","33","17","http://docquery.fec.gov/cgi-bin/fecimg/?202602199834785238","","KROGER","7505 N MACARTHUR BLVD","","IRVING","TX","750637511","2026-02-01","$46.45","TRAVEL","X","*","","","500180274","500180159"
"C00843003","JULIE JOHNSON FOR CONGRESS","H4TX32089","JOHNSON, JULIE","2026","H","TX","33","17","http://docquery.fec.gov/cgi-bin/fecimg/?202602199834785238","","KROGER","7505 N MACARTHUR BLVD","","IRVING","TX","750637511","2026-02-01","$29.08","TRAVEL","X","*","","","500180276","500180159"
"C00843003","JULIE JOHNSON FOR CONGRESS","H4TX32089","JOHNSON, JULIE","2026","H","TX","33","20A","http://docquery.fec.gov/cgi-bin/fecimg/?202602199834785241","","ALDOUS, CHARLA G","3360 BLACKBURN ST","","DALLAS","TX","752041531","2026-02-11","$1,500.00","CONTRIBUTION REFUND","","","","","500180281",""
"C00843003","JULIE JOHNSON FOR CONGRESS","H4TX32089","JOHNSON, JULIE","2026","H","TX","33","20A","http://docquery.fec.gov/cgi-bin/fecimg/?202602199834785241","","HAAS, DOLPH","6415 BANDERA AVE","APT 2B","DALLAS","TX","752253729","2026-01-26","$3,500.00","CONTRIBUTION REFUND","","","","","500179773",""
"C00843003","JULIE JOHNSON FOR CONGRESS","H4TX32089","JOHNSON, JULIE","2026","H","TX","33","17","http://docquery.fec.gov/cgi-bin/fecimg/?202602199834785215","","FIELD WINS LLC","PO BOX 815581","","DALLAS","TX","753815581","2026-01-29","$6,667.00","CAMPAIGN MANAGEMENT CONSULTING","","","","","500180394",""
"C00843003","JULIE JOHNSON FOR CONGRESS","H4TX32089","JOHNSON, JULIE","2026","H","TX","33","17","http://docquery.fec.gov/cgi-bin/fecimg/?202602199834785215","","GLOBAL STRATEGY GROUP, LLC","215 PARK AVE S","FL 15","NEW YORK","NY","100031612","2026-01-21","$21,000.00","POLLING","","","","","500179143",""
"C00843003","JULIE JOHNSON FOR CONGRESS","H4TX32089","JOHNSON, JULIE","2026","H","TX","33","17","http://docquery.fec.gov/cgi-bin/fecimg/?202602199834785216","","GLOBAL STRATEGY GROUP, LLC","215 PARK AVE S","FL 15","NEW YORK","NY","100031612","2026-02-09","$38,500.00","POLLING","","","","","500180179",""
"C00843003","JULIE JOHNSON FOR CONGRESS","H4TX32089","JOHNSON, JULIE","2026","H","TX","33","17","http://docquery.fec.gov/cgi-bin/fecimg/?202602199834785216","","GOOGLE","1600 AMPHITHEATRE PKWY","","MOUNTAIN VIEW","CA","940431351","2026-01-02","$255.76","SOFTWARE","","","","","500179107",""
"C00843003","JULIE JOHNSON FOR CONGRESS","H4TX32089","JOHNSON, JULIE","2026","H","TX","33","17","http://docquery.fec.gov/cgi-bin/fecimg/?202602199834785216","","GOOGLE","1600 AMPHITHEATRE PKWY","","MOUNTAIN VIEW","CA","940431351","2026-01-02","$27.80","SOFTWARE","","","","","500179108",""
"C00843003","JULIE JOHNSON FOR CONGRESS","H4TX32089","JOHNSON, JULIE","2026","H","TX","33","17","http://docquery.fec.gov/cgi-bin/fecimg/?202602199834785217","","GOOGLE","1600 AMPHITHEATRE PKWY","","MOUNTAIN VIEW","CA","940431351","2026-02-02","$276.54","SOFTWARE","","","","","500180148",""
"C00843003","JULIE JOHNSON FOR CONGRESS","H4TX32089","JOHNSON, JULIE","2026","H","TX","33","17","http://docquery.fec.gov/cgi-bin/fecimg/?202602199834785217","","GOOGLE","1600 AMPHITHEATRE PKWY","","MOUNTAIN VIEW","CA","940431351","2026-02-02","$28.00","SOFTWARE","","","","","500180149",""
"C00843003","JULIE JOHNSON FOR CONGRESS","H4TX32089","JOHNSON, JULIE","2026","H","TX","33","17","http://docquery.fec.gov/cgi-bin/fecimg/?202602199834785217","","LEAVEN STRATEGIES GROUP, LLC","205 CIMARRON TRL","APT 5","IRVING","TX","750638584","2026-01-27","$7,000.00","FUNDRAISING & COMMUNICATIONS CONSULTING","","","","","500179313",""
"C00843003","JULIE JOHNSON FOR CONGRESS","H4TX32089","JOHNSON, JULIE","2026","H","TX","33","17","http://docquery.fec.gov/cgi-bin/fecimg/?202602199834785218","","MICROPIX CREATIONS","4003 JASMINE FOX LN","","ARLINGTON","TX","760054545","2026-01-06","$1,486.38","PRINTING","","","","","500179123",""
"C00843003","JULIE JOHNSON FOR CONGRESS","H4TX32089","JOHNSON, JULIE","2026","H","TX","33","17","http://docquery.fec.gov/cgi-bin/fecimg/?202602199834785228","","SOUTHWEST AIRLINES","2703 LOVE FIELD DR","","DALLAS","TX","75235","2026-01-23","$98.49","TRAVEL","","","","","500179299",""
"C00843003","JULIE JOHNSON FOR CONGRESS","H4TX32089","JOHNSON, JULIE","2026","H","TX","33","17","http://docquery.fec.gov/cgi-bin/fecimg/?202602199834785229","","SOUTHWEST AIRLINES","2703 LOVE FIELD DR","","DALLAS","TX","75235","2026-01-23","$98.49","TRAVEL","","","","","500179300",""
"C00893073","KURT SCHWAB FOR CONGRESS TXCD 33 2026","H6TX33041","SCHWAB, KURT","2026","H","TX","33","17","http://docquery.fec.gov/cgi-bin/fecimg/?202602209834840835","","GODADDY","100 S MILLL AVE","","TEMPE","AZ","85281","2025-11-26","$265.39","","","","003","Solicitation and Fundraising Expenses ","SB17.4302",""
"C00893073","KURT SCHWAB FOR CONGRESS TXCD 33 2026","H6TX33041","SCHWAB, KURT","2026","H","TX","33","17","http://docquery.fec.gov/cgi-bin/fecimg/?202602209834840835","","AMERICAN LEGION DALLAS","3940 S LEDBETTER DR","","DALLAS","TX","75236","2025-12-23","$88.97","MILTARY","","","012","Donations","SB17.4298",""
"C00843003","JULIE JOHNSON FOR CONGRESS","H4TX32089","JOHNSON, JULIE","2026","H","TX","33","17","http://docquery.fec.gov/cgi-bin/fecimg/?202602199834785225","","SOLIDARITY STRATEGIES","PO BOX 15260","","WASHINGTON","DC","200030260","2026-02-03","$26,074.04","DIRECT MAIL PRODUCTION","","","","","500180156",""
"C00843003","JULIE JOHNSON FOR CONGRESS","H4TX32089","JOHNSON, JULIE","2026","H","TX","33","17","http://docquery.fec.gov/cgi-bin/fecimg/?202602199834785225","","SOLIDARITY STRATEGIES","PO BOX 15260","","WASHINGTON","DC","200030260","2026-02-05","$40,000.00","DIGITAL ADS","","","","","500180161",""
"C00843003","JULIE JOHNSON FOR CONGRESS","H4TX32089","JOHNSON, JULIE","2026","H","TX","33","17","http://docquery.fec.gov/cgi-bin/fecimg/?202602199834785226","","SOLIDARITY STRATEGIES","PO BOX 15260","","WASHINGTON","DC","200030260","2026-02-11","$27,141.20","TELEPHONE SERVICES","","","","","500180169",""
"C00843003","JULIE JOHNSON FOR CONGRESS","H4TX32089","JOHNSON, JULIE","2026","H","TX","33","17","http://docquery.fec.gov/cgi-bin/fecimg/?202602199834785226","","SOUTHWEST AIRLINES","2703 LOVE FIELD DR","","DALLAS","TX","75235","2026-01-08","$391.97","TRAVEL","","","","","500179112",""
"C00843003","JULIE JOHNSON FOR CONGRESS","H4TX32089","JOHNSON, JULIE","2026","H","TX","33","17","http://docquery.fec.gov/cgi-bin/fecimg/?202602199834785226","","SOUTHWEST AIRLINES","2703 LOVE FIELD DR","","DALLAS","TX","75235","2026-01-08","$296.97","TRAVEL","","","","","500179113",""
"C00843003","JULIE JOHNSON FOR CONGRESS","H4TX32089","JOHNSON, JULIE","2026","H","TX","33","17","http://docquery.fec.gov/cgi-bin/fecimg/?202602199834785227","","SOUTHWEST AIRLINES","2703 LOVE FIELD DR","","DALLAS","TX","75235","2026-01-08","$188.66","TRAVEL","","","","","500179114",""
"C00843003","JULIE JOHNSON FOR CONGRESS","H4TX32089","JOHNSON, JULIE","2026","H","TX","33","17","http://docquery.fec.gov/cgi-bin/fecimg/?202602199834785227","","SOUTHWEST AIRLINES","2703 LOVE FIELD DR","","DALLAS","TX","75235","2026-01-08","$347.66","TRAVEL","","","","","500179115",""
"C00843003","JULIE JOHNSON FOR CONGRESS","H4TX32089","JOHNSON, JULIE","2026","H","TX","33","17","http://docquery.fec.gov/cgi-bin/fecimg/?202602199834785227","","SOUTHWEST AIRLINES","2703 LOVE FIELD DR","","DALLAS","TX","75235","2026-01-15","$326.97","TRAVEL","","","","","500179122",""
"C00843003","JULIE JOHNSON FOR CONGRESS","H4TX32089","JOHNSON, JULIE","2026","H","TX","33","17","http://docquery.fec.gov/cgi-bin/fecimg/?202602199834785228","","SOUTHWEST AIRLINES","2703 LOVE FIELD DR","","DALLAS","TX","75235","2026-01-20","$262.97","TRAVEL","","","","","500179116",""
"C00843003","JULIE JOHNSON FOR CONGRESS","H4TX32089","JOHNSON, JULIE","2026","H","TX","33","17","http://docquery.fec.gov/cgi-bin/fecimg/?202602199834785228","","SOUTHWEST AIRLINES","2703 LOVE FIELD DR","","DALLAS","TX","75235","2026-01-23","$98.49","TRAVEL","","","","","500179298",""
"C00843003","JULIE JOHNSON FOR CONGRESS","H4TX32089","JOHNSON, JULIE","2026","H","TX","33","17","http://docquery.fec.gov/cgi-bin/fecimg/?202602199834785238","","KROGER","7505 N MACARTHUR BLVD","","IRVING","TX","750637511","2026-02-01","$36.01","TRAVEL","X","*","","","500180277","500180159"
"C00843003","JULIE JOHNSON FOR CONGRESS","H4TX32089","JOHNSON, JULIE","2026","H","TX","33","17","http://docquery.fec.gov/cgi-bin/fecimg/?202602199834785239","","KROGER","7505 N MACARTHUR BLVD","","IRVING","TX","750637511","2026-02-01","$68.50","TRAVEL","X","*","","","500180283","500180159"
"C00843003","JULIE JOHNSON FOR CONGRESS","H4TX32089","JOHNSON, JULIE","2026","H","TX","33","17","http://docquery.fec.gov/cgi-bin/fecimg/?202602199834785239","","THE HOME DEPOT","8555 HOME DEPOT RD","","IRVING","TX","750638035","2026-02-01","$41.69","YARD SIGN ACCESSORIES","X","*","","","500180272","500180159"
"C00916486","ZEESHAN FOR TEXAS","H6TX33074","HAFEEZ, ZEESHAN","2026","H","TX","33","17","http://docquery.fec.gov/cgi-bin/fecimg/?202602209834822511","","MAIL HOUSE, INC.","5220 SPRING VALLEY RD","","DALLAS","TX","75254","2026-01-08","$1,300.00","DIRECT MAIL SERVICES","","","","","SB17.12274",""
"C00916486","ZEESHAN FOR TEXAS","H6TX33074","HAFEEZ, ZEESHAN","2026","H","TX","33","17","http://docquery.fec.gov/cgi-bin/fecimg/?202602209834822512","","MAIL HOUSE, INC.","5220 SPRING VALLEY RD","","DALLAS","TX","75254","2026-01-16","$2,108.74","DIRECT MAIL SERVICES","","","","","SB17.12300",""
"C00916486","ZEESHAN FOR TEXAS","H6TX33074","HAFEEZ, ZEESHAN","2026","H","TX","33","17","http://docquery.fec.gov/cgi-bin/fecimg/?202602209834822512","","MAIL HOUSE, INC.","5220 SPRING VALLEY RD","","DALLAS","TX","75254","2026-01-21","$994.07","DIRECT MAIL SERVICES","","","","","SB17.12308",""
"C00916486","ZEESHAN FOR TEXAS","H6TX33074","HAFEEZ, ZEESHAN","2026","H","TX","33","17","http://docquery.fec.gov/cgi-bin/fecimg/?202602209834822512","","MAIL HOUSE, INC.","5220 SPRING VALLEY RD","","DALLAS","TX","75254","2026-01-28","$1,831.05","DIRECT MAIL SERVICES","","","","","SB17.12317",""
"C00916486","ZEESHAN FOR TEXAS","H6TX33074","HAFEEZ, ZEESHAN","2026","H","TX","33","17","http://docquery.fec.gov/cgi-bin/fecimg/?202602209834822513","","MARTINEZ, CARLOS","5101 EVLA","","PASADENA","TX","77505","2026-01-09","$5,000.00","INTERIM CAMPAIGN LEAD - CAMPAIGN MANAGEMENT & OPERATIONS","","","","","SB17.12275",""
"C00916486","ZEESHAN FOR TEXAS","H6TX33074","HAFEEZ, ZEESHAN","2026","H","TX","33","17","http://docquery.fec.gov/cgi-bin/fecimg/?202602209834822513","","MARTINEZ, CARLOS","5101 EVLA","","PASADENA","TX","77505","2026-01-20","$1,650.00","INTERIM CAMPAIGN LEAD - CAMPAIGN MANAGEMENT & OPERATIONS","","","","","SB17.12306",""
"C00916486","ZEESHAN FOR TEXAS","H6TX33074","HAFEEZ, ZEESHAN","2026","H","TX","33","17","http://docquery.fec.gov/cgi-bin/fecimg/?202602209834822513","","MARTINEZ, CARLOS","5101 EVLA","","PASADENA","TX","77505","2026-01-30","$5,000.00","INTERIM CAMPAIGN LEAD - CAMPAIGN MANAGEMENT & OPERATIONS","","","","","SB17.12340",""
"C00916486","ZEESHAN FOR TEXAS","H6TX33074","HAFEEZ, ZEESHAN","2026","H","TX","33","17","http://docquery.fec.gov/cgi-bin/fecimg/?202602209834822514","","MATTHEW, SIMON","PO BOX 630732, 8501 N MACARTHUR BL","","IRVING","TX","75063","2026-01-30","$782.00","BILINGUAL CANVASSER - VOTER CONTACT","","","","","SB17.12329",""
"C00916486","ZEESHAN FOR TEXAS","H6TX33074","HAFEEZ, ZEESHAN","2026","H","TX","33","17","http://docquery.fec.gov/cgi-bin/fecimg/?202602209834822514","","META PLATFORMS, INC.","1 HACKER WAY","","MENLO PARK","CA","94025","2026-01-05","$460.00","ONLINE ADVERTISING","","","","","SB17.12267",""
"C00916486","ZEESHAN FOR TEXAS","H6TX33074","HAFEEZ, ZEESHAN","2026","H","TX","33","17","http://docquery.fec.gov/cgi-bin/fecimg/?202602209834822514","","META PLATFORMS, INC.","1 HACKER WAY","","MENLO PARK","CA","94025","2026-01-07","$481.00","ONLINE ADVERTISING","","","","","SB17.12268",""
"C00916486","ZEESHAN FOR TEXAS","H6TX33074","HAFEEZ, ZEESHAN","2026","H","TX","33","17","http://docquery.fec.gov/cgi-bin/fecimg/?202602209834822515","","META PLATFORMS, INC.","1 HACKER WAY","","MENLO PARK","CA","94025","2026-01-12","$502.00","ONLINE ADVERTISING","","","","","SB17.12278",""
"C00916486","ZEESHAN FOR TEXAS","H6TX33074","HAFEEZ, ZEESHAN","2026","H","TX","33","17","http://docquery.fec.gov/cgi-bin/fecimg/?202602209834822515","","META PLATFORMS, INC.","1 HACKER WAY","","MENLO PARK","CA","94025","2026-01-13","$524.00","ONLINE ADVERTISING","","","","","SB17.12281",""
"C00916486","ZEESHAN FOR TEXAS","H6TX33074","HAFEEZ, ZEESHAN","2026","H","TX","33","17","http://docquery.fec.gov/cgi-bin/fecimg/?202602209834822515","","META PLATFORMS, INC.","1 HACKER WAY","","MENLO PARK","CA","94025","2026-01-16","$547.00","ONLINE ADVERTISING","","","","","SB17.12288",""
"C00916486","ZEESHAN FOR TEXAS","H6TX33074","HAFEEZ, ZEESHAN","2026","H","TX","33","17","http://docquery.fec.gov/cgi-bin/fecimg/?202602209834822516","","META PLATFORMS, INC.","1 HACKER WAY","","MENLO PARK","CA","94025","2026-01-20","$570.00","ONLINE ADVERTISING","","","","","SB17.12304",""
"C00916486","ZEESHAN FOR TEXAS","H6TX33074","HAFEEZ, ZEESHAN","2026","H","TX","33","17","http://docquery.fec.gov/cgi-bin/fecimg/?202602209834822516","","META PLATFORMS, INC.","1 HACKER WAY","","MENLO PARK","CA","94025","2026-01-20","$594.00","ONLINE ADVERTISING","","","","","SB17.12305",""
"C00916486","ZEESHAN FOR TEXAS","H6TX33074","HAFEEZ, ZEESHAN","2026","H","TX","33","17","http://docquery.fec.gov/cgi-bin/fecimg/?202602209834822516","","META PLATFORMS, INC.","1 HACKER WAY","","MENLO PARK","CA","94025","2026-01-22","$618.00","ONLINE ADVERTISING","","","","","SB17.12309",""
"C00916486","ZEESHAN FOR TEXAS","H6TX33074","HAFEEZ, ZEESHAN","2026","H","TX","33","17","http://docquery.fec.gov/cgi-bin/fecimg/?202602209834822517","","META PLATFORMS, INC.","1 HACKER WAY","","MENLO PARK","CA","94025","2026-01-23","$259.70","ONLINE ADVERTISING","","","","","SB17.12313",""
"C00916486","ZEESHAN FOR TEXAS","H6TX33074","HAFEEZ, ZEESHAN","2026","H","TX","33","17","http://docquery.fec.gov/cgi-bin/fecimg/?202602209834822517","","META PLATFORMS, INC.","1 HACKER WAY","","MENLO PARK","CA","94025","2026-01-26","$643.00","ONLINE ADVERTISING","","","","","SB17.12314",""
"C00916486","ZEESHAN FOR TEXAS","H6TX33074","HAFEEZ, ZEESHAN","2026","H","TX","33","17","http://docquery.fec.gov/cgi-bin/fecimg/?202602209834822517","","META PLATFORMS, INC.","1 HACKER WAY","","MENLO PARK","CA","94025","2026-01-26","$669.00","ONLINE ADVERTISING","","","","","SB17.12315",""
"C00916486","ZEESHAN FOR TEXAS","H6TX33074","HAFEEZ, ZEESHAN","2026","H","TX","33","17","http://docquery.fec.gov/cgi-bin/fecimg/?202602209834822518","","META PLATFORMS, INC.","1 HACKER WAY","","MENLO PARK","CA","94025","2026-01-30","$696.00","ONLINE ADVERTISING","","","","","SB17.12320",""
"C00916486","ZEESHAN FOR TEXAS","H6TX33074","HAFEEZ, ZEESHAN","2026","H","TX","33","17","http://docquery.fec.gov/cgi-bin/fecimg/?202602209834822518","","META PLATFORMS, INC.","1 HACKER WAY","","MENLO PARK","CA","94025","2026-02-03","$723.00","ONLINE ADVERTISING","","","","","SB17.12351",""
"C00893073","KURT SCHWAB FOR CONGRESS TXCD 33 2026","H6TX33041","SCHWAB, KURT","2026","H","TX","33","17","http://docquery.fec.gov/cgi-bin/fecimg/?202602209834840836","","MR TUXEDO","3501 MCKKINNEY AVE","","DALLAS","TX","75204","2025-12-01","$240.76","","","","007","Campaign Event Expenses","SB17.4321",""
"C00893073","KURT SCHWAB FOR CONGRESS TXCD 33 2026","H6TX33041","SCHWAB, KURT","2026","H","TX","33","17","http://docquery.fec.gov/cgi-bin/fecimg/?202602209834840836","","REPOBLICAN COMM OF ARLINGTTON TEXAS","2721 CRYSTAL CIRCLE","","ARLINGTON","TX","76010","2025-12-01","$425.00","","","","007","Campaign Event Expenses","SB17.4325",""
"C00893073","KURT SCHWAB FOR CONGRESS TXCD 33 2026","H6TX33041","SCHWAB, KURT","2026","H","TX","33","17","http://docquery.fec.gov/cgi-bin/fecimg/?202602209834840836","","UBER","1455 MARKET ST","","SAN FRANCISCO","CA","94103","2025-12-31","$211.57","","","","","","SB17.4314",""
"C00893073","KURT SCHWAB FOR CONGRESS TXCD 33 2026","H6TX33041","SCHWAB, KURT","2026","H","TX","33","17","http://docquery.fec.gov/cgi-bin/fecimg/?202602209834840837","","WILDTURKEY","2470NWALNUT HILL AVE","","DALLLAS","TX","75229","2025-12-12","$358.97","","","","001","Administrative/Salary/Overhead Expenses ","SB17.4307",""
"C00843003","JULIE JOHNSON FOR CONGRESS","H4TX32089","JOHNSON, JULIE","2026","H","TX","33","17","http://docquery.fec.gov/cgi-bin/fecimg/?202602199834785205","","BEE COMPLIANCE LLC","611 PENNSYLVANIA AVE SE","# 192","WASHINGTON","DC","200034303","2026-01-08","$3,000.00","COMPLIANCE CONSULTING","","","","","500179117",""
"C00843003","JULIE JOHNSON FOR CONGRESS","H4TX32089","JOHNSON, JULIE","2026","H","TX","33","17","http://docquery.fec.gov/cgi-bin/fecimg/?202602199834785205","","BEE COMPLIANCE LLC","611 PENNSYLVANIA AVE SE","# 192","WASHINGTON","DC","200034303","2026-02-10","$3,000.00","COMPLIANCE CONSULTING","","","","","500180170",""
"C00843003","JULIE JOHNSON FOR CONGRESS","H4TX32089","JOHNSON, JULIE","2026","H","TX","33","17","http://docquery.fec.gov/cgi-bin/fecimg/?202602199834785206","","BENAVIDES, DENISE","PO BOX 802765","","DALLAS","TX","753802765","2026-01-27","$300.00","ORGANIZING CONSULTING","","","","","500179308",""
"C00843003","JULIE JOHNSON FOR CONGRESS","H4TX32089","JOHNSON, JULIE","2026","H","TX","33","17","http://docquery.fec.gov/cgi-bin/fecimg/?202602199834785206","","BENAVIDES, DENISE","PO BOX 802765","","DALLAS","TX","753802765","2026-02-04","$445.00","ORGANIZING CONSULTING","","","","","500180176",""
"C00843003","JULIE JOHNSON FOR CONGRESS","H4TX32089","JOHNSON, JULIE","2026","H","TX","33","17","http://docquery.fec.gov/cgi-bin/fecimg/?202602199834785206","","BENAVIDES, DENISE","PO BOX 802765","","DALLAS","TX","753802765","2026-02-10","$125.00","ORGANIZING CONSULTING","","","","","500180177",""
"C00916486","ZEESHAN FOR TEXAS","H6TX33074","HAFEEZ, ZEESHAN","2026","H","TX","33","17","http://docquery.fec.gov/cgi-bin/fecimg/?202602209834822525","","SHAIKH, ADAM","8101 KENDELWICK CT","","TAMPA","FL","33647","2026-01-30","$1,750.00","FIELD LEAD - FIELD OPERATIONS","","","","","SB17.12333",""
"C00916486","ZEESHAN FOR TEXAS","H6TX33074","HAFEEZ, ZEESHAN","2026","H","TX","33","17","http://docquery.fec.gov/cgi-bin/fecimg/?202602209834822525","","SPROUT SOCIAL, INC.","131 S DEARBORN ST SUITE 700","","CHICAGO","IL","60603","2026-01-13","$399.00","SOCIAL MEDIA MANAGEMENT SOFTWARE","","","","","SB17.12283",""
"C00916486","ZEESHAN FOR TEXAS","H6TX33074","HAFEEZ, ZEESHAN","2026","H","TX","33","17","http://docquery.fec.gov/cgi-bin/fecimg/?202602209834822525","","SWITCHBOARD PUBLIC BENEFIT CORP.","1752 P STREET NW","","WASHINGTON","DC","20036","2026-01-14","$3,124.47","TEXT MESSAGING PLATFORM - VOTER CONTACT","","","","","SB17.12285",""
"C00916486","ZEESHAN FOR TEXAS","H6TX33074","HAFEEZ, ZEESHAN","2026","H","TX","33","17","http://docquery.fec.gov/cgi-bin/fecimg/?202602209834822509","","COMPTON, JEFF","PO BOX 630732, 8501 N MACARTHUR BL","","IRVING","TX","75063","2026-01-07","$2,250.00","SENIOR FIELD ORGANIZER - FIELD OPERATIONS","","","","","SB17.12270",""
"C00916486","ZEESHAN FOR TEXAS","H6TX33074","HAFEEZ, ZEESHAN","2026","H","TX","33","17","http://docquery.fec.gov/cgi-bin/fecimg/?202602209834822509","","COMPTON, JEFF","PO BOX 630732, 8501 N MACARTHUR BL","","IRVING","TX","75063","2026-01-16","$2,250.00","SENIOR FIELD ORGANIZER - FIELD OPERATIONS","","","","","SB17.12301",""
"C00916486","ZEESHAN FOR TEXAS","H6TX33074","HAFEEZ, ZEESHAN","2026","H","TX","33","17","http://docquery.fec.gov/cgi-bin/fecimg/?202602209834822509","","COMPTON, JEFF","PO BOX 630732, 8501 N MACARTHUR BL","","IRVING","TX","75063","2026-01-30","$2,250.00","SENIOR FIELD ORGANIZER - FIELD OPERATIONS","","","","","SB17.12337",""
"C00916486","ZEESHAN FOR TEXAS","H6TX33074","HAFEEZ, ZEESHAN","2026","H","TX","33","17","http://docquery.fec.gov/cgi-bin/fecimg/?202602209834822510","","GROUNDFLOOR POLITICAL","1312 17TH STREET UNIT #2585","","DENVER","CO","80202","2026-01-12","$4,845.81","FUNDRAISING CONSULTING, DATA SERVICES & TEXT RENTAL","","","","","SB17.12280",""
"C00916486","ZEESHAN FOR TEXAS","H6TX33074","HAFEEZ, ZEESHAN","2026","H","TX","33","17","http://docquery.fec.gov/cgi-bin/fecimg/?202602209834822510","","KADIR, ZAYED","PO BOX 630732, 8501 N MACARTHUR BL","","IRVING","TX","75063","2026-01-16","$1,037.50","REMOTE PHONE BANK COORDINATOR - VOTER CONTACT","","","","","SB17.12296",""
"C00916486","ZEESHAN FOR TEXAS","H6TX33074","HAFEEZ, ZEESHAN","2026","H","TX","33","17","http://docquery.fec.gov/cgi-bin/fecimg/?202602209834822510","","KADIR, ZAYED","PO BOX 630732, 8501 N MACARTHUR BL","","IRVING","TX","75063","2026-01-30","$1,250.00","REMOTE PHONE BANK COORDINATOR - VOTER CONTACT","","","","","SB17.12331",""
"C00916486","ZEESHAN FOR TEXAS","H6TX33074","HAFEEZ, ZEESHAN","2026","H","TX","33","17","http://docquery.fec.gov/cgi-bin/fecimg/?202602209834822511","","KASHINATH KHAREEDHI, ADITI","PO BOX 630732, 8501 N MACARTHUR BL","","IRVING","TX","75063","2026-01-30","$220.00","PAID PHONE BANKER - VOTER CONTACT","","","","","SB17.12327",""
"C00916486","ZEESHAN FOR TEXAS","H6TX33074","HAFEEZ, ZEESHAN","2026","H","TX","33","17","http://docquery.fec.gov/cgi-bin/fecimg/?202602209834822511","","MAIL HOUSE, INC.","5220 SPRING VALLEY RD","","DALLAS","TX","75254","2026-01-08","$1,213.72","DIRECT MAIL SERVICES","","","","","SB17.12273",""
"C00916486","ZEESHAN FOR TEXAS","H6TX33074","HAFEEZ, ZEESHAN","2026","H","TX","33","17","http://docquery.fec.gov/cgi-bin/fecimg/?202602209834822524",""," SCALE TO WIN LLC","455 MARKET ST STE 1940 PMB 546116","","SAN FRANCISCO","CA","94105","2026-02-09","$5,048.05","VOTER CONTACT PLATFORM - TEXTING & CALLING","","","","","SB17.12355",""
"C00916486","ZEESHAN FOR TEXAS","H6TX33074","HAFEEZ, ZEESHAN","2026","H","TX","33","17","http://docquery.fec.gov/cgi-bin/fecimg/?202602209834822524","","SHAIKH, ADAM","8101 KENDELWICK CT","","TAMPA","FL","33647","2026-01-02","$1,750.00","FIELD LEAD - FIELD OPERATIONS","","","","","SB17.12257",""
"C00916486","ZEESHAN FOR TEXAS","H6TX33074","HAFEEZ, ZEESHAN","2026","H","TX","33","17","http://docquery.fec.gov/cgi-bin/fecimg/?202602209834822524","","SHAIKH, ADAM","8101 KENDELWICK CT","","TAMPA","FL","33647","2026-01-16","$1,750.00","FIELD LEAD - FIELD OPERATIONS","","","","","SB17.12299",""
"C00916486","ZEESHAN FOR TEXAS","H6TX33074","HAFEEZ, ZEESHAN","2026","H","TX","33","17","http://docquery.fec.gov/cgi-bin/fecimg/?202602209834822526","","SWITCHBOARD PUBLIC BENEFIT CORP.","1752 P STREET NW","","WASHINGTON","DC","20036","2026-02-09","$2,627.10","TEXT MESSAGING PLATFORM - VOTER CONTACT","","","","","SB17.12353",""
"C00916486","ZEESHAN FOR TEXAS","H6TX33074","HAFEEZ, ZEESHAN","2026","H","TX","33","17","http://docquery.fec.gov/cgi-bin/fecimg/?202602209834822526","","TEXAS DEMOCRATIC PARTY","1801 N LAMAR BLVD","STE 400","AUSTIN","TX","78701","2026-01-15","$1,100.00","VAN ACCESS (VOTER FILE DATABASE)","","","","","SB17.12287",""
"C00916486","ZEESHAN FOR TEXAS","H6TX33074","HAFEEZ, ZEESHAN","2026","H","TX","33","17","http://docquery.fec.gov/cgi-bin/fecimg/?202602209834822526","","TRUITT, JAMES","PO BOX 630732, 8501 N MACARTHUR BL","","IRVING","TX","75063","2026-01-16","$258.00","PAID CANVASSER - VOTER CONTACT","","","","","SB17.12290",""
"C00916486","ZEESHAN FOR TEXAS","H6TX33074","HAFEEZ, ZEESHAN","2026","H","TX","33","17","http://docquery.fec.gov/cgi-bin/fecimg/?202602209834822527","","TRUITT, JAMES","PO BOX 630732, 8501 N MACARTHUR BL","","IRVING","TX","75063","2026-01-30","$112.87","PAID CANVASSER - VOTER CONTACT","","","","","SB17.12321",""
"C00843003","JULIE JOHNSON FOR CONGRESS","H4TX32089","JOHNSON, JULIE","2026","H","TX","33","17","http://docquery.fec.gov/cgi-bin/fecimg/?202602199834785198","","ACTBLUE TECHNICAL SERVICES","PO BOX 441146","","WEST SOMERVILLE","MA","021440031","2026-01-04","$269.72","CREDIT CARD PROCESSING FEES","","","","","500175720",""
"C00843003","JULIE JOHNSON FOR CONGRESS","H4TX32089","JOHNSON, JULIE","2026","H","TX","33","17","http://docquery.fec.gov/cgi-bin/fecimg/?202602199834785198","","ACTBLUE TECHNICAL SERVICES","PO BOX 441146","","WEST SOMERVILLE","MA","021440031","2026-01-11","$1,124.43","CREDIT CARD PROCESSING FEES","","","","","500176253",""
"C00916486","ZEESHAN FOR TEXAS","H6TX33074","HAFEEZ, ZEESHAN","2026","H","TX","33","17","http://docquery.fec.gov/cgi-bin/fecimg/?202602209834822508","","CALDERON, ROZA","PO BOX 362","","PALO PINTO","TX","76484","2026-01-30","$3,500.00","ACTING CAMPAIGN MANAGER - CAMPAIGN OPERATIONS & STRATEGY","","","","","SB17.12339",""
"C00893073","KURT SCHWAB FOR CONGRESS TXCD 33 2026","H6TX33041","SCHWAB, KURT","2026","H","TX","33","17","http://docquery.fec.gov/cgi-bin/fecimg/?202602259837850498","","GODADDY","100 S MILLL AVE","","TEMPE","AZ","85281","2026-01-26","$61.51","","","","003","Solicitation and Fundraising Expenses ","SB17.4387",""
"C00893073","KURT SCHWAB FOR CONGRESS TXCD 33 2026","H6TX33041","SCHWAB, KURT","2026","H","TX","33","17","http://docquery.fec.gov/cgi-bin/fecimg/?202602259837850498","","POSTNET","1303 W PIPELINE RD","","HURST","TX","76053","2026-01-16","$124.81","","","","004","Advertising Expenses ","SB17.4373",""
"C00843003","JULIE JOHNSON FOR CONGRESS","H4TX32089","JOHNSON, JULIE","2026","H","TX","33","17","http://docquery.fec.gov/cgi-bin/fecimg/?202507159763444680","","WHITEPAGES","1301 5TH AVE","STE 1600","SEATTLE","WA","981012625","2025-05-07","$35.10","SUBSCRIPTION","X","*","","","500163528","500163523"
"C00843003","JULIE JOHNSON FOR CONGRESS","H4TX32089","JOHNSON, JULIE","2026","H","TX","33","17","http://docquery.fec.gov/cgi-bin/fecimg/?202507159763444681","","WHITEPAGES","1301 5TH AVE","STE 1600","SEATTLE","WA","981012625","2025-05-07","$10.63","SUBSCRIPTION","X","*","","","500163529","500163523"
"C00843003","JULIE JOHNSON FOR CONGRESS","H4TX32089","JOHNSON, JULIE","2026","H","TX","33","17","http://docquery.fec.gov/cgi-bin/fecimg/?202507159763444681","","AMERICAN EXPRESS","200 VESEY ST","","NEW YORK","NY","102851000","2025-05-16","$1,971.52","CREDIT CARD PAYMENT","","","","","500163527",""
